tree
version=v4
num_class=1
num_tree_per_iteration=1
label_index=0
max_feature_idx=21
objective=regression
feature_names=lag_1 lag_2 lag_3 lag_7 lag_14 lag_28 rolling_mean_7 rolling_std_7 rolling_mean_14 rolling_std_14 rolling_mean_28 rolling_std_28 day_of_week day_of_month month week_of_year is_weekend patient_load emergency_cases outbreak_signal hospital_id medicine_id
feature_infos=[5:156] [5:156] [5:156] [5:156] [5:156] [5:156] [7:133.57142857142858] [0:18.464895909600472] [7.4285714285714288:130.28571428571428] [0.36313651960138504:14.319739699273351] [7.6071428571428568:128.82142857142858] [0.54796400453363636:12.449846474903923] [0:6] [1:31] [1:12] [1:52] [0:1] [86:519] [1:20] none -1:0:1:2:3:4:5:6:7 -1:0:1:2:3:4:5:6:7:8:9:10:11:12:13:14:15:16:17:18:19:20:21:22:23:24:25:26:27:28:29:30:31:32:33:34:35:36:37:38:39:40:41:42:43:44:45:46:47:48:49
tree_sizes=2807 2893 2856 2912 2857 2875 2862 2893 2871 2916 2859 2883 2870 2879 2873 2894 2897 2887 2897 2888 2896 2950 2898 2899 2889 2947 2894 2902 2897 2885 2895 2897 2879 2894 2951 2898 2905 2906 2895 2902 2903 2898 2883 2902 2896 2908 2914 2925 2902 2951 2900 2925 2921 2958 2918 2925 2909 2902 2948 2907 2923 2923 2918 2920 2928 2892 2938 2913 2902 2925 2901 2932 2919 2932 2947 2942 2927 2932 2942 2930 2903 2920 2929 2944 2928 2939 2950 2934 2988 2948 2976 2930 2928 2892 2963 2901 2948 2953 2986 2969 2887 2949 2896 2956 2935 2954 2955 2971 2967 2938 2935 2954 2902 2987 2930 2946 2934 2919 2964 2948 2976 2995 2910 2916 2933 2962 2941 2961 2951 2922 2907 2904 2931 2926 2995 2936 2930 2918 2949 2989 2864 3002 2933 2898 2958 2911 2893 2876 2992 2983 2891 2908 2968 2924 3006 3002 2941 2879 2870 2963 3002 2938 2928 3032 2920 2885 3011 2976 2922 2875 2962 2903 2919 2980 2966 2872 2898 2977 2925 2940 2905 2910 2863 2879 2983 2927 2843 2879 2950 2941 2937 2830 2857 2877 2860 2842 3024 2836 2928 2916 2938 2975 2909 2917 2861 2889 2929 2849 2808 2998 2808 2934 2854 2814 2879 2834 2893 2974 2933 2919 2899 2838 2890 2887 2788 2923 2808 2909 2894 2812 2912 2865 2909 2895 2837 2947 2891 2867 2920 2780 2869 2920 2910 2862 2899 2846 2961 2925 2834 2841 2809

Tree=0
num_leaves=31
num_cat=0
split_feature=6 6 10 10 10 10 10 10 10 10 10 10 10 10 10 12 12 12 12 12 12 10 12 12 10 12 12 10 10 12
split_gain=3.9116e+07 6.05549e+06 5.77068e+06 995550 905385 896252 741014 153533 132121 120523 119645 113674 111750 102813 86242.7 40553.9 32518.9 31475.8 28722.6 26030.6 25530.8 23130.5 21781.2 21679.3 20235.1 19944.2 17192.7 16968.6 16912.4 16191.6
threshold=50.214285714285722 78.785714285714292 29.089285714285719 99.803571428571445 19.053571428571434 64.410714285714292 39.196428571428577 89.839285714285737 24.303571428571434 71.482142857142875 111.44642857142858 56.410714285714299 13.875000000000002 34.232142857142868 44.625000000000007 4.5000000000000009 4.5000000000000009 4.5000000000000009 4.5000000000000009 4.5000000000000009 4.5000000000000009 21.660714285714288 4.5000000000000009 4.5000000000000009 118.12500000000001 4.5000000000000009 4.5000000000000009 16.375000000000004 83.089285714285737 4.5000000000000009
decision_type=2 2 2 2 2 2 2 2 2 2 2 2 2 2 2 2 2 2 2 2 2 2 2 2 2 2 2 2 2 2
left_child=2 5 4 7 12 11 13 15 21 17 23 22 -1 -4 25 28 -11 -7 24 -13 -9 -6 -2 -5 -12 -8 -16 -14 -3 -15
right_child=1 3 6 10 8 9 14 20 -10 16 18 19 27 29 26 -17 -18 -19 -20 -21 -22 -23 -24 -25 -26 -27 -28 -29 -30 -31
leaf_value=39.317567130810374 40.530402378821982 41.332460179811036 39.920921963589244 42.046669319543838 39.587665615858548 40.942515241079747 40.205543084782185 41.750533903087309 39.780608806300606 41.173495210839491 42.275920073100444 40.728242501258677 39.431840728190686 40.045799801612773 40.359684721112586 41.646256154627231 41.377933171024047 41.12172685700402 42.743425745292178 40.878802634522089 41.994907131592761 39.671835662624979 40.669176796683878 42.294812584039313 42.565809021405379 40.311994108943658 40.48137778309092 39.509863504351237 41.487918021744427 40.143486169691094
leaf_weight=7218 3592 1052 8428 1126 5659 3087 5554 1363 9776 2480 448 3636 4862 5340 3647 1063 981 1239 353 1447 545 6133 1422 453 443 2216 1465 5222 1611 2139
leaf_count=7218 3592 1052 8428 1126 5659 3087 5554 1363 9776 2480 448 3636 4862 5340 3647 1063 981 1239 353 1447 545 6133 1422 453 443 2216 1465 5222 1611 2139
internal_value=40.1896 41.1704 39.8078 41.8319 39.5694 40.8577 40.1297 41.6014 39.699 41.0995 42.2918 40.6711 39.4077 39.9928 40.2989 41.4893 41.2315 40.9939 42.5122 40.7711 41.8204 39.6314 40.5698 42.118 42.4203 40.2359 40.3946 39.4722 41.4266 40.0737
internal_weight=94000 26341 67659 8457 38870 17884 28789 5634 21568 7787 2823 10097 17302 15907 12882 3726 3461 4326 1244 5083 1908 11792 5014 1579 891 7770 5112 10084 2663 7479
internal_count=94000 26341 67659 8457 38870 17884 28789 5634 21568 7787 2823 10097 17302 15907 12882 3726 3461 4326 1244 5083 1908 11792 5014 1579 891 7770 5112 10084 2663 7479
is_linear=0
shrinkage=1


Tree=1
num_leaves=31
num_cat=0
split_feature=8 8 8 8 8 8 8 8 8 8 8 8 8 8 8 16 16 16 8 16 16 8 16 16 16 16 16 8 16 8
split_gain=3.68298e+07 5.83148e+06 5.3003e+06 908971 905977 798189 715865 141459 126220 119427 117723 112832 95988.9 95369.7 69826.8 38362.4 35120.1 31072.2 30821.6 22987.5 22741.8 20759.7 19589 18981.5 18727.3 18594 16638 15989.1 14860.8 14102.4
threshold=49.964285714285722 79.250000000000014 28.535714285714288 99.250000000000014 62.678571428571438 18.607142857142861 38.892857142857146 71.321428571428598 90.535714285714292 110.60714285714288 23.892857142857146 32.964285714285722 13.607142857142859 55.678571428571438 43.607142857142868 1.0000000180025095e-35 1.0000000180025095e-35 1.0000000180025095e-35 120.03571428571429 1.0000000180025095e-35 1.0000000180025095e-35 21.178571428571434 1.0000000180025095e-35 1.0000000180025095e-35 1.0000000180025095e-35 1.0000000180025095e-35 1.0000000180025095e-35 84.678571428571431 1.0000000180025095e-35 16.107142857142861
decision_type=2 2 2 2 2 2 2 2 2 2 2 2 2 2 2 2 2 2 2 2 2 2 2 2 2 2 2 2 2 2
left_child=2 4 5 8 13 12 11 16 15 23 21 -4 -1 22 28 27 -6 -9 26 -10 -15 -7 -2 -5 -16 -13 -11 -3 -8 -14
right_child=1 3 6 9 7 10 14 17 19 18 -12 25 29 20 24 -17 -18 -19 -20 -21 -22 -23 -24 -25 -26 -27 -28 -29 -30 -31
leaf_value=-0.84829369791590614 0.31947897599027852 1.1460130015124883 -0.28446396102542454 1.7917261806709632 0.71663071622257302 -0.59334475429758227 0.00021499882959540915 0.95989381923588801 1.5180961420505816 2.0377580536056379 -0.40883214166831033 -0.15528317977620693 -0.738434023328014 0.5025047557551372 0.13806089368816332 1.4269387056796132 0.89311528284470754 1.1574034849519474 2.4294207080938488 1.7660928767213679 0.64615301309751183 -0.51288823989712196 0.45120055422642985 2.022485685112752 0.25279815217429502 -0.060492343495801827 2.3465515900666052 1.2944842789411328 0.1025272536235723 -0.66590889717386259
leaf_weight=6996 3576 1448 7648 1155 3531 5454 4489 2573 1191 564 9638 6568 4880 3482 4474 1070 1428 999 505 477 1390 6154 1421 457 1794 2600 227 1212 1786 4813
leaf_count=6996 3576 1448 7648 1155 3531 5454 4489 2573 1191 564 9638 6568 4880 3482 4474 1070 1428 999 505 477 1390 6154 1421 457 1794 2600 227 1212 1786 4813
internal_value=6.32423e-07 0.942628 -0.374087 1.60244 0.644775 -0.608312 -0.071442 0.871192 1.37203 2.03006 -0.486343 -0.199381 -0.763581 0.449047 0.100082 1.27491 0.767469 1.01516 2.24482 1.58912 0.543501 -0.550696 0.356946 1.85727 0.170904 -0.128402 2.12666 1.21371 0.0293369 -0.70243
internal_weight=94000 26706 67294 8306 18400 37935 29359 8531 5398 2908 21246 16816 16689 9869 12543 3730 4959 3572 1296 1668 4872 11608 4997 1612 6268 9168 791 2660 6275 9693
internal_count=94000 26706 67294 8306 18400 37935 29359 8531 5398 2908 21246 16816 16689 9869 12543 3730 4959 3572 1296 1668 4872 11608 4997 1612 6268 9168 791 2660 6275 9693
is_linear=0
shrinkage=0.03


Tree=2
num_leaves=31
num_cat=0
split_feature=8 8 10 8 8 8 8 8 8 8 10 10 8 8 8 12 12 12 8 12 12 12 8 12 12 12 8 12 12 8
split_gain=3.46533e+07 5.4869e+06 4.98795e+06 855269 852936 720270 704878 122883 119506 116069 113001 100881 99805.7 90315.7 65750.4 39042 31134.6 29236.4 27057.4 22459.7 19710.9 19179.8 19104.6 18541.3 18338.4 17495.1 17016.8 13878.5 13476.6 13268.8
threshold=49.964285714285722 79.250000000000014 28.339285714285719 99.250000000000014 63.321428571428577 18.607142857142861 38.892857142857146 71.321428571428598 92.107142857142875 32.964285714285722 111.44642857142858 23.303571428571434 57.035714285714292 13.607142857142859 43.392857142857146 4.5000000000000009 4.5000000000000009 4.5000000000000009 120.03571428571429 4.5000000000000009 4.5000000000000009 4.5000000000000009 85.464285714285737 4.5000000000000009 4.5000000000000009 4.5000000000000009 25.821428571428573 4.5000000000000009 4.5000000000000009 16.107142857142861
decision_type=2 2 2 2 2 2 2 2 2 2 2 2 2 2 2 2 2 2 2 2 2 2 2 2 2 2 2 2 2 2
left_child=2 4 5 8 12 13 9 16 15 -4 20 -7 19 -1 28 22 -6 -9 27 -2 -5 -14 -3 -16 -10 -11 -13 -12 -8 -15
right_child=1 3 6 10 7 11 14 17 24 25 18 26 21 29 23 -17 -18 -19 -20 -21 -22 -23 -24 -25 -26 -27 -28 -29 -30 -31
leaf_value=-0.82284520738098699 0.32532667871411775 1.1217055333412433 -0.27977295385502343 1.7411985072892469 0.70154041783540266 -0.5442568686234287 -0.0041203997420271535 0.93109813319590173 1.5007148260042176 -0.15062475436338152 1.9851818897836355 -0.44764734437353365 0.5123719277478257 -0.71628146213722133 0.13047254954114978 1.3957366050891147 0.87287011393431402 1.1226848793697959 2.3565525189967844 0.45478472540510223 1.9721079008902609 0.65388946657879832 1.2794783178909719 0.24186696324621368 1.7431715798467375 -0.058677644048170247 -0.3717767099058148 2.2784169194449815 0.095866130777861824 -0.64593204785952674
leaf_weight=6996 4248 1657 8226 1190 3325 9986 4230 2573 992 6568 529 5607 3016 4880 4733 1147 1343 999 505 1686 474 1210 1202 1879 400 2600 5075 210 1701 4813
leaf_count=6996 4248 1657 8226 1190 3325 9986 4230 2573 992 6568 529 5607 3016 4880 4733 1147 1343 999 505 1686 474 1210 1202 1879 400 2600 5075 210 1701 4813
internal_value=1.2567e-06 0.914352 -0.362865 1.55437 0.625432 -0.594077 -0.0743441 0.852239 1.33088 -0.19796 1.96917 -0.4757 0.44148 -0.740673 0.0970799 1.24757 0.750851 0.984711 2.1858 0.362117 1.80709 0.552907 1.18808 0.162132 1.57051 -0.12455 -0.411605 2.06881 0.0245562 -0.681357
internal_weight=94000 26706 67294 8306 18400 37357 29937 8240 5398 17394 2908 20668 10160 16689 12543 4006 4668 3572 1244 5934 1664 4226 2859 6612 1392 9168 10682 739 5931 9693
internal_count=94000 26706 67294 8306 18400 37357 29937 8240 5398 17394 2908 20668 10160 16689 12543 4006 4668 3572 1244 5934 1664 4226 2859 6612 1392 9168 10682 739 5931 9693
is_linear=0
shrinkage=0.03


Tree=3
num_leaves=31
num_cat=0
split_feature=8 8 8 10 10 8 8 8 8 8 8 8 8 10 10 16 16 16 16 16 16 8 8 16 16 16 8 8 16 10
split_gain=3.26055e+07 5.16269e+06 4.69392e+06 806192 803199 728154 611406 153202 116661 98748.2 96970.3 93745.8 92990.3 79189.7 62771.2 36734.7 29657.3 26399.1 26246.3 21629.5 20213.9 17975.5 17342.4 17328.1 16711.3 14568.1 14499.3 14382 13160.4 13011.2
threshold=49.964285714285722 79.250000000000014 28.750000000000004 101.73214285714288 63.553571428571438 19.107142857142861 38.892857142857146 92.107142857142875 70.392857142857153 24.107142857142861 13.964285714285717 33.678571428571438 55.678571428571438 118.12500000000001 44.625000000000007 1.0000000180025095e-35 1.0000000180025095e-35 1.0000000180025095e-35 1.0000000180025095e-35 1.0000000180025095e-35 1.0000000180025095e-35 85.464285714285737 21.821428571428573 1.0000000180025095e-35 1.0000000180025095e-35 1.0000000180025095e-35 11.321428571428575 16.392857142857146 1.0000000180025095e-35 108.94642857142858
decision_type=2 2 2 2 2 2 2 2 2 2 2 2 2 2 2 2 2 2 2 2 2 2 2 2 2 2 2 2 2 2
left_child=2 4 5 7 12 10 11 15 18 22 26 -4 23 17 24 21 -10 29 -6 -14 -9 -3 -7 -2 -8 -13 -1 -12 -16 -5
right_child=1 3 6 13 8 9 14 20 16 -11 27 25 19 -15 28 -17 -18 -19 -20 -21 -22 -23 -24 -25 -26 -27 -28 -29 -30 -31
leaf_value=-0.83701190987275209 0.30013534490211152 1.088056401031809 -0.25528173601348397 1.6946817317350924 0.67350862682532586 -0.54595007611382129 0.014046515907347283 1.4802169550194089 0.89347640416045704 -0.37852812291028282 -0.68890218668670244 -0.13716292347674408 0.47827513559614232 2.2525853426339761 0.14857492047448459 1.3538681549153408 1.0777368774982232 2.0380036406332112 0.8361218381310469 0.61481596826455964 1.7053629403931458 1.2410971343895132 -0.47115298661257021 0.42402289857485898 0.11131832213277659 -0.048226057429027677 -0.75300436023940664 -0.6172748049798592 0.2591703539210049 1.8840521323065174
leaf_weight=3619 3576 1657 8262 679 3137 5779 5572 1287 2783 9575 4818 5808 3666 619 3391 1147 1101 544 1253 1463 507 1202 5413 1421 2224 2320 3821 5336 1356 664
leaf_count=3619 3576 1657 8262 679 3137 5779 5572 1287 2783 9575 4818 5808 3666 619 3391 1147 1101 544 1253 1463 507 1202 5413 1421 2224 2320 3821 5336 1356 664
internal_value=1.8408e-06 0.886924 -0.351979 1.50774 0.60667 -0.569575 -0.063476 1.31342 0.825945 -0.449266 -0.711579 -0.184118 0.427494 1.95743 0.0941676 1.21015 0.945736 1.8605 0.719941 0.517234 1.54394 1.15244 -0.509779 0.335374 0.0417971 -0.111779 -0.793879 -0.651268 0.180172 1.78844
internal_weight=94000 26706 67294 8306 18400 38361 28933 5800 8274 20767 17594 16390 10126 2506 12543 4006 3884 1887 4390 5129 1794 2859 11192 4997 7796 8128 7440 10154 4747 1343
internal_count=94000 26706 67294 8306 18400 38361 28933 5800 8274 20767 17594 16390 10126 2506 12543 4006 3884 1887 4390 5129 1794 2859 11192 4997 7796 8128 7440 10154 4747 1343
is_linear=0
shrinkage=0.03


Tree=4
num_leaves=31
num_cat=0
split_feature=8 8 10 10 8 10 8 10 8 6 8 8 8 8 8 8 12 12 12 12 8 12 12 12 12 10 12 6 10 8
split_gain=3.06786e+07 4.85873e+06 4.41785e+06 852154 665240 637880 625100 118997 112901 91276.3 90686.8 87374.2 79933.7 78590.9 75498.4 33387.2 28199.7 26181.7 24759.8 23189.2 20641 18931.4 16731.2 16304.1 15705.2 15588.6 14131.6 13083.5 12572.9 12471
threshold=49.964285714285722 77.892857142857153 28.339285714285719 98.267857142857153 62.678571428571438 18.660714285714288 38.035714285714292 108.94642857142858 87.250000000000014 23.214285714285719 70.392857142857153 32.678571428571438 55.678571428571438 13.250000000000002 42.607142857142868 120.03571428571429 4.5000000000000009 4.5000000000000009 4.5000000000000009 4.5000000000000009 46.107142857142868 4.5000000000000009 4.5000000000000009 4.5000000000000009 4.5000000000000009 25.946428571428573 4.5000000000000009 92.785714285714292 16.053571428571434 21.178571428571434
decision_type=2 2 2 2 2 2 2 2 2 2 2 2 2 2 2 2 2 2 2 2 2 2 2 2 2 2 2 2 2 2
left_child=2 4 5 8 12 13 11 22 16 29 17 -4 23 -1 -8 24 -3 -6 27 -12 -16 -14 -5 -2 -9 -11 -13 -10 -15 -7
right_child=1 3 6 7 10 9 14 15 18 25 19 26 21 28 20 -17 -18 -19 -20 -21 -22 -23 -24 -25 -26 -27 -28 -29 -30 -31
leaf_value=-0.77812390787226104 0.2911315325555317 1.0543917321262868 -0.26631723831582715 1.5850629067188633 0.64829236773480303 -0.54312742442688222 -0.00055757073152168336 1.8440753232192837 1.2413796721274912 -0.42187280253647236 0.84888370044581851 -0.15207820075520961 0.45870022689121748 -0.67775172548953455 0.10297663550049015 2.2183750230226158 1.2439490725318578 0.80615057216889086 1.5368499588436226 1.0258004914168652 0.20341612125896533 0.5897641183160105 1.8038114622381602 0.4113031128078467 2.1030216099261767 -0.34933969960277583 -0.06630728269524265 1.4141010355197134 -0.61013683819760522 -0.47596652929925254
leaf_weight=6614 3576 2496 7895 1139 3321 5585 5824 745 915 5612 2345 6088 3482 5072 4677 505 992 1326 652 937 3038 1390 446 1421 305 5093 2415 713 4872 4509
leaf_count=6614 3576 2496 7895 1139 3321 5585 5824 745 915 5612 2345 6088 3482 5072 4677 505 992 1326 652 937 3038 1390 446 1421 305 5093 2415 713 4872 4509
internal_value=2.30559e-06 0.860318 -0.34142 1.43229 0.574038 -0.559018 -0.0698874 1.83 1.21575 -0.448405 0.778661 -0.19445 0.409632 -0.697959 0.080979 2.01669 1.10834 0.693354 1.38001 0.899423 0.14253 0.496105 1.64673 0.325313 1.91949 -0.387368 -0.127719 1.31711 -0.644631 -0.513132
internal_weight=94000 26706 67294 8908 17798 37357 29937 3140 5768 20799 7929 16398 9869 16558 13539 1555 3488 4647 2280 3282 7715 4872 1585 4997 1050 10705 8503 1628 9944 10094
internal_count=94000 26706 67294 8908 17798 37357 29937 3140 5768 20799 7929 16398 9869 16558 13539 1555 3488 4647 2280 3282 7715 4872 1585 4997 1050 10705 8503 1628 9944 10094
is_linear=0
shrinkage=0.03


Tree=5
num_leaves=31
num_cat=0
split_feature=8 8 8 10 8 10 8 8 8 8 8 10 8 8 8 12 12 12 12 12 12 12 12 8 8 12 8 8 12 12
split_gain=2.88656e+07 4.57368e+06 4.15908e+06 715304 712249 685155 501153 135357 94094.4 93852 93145.7 92184.2 72139.3 70338.2 55975.4 32298.5 26017.7 21981.6 20474.5 18708.4 18135.1 17543.8 17462.2 16233.3 16084.4 15063.9 14042.7 14030.8 12214.2 11923.2
threshold=49.964285714285722 79.250000000000014 29.178571428571434 101.73214285714288 63.964285714285722 19.410714285714288 38.892857142857146 92.107142857142875 72.107142857142875 57.035714285714292 24.535714285714288 14.160714285714286 34.250000000000007 115.17857142857143 45.107142857142868 4.5000000000000009 4.5000000000000009 4.5000000000000009 4.5000000000000009 4.5000000000000009 4.5000000000000009 4.5000000000000009 4.5000000000000009 84.678571428571431 21.821428571428573 4.5000000000000009 10.964285714285717 16.678571428571434 4.5000000000000009 4.5000000000000009
decision_type=2 2 2 2 2 2 2 2 2 2 2 2 2 2 2 2 2 2 2 2 2 2 2 2 2 2 2 2 2 2
left_child=2 4 5 7 9 11 12 15 16 19 24 26 28 18 21 23 -6 -10 -5 -2 -9 -8 -11 -3 -7 -15 -1 -13 -4 -14
right_child=1 3 6 13 8 10 14 20 17 22 -12 27 29 25 -16 -17 -18 -19 -20 -21 -22 -23 -24 -25 -26 -27 -28 -29 -30 -31
leaf_value=-0.793475387885344 0.29618890801828174 1.0137171240783465 -0.25021064775532026 1.6704611717164395 0.65374326366262681 -0.51057402047378309 0.017679262207829147 1.3921287867321057 0.86010702118904703 0.47380998235816546 -0.34522605480636259 -0.64391480935745382 -0.12173566330555603 1.9963471007586788 0.18045924645241873 1.2734968430947515 0.81041126282273224 1.0337879036956579 1.899794057286565 0.41434265523687619 1.6053677295646449 0.11315838507134147 0.60427192375746719 1.1573012110999605 -0.43945848944594507 2.2950437989986687 -0.71067969571623069 -0.57451417151130058 -0.16925782677755702 -0.036692718628993766
leaf_weight=3212 4248 1448 5885 1239 3325 5260 6067 1287 2345 3244 9558 5157 5209 547 4052 1147 1342 916 500 1686 507 2424 1294 1411 6303 220 4376 5368 2348 2075
leaf_count=3212 4248 1448 5885 1239 3325 5260 6067 1287 2345 3244 9558 5157 5209 547 4052 1147 1342 916 500 1686 507 2424 1294 1411 6303 220 4376 5368 2348 2075
internal_value=2.78806e-06 0.834511 -0.331177 1.41885 0.570729 -0.530632 -0.0522954 1.2358 0.785247 0.408318 -0.41453 -0.666011 -0.166283 1.84243 0.0887192 1.13873 0.69881 0.908924 1.73651 0.329766 1.45248 0.0449379 0.511024 1.08462 -0.471813 2.08231 -0.745737 -0.608525 -0.227126 -0.0975106
internal_weight=94000 26706 67294 8306 18400 39234 28060 5800 7928 10472 21121 18113 15517 2506 12543 4006 4667 3261 1739 5934 1794 8491 4538 2859 11563 767 7588 10525 8233 7284
internal_count=94000 26706 67294 8306 18400 39234 28060 5800 7928 10472 21121 18113 15517 2506 12543 4006 4667 3261 1739 5934 1794 8491 4538 2859 11563 767 7588 10525 8233 7284
is_linear=0
shrinkage=0.03


Tree=6
num_leaves=31
num_cat=0
split_feature=8 8 8 8 10 8 10 10 8 8 10 8 8 8 10 8 12 12 12 12 12 12 10 12 12 12 8 12 12 12
split_gain=2.71613e+07 4.39135e+06 3.83032e+06 755899 615940 560717 533494 110388 96653 81824 75898.9 74973 74097.6 72068.4 69716.7 29765.9 24729 23125.4 22459.7 20555.9 19347.5 17671.3 14603.7 14559.1 13916 13408.8 12945.7 12217.1 11237.2 11224.4
threshold=49.535714285714292 77.892857142857153 27.892857142857146 97.964285714285737 62.803571428571438 37.464285714285722 18.660714285714288 108.94642857142858 87.250000000000014 70.392857142857153 54.946428571428577 32.035714285714292 42.321428571428577 22.750000000000004 12.910714285714286 120.03571428571429 4.5000000000000009 4.5000000000000009 4.5000000000000009 4.5000000000000009 4.5000000000000009 4.5000000000000009 25.517857142857146 4.5000000000000009 4.5000000000000009 4.5000000000000009 15.750000000000002 4.5000000000000009 4.5000000000000009 4.5000000000000009
decision_type=2 2 2 2 2 2 2 2 2 2 2 2 2 2 2 2 2 2 2 2 2 2 2 2 2 2 2 2 2 2
left_child=2 4 6 8 10 11 14 23 16 17 25 -4 28 -8 -1 24 -3 -6 -10 -11 -12 -14 -15 -5 -9 -2 -16 -13 -7 -17
right_child=1 3 5 7 9 12 13 15 18 19 20 27 21 22 26 29 -18 -19 -20 -21 -22 -23 -24 -25 -26 -27 -28 -29 -30 -31
leaf_value=-0.73786166513222584 0.25831483552332324 0.99210691705794418 -0.26062881404896504 1.4887635005905155 0.60931731898799246 -0.037182050964437906 -0.49071267437235372 1.7362259680523102 1.2351056673514633 0.79877245558121024 0.41945952695874383 -0.15491726105428183 0.098055650731323912 -0.40777010819962867 -0.64249562473735544 1.9981529493734871 1.1696220966174158 0.75680869689595576 1.4466710195285812 0.96534242101011269 0.54456709531171521 0.19871081499591245 -0.33900812562255567 1.6897114742571724 1.9799839224576246 0.37061349231722318 -0.57573684584123941 -0.07499092781404304 0.051613961059784504 2.3188860812077232
leaf_weight=6057 3338 2496 7915 1175 3377 4512 8838 745 1592 2345 3902 6020 5507 6045 5390 362 992 1339 638 937 1559 2196 5158 460 305 1343 5111 2411 1792 143
leaf_count=6057 3338 2496 7915 1175 3377 4512 8838 745 1592 2345 3902 6020 5507 6045 5390 362 992 1339 638 937 1559 2196 5158 460 305 1343 5111 2411 1792 143
internal_value=3.19394e-06 0.802319 -0.324126 1.3478 0.534444 -0.0749581 -0.53077 1.71782 1.14134 0.731299 0.379198 -0.194318 0.0643333 -0.426654 -0.656783 1.899 1.04263 0.65121 1.2957 0.846356 0.455185 0.126753 -0.376115 1.5454 1.80722 0.290542 -0.610009 -0.132062 -0.0119397 2.08942
internal_weight=94000 27048 66952 8908 18140 30353 36599 3190 5718 7998 10142 16346 14007 20041 16558 1555 3488 4716 2230 3282 5461 7703 11203 1635 1050 4681 10501 8431 6304 505
internal_count=94000 27048 66952 8908 18140 30353 36599 3190 5718 7998 10142 16346 14007 20041 16558 1555 3488 4716 2230 3282 5461 7703 11203 1635 1050 4681 10501 8431 6304 505
is_linear=0
shrinkage=0.03


Tree=7
num_leaves=31
num_cat=0
split_feature=10 10 10 10 10 10 6 10 10 10 10 10 10 10 10 12 12 12 12 12 12 12 10 12 10 10 12 12 12 12
split_gain=2.55593e+07 3.98618e+06 3.77073e+06 626573 617280 552651 504579 108377 94193.6 86311.2 83087.7 79132.6 62674.7 60756.4 59095.4 24482.7 23854.1 22039.8 20710.7 16659.1 16554.1 15205 13755.2 13457.5 13374.9 12877.1 11907.5 11671.8 11040.7 10929.8
threshold=51.375000000000007 29.517857142857146 81.125000000000014 19.589285714285719 64.410714285714292 101.73214285714288 40.071428571428577 73.375000000000014 91.553571428571445 14.160714285714286 24.732142857142861 35.089285714285715 118.12500000000001 57.410714285714299 46.660714285714299 4.5000000000000009 4.5000000000000009 4.5000000000000009 4.5000000000000009 4.5000000000000009 4.5000000000000009 4.5000000000000009 16.803571428571434 4.5000000000000009 21.910714285714288 11.375000000000002 4.5000000000000009 4.5000000000000009 4.5000000000000009 4.5000000000000009
decision_type=2 2 2 2 2 2 2 2 2 2 2 2 2 2 2 2 2 2 2 2 2 2 2 2 2 2 2 2 2 2
left_child=1 3 4 9 13 8 11 15 16 25 24 26 18 23 20 -6 -4 -9 -7 -10 -8 -15 -11 -2 -5 -1 -3 -13 -12 -14
right_child=2 6 5 10 7 12 14 17 19 22 28 27 29 21 -16 -17 -18 -19 -20 -21 -22 -23 -24 -25 -26 -27 -28 -29 -30 -31
leaf_value=-0.74275404665855593 0.29734257780666273 -0.22520851822080515 1.0397584567147267 -0.47819203170655028 0.62231950496422805 1.5841626242577349 0.041584862351628643 0.83334145252478797 1.3016340267121964 -0.60496529063848836 -0.34118848917190464 -0.094963274035051018 1.9153674473952988 0.44791834916544826 0.20997395332935995 0.76965373226685707 1.2210040022629576 0.99770363743149459 1.805211800012797 1.4996855799027491 0.13509847279327808 0.57197263577452573 -0.53755922710964399 0.40800566434585023 -0.41232808237913876 -0.66433506031502731 -0.14755921894273785 -0.013951456754086109 -0.27057267806319879 2.200529779957344
leaf_weight=3625 3465 6246 2302 4829 3561 1343 5990 2594 1367 5283 7002 5596 443 3151 3868 1424 920 1030 544 540 2381 1242 5660 1386 6551 3963 2486 2242 2790 176
leaf_count=3625 3465 6246 2302 4829 3561 1343 5990 2594 1367 5283 7002 5596 443 3151 3868 1424 920 1030 544 540 2381 1242 5660 1386 6551 3963 2486 2242 2790 176
internal_value=3.66319e-06 -0.301725 0.81105 -0.49665 0.57242 1.36903 -0.0330884 0.755215 1.19056 -0.624039 -0.385149 -0.140991 1.73422 0.402175 0.112997 0.664422 1.09155 0.880083 1.64798 1.35779 0.068185 0.483004 -0.570107 0.328969 -0.440281 -0.701808 -0.203104 -0.0717913 -0.321071 1.99679
internal_weight=94000 68512 25488 39703 17853 7635 28809 8609 5129 18531 21172 16570 2506 9244 12239 4985 3222 3624 1887 1907 8371 4393 10943 4851 11380 7588 8732 7838 9792 619
internal_count=94000 68512 25488 39703 17853 7635 28809 8609 5129 18531 21172 16570 2506 9244 12239 4985 3222 3624 1887 1907 8371 4393 10943 4851 11380 7588 8732 7838 9792 619
is_linear=0
shrinkage=0.03


Tree=8
num_leaves=31
num_cat=0
split_feature=8 8 8 8 8 10 8 8 8 8 10 8 8 8 8 12 12 12 12 8 12 12 12 8 12 12 12 10 12 12
split_gain=2.40524e+07 3.78636e+06 3.51683e+06 637850 558896 529709 440087 96143 93168.9 90594 77130.6 63464.3 63311.1 59198.4 55496.7 24430.5 21661.2 19912.4 17032.1 16980 15267.6 15127 14226.7 13202.7 12589.1 12588 11486.6 11322.1 11278.1 10209.9
threshold=51.392857142857146 30.035714285714288 80.678571428571431 20.035714285714288 64.535714285714292 101.73214285714288 40.392857142857146 14.250000000000002 92.107142857142875 72.892857142857153 25.517857142857146 58.464285714285722 34.821428571428577 115.17857142857143 46.107142857142868 4.5000000000000009 4.5000000000000009 4.5000000000000009 4.5000000000000009 17.107142857142861 4.5000000000000009 4.5000000000000009 4.5000000000000009 11.321428571428575 4.5000000000000009 4.5000000000000009 4.5000000000000009 22.482142857142861 4.5000000000000009 4.5000000000000009
decision_type=2 2 2 2 2 2 2 2 2 2 2 2 2 2 2 2 2 2 2 2 2 2 2 2 2 2 2 2 2 2
left_child=1 3 4 7 11 8 12 23 15 16 27 20 -3 18 22 -4 -6 -11 -7 -9 -2 -10 -8 -1 -13 -15 -14 -5 -16 -12
right_child=2 6 5 10 9 13 14 19 21 17 29 24 26 25 28 -17 -18 -19 -20 -21 -22 -23 -24 -25 -26 -27 -28 -29 -30 -31
leaf_value=-0.72068460893316089 0.30274420986064166 -0.18994770510567113 1.0089827033280012 -0.44815804333001757 0.60892527027936694 1.5247918000297065 0.040031268412561653 -0.5807222032012519 1.2715468861930588 0.80600232289472407 -0.31570302050120175 0.45823026670075906 -0.091649482074265168 1.8236838924050265 0.16917289653031947 1.1873052577895733 0.75283851109617506 0.96328495964645788 1.7339673204427717 -0.50938177431958409 0.41234260891628466 1.4663046956499566 0.13037698104270939 -0.64254794092666045 0.57894776635099565 2.0967383124816426 -0.013500493851275865 -0.38740154051921932 0.27576570481993934 -0.24645106320106275
leaf_weight=3619 4001 7421 2453 4614 3320 1239 5498 5790 1287 2531 6710 2734 5937 547 3155 970 1318 1021 500 6265 1604 507 2195 4249 1090 220 2368 6904 1247 2686
leaf_count=3619 4001 7421 2453 4614 3320 1239 5498 5790 1287 2531 6710 2734 5937 547 3155 970 1318 1021 500 6265 1604 507 2195 4249 1090 220 2368 6904 1247 2686
internal_value=3.9853e-06 -0.291545 0.789884 -0.47543 0.555898 1.32368 -0.0216299 -0.596908 1.15143 0.737195 -0.359705 0.398417 -0.12627 1.6822 0.114423 1.05955 0.649838 0.851239 1.58503 -0.543651 0.334116 1.32667 0.0658108 -0.678497 0.492655 1.90227 -0.0693677 -0.411744 0.199375 -0.295909
internal_weight=94000 68658 25342 40837 17619 7723 27821 19923 5217 8190 20914 9429 15726 2506 12095 3423 4638 3552 1739 12055 5605 1794 7693 7868 3824 767 8305 11518 4402 9396
internal_count=94000 68658 25342 40837 17619 7723 27821 19923 5217 8190 20914 9429 15726 2506 12095 3423 4638 3552 1739 12055 5605 1794 7693 7868 3824 767 8305 11518 4402 9396
is_linear=0
shrinkage=0.03


Tree=9
num_leaves=31
num_cat=0
split_feature=8 6 8 8 8 8 8 8 8 8 8 8 8 8 8 8 16 16 16 16 16 16 16 16 8 16 16 16 16 16
split_gain=2.26325e+07 3.66414e+06 3.19548e+06 674109 476015 467923 444380 129496 67022.5 62844.6 61909.8 59731.9 58607.8 56852.7 56073.2 24884.3 18368.8 18012.2 17170.1 16648.4 16473.6 15651.8 14445.7 13001.7 12613.1 10563.3 10158.5 9988.77 9732.47 9470.5
threshold=49.535714285714292 77.071428571428584 27.892857142857146 95.464285714285737 62.035714285714292 37.250000000000007 18.321428571428573 108.53571428571429 42.607142857142868 69.607142857142875 22.607142857142861 54.392857142857146 32.035714285714292 85.464285714285737 13.250000000000002 120.03571428571429 1.0000000180025095e-35 1.0000000180025095e-35 1.0000000180025095e-35 1.0000000180025095e-35 1.0000000180025095e-35 1.0000000180025095e-35 1.0000000180025095e-35 1.0000000180025095e-35 25.607142857142861 1.0000000180025095e-35 1.0000000180025095e-35 1.0000000180025095e-35 1.0000000180025095e-35 1.0000000180025095e-35
decision_type=2 2 2 2 2 2 2 2 2 2 2 2 2 2 2 2 2 2 2 2 2 2 2 2 2 2 2 2 2 2
left_child=2 4 6 13 11 12 14 19 26 16 -8 25 28 17 -1 23 -6 -3 -15 -5 -11 -13 -10 -9 -12 -2 -7 -14 -4 -17
right_child=1 3 5 7 9 8 10 15 22 20 24 21 27 18 -16 29 -18 -19 -20 -21 -22 -23 -24 -25 -26 -27 -28 -29 -30 -31
leaf_value=-0.66858610117122386 0.22983662095203594 0.88020277423136239 -0.25888896397140554 1.3250616662312207 0.5463617894722792 -0.033375557036554156 -0.45126613421299627 1.5849739734406294 0.092547879250059278 0.7131738496274509 -0.37145859898206046 0.37573300417079458 -0.14412995113485538 1.0681828010843728 -0.55524833805442941 1.8261392328219661 0.67811925130612083 1.0372039664806889 1.252031414053727 1.5093286253998139 0.86377084713733787 0.48784127213947193 0.18551502288957844 1.8208369685248733 -0.30771120351824149 0.33297430612201007 0.046781617530107164 -0.07023632650328078 -0.18509974733321996 2.1207058301561785
leaf_weight=6614 3132 2326 5666 1564 3354 4999 8719 757 5267 2316 6839 3929 5773 1592 9695 362 1334 924 649 626 916 1571 2106 301 4732 1252 1989 2304 2249 143
leaf_count=6614 3132 2326 5666 1564 3354 4999 8719 757 5267 2316 6839 3929 5773 1592 9695 362 1334 924 649 626 916 1571 2106 301 4732 1252 1989 2304 2249 143
internal_value=4.30543e-06 0.732385 -0.295872 1.21697 0.48078 -0.0682873 -0.484616 1.52687 0.0560111 0.654073 -0.39089 0.341917 -0.179909 1.00513 -0.601216 1.73563 0.583869 0.924871 1.12148 1.3778 0.755882 0.407764 0.119105 1.65225 -0.345392 0.259299 -0.0105596 -0.123053 -0.237925 1.90996
internal_weight=94000 27048 66952 9244 17804 30353 36599 3753 14361 7920 20290 9884 15992 5491 16309 1563 4688 3250 2241 2190 3232 5500 7373 1058 11571 4384 6988 8077 7915 505
internal_count=94000 27048 66952 9244 17804 30353 36599 3753 14361 7920 20290 9884 15992 5491 16309 1563 4688 3250 2241 2190 3232 5500 7373 1058 11571 4384 6988 8077 7915 505
is_linear=0
shrinkage=0.03


Tree=10
num_leaves=31
num_cat=0
split_feature=8 8 8 8 8 6 8 8 8 8 8 8 8 8 8 8 12 12 12 12 12 12 12 12 12 8 12 8 8 12
split_gain=2.1298e+07 3.59225e+06 2.87165e+06 629557 492850 418419 398916 121850 71057.3 55308.8 55287.1 55213.1 54173.4 52586.3 51603.1 23415.9 18812.4 17348.7 16155.8 15765.7 15665.1 14046.2 13795.9 12234.2 10973.6 10521.5 10099.8 9622.62 9072.95 8912.32
threshold=48.535714285714292 77.178571428571431 27.892857142857146 95.464285714285737 61.107142857142868 18.500000000000004 37.250000000000007 108.53571428571429 69.607142857142875 23.035714285714288 32.678571428571438 12.964285714285717 53.892857142857146 85.464285714285737 41.750000000000007 120.03571428571429 4.5000000000000009 4.5000000000000009 4.5000000000000009 4.5000000000000009 4.5000000000000009 4.5000000000000009 4.5000000000000009 4.5000000000000009 4.5000000000000009 15.750000000000002 4.5000000000000009 25.821428571428573 103.96428571428574 4.5000000000000009
decision_type=2 2 2 2 2 2 2 2 2 2 2 2 2 2 2 2 2 2 2 2 2 2 2 2 2 2 2 2 2 2
left_child=2 4 5 13 12 11 10 20 16 -7 26 -1 24 17 -8 23 -6 -3 -15 -10 28 -14 -16 -9 -2 -13 -4 -11 -5 -17
right_child=1 3 6 7 8 9 14 15 19 27 -12 25 21 18 22 29 -18 -19 -20 -21 -22 -23 -24 -25 -26 -27 -28 -29 -30 -31
leaf_value=-0.65257017907865511 0.21183780989171183 0.85463044173370706 -0.246355105105 1.2438612502382955 0.52050990305950839 -0.42999374028849968 -0.020590940042593736 1.5374310636085811 0.69192681382272458 -0.35410609358523099 -0.11393966705392715 -0.56912204079238193 0.34945815916405104 1.0361393219139341 0.071956148735102768 1.7713701910605189 0.64584363369166242 1.0101749122170542 1.2144762403434972 0.83787888899297813 1.4640560048884277 0.45878554403158961 0.16071569257728474 1.7662299566101054 0.31240896347255565 -0.50883171651412751 -0.17453958120727817 -0.29565674639218142 1.4140961517117208 2.0571291298536387
leaf_weight=6161 3407 2312 6186 1184 3811 9501 5898 757 2330 6163 7339 5286 3704 1592 5552 362 1507 902 649 938 626 1483 2201 301 1370 5171 2467 4317 380 143
leaf_count=6161 3407 2312 6186 1184 3811 9501 5898 757 2330 6163 7339 5286 3704 1592 5552 362 1507 902 649 938 626 1483 2201 301 1370 5171 2467 4317 380 143
internal_value=4.69421e-06 0.697593 -0.292313 1.18199 0.45714 -0.470077 -0.0728328 1.48107 0.623723 -0.377566 -0.174511 -0.581307 0.31359 0.976193 0.0462828 1.68358 0.556039 0.898315 1.08784 0.733844 1.33647 0.380724 0.0971562 1.60269 0.240687 -0.539314 -0.225883 -0.330033 1.28531 1.85269
internal_weight=94000 27758 66242 9208 18550 36599 29643 3753 8586 19981 15992 16618 9964 5455 13651 1563 5318 3214 2241 3268 2190 5187 7753 1058 4777 10457 8653 10480 1564 505
internal_count=94000 27758 66242 9208 18550 36599 29643 3753 8586 19981 15992 16618 9964 5455 13651 1563 5318 3214 2241 3268 2190 5187 7753 1058 4777 10457 8653 10480 1564 505
is_linear=0
shrinkage=0.03


Tree=11
num_leaves=31
num_cat=0
split_feature=8 10 8 8 8 10 8 8 8 8 8 10 10 8 10 12 12 8 12 12 12 12 12 12 10 12 12 12 12 10
split_gain=2.00419e+07 3.15819e+06 2.93596e+06 517429 500918 413415 381274 89178.9 80793.3 68447.1 57536 53561.5 50961.5 50576.4 49496.1 18165.7 16770.3 16766.5 16369.3 15238 14330.6 13064.8 12532.7 12423.9 11710.2 9606.39 9454.48 9448.45 8753.64 8562.49
threshold=51.392857142857146 29.910714285714288 81.464285714285737 20.464285714285719 66.464285714285737 101.73214285714288 40.107142857142868 14.821428571428575 58.892857142857146 92.107142857142875 74.250000000000014 35.089285714285715 25.517857142857146 46.107142857142868 118.12500000000001 4.5000000000000009 4.5000000000000009 11.607142857142859 4.5000000000000009 4.5000000000000009 3.5000000000000004 4.5000000000000009 4.5000000000000009 4.5000000000000009 17.660714285714288 4.5000000000000009 4.5000000000000009 4.5000000000000009 4.5000000000000009 108.94642857142858
decision_type=2 2 2 2 2 2 2 2 2 2 2 2 2 2 2 2 2 2 2 2 2 2 2 2 2 2 2 2 2 2
left_child=1 3 4 7 8 9 11 17 21 15 19 27 28 23 18 -4 -12 -1 29 -6 -10 -2 -11 -8 -9 -13 -15 -3 -5 -7
right_child=2 6 5 12 10 14 13 24 20 22 16 25 -14 26 -16 -17 -18 -19 -20 -21 -22 -23 -24 -25 -26 -27 -28 -29 -30 -31
leaf_value=-0.65554708320453714 0.28026052670390306 -0.19564605647742689 0.93193859111823063 -0.38715509511188917 0.59272544039007991 1.3272999157692824 0.033006316644981534 -0.51532370270457184 0.42946858205865945 1.1605650820749529 0.75648088623850063 -0.085665603587752923 -0.27262263086105931 0.1552733197534244 1.7700147938593545 1.0928497746636745 0.90820853297012316 -0.57416830332386348 1.5998173528277595 0.72172474515632301 0.53496172459347135 0.37910611831867941 1.3378481820959756 0.11537427323480369 -0.45483060776993123 -0.011692546280038211 0.25286911665296397 -0.12345078067818346 -0.32657212568967686 1.4808033108003993
leaf_weight=3997 4231 5745 2226 7547 2877 679 5771 5633 2713 1287 2311 5531 8969 3155 619 889 921 5333 544 1160 2030 1684 507 2307 5923 2212 1247 2280 3008 664
leaf_count=3997 4231 5745 2226 7547 2877 679 5771 5633 2713 1287 2311 5531 8969 3155 619 889 921 5333 544 1160 2030 1684 507 2307 5923 2212 1247 2280 3008 664
internal_value=5.0797e-06 -0.26613 0.721032 -0.436245 0.513355 1.22311 -0.0227716 -0.540037 0.382384 1.06301 0.705378 -0.120825 -0.325211 0.101115 1.53667 0.977896 0.799745 -0.609038 1.46004 0.62981 0.474631 0.308408 1.21074 0.0565313 -0.484323 -0.064534 0.182926 -0.175137 -0.369893 1.4033
internal_weight=94000 68658 25342 40410 17927 7415 28248 20886 10658 4909 7269 15768 19524 12480 2506 3115 3232 9330 1887 4037 4743 5915 1794 8078 11556 7743 4402 8025 10555 1343
internal_count=94000 68658 25342 40410 17927 7415 28248 20886 10658 4909 7269 15768 19524 12480 2506 3115 3232 9330 1887 4037 4743 5915 1794 8078 11556 7743 4402 8025 10555 1343
is_linear=0
shrinkage=0.03


Tree=12
num_leaves=31
num_cat=0
split_feature=8 6 8 8 8 8 8 8 8 6 8 8 8 8 8 8 12 12 12 12 12 12 12 12 8 8 12 8 12 12
split_gain=1.88594e+07 3.18194e+06 2.54377e+06 562308 433339 370290 353306 121775 62174.6 49670.2 49203.4 48988.4 48405.7 46084.7 36399.6 20780.2 15804.7 15367.4 15349.1 13886 13846.4 12504.9 11198.7 11153.3 10180.3 9805.84 9707.85 9657.25 8785.18 8508.67
threshold=48.535714285714292 77.071428571428584 27.892857142857146 93.821428571428598 61.107142857142868 18.607142857142861 37.250000000000007 108.53571428571429 68.964285714285737 13.785714285714286 32.035714285714292 22.607142857142861 53.892857142857146 42.321428571428577 84.678571428571431 120.03571428571429 4.5000000000000009 4.5000000000000009 4.5000000000000009 4.5000000000000009 4.5000000000000009 4.5000000000000009 4.5000000000000009 4.5000000000000009 25.607142857142861 100.75000000000001 4.5000000000000009 10.607142857142859 4.5000000000000009 4.5000000000000009
decision_type=2 2 2 2 2 2 2 2 2 2 2 2 2 2 2 2 2 2 2 2 2 2 2 2 2 2 2 2 2 2
left_child=2 4 5 14 12 9 10 16 18 27 -4 -7 26 29 20 23 25 -10 -6 -16 -3 -14 -15 -9 -13 -5 -2 -1 -12 -8
right_child=1 3 6 7 8 11 13 15 17 -11 28 24 21 22 19 -17 -18 -19 -20 -21 -22 -23 -24 -25 -26 -27 -28 -29 -30 -31
leaf_value=-0.6490726793623246 0.19897590648894936 0.79525645906465392 -0.2173457108627275 1.134353314232819 0.48460837960219877 -0.41044708596307872 -0.034311949512435463 1.4462976053258321 0.64271434350098866 -0.5011434972658243 -0.13185887690109369 -0.33846957988904669 0.32898237030491845 0.073413661478867687 0.94947958536748456 1.7440923183881463 1.3665729895072842 0.78134428914047116 0.60144499877778568 1.1153735386723747 0.93872384927103003 0.43213722854951142 0.15751862926066509 1.6646885635036441 -0.28119735077017521 1.2784910088047927 0.29356950038750779 -0.57793900634550333 -0.062560236067159283 0.040797148769078279
leaf_weight=2821 3407 2117 7915 989 3573 8339 4759 757 2554 9424 5773 6839 3704 5000 1609 505 704 1007 1416 640 855 1483 1993 301 4732 767 1370 4444 2304 1899
leaf_count=2821 3407 2117 7915 989 3573 8339 4759 757 2554 9424 5773 6839 3704 5000 1609 505 704 1007 1416 640 855 1483 1993 301 4732 767 1370 4444 2304 1899
internal_value=5.32769e-06 0.656442 -0.275068 1.111 0.429476 -0.442377 -0.0684976 1.37757 0.586159 -0.546605 -0.164187 -0.355008 0.295024 0.0436018 0.905577 1.58478 1.24586 0.681939 0.517781 0.996737 0.836561 0.358483 0.0973859 1.50858 -0.315051 1.19738 0.226111 -0.605569 -0.112093 -0.0128885
internal_weight=94000 27758 66242 9244 18514 36599 29643 4023 8550 16689 15992 19910 9964 13651 5221 1563 2460 3561 4989 2249 2972 5187 6993 1058 11571 1756 4777 7265 8077 6658
internal_count=94000 27758 66242 9244 18514 36599 29643 4023 8550 16689 15992 19910 9964 13651 5221 1563 2460 3561 4989 2249 2972 5187 6993 1058 11571 1756 4777 7265 8077 6658
is_linear=0
shrinkage=0.03


Tree=13
num_leaves=31
num_cat=0
split_feature=10 8 10 8 8 10 8 8 8 8 8 8 8 6 8 12 12 12 12 12 8 12 12 12 8 12 12 12 12 12
split_gain=1.77477e+07 2.77153e+06 2.62495e+06 458488 431232 385159 331234 66845.9 65831.9 63319.2 56359.5 55024.3 51213.9 44259.7 39939.6 16972.8 15535.4 15128.3 11984.2 11704.2 11684 11321.7 10955.4 10622.6 10138.2 9665.88 9620.49 8971.33 8459.1 8392.36
threshold=51.375000000000007 29.821428571428573 81.125000000000014 19.821428571428573 65.035714285714292 101.73214285714288 40.392857142857146 14.464285714285717 92.107142857142875 72.892857142857153 24.964285714285719 57.535714285714292 34.821428571428577 114.35714285714288 46.107142857142868 4.5000000000000009 4.5000000000000009 4.5000000000000009 3.5000000000000004 4.5000000000000009 10.964285714285717 4.5000000000000009 4.5000000000000009 4.5000000000000009 17.107142857142861 4.5000000000000009 4.5000000000000009 4.5000000000000009 4.5000000000000009 4.5000000000000009
decision_type=2 2 2 2 2 2 2 2 2 2 2 2 2 2 2 2 2 2 2 2 2 2 2 2 2 2 2 2 2 2
left_child=1 3 4 7 11 8 12 20 15 16 -5 26 28 19 23 -4 -6 -11 -13 -7 -1 -15 -10 -8 -9 -12 -2 -14 -3 -16
right_child=2 6 5 10 9 13 14 24 22 17 25 18 27 21 29 -17 -18 -19 -20 -21 -22 -23 -24 -25 -26 -27 -28 -29 -30 -31
leaf_value=-0.6251267754389167 0.24865113019703836 -0.18579095069489315 0.87052867373112619 -0.35989998526415223 0.5274145686108267 1.3035991527059296 0.034016957741787472 -0.4973007748001429 1.092135968230912 0.69421764796575769 -0.28015863727650808 0.37552663489741511 -0.078967594255391696 1.5509417621778947 0.14419003253477242 1.0207632828599296 0.65320041022609743 0.82996209532180376 0.47117218397183963 1.4819405321932777 -0.55188033070769782 1.7947274816398049 1.2579055703610176 0.11208477208500549 -0.43986220390697955 -0.21444971695701703 0.34057019591811866 -0.0099028226034194675 -0.1168342711983546 0.23748670950332987
leaf_weight=3212 3610 5616 2382 11106 3108 1174 5498 5372 1287 2602 7086 2756 5937 612 3041 953 1239 1038 2067 473 5074 247 507 2195 5732 2819 1433 2368 2241 1215
leaf_count=3212 3610 5616 2382 11106 3108 1174 5498 5372 1287 2602 7086 2756 5937 612 3041 953 1239 1038 2067 473 5074 247 507 2195 5732 2819 1433 2368 2241 1215
internal_value=5.6005e-06 -0.251422 0.675844 -0.410584 0.476743 1.14139 -0.0226747 -0.515787 0.992407 0.640615 -0.313495 0.344076 -0.11122 1.44626 0.0970903 0.91349 0.563281 0.73295 0.416527 1.35491 -0.580281 1.62125 1.13905 0.0562932 -0.467655 -0.26146 0.274777 -0.0592759 -0.166125 0.17083
internal_weight=94000 68512 25488 40401 17853 7635 28111 19390 5129 7987 21011 9866 16162 2506 11949 3335 4347 3640 4823 1647 8286 859 1794 7693 11104 9905 5043 8305 7857 4256
internal_count=94000 68512 25488 40401 17853 7635 28111 19390 5129 7987 21011 9866 16162 2506 11949 3335 4347 3640 4823 1647 8286 859 1794 7693 11104 9905 5043 8305 7857 4256
is_linear=0
shrinkage=0.03


Tree=14
num_leaves=31
num_cat=0
split_feature=8 8 8 8 8 8 8 8 8 8 8 8 8 8 8 6 12 12 12 12 12 12 12 12 12 8 12 12 8 12
split_gain=1.66998e+07 2.82058e+06 2.25431e+06 493713 386627 349828 296241 108834 58969.6 55727.4 42991.5 40775.5 40080.1 33585 31961.8 18714.4 13943.6 13824.4 13647.5 12558.6 12498.1 11283.1 10808.7 10302.4 9500.27 8907.87 8784.18 8749.47 8634.01 8593.33
threshold=48.535714285714292 77.178571428571431 27.321428571428573 93.821428571428598 61.107142857142868 36.178571428571438 18.107142857142861 108.53571428571429 41.750000000000007 68.964285714285737 53.892857142857146 22.035714285714288 12.464285714285717 31.750000000000004 84.678571428571431 119.64285714285715 4.5000000000000009 4.5000000000000009 4.5000000000000009 4.5000000000000009 3.5000000000000004 3.5000000000000004 4.5000000000000009 4.5000000000000009 4.5000000000000009 15.535714285714286 4.5000000000000009 4.5000000000000009 103.96428571428574 4.5000000000000009
decision_type=2 2 2 2 2 2 2 2 2 2 2 2 2 2 2 2 2 2 2 2 2 2 2 2 2 2 2 2 2 2
left_child=2 4 6 14 10 13 12 16 26 18 29 -8 -1 27 19 23 28 -11 -6 -3 -16 -12 -10 -9 -13 -14 -7 -4 -5 -2
right_child=1 3 5 7 9 8 11 15 22 17 21 24 25 -15 20 -17 -18 -19 -20 -21 -22 -23 -24 -25 -26 -27 -28 -29 -30 -31
leaf_value=-0.5862873942414405 0.18703111942612477 0.74891905945903103 -0.23090625445542431 1.0909683197267648 0.45598640000897561 -0.050013801266801133 -0.39656377037357615 1.3607187884747629 0.064112271440458002 0.60490975816173442 0.29890063766403302 -0.32508086724806601 -0.51020740985008917 -0.1219710509746183 0.87683186162356508 1.6438497830176539 1.2852152089499695 0.73527978066579802 0.56615674183855424 0.88695333682765276 1.0202509307152057 0.38834749402283048 0.1426771275710004 1.5708657958586452 -0.26468029733517157 -0.4551331695680535 0.019795176212372551 -0.16475991412654614 1.2538762643117083 0.2760296402609933
leaf_weight=5259 3407 2103 6325 1376 3573 5647 7842 761 5552 2568 2960 8216 5812 6432 1281 503 704 1029 1416 833 968 2227 2201 299 3285 4877 2276 2518 380 1370
leaf_count=5259 3407 2103 6325 1376 3573 5647 7842 761 5552 2568 2960 8216 5812 6432 1281 503 704 1029 1416 833 968 2227 2201 299 3285 4877 2276 2518 380 1370
internal_value=5.81252e-06 0.617715 -0.258839 1.04694 0.404649 -0.0719616 -0.422734 1.29634 0.0275981 0.552192 0.277506 -0.343807 -0.51846 -0.174135 0.853406 1.49224 1.17182 0.642225 0.487267 0.788112 0.938605 0.337311 0.086418 1.42014 -0.307832 -0.485084 -0.0299598 -0.212074 1.12629 0.212561
internal_weight=94000 27758 66242 9208 18550 30951 35291 4023 15676 8586 9964 19343 15948 15275 5185 1563 2460 3597 4989 2936 2249 5187 7753 1060 11501 10689 7923 8843 1756 4777
internal_count=94000 27758 66242 9208 18550 30951 35291 4023 15676 8586 9964 19343 15948 15275 5185 1563 2460 3597 4989 2936 2249 5187 7753 1060 11501 10689 7923 8843 1756 4777
is_linear=0
shrinkage=0.03


Tree=15
num_leaves=31
num_cat=0
split_feature=8 8 8 8 8 8 8 10 8 10 8 10 8 8 10 10 12 12 12 12 12 12 12 12 12 12 12 12 12 12
split_gain=1.57152e+07 2.4784e+06 2.30742e+06 419739 419574 304213 288242 70158.9 63679.9 62148.1 50516.3 44433.9 42703 34776.3 27838.7 16475.8 14829.9 13936.9 11879.5 11699.3 11625.4 10760.8 10349.6 9787.52 8860.01 8414.85 7936.12 7258.63 6999.2 6612.11
threshold=51.392857142857146 30.035714285714288 82.321428571428598 20.464285714285719 66.464285714285737 103.96428571428574 40.678571428571438 15.267857142857144 58.892857142857146 94.089285714285737 74.250000000000014 35.089285714285715 26.035714285714288 46.464285714285722 118.12500000000001 11.660714285714286 4.5000000000000009 4.5000000000000009 4.5000000000000009 4.5000000000000009 3.5000000000000004 4.5000000000000009 4.5000000000000009 4.5000000000000009 4.5000000000000009 4.5000000000000009 4.5000000000000009 4.5000000000000009 4.5000000000000009 4.5000000000000009
decision_type=2 2 2 2 2 2 2 2 2 2 2 2 2 2 2 2 2 2 2 2 2 2 2 2 2 2 2 2 2 2
left_child=1 3 4 7 8 9 11 15 22 16 18 27 24 23 19 -1 -4 -12 -6 -7 -10 -11 -2 -8 -5 -13 -16 -3 -14 -15
right_child=2 6 5 12 10 14 13 -9 20 21 17 25 28 29 26 -17 -18 -19 -20 -21 -22 -23 -24 -25 -26 -27 -28 -29 -30 -31
leaf_value=-0.58087717346534429 0.24746096286176153 -0.17087837640243259 0.84198514794058055 -0.33907732877980645 0.52518025064154727 1.2751051634774155 0.036854095471804717 -0.42326069729894833 0.37940986610022215 1.054930395640328 0.6755744518078074 -0.071422224866265524 -0.25093328390916808 0.1428490036508554 1.5003884676685992 -0.50346610026000704 0.98975946867609066 0.80789343584649276 0.63908320252334927 1.4640729468911566 0.47442368523645073 1.2095674715272215 0.33543789388388834 0.11196787879629967 -0.28137849627737177 -0.0053867837896820307 1.7426859409520736 -0.10590302090119899 -0.18948568220048159 0.22786400184161087
leaf_weight=4030 4231 5433 2171 8411 2877 1056 5470 10410 2713 1426 2514 6076 5846 2911 443 6446 858 1008 1160 419 2030 576 1684 2185 3356 2432 176 2165 2338 1149
leaf_count=4030 4231 5433 2171 8411 2877 1056 5470 10410 2713 1426 2514 6076 5846 2911 443 6446 858 1008 1160 419 2030 576 1684 2185 3356 2432 176 2165 2338 1149
internal_value=6.04426e-06 -0.235657 0.638477 -0.384429 0.459445 1.09621 -0.0172823 -0.478432 0.338189 0.969693 0.630406 -0.0996373 -0.286018 0.0959404 1.4001 -0.533251 0.883876 0.713467 0.557925 1.32888 0.420085 1.09948 0.272514 0.0582957 -0.322624 -0.0525467 1.56956 -0.152366 -0.233382 0.166914
internal_weight=94000 68658 25342 40837 18217 7125 27821 20886 10658 5031 7559 16106 19951 11715 2094 10476 3029 3522 4037 1475 4743 2002 5915 7655 11767 8508 619 7598 8184 4060
internal_count=94000 68658 25342 40837 18217 7125 27821 20886 10658 5031 7559 16106 19951 11715 2094 10476 3029 3522 4037 1475 4743 2002 5915 7655 11767 8508 619 7598 8184 4060
is_linear=0
shrinkage=0.03


Tree=16
num_leaves=31
num_cat=0
split_feature=10 10 10 10 10 6 10 6 10 10 6 6 10 10 10 12 12 12 12 12 12 12 12 10 12 12 12 6 10 12
split_gain=1.47887e+07 2.47832e+06 2.01635e+06 392594 383913 299807 274831 60855.5 50864 48668.9 47804.3 42060.2 38993.9 38306.6 36164.6 15587.9 14344.3 12590.7 12322.7 11493.9 10044.1 9429.49 8969.19 7738.49 7694.51 7553.9 7508.13 6884.46 6675.33 6672.37
threshold=48.946428571428577 78.696428571428584 28.160714285714288 98.267857142857153 62.803571428571438 18.500000000000004 37.339285714285715 111.35714285714288 70.517857142857153 54.517857142857146 88.928571428571445 23.214285714285719 12.910714285714286 42.482142857142868 32.946428571428577 4.5000000000000009 4.5000000000000009 4.5000000000000009 4.5000000000000009 4.5000000000000009 4.5000000000000009 4.5000000000000009 4.5000000000000009 16.053571428571434 4.5000000000000009 4.5000000000000009 4.5000000000000009 119.64285714285715 83.089285714285737 4.5000000000000009
decision_type=2 2 2 2 2 2 2 2 2 2 2 2 2 2 2 2 2 2 2 2 2 2 2 2 2 2 2 2 2 2
left_child=2 4 5 10 9 12 14 21 17 26 15 -7 -1 29 25 28 27 -6 -10 -11 -12 -5 -15 -14 -13 -4 -2 -9 -3 -8
right_child=1 3 6 7 8 11 13 16 18 19 20 24 23 22 -16 -17 -18 -19 -20 -21 -22 -23 -24 -25 -26 -27 -28 -29 -30 -31
leaf_value=-0.54530381235021685 0.18058715405320724 0.69592766040118403 -0.20377246524396364 1.1256224004671884 0.44848127890410772 -0.35667489946499764 -0.030647872489941122 1.3017347457832107 0.59451719562558214 0.30565063333933729 0.93443567752070289 -0.28679171021922029 -0.47385766391320772 0.067170580344086267 -0.094137210510986224 0.8870656713522278 1.603335430284438 0.55793264329011749 0.71712368353989508 0.39921981124798511 1.0932309275712417 1.2741961241370918 0.14143143594063648 -0.42230107387002003 -0.22943242769974931 -0.14072790215334488 0.26270316861491877 1.4759070355996711 0.7931978835603154 0.03604260910519632
leaf_weight=6057 3510 1150 5998 1376 3332 10034 4739 512 2610 4135 1304 7398 5629 5121 7200 1059 348 1325 1034 1657 502 546 2050 4932 2947 2395 1404 358 1450 1888
leaf_count=6057 3510 1150 5998 1376 3332 10034 4739 512 2610 4135 1304 7398 5629 5121 7200 1059 348 1325 1034 1657 502 546 2050 4932 2947 2395 1404 358 1450 1888
internal_value=6.24453e-06 0.583474 -0.242669 1.00588 0.392234 -0.39003 -0.0571723 1.27323 0.545354 0.273507 0.852247 -0.312908 -0.484603 0.0403496 -0.143468 0.789839 1.43935 0.479634 0.629327 0.332426 0.978635 1.16789 0.0884019 -0.449785 -0.270454 -0.185785 0.204054 1.37357 0.750204 -0.0116474
internal_weight=94000 27612 66388 8605 19007 36997 29391 3140 8301 10706 5465 20379 16618 13798 15593 3659 1218 4657 3644 5792 1806 1922 7171 10561 10345 8393 4914 870 2600 6627
internal_count=94000 27612 66388 8605 19007 36997 29391 3140 8301 10706 5465 20379 16618 13798 15593 3659 1218 4657 3644 5792 1806 1922 7171 10561 10345 8393 4914 870 2600 6627
is_linear=0
shrinkage=0.03


Tree=17
num_leaves=31
num_cat=0
split_feature=8 8 8 8 8 8 8 8 8 8 8 8 8 8 8 12 12 12 8 12 12 6 12 12 12 12 12 12 12 12
split_gain=1.39162e+07 2.34471e+06 1.91583e+06 394675 323192 270864 270560 62055.4 54806.2 46820.5 43153.1 40567.5 38490.7 35696.4 24846.7 12541.7 12212.8 11511.3 10796.1 10496.8 10411 9797.93 9736.62 8566.46 8448.66 8348.07 7335.54 7243.71 6968.57 6597.51
threshold=52.321428571428577 30.464285714285719 82.321428571428598 20.464285714285719 66.821428571428598 103.96428571428574 40.964285714285722 14.464285714285717 92.107142857142875 58.892857142857146 26.250000000000004 74.250000000000014 46.892857142857146 35.750000000000007 120.03571428571429 4.5000000000000009 4.5000000000000009 3.5000000000000004 17.321428571428573 4.5000000000000009 4.5000000000000009 10.785714285714286 4.5000000000000009 4.5000000000000009 4.5000000000000009 3.5000000000000004 4.5000000000000009 4.5000000000000009 4.5000000000000009 4.5000000000000009
decision_type=2 2 2 2 2 2 2 2 2 2 2 2 2 2 2 2 2 2 2 2 2 2 2 2 2 2 2 2 2 2
left_child=1 3 4 7 9 8 13 21 15 25 24 22 23 27 19 -4 -13 -11 -9 -7 -10 -1 -6 -8 -5 -2 -16 -3 -15 -14
right_child=2 6 5 10 11 14 12 18 20 17 -12 16 29 28 26 -17 -18 -19 -20 -21 -22 -23 -24 -25 -26 -27 -28 -29 -30 -31
leaf_value=-0.55707730270744704 0.23498234936808196 -0.14767485796726165 0.78465937450537715 -0.31781564423247433 0.49900696944661721 1.2106610471614589 0.039930938747168875 -0.43823532251176195 0.98275363979917585 0.3599840563619221 -0.21426304044040784 0.63612464509731614 0.14632602652418597 -0.057339751918979928 1.4288764310772002 0.92529659679295362 0.7599930370763327 0.45173499000132633 -0.38249953258147229 1.3830504249972702 1.1277445383710096 -0.48925384000578526 0.6061337913413386 0.11045679535602934 -0.26253976786475708 0.31425187262109172 1.6870543046867321 -0.084997774763289943 0.0066046842934842052 0.22465135148355889
leaf_weight=3035 2791 5805 2023 8710 2674 1137 5471 5850 1574 2872 8605 2514 3376 5345 362 802 1008 2160 6750 452 632 5251 1074 2163 3491 2096 143 2325 2151 1358
leaf_count=3035 2791 5805 2023 8710 2674 1137 5471 5850 1574 2872 8605 2514 3376 5345 362 802 1008 2160 6750 452 632 5251 1074 2163 3491 2096 143 2325 2151 1358
internal_value=6.45374e-06 -0.215606 0.617968 -0.358199 0.446513 1.03159 -0.00323856 -0.450326 0.912213 0.335139 -0.265716 0.598462 0.101593 -0.0862133 1.31834 0.824618 0.671597 0.399377 -0.40838 1.25978 1.02434 -0.514103 0.529721 0.0599152 -0.302002 0.268987 1.50231 -0.129752 -0.0389905 0.168799
internal_weight=94000 69686 24314 41692 17189 7125 27994 20886 5031 9919 20806 7270 12368 15626 2094 2825 3522 5032 12600 1589 2206 8286 3748 7634 12201 4887 505 8130 7496 4734
internal_count=94000 69686 24314 41692 17189 7125 27994 20886 5031 9919 20806 7270 12368 15626 2094 2825 3522 5032 12600 1589 2206 8286 3748 7634 12201 4887 505 8130 7496 4734
is_linear=0
shrinkage=0.03


Tree=18
num_leaves=31
num_cat=0
split_feature=10 8 8 8 10 10 8 8 10 8 8 8 10 8 8 12 12 12 12 10 12 12 12 12 12 12 8 8 12 12
split_gain=1.30959e+07 2.04751e+06 1.94006e+06 321285 314282 291848 263649 53755.1 49585.3 44789.4 42418.9 36985.3 35226.8 33666.4 32894.5 13192.3 12379.9 11655.7 11626.5 8489.97 8267.25 7999.02 7927.73 7436.17 7353.33 7265.01 6980.23 6900.18 6806.21 6533.51
threshold=51.375000000000007 29.392857142857146 80.678571428571431 19.535714285714288 64.410714285714292 101.73214285714288 39.535714285714292 72.107142857142875 91.553571428571445 14.250000000000002 24.535714285714288 45.392857142857146 34.232142857142868 112.8214285714286 57.535714285714292 4.5000000000000009 4.5000000000000009 4.5000000000000009 4.5000000000000009 10.660714285714286 4.5000000000000009 4.5000000000000009 3.5000000000000004 4.5000000000000009 4.5000000000000009 3.5000000000000004 21.821428571428573 16.678571428571434 4.5000000000000009 4.5000000000000009
decision_type=2 2 2 2 2 2 2 2 2 2 2 2 2 2 2 2 2 2 2 2 2 2 2 2 2 2 2 2 2 2
left_child=1 3 4 9 14 8 12 16 15 19 26 21 -3 29 25 -4 -6 -15 -9 -1 -10 -8 -16 -12 -13 -2 -5 -11 -14 -7
right_child=2 6 5 10 7 13 11 18 20 27 23 24 28 17 22 -17 -18 -19 -20 -21 -22 -23 -24 -25 -26 -27 -28 -29 -30 -31
leaf_value=-0.54323643037169722 0.20401147615263782 -0.1522550139600222 0.74162172492438272 -0.34339591950290849 0.44002681270467503 1.1107734798619935 0.017704548956457108 0.58957093026558216 0.93202342318211939 -0.43339808482411607 -0.24713627025096854 0.11751467590819267 -0.080210969206051461 1.3112310124674402 0.31300481286530585 0.8749282353431409 0.54800083581681647 1.5370254356907478 0.70546087726365836 -0.47805443517756468 1.0715857376934887 0.083814152030302694 0.39633134799810238 -0.18968742452600432 0.1986379871504067 0.27682833156377945 -0.29529553365367717 -0.38498854383909142 -0.019752659958946806 1.2515809489692076
leaf_weight=2805 2886 7688 2373 4786 3333 1050 5804 2751 1367 4877 7090 3536 5813 736 2395 937 1344 293 1093 5063 540 2300 1806 2844 1406 2157 6303 5842 2355 427
leaf_count=2805 2886 7688 2373 4786 3333 1050 5804 2751 1367 4877 7090 3536 5813 736 2395 937 1344 293 1093 5063 540 2300 1806 2844 1406 2157 6303 5842 2355 427
internal_value=6.61995e-06 -0.215971 0.580555 -0.356063 0.407979 0.977517 -0.0239758 0.539407 0.849663 -0.446931 -0.275722 0.0759152 -0.106164 1.24364 0.286826 0.779385 0.471066 1.37567 0.622541 -0.501299 0.971599 0.0364683 0.348836 -0.230692 0.140598 0.235162 -0.316059 -0.407018 -0.0627804 1.15156
internal_weight=94000 68512 25488 39610 17765 7723 28902 8521 5217 18587 21023 13046 15856 2506 9244 3310 4677 1029 3844 7868 1907 8104 4201 9934 4942 5043 11089 10719 8168 1477
internal_count=94000 68512 25488 39610 17765 7723 28902 8521 5217 18587 21023 13046 15856 2506 9244 3310 4677 1029 3844 7868 1907 8104 4201 9934 4942 5043 11089 10719 8168 1477
is_linear=0
shrinkage=0.03


Tree=19
num_leaves=31
num_cat=0
split_feature=10 6 10 6 10 10 10 10 10 10 10 10 10 10 10 6 12 12 12 12 12 12 12 10 12 12 12 12 12 12
split_gain=1.23241e+07 2.06864e+06 1.68189e+06 368714 279869 252478 228734 65478 39595.9 38291.3 36837.6 34972.9 31987.9 31068.9 28260.3 13967.7 12296.3 10606 9083.9 9042.65 8353.48 8298.24 7786.01 7466.71 7104.15 6881.1 6674.15 6356.39 6337.57 6027.69
threshold=48.946428571428577 77.071428571428584 27.589285714285719 96.214285714285737 62.089285714285715 36.660714285714299 18.267857142857146 108.94642857142858 42.232142857142868 84.767857142857153 54.517857142857146 68.446428571428584 22.660714285714288 12.303571428571431 32.339285714285715 119.64285714285715 4.5000000000000009 4.5000000000000009 4.5000000000000009 3.5000000000000004 4.5000000000000009 4.5000000000000009 4.5000000000000009 15.732142857142859 4.5000000000000009 4.5000000000000009 4.5000000000000009 3.5000000000000004 4.5000000000000009 3.5000000000000004
decision_type=2 2 2 2 2 2 2 2 2 2 2 2 2 2 2 2 2 2 2 2 2 2 2 2 2 2 2 2 2 2
left_child=2 4 6 9 10 14 13 21 27 20 28 19 -8 -1 25 26 -11 -13 -12 -6 -3 -5 -10 -15 -14 -4 -9 -7 -2 -17
right_child=1 3 5 7 11 8 12 15 22 16 18 17 24 23 -16 29 -18 -19 -20 -21 -22 -23 -24 -25 -26 -27 -28 -29 -30 -31
leaf_value=-0.50795851265684189 0.16448645835028786 0.64068773330594964 -0.19442854822179811 0.9859627227008988 0.38031640504620484 -0.043148241942532424 -0.3347297610723754 1.1741181927926547 0.059395190329122785 0.78898378718733631 0.27481797995664231 0.51404625039478336 -0.27306967697559587 -0.43855734206651509 -0.096263930851628002 1.3235899050233237 0.92838230668999944 0.62293435320627011 0.36057155791593531 0.47143879993082199 0.75345822038982435 1.1235894872039647 0.12704301742381283 -0.38933047407710131 -0.21931371318102691 -0.13580908705456893 1.3431248586258844 0.012928354938594068 0.23993043133173797 1.5371167622898105
leaf_weight=4859 3510 2064 6317 1414 2295 4228 8785 749 5379 2016 3905 2852 7757 6422 6776 285 801 1127 1557 1718 836 558 2141 4906 3101 2524 303 3193 1404 218
leaf_count=4859 3510 2064 6317 1414 2295 4228 8785 749 5379 2016 3905 2852 7757 6422 6776 285 801 1127 1557 1718 836 558 2141 4906 3101 2524 303 3193 1404 218
internal_value=6.73338e-06 0.532642 -0.221527 0.89867 0.348429 -0.0580194 -0.360975 1.13991 0.030142 0.749824 0.245651 0.48186 -0.292163 -0.444476 -0.142364 1.2856 0.828654 0.544903 0.29927 0.419338 0.673223 1.02496 0.0786569 -0.417242 -0.25772 -0.177695 1.22292 -0.0190202 0.186047 1.41643
internal_weight=94000 27612 66388 9244 18368 30558 35830 3527 14941 5717 10376 7992 19643 16187 15617 1555 2817 3979 5462 4013 2900 1972 7520 11328 10858 8841 1052 7421 4914 503
internal_count=94000 27612 66388 9244 18368 30558 35830 3527 14941 5717 10376 7992 19643 16187 15617 1555 2817 3979 5462 4013 2900 1972 7520 11328 10858 8841 1052 7421 4914 503
is_linear=0
shrinkage=0.03


Tree=20
num_leaves=31
num_cat=0
split_feature=8 8 8 8 10 8 10 10 10 8 10 8 8 8 8 12 8 12 12 12 12 12 12 12 12 12 12 12 8 12
split_gain=1.15971e+07 1.95483e+06 1.59774e+06 329185 270359 227107 226098 51837.7 45964.4 36893.3 36441.6 36015.4 32243.8 29652.2 21113 11170.5 11001.6 10207.6 9208.97 8732.25 8499.55 7921.87 7597.22 7085.88 7073.63 6739.25 6295.76 6267.74 6068.87 6048.89
threshold=52.321428571428577 30.464285714285719 82.321428571428598 20.464285714285719 66.625000000000014 103.96428571428574 41.339285714285715 14.946428571428573 94.089285714285737 58.892857142857146 25.946428571428573 74.250000000000014 35.964285714285722 47.607142857142868 120.03571428571429 3.5000000000000004 11.607142857142859 4.5000000000000009 3.5000000000000004 4.5000000000000009 4.5000000000000009 4.5000000000000009 4.5000000000000009 3.5000000000000004 4.5000000000000009 4.5000000000000009 4.5000000000000009 4.5000000000000009 17.678571428571434 4.5000000000000009
decision_type=2 2 2 2 2 2 2 2 2 2 2 2 2 2 2 2 2 2 2 2 2 2 2 2 2 2 2 2 2 2
left_child=1 3 4 7 9 8 12 16 15 23 24 20 25 22 19 -4 -1 -13 -11 -7 -6 -10 -8 -2 -5 -3 -12 -16 -9 -14
right_child=2 6 5 10 11 14 13 28 21 18 26 17 29 -15 27 -17 -18 -19 -20 -21 -22 -23 -24 -25 -26 -27 -28 -29 -30 -31
leaf_value=-0.50022500113518042 0.21399495595851031 -0.13332961416094846 0.7087130568797082 -0.29370046163127755 0.45307856791351009 1.1056471357260873 0.043261225521330368 -0.39000382513897558 0.90593910303684944 0.32626232413029177 -0.21435417013250915 0.58088148824857844 -0.048205642231280058 0.1615703062513551 1.306148243061056 0.82549755942691927 -0.43516752937023628 0.69412708768909881 0.40982202021314662 1.2628899320768219 0.55089709542164789 1.0386276369636163 0.10866741045956792 0.28702629496341003 -0.24134545489705519 -0.074276285125523658 -0.15992499617435674 1.5447249319368439 -0.34578503096306745 0.011284318846514865
leaf_weight=3997 2791 6075 1732 8118 2801 1137 5612 5445 1426 2773 6757 2514 5399 4084 362 1297 5674 1008 2082 452 1124 576 2235 2096 3260 2438 2671 143 5770 2151
leaf_count=3997 2791 6075 1732 8118 2801 1137 5612 5445 1426 2773 6757 2514 5399 4084 362 1297 5674 1008 2082 452 1124 576 2235 2096 3260 2438 2671 143 5770 2151
internal_value=6.89989e-06 -0.196821 0.564132 -0.32702 0.407555 0.941859 -0.00291251 -0.411157 0.832549 0.303525 -0.242559 0.543639 -0.0763912 0.0960133 1.20443 0.758746 -0.462061 0.613312 0.362104 1.15045 0.481105 0.944167 0.0618919 0.245323 -0.278702 -0.116419 -0.198936 1.374 -0.367257 -0.0312566
internal_weight=94000 69686 24314 41692 17189 7125 27994 20886 5031 9742 20806 7447 16063 11931 2094 3029 9671 3522 4855 1589 3925 2002 7847 4887 11378 8513 9428 505 11215 7550
internal_count=94000 69686 24314 41692 17189 7125 27994 20886 5031 9742 20806 7447 16063 11931 2094 3029 9671 3522 4855 1589 3925 2002 7847 4887 11378 8513 9428 505 11215 7550
is_linear=0
shrinkage=0.03


Tree=21
num_leaves=31
num_cat=0
split_feature=6 10 10 8 8 8 8 8 10 10 8 8 8 10 10 16 16 16 16 16 16 16 8 16 6 16 16 16 16 16
split_gain=1.09132e+07 1.7035e+06 1.61707e+06 292501 261666 243434 201643 45146.5 39359 37505.6 34457.4 33988.4 30848.1 27285.6 26994.7 10833.7 10687.1 9527.98 9211.36 7962.54 7325.72 7286.4 6885.66 6481.27 6177.21 6014.28 6007.55 5757.83 5589.77 5580.46
threshold=50.214285714285722 78.696428571428584 29.303571428571434 99.250000000000014 19.535714285714288 63.964285714285722 38.892857142857146 87.250000000000014 111.44642857142858 14.160714285714286 57.035714285714292 24.107142857142861 71.321428571428598 44.625000000000007 34.232142857142868 1.0000000180025095e-35 1.0000000180025095e-35 1.0000000180025095e-35 1.0000000180025095e-35 1.0000000180025095e-35 1.0000000180025095e-35 1.0000000180025095e-35 10.250000000000002 1.0000000180025095e-35 16.214285714285719 1.0000000180025095e-35 1.0000000180025095e-35 1.0000000180025095e-35 1.0000000180025095e-35 1.0000000180025095e-35
decision_type=2 2 2 2 2 2 2 2 2 2 2 2 2 2 2 2 2 2 2 2 2 2 2 2 2 2 2 2 2 2
left_child=2 5 4 7 9 10 14 18 29 22 20 28 17 26 25 -9 -10 -7 -3 -14 -2 -12 -1 -13 -11 -4 -8 -15 -6 -5
right_child=1 3 6 8 11 12 13 15 16 24 21 23 19 27 -16 -17 -18 -19 -20 -21 -22 -23 -24 -25 -26 -27 -28 -29 -30 -31
leaf_value=-0.50087590186270536 0.18179883748531162 0.63200693692868137 -0.15677413807607118 0.97850993130710107 -0.30600988131588414 0.39728892710588048 0.0064641170243660293 0.79494225942990804 1.1811879242588916 -0.3996013557885314 0.29077895816293708 -0.22995044731305445 0.51826299032363043 0.092101444851441908 -0.061073332205344291 0.93329799575710182 1.3778300986537104 0.49528094921277943 0.74530089195720595 0.62266029720744753 0.25819806592470568 0.37505013112917218 -0.43960744164658527 -0.17771630008008424 -0.35383422995266034 -0.099151524906877245 0.064786131072136696 0.16252668004911427 -0.2567823011397431 1.1015330664283287
leaf_weight=2445 3992 2276 5736 1190 7288 3097 5572 1793 891 4516 3244 7503 2355 3647 7453 719 353 1259 909 918 1577 1294 5143 2994 6483 2279 2224 1465 2911 474
leaf_count=2445 3992 2276 5736 1190 7288 3097 5572 1793 891 4516 3244 7503 2355 3647 7453 719 353 1259 909 918 1577 1294 5143 2994 6483 2279 2224 1465 2911 474
internal_value=7.00872e-06 0.518065 -0.201684 0.864425 -0.326335 0.350017 -0.0291195 0.739432 1.10926 -0.408037 0.25345 -0.252956 0.477944 0.0584237 -0.102174 0.83458 1.2371 0.425623 0.664364 0.547563 0.203438 0.314817 -0.459356 -0.215054 -0.372629 -0.140391 0.0231029 0.112287 -0.291962 1.01362
internal_weight=94000 26341 67659 8605 39283 17736 28376 5697 2908 18587 10107 20696 7629 12908 15468 2512 1244 4356 3185 3273 5569 4538 7588 10497 10999 8015 7796 5112 10199 1664
internal_count=94000 26341 67659 8605 39283 17736 28376 5697 2908 18587 10107 20696 7629 12908 15468 2512 1244 4356 3185 3273 5569 4538 7588 10497 10999 8015 7796 5112 10199 1664
is_linear=0
shrinkage=0.03


Tree=22
num_leaves=31
num_cat=0
split_feature=8 10 8 10 10 8 10 8 10 8 8 8 10 10 10 12 8 12 12 12 12 12 12 12 8 12 12 12 12 12
split_gain=1.02703e+07 1.73149e+06 1.41563e+06 290491 239294 201761 201472 46240.2 40842.3 32772.6 31817 31808.3 28971.4 26379.4 19244.8 10056.2 9244.34 9043.67 7624.99 7578.26 7512.27 7166.11 7005.06 6592.63 6063.8 6015.62 5855.42 5632.39 5509.46 5343.53
threshold=52.321428571428577 30.517857142857146 82.321428571428598 20.589285714285719 66.625000000000014 103.96428571428574 41.339285714285715 14.821428571428575 94.089285714285737 59.821428571428577 26.464285714285719 74.250000000000014 35.553571428571438 46.660714285714299 118.12500000000001 3.5000000000000004 11.321428571428575 4.5000000000000009 4.5000000000000009 3.5000000000000004 4.5000000000000009 4.5000000000000009 4.5000000000000009 4.5000000000000009 17.321428571428573 4.5000000000000009 4.5000000000000009 4.5000000000000009 4.5000000000000009 4.5000000000000009
decision_type=2 2 2 2 2 2 2 2 2 2 2 2 2 2 2 2 2 2 2 2 2 2 2 2 2 2 2 2 2 2
left_child=1 3 4 7 9 8 12 16 15 21 23 20 26 27 18 -4 -1 -13 -7 -11 -6 -2 -10 -5 -9 -14 -3 -8 -15 -16
right_child=2 6 5 10 11 14 13 24 22 19 -12 17 25 28 29 -17 -18 -19 -20 -21 -22 -23 -24 -25 -26 -27 -28 -29 -30 -31
leaf_value=-0.47397634438239633 0.21608575591749268 -0.1315004152563479 0.66636312195489555 -0.27192381051438957 0.42640885000841972 1.0312962784183353 0.035088470654211626 -0.37261493042805588 0.85266878451549377 0.31374040859143548 -0.18194717811026767 0.54647789189463314 -0.050200882958698678 0.12262012307669572 1.2180457916724658 0.77716593874124862 -0.41261295936585668 0.6530726307945679 1.183869989268167 0.39512201083740905 0.51837231561919361 0.29188031288162641 0.97744763887336206 -0.22367016497538114 -0.32858265858815638 0.0056005638335457379 -0.073101049159231532 0.095194896642242288 0.1919781817263356 1.4168242297586835
leaf_weight=3619 3961 5429 1732 8946 2801 1056 4927 4806 1426 2404 8136 2514 6111 3596 443 1297 5711 1008 419 1808 1124 1569 576 3570 6836 2430 2161 1962 1446 176
leaf_count=3619 3961 5429 1732 8946 2801 1056 4927 4806 1426 2404 8136 2514 6111 3596 443 1297 5711 1008 419 1808 1124 1569 576 3570 6836 2430 2161 1962 1446 176
internal_value=7.06884e-06 -0.18522 0.530883 -0.308005 0.383499 0.886432 -0.00309425 -0.386652 0.783403 0.285628 -0.228138 0.511526 -0.0722259 0.090373 1.13392 0.713833 -0.43642 0.577004 1.07472 0.348683 0.452758 0.237596 0.888618 -0.258162 -0.346763 -0.0343246 -0.114875 0.0522085 0.142515 1.27479
internal_weight=94000 69686 24314 41624 17189 7125 28062 20972 5031 9742 20652 7447 16131 11931 2094 3029 9330 3522 1475 4212 3925 5530 2002 12516 11642 8541 7590 6889 5042 619
internal_count=94000 69686 24314 41624 17189 7125 28062 20972 5031 9742 20652 7447 16131 11931 2094 3029 9330 3522 1475 4212 3925 5530 2002 12516 11642 8541 7590 6889 5042 619
is_linear=0
shrinkage=0.03


Tree=23
num_leaves=31
num_cat=0
split_feature=6 6 10 10 10 10 10 6 10 10 10 10 10 10 10 12 12 12 12 12 12 6 12 12 12 12 12 10 12 6
split_gain=9.66448e+06 1.63204e+06 1.31359e+06 290869 221889 195755 179150 41230.9 39643 30605.3 29808.8 27474 25864.8 24677.1 22347 9680.89 9386.05 8517.51 8355.28 7306.97 7260.3 6129.54 5828.9 5603.43 5540.52 5524.71 5516.06 5265.07 4957.08 4744.76
threshold=48.500000000000007 77.071428571428584 27.589285714285719 98.267857142857153 62.089285714285715 36.660714285714299 18.267857142857146 111.35714285714288 86.625000000000014 42.482142857142868 54.517857142857146 68.446428571428584 22.482142857142861 12.482142857142859 32.339285714285715 4.5000000000000009 3.5000000000000004 4.5000000000000009 4.5000000000000009 4.5000000000000009 4.5000000000000009 104.78571428571429 4.5000000000000009 4.5000000000000009 4.5000000000000009 3.5000000000000004 4.5000000000000009 15.732142857142859 4.5000000000000009 119.64285714285715
decision_type=2 2 2 2 2 2 2 2 2 2 2 2 2 2 2 2 2 2 2 2 2 2 2 2 2 2 2 2 2 2
left_child=2 4 6 8 10 14 13 21 17 25 24 19 -8 -1 23 29 -10 -3 -13 -6 -12 -5 -14 -4 -2 -7 -11 -15 -16 -9
right_child=1 3 5 7 11 9 12 15 16 26 20 18 22 27 28 -17 -18 -19 -20 -21 -22 -23 -24 -25 -26 -27 -28 -29 -30 -31
leaf_value=-0.4469060141607909 0.14375292661220221 0.58070178752783985 -0.17248237551505441 0.90069157104282271 0.3456602068708271 -0.036901856733889953 -0.29888491050441629 1.0537655102082282 0.71482036826039352 0.054521398174594622 0.24331802657457452 0.45516803473481826 -0.24285553634547316 -0.38673227069366811 -0.1011577625761286 1.3020963671891657 0.83112770418274162 0.68395154368228428 0.55181558923737828 0.43543581907007944 0.31998252789449438 1.0114536982532374 -0.19508693512593112 -0.11958443198350321 0.2136197927772612 0.014205455970837329 0.11314809679894915 -0.34476601595495759 -0.044289620666286299 1.1982766479581668
leaf_weight=5279 3566 2530 6317 1172 2869 4435 8350 512 1452 5065 3905 2852 8073 6002 4847 348 1110 1012 1127 1144 1557 750 3220 2524 1433 3335 2021 4906 1929 358
leaf_count=5279 3566 2530 6317 1172 2869 4435 8350 512 1452 5065 3905 2852 8073 6002 4847 348 1110 1012 1127 1144 1557 750 3220 2524 1433 3335 2021 4906 1929 358
internal_value=7.16747e-06 0.470655 -0.196599 0.796021 0.30766 -0.0518045 -0.319744 1.03067 0.675299 0.0261547 0.216728 0.426679 -0.258845 -0.393642 -0.125965 1.16739 0.765243 0.610221 0.482556 0.371264 0.265178 0.943965 -0.229237 -0.157383 0.163785 -0.0149655 0.0712441 -0.367861 -0.0849698 1.11337
internal_weight=94000 27697 66303 9244 18453 30473 35830 3140 6104 14856 10461 7992 19643 16187 15617 1218 2562 3542 3979 4013 5462 1922 11293 8841 4999 7770 7086 10908 6776 870
internal_count=94000 27697 66303 9244 18453 30473 35830 3140 6104 14856 10461 7992 19643 16187 15617 1218 2562 3542 3979 4013 5462 1922 11293 8841 4999 7770 7086 10908 6776 870
is_linear=0
shrinkage=0.03


Tree=24
num_leaves=31
num_cat=0
split_feature=8 8 8 8 8 8 10 10 10 10 8 8 10 8 10 8 12 12 12 12 12 12 12 12 12 8 12 12 12 12
split_gain=9.09518e+06 1.54286e+06 1.23206e+06 286045 199150 190459 161285 61495.8 29955 28220 23832.2 22469.2 22189.8 21164.5 20553.7 10848.6 8046.3 7986.8 7953.2 7282.42 7186.46 6073.21 5435.48 5383.31 5352.49 5335 5320.36 5306.02 4991.34 4884.79
threshold=48.535714285714292 76.607142857142875 27.321428571428573 93.821428571428598 60.678571428571438 36.607142857142868 18.017857142857146 108.94642857142858 68.446428571428584 42.482142857142868 22.250000000000004 31.750000000000004 11.982142857142859 53.892857142857146 84.767857142857153 120.03571428571429 4.5000000000000009 3.5000000000000004 3.5000000000000004 4.5000000000000009 3.5000000000000004 3.5000000000000004 3.5000000000000004 4.5000000000000009 4.5000000000000009 15.535714285714286 3.5000000000000004 3.5000000000000004 4.5000000000000009 4.5000000000000009
decision_type=2 2 2 2 2 2 2 2 2 2 2 2 2 2 2 2 2 2 2 2 2 2 2 2 2 2 2 2 2 2
left_child=2 4 6 14 13 11 12 16 17 26 -8 23 -1 28 19 -9 -5 -6 -16 -3 -10 -15 -17 -4 -12 -14 -7 -11 -2 -13
right_child=1 3 5 7 8 9 10 15 20 27 24 29 25 21 18 22 -18 -19 -20 -21 -22 -23 -24 -25 -26 -27 -28 -29 -30 -31
leaf_value=-0.44027466361445078 0.13634811031544955 0.54599352286873692 -0.17111952959086843 0.83062995818884533 0.31716041034243458 -0.036018644593865959 -0.2924806422564607 1.0506255875945194 0.42672922118858758 0.045710608568537252 -0.23866790179754019 -0.10073185382052932 -0.37856361496401908 0.21574347603074515 0.64439123218200212 1.1349617595797099 0.95145633023766996 0.39437679909180567 0.75702209066570003 0.64738387598255465 0.51094384958414474 0.28376875762547904 1.3372518074930075 -0.11923569397915178 -0.19239186264261315 -0.33676558447228488 0.014042610403368353 0.098373519863032763 0.20417635385558019 -0.046351241308602284
leaf_weight=4446 3407 2253 6325 1768 2806 4450 8427 1050 2118 4002 7924 5203 6625 2763 1327 291 700 2121 994 896 1612 2068 214 2518 3147 4722 3348 3023 1370 2082
leaf_count=4446 3407 2253 6325 1768 2806 4450 8427 1050 2118 4002 7924 5203 6625 2763 1327 291 700 2121 994 896 1612 2068 214 2518 3147 4722 3348 3023 1370 2082
internal_value=7.23966e-06 0.455871 -0.191018 0.76611 0.294624 -0.0528629 -0.312182 0.958146 0.398985 0.024763 -0.254459 -0.124207 -0.383444 0.20059 0.624858 1.10601 0.864938 0.350409 0.692659 0.574863 0.463138 0.244869 1.22094 -0.156348 -0.225516 -0.361173 -0.014525 0.068374 0.155805 -0.0851915
internal_weight=94000 27758 66242 9493 18265 30951 35291 4023 8657 14823 19498 16128 15793 9608 5470 1555 2468 4927 2321 3149 3730 4831 505 8843 11071 11347 7798 7025 4777 7285
internal_count=94000 27758 66242 9493 18265 30951 35291 4023 8657 14823 19498 16128 15793 9608 5470 1555 2468 4927 2321 3149 3730 4831 505 8843 11071 11347 7798 7025 4777 7285
is_linear=0
shrinkage=0.03


Tree=25
num_leaves=31
num_cat=0
split_feature=6 8 10 8 8 8 8 8 6 10 8 6 8 8 6 16 16 10 16 16 8 16 16 16 16 16 16 16 16 16
split_gain=8.55896e+06 1.4319e+06 1.19164e+06 243759 209497 164279 163636 38272.3 32188.3 29177.3 27532.3 27396 24839.4 20248 16227.8 8749.46 8487.03 7120.32 6994.37 6783.73 6099.29 6049.89 5617.66 5481.82 5410.91 5137.22 5069.88 4778.93 4720.57 4365.07
threshold=52.214285714285722 30.464285714285719 83.089285714285737 20.464285714285719 66.464285714285737 40.678571428571438 103.96428571428574 14.250000000000002 92.785714285714292 74.017857142857153 58.892857142857146 25.928571428571434 46.464285714285722 35.107142857142868 119.64285714285715 1.0000000180025095e-35 1.0000000180025095e-35 17.196428571428573 1.0000000180025095e-35 1.0000000180025095e-35 10.250000000000002 1.0000000180025095e-35 1.0000000180025095e-35 1.0000000180025095e-35 1.0000000180025095e-35 1.0000000180025095e-35 1.0000000180025095e-35 1.0000000180025095e-35 1.0000000180025095e-35 1.0000000180025095e-35
decision_type=2 2 2 2 2 2 2 2 2 2 2 2 2 2 2 2 2 2 2 2 2 2 2 2 2 2 2 2 2 2
left_child=1 3 4 7 10 13 8 20 15 21 25 24 23 -3 18 -4 -11 -9 -8 -12 -1 -6 -10 -7 -5 -2 -15 -13 -14 -16
right_child=2 5 6 11 9 12 14 17 22 16 19 27 28 26 29 -17 -18 -19 -20 -21 -22 -23 -24 -25 -26 -27 -28 -29 -30 -31
leaf_value=-0.44501718322902434 0.18991985519322985 -0.10704685382292164 0.62057134786553803 -0.25157221689923465 0.38337645710686419 0.026975353316960781 0.94873736815932719 -0.34632335879923837 0.77797156774443454 0.49663641720060692 0.28721024349209368 -0.18302667922744986 0.11074578347900327 -0.052492970892524443 1.1273261216245394 0.73746168354064134 0.59443491670603255 -0.30168677189646986 1.0895327137979074 0.36681040043164981 -0.3878466311359442 0.46754882699872485 0.88859422554634926 0.083189800009752846 -0.20632039939894345 0.2573197572983989 -0.00044053323016131856 -0.13490185233676233 0.1756375494833087 1.3260057943069383
leaf_weight=2445 3595 6984 2045 8362 2678 5470 1141 5863 1456 2809 3394 6513 3547 5912 358 809 1122 7155 450 1349 5423 1083 588 2185 3330 1422 2355 2601 1411 145
leaf_count=2445 3595 6984 2045 8362 2678 5470 1141 5863 1456 2809 3394 6513 3547 5912 358 809 1122 7155 450 1349 5423 1083 588 2185 3330 1422 2355 2601 1411 145
internal_value=7.29183e-06 -0.169695 0.482897 -0.280972 0.350311 -0.00319396 0.813821 -0.353373 0.718892 0.467395 0.258031 -0.20829 0.0769052 -0.0694385 1.03582 0.653731 0.524566 -0.321793 0.988628 0.309858 -0.405618 0.407627 0.809838 0.0430222 -0.238686 0.209029 -0.0376655 -0.169295 0.129217 1.18486
internal_weight=94000 69556 24444 41692 17452 27864 6992 20886 4898 7692 9760 20806 12613 15251 2094 2854 3931 13018 1591 4743 7868 3761 2044 7655 11692 5017 8267 9114 4958 503
internal_count=94000 69556 24444 41692 17452 27864 6992 20886 4898 7692 9760 20806 12613 15251 2094 2854 3931 13018 1591 4743 7868 3761 2044 7655 11692 5017 8267 9114 4958 503
is_linear=0
shrinkage=0.03


Tree=26
num_leaves=31
num_cat=0
split_feature=8 8 8 8 8 8 8 8 8 8 6 8 6 8 8 12 6 12 12 12 12 12 12 12 12 12 12 12 12 12
split_gain=8.05398e+06 1.38542e+06 1.08828e+06 229464 179037 163806 158750 37649.1 32254.1 24767.8 24288.2 23711.3 22552.4 22498.7 15334.8 7732.75 7556.64 6732.21 6591.62 6358.61 6281.75 6224.16 5531.68 5426.32 5398.6 5299.72 4912.37 4749 4697.06 4266.68
threshold=52.678571428571438 30.464285714285719 82.321428571428598 20.678571428571434 66.821428571428598 41.250000000000007 103.96428571428574 14.821428571428575 92.107142857142875 59.821428571428577 26.214285714285719 74.821428571428598 35.642857142857146 47.607142857142868 120.03571428571429 3.5000000000000004 10.785714285714286 4.5000000000000009 3.5000000000000004 4.5000000000000009 3.5000000000000004 4.5000000000000009 3.5000000000000004 4.5000000000000009 4.5000000000000009 4.5000000000000009 3.5000000000000004 4.5000000000000009 4.5000000000000009 4.5000000000000009
decision_type=2 2 2 2 2 2 2 2 2 2 2 2 2 2 2 2 2 2 2 2 2 2 2 2 2 2 2 2 2 2
left_child=1 3 4 7 9 12 8 16 15 22 25 21 27 24 19 -4 -1 -13 -11 -8 -10 -6 -2 -9 -7 -5 -16 -3 -14 -12
right_child=2 5 6 10 11 13 14 23 20 18 29 17 28 -15 26 -17 -18 -19 -20 -21 -22 -23 -24 -25 -26 -27 -28 -29 -30 -31
leaf_value=-0.42550361744344412 0.18690533296499517 -0.11366114374010924 0.58342479475875486 -0.24112204389171815 0.38301492542175775 0.035894307913976062 0.9205353917021224 -0.31899511665625313 0.73565893938605609 0.27851785977000498 -0.17545599209294613 0.4884671898711006 -0.042676794235765134 0.13625656042508394 1.0675397595176577 0.6840037270412237 -0.36780122504613272 0.58458739090038303 0.35285556160048642 1.0546727199086148 0.83852140749863979 0.4654641663035356 0.24940652720040887 -0.27429148646726498 0.091118311690512876 -0.19654556736182721 1.2597994455251109 -0.062529158065302917 0.0079749602758102198 -0.12848239240654608
leaf_weight=3035 2975 5758 1612 8464 2872 5625 1137 8542 1259 2503 6132 2316 5703 4405 291 1213 6295 921 1886 452 947 1161 2234 3434 2223 3357 214 2284 2317 2433
leaf_count=3035 2975 5758 1612 8464 2872 5625 1137 8542 1259 2503 6132 2316 5703 4405 291 1213 6295 921 1886 452 947 1161 2234 3434 2223 3357 214 2284 2317 2433
internal_value=7.35309e-06 -0.16256 0.474348 -0.272543 0.34303 -0.000618128 0.785224 -0.341387 0.693833 0.257962 -0.200589 0.455333 -0.0636411 0.0819959 1.00475 0.626635 -0.386576 0.515834 0.31047 0.958757 0.779853 0.406762 0.213715 -0.306179 0.0515382 -0.228465 1.14925 -0.0991405 -0.0280431 -0.162115
internal_weight=94000 70007 23993 41692 16868 28315 7125 21306 5031 9598 20386 7270 16062 12253 2094 2825 9330 3237 4389 1589 2206 4033 5209 11976 7848 11821 505 8042 8020 8565
internal_count=94000 70007 23993 41692 16868 28315 7125 21306 5031 9598 20386 7270 16062 12253 2094 2825 9330 3237 4389 1589 2206 4033 5209 11976 7848 11821 505 8042 8020 8565
is_linear=0
shrinkage=0.03


Tree=27
num_leaves=31
num_cat=0
split_feature=10 6 10 10 10 10 10 10 6 6 10 6 10 6 10 12 12 12 12 12 12 12 12 12 10 12 12 12 12 12
split_gain=7.57888e+06 1.21349e+06 1.10234e+06 187213 176934 168079 160561 32438.8 28663.3 27480.4 25558.7 24687.7 20719.5 18746.5 17782.4 7373.97 7148.61 7054.62 6908.03 6162.39 5177.97 5114.03 4832.6 4824.83 4708.5 4695.04 4575.48 4353.68 4341.87 4302.35
threshold=51.732142857142868 29.357142857142858 81.125000000000014 19.410714285714288 64.410714285714292 101.73214285714288 39.553571428571438 72.410714285714292 89.785714285714292 24.214285714285719 45.196428571428577 13.785714285714286 113.87500000000001 34.214285714285722 57.410714285714299 4.5000000000000009 4.5000000000000009 4.5000000000000009 3.5000000000000004 4.5000000000000009 4.5000000000000009 3.5000000000000004 4.5000000000000009 3.5000000000000004 10.232142857142859 4.5000000000000009 3.5000000000000004 3.5000000000000004 4.5000000000000009 4.5000000000000009
decision_type=2 2 2 2 2 2 2 2 2 2 2 2 2 2 2 2 2 2 2 2 2 2 2 2 2 2 2 2 2 2
left_child=1 3 4 11 14 8 13 16 19 22 23 24 26 -3 27 -9 -6 -14 -10 -4 -16 -12 -5 -8 -1 -11 -7 -2 -15 -13
right_child=2 6 5 9 7 12 10 15 18 25 21 29 17 28 20 -17 -18 -19 -20 -21 -22 -23 -24 -25 -26 -27 -28 -29 -30 -31
leaf_value=-0.41919130323649917 0.15314700546320884 -0.11465657734354737 0.557958047438324 -0.25695699311808545 0.33433311814550926 0.83619458740647967 0.004626402782360841 0.44892222282145822 0.68346785010283784 -0.18915968261619603 0.083064136233907127 -0.32522050636399574 1.0079133518695331 -0.063000065629911103 0.24326653283321709 0.53994364292143349 0.4167019533624729 1.1928086578805353 0.79069245460553705 0.65503574423089439 0.31565669447823186 0.1410088495001951 -0.21281811543273885 0.051295954634518706 -0.36775032288116627 -0.14481418676304575 0.9403824385654298 0.21273800140787213 -0.012800040009125671 -0.28329835118037949
leaf_weight=2402 2558 7897 2064 7831 3324 891 4645 2831 1286 7560 3194 7758 667 5416 3151 1123 1331 264 948 831 1242 2403 3130 3493 4863 3006 684 1944 2173 3090
leaf_count=2402 2558 7897 2064 7831 3324 891 4645 2831 1286 7560 3194 7758 667 5416 3151 1123 1331 264 948 831 1242 2403 3130 3493 4863 3006 684 1944 2173 3090
internal_value=7.39694e-06 -0.162752 0.44584 -0.270879 0.314634 0.746633 -0.0160717 0.411587 0.648214 -0.211073 0.0585984 -0.341955 0.94803 -0.082299 0.220795 0.474788 0.357894 1.06047 0.729003 0.585847 0.26374 0.107945 -0.244355 0.0246587 -0.384764 -0.176545 0.881501 0.178884 -0.0486268 -0.313282
internal_weight=94000 68861 25139 39640 17504 7635 29221 8609 5129 21527 13735 18113 2506 15486 8895 3954 4655 931 2234 2895 4393 5597 10961 8138 7265 10566 1575 4502 7589 10848
internal_count=94000 68861 25139 39640 17504 7635 29221 8609 5129 21527 13735 18113 2506 15486 8895 3954 4655 931 2234 2895 4393 5597 10961 8138 7265 10566 1575 4502 7589 10848
is_linear=0
shrinkage=0.03


Tree=28
num_leaves=31
num_cat=0
split_feature=10 10 10 6 6 10 10 6 6 6 10 6 6 6 10 12 12 12 12 12 12 12 12 12 12 12 12 12 12 10
split_gain=7.13335e+06 1.22459e+06 954649 205141 180203 148794 124356 30808.7 26570.1 24101 22708.4 21003.6 18496.3 18108.6 17571.2 7868.94 7593.24 6627.97 6285.69 5938.97 5497.96 4869.22 4845.48 4776.2 4462.49 4280.37 4228.1 4116.6 3884.19 3859.55
threshold=48.482142857142868 77.910714285714292 27.267857142857146 98.214285714285737 61.785714285714292 36.660714285714299 18.017857142857146 111.35714285714288 88.071428571428584 69.785714285714292 53.982142857142868 42.357142857142868 32.214285714285722 22.071428571428573 12.303571428571431 4.5000000000000009 4.5000000000000009 4.5000000000000009 3.5000000000000004 4.5000000000000009 3.5000000000000004 3.5000000000000004 1.5000000000000002 4.5000000000000009 4.5000000000000009 4.5000000000000009 3.5000000000000004 3.5000000000000004 4.5000000000000009 15.732142857142859
decision_type=2 2 2 2 2 2 2 2 2 2 2 2 2 2 2 2 2 2 2 2 2 2 2 2 2 2 2 2 2 2
left_child=2 4 6 8 10 12 14 21 15 17 27 26 23 -8 -1 -3 -9 -6 -10 -12 -11 22 -5 -4 -13 -15 -7 -2 -14 -16
right_child=1 3 5 7 9 11 13 16 18 20 19 24 28 25 29 -17 -18 -19 -20 -21 -22 -23 -24 -25 -26 -27 -28 -29 -30 -31
leaf_value=-0.38733194962544093 0.11241851875779658 0.51104679222590277 -0.15028688208482796 0.83424730709014361 0.30450421967078362 -0.03125509667778352 -0.26009790400919997 0.95744130604788569 0.62738072799801292 0.39686790220803148 0.20489774092481361 0.044517504327392848 -0.086780260483833888 -0.21294440229806375 -0.33370248978322953 0.60707339877992383 1.1245247720391267 0.38213546522721759 0.73443868901778575 0.27247584530592323 0.47290965412585023 0.86743254534186942 0.70676601689287888 -0.10375946024387557 0.098880242764031068 -0.17154027691627249 0.013048332888865808 0.16794399134833132 -0.03612830044270518 -0.29743575432255071
leaf_weight=4859 2796 2688 7002 539 3494 4521 8157 870 1162 1989 4104 4775 4770 7896 6422 1082 348 1385 871 1640 1513 822 550 2774 1900 3147 3394 2110 1908 4512
leaf_count=4859 2796 2688 7002 539 3494 4521 8157 870 1162 1989 4104 4775 4770 7896 6422 1082 348 1385 871 1640 1513 822 550 2774 1900 3147 3394 2110 1908 4512
internal_value=7.4136e-06 0.401618 -0.170053 0.691405 0.265606 -0.0489502 -0.277488 0.887213 0.58581 0.36967 0.18371 0.0207977 -0.110797 -0.226193 -0.339846 0.538623 1.00527 0.326549 0.673283 0.224197 0.429734 0.811918 0.769936 -0.137086 0.0599932 -0.201147 -0.0122572 0.136303 -0.0723095 -0.31874
internal_weight=94000 27963 66037 8932 19031 31044 34993 3129 5803 8381 10650 14590 16454 19200 15793 3770 1218 4879 2033 5744 3502 1911 1089 9776 6675 11043 7915 4906 6678 10934
internal_count=94000 27963 66037 8932 19031 31044 34993 3129 5803 8381 10650 14590 16454 19200 15793 3770 1218 4879 2033 5744 3502 1911 1089 9776 6675 11043 7915 4906 6678 10934
is_linear=0
shrinkage=0.03


Tree=29
num_leaves=31
num_cat=0
split_feature=8 10 10 8 8 10 8 10 10 8 10 10 8 8 6 10 12 12 12 12 12 12 12 12 12 12 12 12 12 12
split_gain=6.7118e+06 1.17857e+06 889529 190741 146453 143219 128996 33125.1 25226.1 20825.5 20180.8 18960.5 18811.1 18590.3 13355.5 7666.24 6696.3 5916.74 5702.44 5578.08 5222.37 4990.41 4722.38 4655.12 4461.96 4344.31 4105.15 4067.22 3951.56 3883.65
threshold=53.035714285714292 30.517857142857146 83.089285714285737 20.892857142857146 66.821428571428598 41.339285714285715 103.96428571428574 15.267857142857144 94.089285714285737 74.821428571428598 46.660714285714299 25.946428571428573 36.178571428571438 59.821428571428577 119.64285714285715 11.660714285714286 4.5000000000000009 4.5000000000000009 3.5000000000000004 4.5000000000000009 3.5000000000000004 4.5000000000000009 4.5000000000000009 4.5000000000000009 4.5000000000000009 3.5000000000000004 1.5000000000000002 4.5000000000000009 3.5000000000000004 3.5000000000000004
decision_type=2 2 2 2 2 2 2 2 2 2 2 2 2 2 2 2 2 2 2 2 2 2 2 2 2 2 2 2 2 2
left_child=1 3 4 7 13 12 8 15 16 20 28 27 23 25 19 -1 -4 -11 -15 -8 26 -10 -9 -3 -12 -2 -6 -5 -7 -16
right_child=2 5 6 11 9 10 14 22 21 17 24 -13 -14 18 29 -17 -18 -19 -20 -21 -22 -23 -24 -25 -26 -27 -28 -29 -30 -31
leaf_value=-0.38146982969331056 0.1736345809704623 -0.10098019123581514 0.55119556263500646 -0.22135459650247605 0.38187380658569609 0.02252401509744625 0.83963926988525139 -0.28710214749222435 0.6882964668987126 0.447321178799089 0.10180524369394994 -0.150959248139382 -0.02220291440462295 0.25357723009524097 0.97892864255393341 -0.32866707915530091 0.65271956779375806 0.53565168903262439 0.32271798274452407 0.96536421209461176 0.41042167630212523 0.79356718667077841 -0.24396337464151827 -0.052917636780147118 0.16071759945582353 0.23077435383462613 0.30128833463180865 -0.18011075852091313 0.068434021578548596 1.1499099804118704
leaf_weight=4030 2786 6412 2075 7557 1137 3934 1141 8012 1426 2412 4062 9360 7189 2503 285 6446 821 958 1886 450 1749 576 3204 2530 1619 2105 1147 3015 2955 218
leaf_count=4030 2786 6412 2075 7557 1137 3934 1141 8012 1426 2412 4062 9360 7189 2503 285 6446 821 958 1886 450 1749 576 3204 2530 1619 2105 1147 3015 2955 218
internal_value=7.43349e-06 -0.147077 0.436911 -0.249058 0.31786 0.000822306 0.720959 -0.310618 0.636675 0.41738 0.0767385 -0.182061 -0.058335 0.238465 0.918065 -0.348983 0.58 0.472447 0.283295 0.87526 0.371355 0.718624 -0.274782 -0.0873827 0.118597 0.198231 0.341421 -0.209594 0.042218 1.05325
internal_weight=94000 70325 23675 41624 16683 28701 6992 21692 4898 7403 12570 19932 16131 9280 2094 10476 2896 3370 4389 1591 4033 2002 11216 8942 5681 4891 2284 10572 6889 503
internal_count=94000 70325 23675 41624 16683 28701 6992 21692 4898 7403 12570 19932 16131 9280 2094 10476 2896 3370 4389 1591 4033 2002 11216 8942 5681 4891 2284 10572 6889 503
is_linear=0
shrinkage=0.03


Tree=30
num_leaves=31
num_cat=0
split_feature=10 8 8 8 10 8 8 8 8 10 10 10 8 10 8 12 12 12 12 12 12 12 12 12 12 12 12 8 10 12
split_gain=6.31662e+06 1.08632e+06 846171 199977 141613 128996 113246 29328.5 28927.7 22399 19557 17282.6 16766.5 15117 12823.7 7315.28 7064.35 6351.33 5424.58 5311.46 4809.4 4531.38 4336.56 4015.27 3889.12 3837.75 3798.52 3762.07 3633.73 3614.03
threshold=48.482142857142868 76.607142857142875 27.321428571428573 97.964285714285737 61.125000000000007 37.750000000000007 17.892857142857146 87.250000000000014 110.60714285714288 32.946428571428577 68.446428571428584 22.482142857142861 54.392857142857146 11.982142857142859 43.392857142857146 4.5000000000000009 4.5000000000000009 3.5000000000000004 3.5000000000000004 3.5000000000000004 4.5000000000000009 4.5000000000000009 1.0000000180025095e-35 3.5000000000000004 3.5000000000000004 4.5000000000000009 4.5000000000000009 103.96428571428574 118.12500000000001 1.5000000000000002
decision_type=2 2 2 2 2 2 2 2 2 2 2 2 2 2 2 2 2 2 2 2 2 2 2 2 2 2 2 2 2 2
left_child=2 4 6 7 12 9 13 16 27 20 18 26 23 -1 24 28 -3 -9 22 29 -4 -14 -6 -2 -7 -11 -8 -5 -10 -12
right_child=1 3 5 8 10 14 11 17 15 25 19 -13 21 -15 -16 -17 -18 -19 -20 -21 -22 -23 -24 -25 -26 -27 -28 -29 -30 -31
leaf_value=-0.36749165373757331 0.10846893424477877 0.46789704257798781 -0.13913728583504287 0.7209997887755929 0.33289130828419217 -0.016397786787809225 -0.25563639546172762 0.58385706298906637 0.83844468021017737 -0.071950895286697833 0.39484316728521851 -0.18683612905721639 0.19028261207453195 -0.30202368998760759 0.063745322128600013 1.0551118358075053 0.55569152213020712 0.68642544612747047 0.33102508758247179 0.42708080255288688 -0.093257802089995179 0.25515891751323738 0.2438631648394024 0.1612221746332462 0.027815144792701554 -0.025860893343072212 -0.21236600655425911 0.80740278200582816 0.95894726669941699 0.31627350369239093
leaf_weight=4446 3016 2916 7222 1096 654 4161 6396 1265 483 5715 1035 10754 3404 11132 5355 370 1157 965 2016 1612 2877 1357 2010 2283 3143 2273 2563 798 443 1083
leaf_count=4446 3016 2916 7222 1096 654 4161 6396 1265 483 5715 1035 10754 3404 11132 5355 370 1157 965 2016 1612 2877 1357 2010 2283 3143 2273 2563 798 443 1083
internal_value=7.47746e-06 0.377928 -0.160021 0.638747 0.243873 -0.0449689 -0.260256 0.540772 0.832308 -0.0963767 0.334726 -0.212481 0.167917 -0.320711 0.0284819 0.941644 0.49285 0.628272 0.293865 0.385985 -0.126069 0.20878 0.265732 0.1312 0.00262728 -0.0588368 -0.24326 0.757446 0.896194 0.354686
internal_weight=94000 27963 66037 9493 18470 30746 35291 6303 3190 18087 8410 19713 10060 15578 12659 1296 4073 2230 4680 3730 10099 4761 2664 5299 7304 7988 8959 1894 926 2118
internal_count=94000 27963 66037 9493 18470 30746 35291 6303 3190 18087 8410 19713 10060 15578 12659 1296 4073 2230 4680 3730 10099 4761 2664 5299 7304 7988 8959 1894 926 2118
is_linear=0
shrinkage=0.03


Tree=31
num_leaves=31
num_cat=0
split_feature=6 6 8 8 8 6 8 8 10 6 6 6 6 10 8 12 12 12 12 12 12 12 12 12 12 12 12 12 12 12
split_gain=5.94379e+06 1.0072e+06 810088 161029 156611 117881 114361 23637.6 22529.1 21474.1 21243.6 18950.1 17270.7 16310 12193.3 6852.29 6350.37 6075.75 5304.08 4673.63 4418.2 4339.76 4168.59 4128.63 4119.24 3600.54 3445.72 3429.26 3355.74 3327.44
threshold=48.500000000000007 78.785714285714292 27.892857142857146 62.678571428571438 99.250000000000014 18.500000000000004 38.035714285714292 87.250000000000014 111.44642857142858 70.357142857142875 55.500000000000007 33.071428571428577 23.500000000000004 12.910714285714286 43.392857142857146 3.5000000000000004 4.5000000000000009 4.5000000000000009 4.5000000000000009 4.5000000000000009 4.5000000000000009 3.5000000000000004 4.5000000000000009 4.5000000000000009 1.5000000000000002 3.5000000000000004 4.5000000000000009 3.5000000000000004 4.5000000000000009 3.5000000000000004
decision_type=2 2 2 2 2 2 2 2 2 2 2 2 2 2 2 2 2 2 2 2 2 2 2 2 2 2 2 2 2 2
left_child=2 3 5 10 7 13 11 20 28 17 19 23 22 -1 27 24 -10 -5 -11 -2 -3 -12 -7 -4 -9 -13 -15 -8 -6 -16
right_child=1 4 6 9 8 12 14 15 16 18 21 25 -14 26 29 -17 -18 -19 -20 -21 -22 -23 -24 -25 -26 -27 -28 -29 -30 -31
leaf_value=-0.34694230545695015 0.11761043340808847 0.46914143776919448 -0.12992212101222081 0.28323704918466969 0.72076757044554185 -0.23730244290265265 -0.013945293255958453 0.62525402957969178 0.87396398967691125 0.37883169264614791 0.19445914095810485 -0.071571602173796309 -0.16953790926486836 -0.29599937082847788 0.043901379641448572 0.67341791283596142 1.0254705348375395 0.35942319002938256 0.45807342615382413 0.17656305768872246 0.54950042614861572 0.25129745605523274 -0.19582619138639062 -0.085515670999154261 0.52266319851514098 -0.030664429481126642 -0.25797952295169457 0.02868228718639107 0.81608970098268174 0.090553539427334143
leaf_weight=6057 4216 2169 6614 3326 1190 7661 3944 699 891 2667 2827 4511 9264 7551 3214 1089 353 1318 1069 1699 868 2118 3056 2637 724 3394 3010 2983 474 2407
leaf_count=6057 4216 2169 6614 3326 1190 7661 3944 699 891 2667 2827 4511 9264 7551 3214 1089 353 1318 1069 1699 868 2118 3056 2637 724 3394 3010 2983 474 2407
internal_value=7.5132e-06 0.369103 -0.154176 0.249159 0.641973 -0.248646 -0.0377774 0.548493 0.820324 0.347961 0.172917 -0.0881194 -0.199543 -0.307685 0.0310516 0.616616 0.917037 0.304867 0.401518 0.134547 0.492127 0.218809 -0.225478 -0.117265 0.5731 -0.0540092 -0.285166 0.0044113 0.74797 0.0638804
internal_weight=94000 27697 66303 19240 8457 36599 29704 5549 2908 8380 10860 17156 19981 16618 12548 2512 1244 4644 3736 5915 3037 4945 10717 9251 1423 7905 10561 6927 1664 5621
internal_count=94000 27697 66303 19240 8457 36599 29704 5549 2908 8380 10860 17156 19981 16618 12548 2512 1244 4644 3736 5915 3037 4945 10717 9251 1423 7905 10561 6927 1664 5621
is_linear=0
shrinkage=0.03


Tree=32
num_leaves=31
num_cat=0
split_feature=8 8 8 8 8 8 8 8 8 8 8 8 8 8 8 12 12 12 12 12 8 12 12 12 12 12 12 12 12 12
split_gain=5.59381e+06 904392 809932 143988 138602 121176 110902 22486.9 21646.7 21495.6 18630.6 18006.7 17210 14845.9 11713.2 6458.22 5030.18 4813.82 4498.64 4497.81 4377.26 4199.3 4167.52 4031.58 3903.69 3826.09 3811.94 3723.51 3684.54 3656.33
threshold=51.678571428571438 29.392857142857146 82.321428571428598 66.464285714285737 19.821428571428573 39.535714285714292 103.96428571428574 93.821428571428598 14.250000000000002 58.464285714285722 45.392857142857146 74.250000000000014 24.535714285714288 34.250000000000007 120.03571428571429 3.5000000000000004 4.5000000000000009 4.5000000000000009 3.5000000000000004 4.5000000000000009 10.250000000000002 4.5000000000000009 4.5000000000000009 3.5000000000000004 4.5000000000000009 3.5000000000000004 3.5000000000000004 4.5000000000000009 1.5000000000000002 1.5000000000000002
decision_type=2 2 2 2 2 2 2 2 2 2 2 2 2 2 2 2 2 2 2 2 2 2 2 2 2 2 2 2 2 2
left_child=1 4 3 9 8 13 7 15 20 23 26 18 -6 -3 19 28 -13 -11 29 -8 -1 -12 -9 -2 -10 -16 -7 -14 -4 -5
right_child=2 5 6 11 12 10 14 22 24 17 21 16 27 -15 25 -17 -18 -19 -20 -21 -22 -23 -24 -25 -26 -27 -28 -29 -30 -31
leaf_value=-0.36191805141688221 0.13874864035484927 -0.098771018530067797 0.53501253336966348 0.34312698363476307 -0.20511593286397303 0.0061597470565674557 0.7660410905562105 0.63081807921986344 -0.27503539729597321 0.22958796281776964 0.07907419328024648 0.40294117952677755 -0.16138228984075736 -0.040709685589094408 0.89261296674911184 0.57846842853153024 0.48244105867004589 0.2946609283488531 0.36912921233274976 0.87884858974970625 -0.31349072522252391 0.13750342002775309 0.72893577623272465 0.19183084134985601 -0.23634205568285865 1.0620642754342278 0.047748077139686006 -0.12073152502509421 0.44810701058875846 0.26717026950898581
leaf_weight=2445 3023 7857 869 1143 10286 4638 1137 1376 8228 3624 3872 2514 7090 7999 291 1331 1008 1429 1748 452 5423 1551 553 2247 3294 214 3466 2844 902 1146
leaf_count=2445 3023 7857 869 1143 10286 4638 1137 1376 8228 3624 3872 2514 7090 7999 291 1331 1008 1429 1748 452 5423 1551 553 2247 3294 214 3466 2844 902 1146
internal_value=7.51392e-06 -0.139321 0.384406 0.276633 -0.23287 -0.01321 0.654883 0.578496 -0.290178 0.203783 0.0527491 0.376117 -0.177914 -0.069481 0.838369 0.528423 0.425708 0.247997 0.332841 0.798185 -0.328544 0.095788 0.658984 0.161385 -0.263976 0.964622 0.0239474 -0.149746 0.49078 0.305113
internal_weight=94000 68993 25007 17882 39610 29383 7125 5031 19390 10323 13527 7559 20220 15856 2094 3102 3522 5053 4037 1589 7868 5423 1929 5270 11522 505 8104 9934 1771 2289
internal_count=94000 68993 25007 17882 39610 29383 7125 5031 19390 10323 13527 7559 20220 15856 2094 3102 3522 5053 4037 1589 7868 5423 1929 5270 11522 505 8104 9934 1771 2289
is_linear=0
shrinkage=0.03


Tree=33
num_leaves=31
num_cat=0
split_feature=6 10 10 6 10 8 8 10 6 8 10 8 8 6 8 10 12 12 12 12 12 12 12 12 12 12 12 12 12 12
split_gain=5.26472e+06 882344 735608 150278 129268 101755 101088 26943 20100.9 17568.8 17210.4 15394 14669.1 12617 11022 6501.17 5816.88 5330.03 4689.77 4232.13 4192.06 3848.14 3840.05 3745.34 3732.63 3714.09 3600.04 3564.53 3543.49 3386.41
threshold=52.214285714285722 30.517857142857146 83.089285714285737 20.928571428571434 66.625000000000014 40.678571428571438 103.96428571428574 15.482142857142859 92.785714285714292 58.892857142857146 74.017857142857153 45.392857142857146 26.464285714285719 34.785714285714292 120.03571428571429 10.660714285714286 4.5000000000000009 4.5000000000000009 3.5000000000000004 4.5000000000000009 4.5000000000000009 3.5000000000000004 1.0000000180025095e-35 4.5000000000000009 4.5000000000000009 4.5000000000000009 3.5000000000000004 4.5000000000000009 3.5000000000000004 3.5000000000000004
decision_type=2 2 2 2 2 2 2 2 2 2 2 2 2 2 2 2 2 2 2 2 2 2 2 2 2 2 2 2 2 2
left_child=1 3 4 7 9 13 8 15 16 28 21 -7 25 29 19 -1 -4 -12 22 -8 -13 -6 -11 -9 -10 -5 -16 -15 -2 -3
right_child=2 5 6 12 10 11 14 23 24 18 17 20 -14 27 26 -17 -18 -19 -20 -21 -22 -23 -24 -25 -26 -27 -28 -29 -30 -31
leaf_value=-0.34771800586762591 0.14171440185500628 -0.10401397260019561 0.48559883762078321 -0.19307019837372863 0.29387569251679707 0.028949719435718183 0.74306188367128323 -0.25270114970285701 0.6100292447365524 0.28040436563247167 0.38917696842291649 0.079505621545577887 -0.12989361771663946 -0.042771604788782655 0.86584379161767866 -0.2946698942925583 0.5808925770245793 0.46668112107696264 0.27775225292587996 0.8524889691839489 0.13518924929926676 0.35617853481698586 0.19807324264498788 -0.21367387727533524 0.70016796393006087 -0.15560711399349081 1.0302172224836781 -7.586052289732565e-06 0.19266696272022171 -0.060904462892604386
leaf_weight=2805 2859 3821 2045 8345 2073 6627 1137 7806 1456 675 2809 4286 8136 6172 291 8095 809 1122 2082 452 1700 1576 2098 3098 588 3339 214 2451 2158 2875
leaf_count=2805 2859 3821 2045 8345 2073 6627 1137 7806 1456 675 2809 4286 8136 6172 291 8095 809 1122 2082 452 1700 1576 2098 3098 588 3339 214 2451 2158 2875
internal_value=7.54535e-06 -0.133088 0.378734 -0.220617 0.274562 -0.00265309 0.638737 -0.274965 0.564125 0.203013 0.367741 0.0604501 -0.160827 -0.0546098 0.813224 -0.308325 0.512631 0.411311 0.243701 0.774243 0.095322 0.320794 0.218125 -0.241615 0.635994 -0.182366 0.935695 -0.0306169 0.163635 -0.0855061
internal_weight=94000 69556 24444 41624 17452 27932 6992 21804 4898 9872 7580 12613 19820 15319 2094 10900 2854 3931 4855 1589 5986 3649 2773 10904 2044 11684 505 8623 5017 6696
internal_count=94000 69556 24444 41624 17452 27932 6992 21804 4898 9872 7580 12613 19820 15319 2094 10900 2854 3931 4855 1589 5986 3649 2773 10904 2044 11684 505 8623 5017 6696
is_linear=0
shrinkage=0.03


Tree=34
num_leaves=31
num_cat=0
split_feature=8 8 8 6 6 6 8 8 8 8 8 8 8 8 8 16 16 16 16 16 16 16 16 16 16 16 16 16 16 6
split_gain=4.95486e+06 858416 659580 157357 112697 107562 82890.8 24002.1 22263.5 16076.6 14886.8 13659.9 13388.1 12047.8 10641.9 5896.72 5570.13 4759.18 4645.19 3720.6 3715.29 3658.34 3436.15 3400.3 3315.04 3301 3241.85 3240.25 2959.23 2917.04
threshold=48.035714285714292 76.607142857142875 26.892857142857146 98.214285714285737 61.357142857142868 36.214285714285722 17.535714285714288 87.250000000000014 110.60714285714288 41.750000000000007 55.178571428571438 68.035714285714292 21.821428571428573 31.107142857142861 11.964285714285717 1.0000000180025095e-35 1.0000000180025095e-35 1.0000000180025095e-35 1.0000000180025095e-35 1.0000000180025095e-35 1.0000000180025095e-35 1.0000000180025095e-35 1.0000000180025095e-35 1.0000000180025095e-35 1.0000000180025095e-35 1.0000000180025095e-35 1.0000000180025095e-35 1.0000000180025095e-35 1.0000000180025095e-35 119.64285714285715
decision_type=2 2 2 2 2 2 2 2 2 2 2 2 2 2 2 2 2 2 2 2 2 2 2 2 2 2 2 2 2 2
left_child=2 4 6 7 10 13 14 16 26 27 20 21 28 24 -1 29 -3 -9 -13 -11 -2 -6 -12 -15 -4 -14 -5 -7 -8 -10
right_child=1 3 5 8 11 9 12 17 15 19 22 18 25 23 -16 -17 -18 -19 -20 -21 -22 -23 -24 -25 -26 -27 -28 -29 -30 -31
leaf_value=-0.32603542193601548 0.10465925172372768 0.41428404866908136 -0.13273535252786817 0.64716620120078916 0.24355144801437498 -0.028236218924575222 -0.23178217087594374 0.53045489327883266 0.75161319551533357 0.032242312741745174 0.17516938345959482 0.31857265698308007 -0.18116618623168074 -0.081976489175185088 -0.27034718488304438 0.93717832936882406 0.49224399844444822 0.62661598291756304 0.39075273126968729 0.079260712424268992 0.15686931805669849 0.30593926402916133 0.23359267336357545 -0.037840428832621585 -0.091625889531366411 -0.14459583647220381 0.73625326402418412 0.014526382241154481 -0.19292673204166899 0.86234540847984964
leaf_weight=4421 4317 2916 6179 1310 2982 5572 6197 1638 568 5313 3178 2811 7823 5531 10281 370 1157 653 1128 2119 1715 1185 1270 2195 2474 3108 523 2234 2474 358
leaf_count=4421 4317 2916 6179 1310 2982 5572 6197 1638 568 5313 3178 2811 7823 5531 10281 370 1157 653 1128 2119 1715 1185 1270 2195 2474 3108 523 2234 2474 358
internal_value=7.54773e-06 0.333736 -0.142144 0.565833 0.215187 -0.0432986 -0.233247 0.480171 0.740036 0.0140693 0.150215 0.299185 -0.192857 -0.0966701 -0.287095 0.835316 0.436442 0.557891 0.339253 0.0456494 0.119506 0.261301 0.191856 -0.0694382 -0.120983 -0.17077 0.672625 -0.0159976 -0.220699 0.794515
internal_weight=94000 28079 65921 9493 18586 31617 34304 6364 3129 15238 10480 8106 19602 16379 14702 1296 4073 2291 3939 7432 6032 4167 4448 7726 8653 10931 1833 7806 8671 926
internal_count=94000 28079 65921 9493 18586 31617 34304 6364 3129 15238 10480 8106 19602 16379 14702 1296 4073 2291 3939 7432 6032 4167 4448 7726 8653 10931 1833 7806 8671 926
is_linear=0
shrinkage=0.03


Tree=35
num_leaves=31
num_cat=0
split_feature=10 10 6 6 10 10 10 6 10 10 10 6 10 6 10 12 12 12 12 12 12 12 12 12 12 10 12 12 12 12
split_gain=4.66251e+06 731672 696229 113347 112022 106541 97631 18948.5 18812 16068.2 16040.5 14418.6 13535.4 12337.5 12246.7 5273.28 5095.18 4689.55 3991.79 3770.98 3636.8 3559.38 3538.8 3512.07 3433.27 3381.77 3326.61 3287.48 3231.32 3133.54
threshold=51.375000000000007 29.303571428571434 80.500000000000014 19.357142857142858 64.410714285714292 101.73214285714288 39.553571428571438 72.642857142857153 89.839285714285737 23.946428571428573 13.875000000000002 44.642857142857146 113.87500000000001 56.357142857142868 33.482142857142868 4.5000000000000009 3.5000000000000004 4.5000000000000009 3.5000000000000004 3.5000000000000004 1.0000000180025095e-35 4.5000000000000009 4.5000000000000009 3.5000000000000004 4.5000000000000009 9.7321428571428594 1.0000000180025095e-35 1.0000000180025095e-35 4.5000000000000009 3.5000000000000004
decision_type=2 2 2 2 2 2 2 2 2 2 2 2 2 2 2 2 2 2 2 2 2 2 2 2 2 2 2 2 2 2
left_child=1 3 4 10 13 8 14 15 16 -5 25 -8 29 -2 -3 -6 20 -14 26 -13 -4 -16 -9 27 -11 -1 -10 -15 -12 -7
right_child=2 6 5 9 7 12 11 22 18 24 28 19 17 23 21 -17 -18 -19 -20 -21 -22 -23 -24 -25 -26 -27 -28 -29 -30 -31
leaf_value=-0.34147742905705886 0.13338020656967592 -0.095783843612356451 0.50091915915109397 -0.19330751320989678 0.26422553835379786 0.65335325372578945 0.016874997298860463 0.35576240457222619 0.62314037041541137 -0.15132278200831445 -0.25550249877441922 0.05869927673547775 0.79262204718042972 0.23767148019273898 -0.054490562661510325 0.33255846680683315 0.50292058686125418 0.94329787274555277 0.61961438797783663 0.10721222682921494 0.39908797029812954 -0.012677928837643291 0.42267960289777512 0.23205029111448805 -0.11413940479718215 -0.29183021671474541 0.51005005381742718 0.1623756507240279 -0.21956509584946682 0.73950044358025835
leaf_weight=1589 4305 6861 420 9994 3557 891 7504 2513 314 7839 7949 3347 667 693 6417 1427 1295 264 952 2535 1302 2565 999 2121 3130 5629 959 2125 3153 684
leaf_count=1589 4305 6861 420 9994 3557 891 7504 2513 314 7839 7949 3347 667 693 6417 1427 1295 264 952 2535 1302 2565 999 2121 3130 5629 959 2125 3153 684
internal_value=7.53087e-06 -0.128862 0.346411 -0.213429 0.242787 0.583663 -0.0152065 0.321423 0.506722 -0.165789 -0.267942 0.0444419 0.744578 0.170511 -0.0656046 0.283797 0.457866 0.835449 0.572944 0.0796092 0.423954 -0.0425507 0.37481 0.202871 -0.140714 -0.302765 0.537994 0.180901 -0.245299 0.690812
internal_weight=94000 68512 25488 39283 17740 7748 29229 8496 5242 20963 18320 13386 2506 9244 15843 4984 3017 931 2225 5882 1722 8982 3512 4939 10969 7218 1273 2818 11102 1575
internal_count=94000 68512 25488 39283 17740 7748 29229 8496 5242 20963 18320 13386 2506 9244 15843 4984 3017 931 2225 5882 1722 8982 3512 4939 10969 7218 1273 2818 11102 1575
is_linear=0
shrinkage=0.03


Tree=36
num_leaves=31
num_cat=0
split_feature=10 6 10 10 10 6 10 6 10 10 10 6 10 10 10 12 12 12 12 12 12 12 12 12 12 12 12 12 12 12
split_gain=4.38838e+06 755497 588246 134416 103941 91756.5 77927 19895.1 18160.5 14752.4 14321.4 12656.2 12550.2 9861.14 9668.79 5184.25 4916.83 4614.65 4015.42 3795.86 3514.01 3439.67 3420.64 4760.41 3402.46 3262.48 3204.65 3198.95 3115.69 3077.45
threshold=48.482142857142868 77.071428571428584 27.267857142857146 98.267857142857153 62.089285714285715 36.214285714285722 17.660714285714288 111.35714285714288 85.660714285714292 42.232142857142868 54.946428571428577 22.071428571428573 70.517857142857153 11.982142857142859 31.482142857142861 4.5000000000000009 4.5000000000000009 3.5000000000000004 1.5000000000000002 3.5000000000000004 4.5000000000000009 3.5000000000000004 3.5000000000000004 1.5000000000000002 1.0000000180025095e-35 4.5000000000000009 3.5000000000000004 3.5000000000000004 4.5000000000000009 1.0000000180025095e-35
decision_type=2 2 2 2 2 2 2 2 2 2 2 2 2 2 2 2 2 2 2 2 2 2 2 2 2 2 2 2 2 2
left_child=2 4 6 8 10 14 13 22 19 26 27 -8 17 -1 -4 -10 -9 18 -6 24 -12 -14 23 -5 -3 -11 -7 29 -13 -2
right_child=1 3 5 7 12 9 11 16 15 25 20 28 21 -15 -16 -17 -18 -19 -20 -21 -22 -23 -24 -25 -26 -27 -28 -29 -30 -31
leaf_value=-0.30698409201309979 0.14285014502505611 0.44779028976846524 -0.1108492931243385 0.66548849302114799 0.26921062222904846 -0.03003636647459083 -0.20545391748838662 0.75291171387260969 0.48413513544250286 0.032486795568755104 0.16494140769979998 -0.16756252878114361 0.30790215325438708 -0.25366575782439205 -0.063552454233479355 0.57361894450471396 0.88733283982883737 0.29145200978813401 0.19789572877300216 0.44325845243052692 0.22001340113935369 0.3728962652128765 0.68263676718988742 0.53989498933509783 0.35344135693907841 0.077355928862463105 0.0078683742470097972 0.13723379300185531 -0.13224018925966227 0.074479082697950047
leaf_weight=4446 788 463 8553 535 1405 4657 8987 870 2063 5131 3672 7896 1717 10517 7137 819 348 2139 1443 1393 1459 1288 825 562 1366 2038 3528 2416 3147 2392
leaf_count=4446 788 463 8553 535 1405 4657 8987 870 2063 5131 3672 7896 1717 10517 7137 819 348 2139 1443 1393 1459 1288 825 562 1366 2038 3528 2416 3147 2392
internal_value=7.53423e-06 0.315008 -0.133378 0.536907 0.205425 -0.0383149 -0.217712 0.696418 0.454841 0.0138226 0.144403 -0.179016 0.287326 -0.269511 -0.0893358 0.509584 0.79139 0.258126 0.233087 0.405859 0.180606 0.335772 0.636193 0.601204 0.37735 0.0452435 -0.0136979 0.111206 -0.157498 0.0914262
internal_weight=94000 27963 66037 9244 18719 31044 34993 3140 6104 15354 10727 20030 7992 14963 15690 2882 1218 4987 2848 3222 5131 3005 1922 1097 1829 7169 8185 5596 11043 3180
internal_count=94000 27963 66037 9244 18719 31044 34993 3140 6104 15354 10727 20030 7992 14963 15690 2882 1218 4987 2848 3222 5131 3005 1922 1097 1829 7169 8185 5596 11043 3180
is_linear=0
shrinkage=0.03


Tree=37
num_leaves=31
num_cat=0
split_feature=8 8 10 8 10 8 6 8 6 6 8 10 8 10 6 10 12 12 12 12 12 12 12 12 12 12 12 12 12 12
split_gain=4.13032e+06 725469 549269 125871 90175.1 81267.9 80054.9 21450.8 15200.1 13526.9 13389.1 11359.3 10785.4 10689.9 9531.24 5284.59 4700.52 3744.62 3734.08 3609.36 4046.37 3547.09 3400.98 3228.22 3225.42 3127.01 3103.27 3047.44 2992.76 2957.89
threshold=53.035714285714292 30.892857142857146 83.089285714285737 20.892857142857146 66.625000000000014 41.750000000000007 103.50000000000001 15.535714285714286 92.785714285714292 26.214285714285719 74.821428571428598 36.089285714285715 47.607142857142868 59.767857142857146 119.64285714285715 10.660714285714286 4.5000000000000009 4.5000000000000009 3.5000000000000004 3.5000000000000004 1.5000000000000002 3.5000000000000004 1.0000000180025095e-35 4.5000000000000009 4.5000000000000009 4.5000000000000009 4.5000000000000009 4.5000000000000009 3.5000000000000004 1.0000000180025095e-35
decision_type=2 2 2 2 2 2 2 2 2 2 2 2 2 2 2 2 2 2 2 2 2 2 2 2 2 2 2 2 2 2
left_child=1 3 4 7 13 11 8 15 16 25 21 23 27 -2 19 -1 -4 -12 29 20 -8 22 -6 -3 -9 -5 -11 -7 -13 -15
right_child=2 5 6 9 10 12 14 24 -10 26 17 28 -14 18 -16 -17 -18 -19 -20 -21 -22 -23 -24 -25 -26 -27 -28 -29 -30 -31
leaf_value=-0.30869862511070362 0.15443777910510845 -0.078341655429139734 0.42956273105403159 -0.17242682972166692 0.32797151958510723 0.027661464672593034 0.70748304296578235 -0.22386064365189767 0.56201852806655639 -0.12485786902879593 0.35022034989771778 -0.031409111238791664 0.098511758025954077 0.2530866489184953 0.83293199299770793 -0.26099901755744093 0.51522152289134904 0.42049094385320201 0.2517617565940326 0.73481372967179071 0.58223263219847521 0.32142183544891162 0.24505793474659623 -0.035524107025193499 -0.18722662895097716 -0.13763275475626444 -0.086696851059895857 0.071210165047505158 0.0052955694527784432 0.17691881328448969
leaf_weight=2805 4754 5600 2045 8182 595 5093 466 7587 1988 6710 2412 4641 4723 608 503 8266 809 958 1857 707 474 1827 1788 2211 3034 3253 2688 2020 3512 1884
leaf_count=2805 4754 5600 2045 8182 595 5093 466 7587 1988 6710 2412 4641 4723 608 503 8266 809 958 1857 707 474 1827 1788 2211 3034 3253 2688 2020 3512 1884
internal_value=7.54016e-06 -0.115375 0.342742 -0.193282 0.249192 0.00379756 0.565947 -0.243863 0.49828 -0.140613 0.325627 -0.0403684 0.0633673 0.185542 0.71831 -0.273087 0.453862 0.370209 0.219537 0.683254 0.644397 0.289931 0.265774 -0.0662226 -0.213398 -0.16253 -0.113944 0.04003 -0.0155979 0.195513
internal_weight=94000 70325 23675 42525 16683 27800 6992 21692 4842 20833 7580 15964 11836 9103 2150 11071 2854 3370 4349 1647 940 4210 2383 7811 10621 11435 9398 7113 8153 2492
internal_count=94000 70325 23675 42525 16683 27800 6992 21692 4842 20833 7580 15964 11836 9103 2150 11071 2854 3370 4349 1647 940 4210 2383 7811 10621 11435 9398 7113 8153 2492
is_linear=0
shrinkage=0.03


Tree=38
num_leaves=31
num_cat=0
split_feature=8 8 10 8 10 8 10 10 10 8 10 8 8 8 8 10 12 12 12 12 12 12 12 12 12 12 12 12 12 12
split_gain=3.88623e+06 682682 516812 121922 84846.2 75484.9 73434.9 21225.6 14948 12757.2 12700.5 10149 10091.8 9773.8 8593.78 5344.23 4113.32 4024.82 3289.41 3243.5 3155.77 3081.28 3034.66 3017.5 2994.42 2945.57 2918.12 2912.56 2872.82 2871.64
threshold=53.035714285714292 31.107142857142861 83.089285714285737 21.178571428571434 66.625000000000014 103.96428571428574 41.910714285714299 16.053571428571434 94.089285714285737 26.678571428571434 74.017857142857153 47.607142857142868 60.250000000000007 36.178571428571438 120.03571428571429 10.660714285714286 3.5000000000000004 4.5000000000000009 4.5000000000000009 4.5000000000000009 4.5000000000000009 3.5000000000000004 3.5000000000000004 4.5000000000000009 4.5000000000000009 1.0000000180025095e-35 3.5000000000000004 4.5000000000000009 1.5000000000000002 1.5000000000000002
decision_type=2 2 2 2 2 2 2 2 2 2 2 2 2 2 2 2 2 2 2 2 2 2 2 2 2 2 2 2 2 2
left_child=1 3 4 7 12 8 13 15 16 -5 26 -8 19 -3 20 -1 -4 25 -10 -2 -7 -16 29 -9 -11 -12 28 -15 -6 -14
right_child=2 6 5 9 10 14 11 23 18 24 17 -13 22 27 21 -17 -18 -19 -20 -21 -22 -23 -24 -25 -26 -27 -28 -29 -30 -31
leaf_value=-0.29943799566327606 0.13781583687728571 -0.062006459611795482 0.40982216792005571 -0.15504123909567913 0.28783705504580059 0.6384099542120707 0.038835797788750959 -0.21463979678046194 0.52297304610417772 -0.11858359478459078 0.39658965551851544 0.095556467754479193 0.22859295268623342 -0.025942370791816903 0.74337536392998982 -0.25189604538593685 0.48229105473763911 0.4014026599240148 0.60838854218249394 0.19018291291168488 0.7329041614165428 0.89518874330533982 0.24725721913530779 -0.17889325668860573 -0.080438981362149303 0.31887853781910785 0.30634186054522711 0.014271456469252947 0.21709600042223867 0.16013406840322161
leaf_weight=2805 3735 7609 1656 11739 1025 1137 7119 7480 1426 6479 548 4723 1080 5643 291 8881 1240 1122 576 1491 452 214 1666 2977 2596 2261 1576 2274 1048 1131
leaf_count=2805 3735 7609 1656 11739 1025 1137 7119 7480 1426 6479 548 4723 1080 5643 291 8881 1240 1122 576 1491 452 214 1666 2977 2596 2261 1576 2274 1048 1131
internal_value=7.49481e-06 -0.111914 0.332461 -0.186521 0.241716 0.548971 0.00519015 -0.235522 0.484496 -0.134389 0.315859 0.0614588 0.179976 -0.0377271 0.69975 -0.26331 0.440868 0.353287 0.547579 0.15276 0.665336 0.807879 0.216655 -0.204465 -0.107673 0.334054 0.275529 -0.0143913 0.252088 0.193584
internal_weight=94000 70325 23675 42957 16683 6992 27368 22143 4898 20814 7580 11842 9103 15526 2094 11686 2896 3931 2002 5226 1589 505 3877 10457 9075 2809 3649 7917 2073 2211
internal_count=94000 70325 23675 42957 16683 6992 27368 22143 4898 20814 7580 11842 9103 15526 2094 11686 2896 3931 2002 5226 1589 505 3877 10457 9075 2809 3649 7917 2073 2211
is_linear=0
shrinkage=0.03


Tree=39
num_leaves=31
num_cat=0
split_feature=6 6 10 10 6 10 10 6 10 6 6 10 10 6 10 12 12 12 12 12 12 12 12 12 12 12 12 12 12 12
split_gain=3.65652e+06 575943 544372 96944.2 84777.6 80458 77804.7 15286.3 13845.1 12380.2 11900 11273.3 11271.2 11229.8 9662.18 4425.16 3998.08 3859.27 3628.35 3623.8 3515.66 3456.53 3251.89 3150.74 3115.34 2955.34 2880.73 2847.62 2819.63 2743.96
threshold=50.214285714285722 78.785714285714292 28.339285714285719 99.803571428571445 63.500000000000007 39.196428571428577 19.053571428571434 88.928571428571445 111.44642857142858 33.071428571428577 56.357142857142868 12.910714285714286 71.482142857142875 23.642857142857149 44.375000000000007 3.5000000000000004 3.5000000000000004 1.5000000000000002 3.5000000000000004 4.5000000000000009 4.5000000000000009 1.5000000000000002 3.5000000000000004 3.5000000000000004 1.0000000180025095e-35 4.5000000000000009 4.5000000000000009 4.5000000000000009 4.5000000000000009 1.0000000180025095e-35
decision_type=2 2 2 2 2 2 2 2 2 2 2 2 2 2 2 2 2 2 2 2 2 2 2 2 2 2 2 2 2 2
left_child=2 4 6 7 10 9 11 19 -5 25 22 -1 18 27 -7 17 24 -10 21 -3 -14 -6 29 -11 -9 -4 -12 -8 -13 -2
right_child=1 3 5 8 12 14 13 16 15 23 26 28 20 -15 -16 -17 -18 -19 -20 -21 -22 -23 -24 -25 -26 -27 -28 -29 -30 -31
leaf_value=-0.27299739699407743 0.14390477122430051 0.37395343164333555 -0.10140740561948991 0.5882795691108279 0.25769990990314379 0.012316102430067219 -0.1846846587428094 0.54491878414547257 0.74445399144212698 -0.055072984312678389 0.16467840768619171 -0.23171260395135007 0.29867397430458315 -0.12984833430258552 0.064897229831730741 0.78819405409205867 0.54369270143661474 0.60377577008767469 0.27674323497089659 0.44130547529891456 0.36588940371317352 0.18711877645735805 0.14136842544711808 -0.01906085659127198 0.43279767564548266 -0.062212133721497004 0.21584768065851082 -0.14986771214894012 -0.19840345777302495 0.076678966978138974
leaf_weight=6057 725 2493 6069 1579 1223 7425 7446 297 350 5097 3487 8037 2480 9650 5457 532 900 362 1888 1018 981 1281 2210 3830 926 2424 1386 2959 3208 2223
leaf_count=6057 725 2493 6069 1579 1223 7425 7446 297 350 5097 3487 8037 2480 9650 5457 532 900 362 1888 1018 981 1281 2210 3830 926 2424 1386 2959 3208 2223
internal_value=7.49472e-06 0.29988 -0.116739 0.503875 0.203413 -0.0222553 -0.193379 0.431958 0.64738 -0.0642928 0.145617 -0.239992 0.277235 -0.153164 0.0345908 0.722341 0.495546 0.673028 0.245312 0.393495 0.317737 0.221602 0.113851 -0.0396232 0.460071 -0.0902218 0.179237 -0.174785 -0.222212 0.0932171
internal_weight=94000 26341 67659 8457 17884 30302 37357 5634 2823 17420 10031 17302 7853 20055 12882 1244 2123 712 4392 3511 3461 2504 5158 8927 1223 8493 4873 10405 11245 2948
internal_count=94000 26341 67659 8457 17884 30302 37357 5634 2823 17420 10031 17302 7853 20055 12882 1244 2123 712 4392 3511 3461 2504 5158 8927 1223 8493 4873 10405 11245 2948
is_linear=0
shrinkage=0.03


Tree=40
num_leaves=31
num_cat=0
split_feature=8 10 6 10 10 6 8 3 10 8 8 8 8 6 6 12 10 12 12 12 12 12 12 12 12 12 12 12 12 12
split_gain=3.44158e+06 604753 458188 98979.9 81037.9 73509.1 61813.5 16665.9 12695.5 11481.9 11382.5 11316.2 10363.6 7876.97 7853.17 4088.31 3478.86 3259.4 3410.33 3133.7 3056.96 3049.62 3034.36 3514.9 2892.84 2891.28 3300.79 2858.9 2790.86 2761.33
threshold=53.035714285714292 30.517857142857146 83.500000000000014 20.589285714285719 67.517857142857153 40.357142857142868 103.96428571428574 14.500000000000002 45.875000000000007 24.964285714285719 60.250000000000007 93.821428571428598 75.392857142857153 34.785714285714292 119.64285714285715 3.5000000000000004 9.7321428571428594 3.5000000000000004 1.0000000180025095e-35 4.5000000000000009 4.5000000000000009 4.5000000000000009 3.5000000000000004 1.5000000000000002 4.5000000000000009 3.5000000000000004 1.5000000000000002 4.5000000000000009 3.5000000000000004 1.0000000180025095e-35
decision_type=2 2 2 2 2 2 2 2 2 2 2 2 2 2 2 2 2 2 2 2 2 2 2 2 2 2 2 2 2 2
left_child=1 3 4 7 10 13 11 16 28 -5 24 15 22 -3 21 -4 -1 18 -10 -12 -11 -8 23 -6 -2 26 -14 -13 29 -7
right_child=2 5 6 9 12 8 14 -9 17 20 19 27 25 -15 -16 -17 -18 -19 -20 -21 -22 -23 -24 -25 -26 -27 -28 -29 -30 -31
leaf_value=-0.29559245546876384 0.12962183071967232 -0.069418194806259839 0.38896356524073766 -0.1559291829287841 0.28783038534362071 0.05051798440847894 0.59958991419040464 -0.20120648241347081 0.11392560585105843 -0.12098524885794465 0.1929140463396852 0.49382572224533827 0.35984627213615034 -0.025707747711117928 0.76235362059741618 0.46457563735770024 -0.24658155575621302 0.10666285118594521 0.046636172866854793 0.24811752871358944 -0.086149684832228651 0.6925208808103287 0.30332207567119396 0.21151219262191284 0.17907749240334428 0.37609535739046884 0.2814421823402693 0.57505016439539935 0.045339327455745766 -0.0060744516546336206
leaf_weight=1589 3735 6696 1507 9524 1074 1030 1141 12027 901 7954 3259 1376 960 8323 503 1134 7356 2731 2739 1296 3174 450 1635 1104 1491 1476 981 553 3136 3145
leaf_count=1589 3735 6696 1507 9524 1074 1030 1141 12027 901 7954 3259 1376 960 8323 503 1134 7356 2731 2739 1296 3174 450 1635 1104 1491 1476 981 553 3136 3145
internal_value=7.46655e-06 -0.105316 0.312864 -0.178368 0.230257 0.000628288 0.523724 -0.224276 0.0509306 -0.131748 0.173957 0.461851 0.306418 -0.0451959 0.658728 0.421448 -0.255291 0.0818873 0.0632957 0.208626 -0.11105 0.625918 0.272392 0.249159 0.143735 0.344377 0.320238 0.517141 0.023953 0.00788743
internal_weight=94000 70325 23675 41624 17011 28701 6664 20972 13682 20652 9781 4570 7230 15019 2094 2641 8945 6371 3640 4555 11128 1591 3813 2178 5226 3417 1941 1929 7311 4175
internal_count=94000 70325 23675 41624 17011 28701 6664 20972 13682 20652 9781 4570 7230 15019 2094 2641 8945 6371 3640 4555 11128 1591 3813 2178 5226 3417 1941 1929 7311 4175
is_linear=0
shrinkage=0.03


Tree=41
num_leaves=31
num_cat=0
split_feature=10 10 6 6 6 10 6 6 10 6 6 6 6 6 10 12 12 12 12 12 12 12 12 12 12 12 12 12 12 12
split_gain=3.2387e+06 559053 434970 88513.2 87483.4 71696.3 55277.7 15112.2 12298.8 11283.3 11175.2 10877.9 9927.02 8001.65 6114.2 4047.64 3719.79 3707.6 3355.65 3234.16 3092.17 3007.45 3005.82 2890.9 2806.5 3087.02 2794.28 2729.18 4163.99 2649.19
threshold=48.482142857142868 78.696428571428584 26.785714285714288 98.214285714285737 62.642857142857146 37.339285714285715 17.071428571428573 111.35714285714288 55.910714285714299 32.214285714285722 88.928571428571445 70.357142857142875 21.785714285714288 43.214285714285722 11.982142857142859 4.5000000000000009 3.5000000000000004 1.5000000000000002 4.5000000000000009 3.5000000000000004 3.5000000000000004 4.5000000000000009 3.5000000000000004 1.0000000180025095e-35 3.5000000000000004 1.0000000180025095e-35 1.0000000180025095e-35 3.5000000000000004 1.5000000000000002 1.0000000180025095e-35
decision_type=2 2 2 2 2 2 2 2 2 2 2 2 2 2 2 2 2 2 2 2 2 2 2 2 2 2 2 2 2 2
left_child=2 4 6 10 8 9 14 27 21 19 16 18 -8 -7 -1 -9 17 -3 29 -4 26 -2 23 -10 25 -13 -12 28 -5 -6
right_child=1 3 5 7 11 13 12 15 22 -11 20 24 -14 -15 -16 -17 -18 -19 -20 -21 -22 -23 -24 -25 -26 -27 -28 -29 -30 -31
leaf_value=-0.26447622356464989 0.085594736303710783 0.38304402825246814 -0.10800379437530803 0.5744251257900933 0.26337150236814316 -0.0011327871098259646 -0.17970099978380091 0.64689822250338158 0.1955650944720011 -0.045946711948362591 0.51383946286349813 0.33619306587081954 -0.13798707229566573 0.046006349909184147 -0.22160532234723612 0.76877991966734105 0.40347594788192676 0.30263329964869368 0.26591738481173133 -0.074395113015192429 0.50556865809375451 0.13150389001850829 0.18939057260286304 0.12429179680612329 0.32519851825785023 0.25036148949557735 0.3983786086449318 0.58788474187796858 0.45664200116660653 0.19574552303449769
leaf_weight=4446 4484 1022 5987 539 650 7999 9750 870 679 7821 250 502 10855 5448 9203 348 1586 1051 1302 4528 773 1801 2097 2093 1551 1535 794 822 550 2664
leaf_count=4446 4484 1022 5987 539 650 7999 9750 870 679 7821 250 502 10855 5448 9203 348 1586 1051 1302 4528 773 1801 2097 2093 1551 1535 794 822 550 2664
internal_value=7.43605e-06 0.270617 -0.114581 0.471808 0.181182 -0.0346496 -0.188746 0.599106 0.126484 -0.0732357 0.39906 0.255545 -0.157726 0.0179654 -0.235572 0.681784 0.368825 0.342294 0.225073 -0.0935323 0.459922 0.0987526 0.162276 0.141758 0.294739 0.271531 0.426077 0.546375 0.514989 0.209018
internal_weight=94000 27963 66037 8605 19358 31783 34254 3129 11154 18336 5476 8204 20605 13447 13649 1218 3659 2073 4616 10515 1817 6285 4869 2772 3588 2037 1044 1911 1089 3314
internal_count=94000 27963 66037 8605 19358 31783 34254 3129 11154 18336 5476 8204 20605 13447 13649 1218 3659 2073 4616 10515 1817 6285 4869 2772 3588 2037 1044 1911 1089 3314
is_linear=0
shrinkage=0.03


Tree=42
num_leaves=31
num_cat=0
split_feature=8 10 10 8 8 8 8 8 10 10 8 8 10 8 8 8 12 12 12 12 12 12 12 12 12 12 12 12 12 12
split_gain=3.04791e+06 535747 406420 94614 66614.5 59433.3 58756.4 17082.3 11605.5 9790.57 9304.02 8619.9 8483.42 7345.36 7178.6 4075.02 3413.18 3100.15 2880.5 3378.45 2819.86 2793.44 2793.07 2699.43 2668.04 2647.68 2579.06 3269.03 2578.18 2572.9
threshold=53.035714285714292 31.089285714285719 83.089285714285737 21.178571428571434 66.821428571428598 103.96428571428574 42.035714285714292 15.535714285714286 94.089285714285737 26.375000000000004 74.821428571428598 36.178571428571438 59.767857142857146 47.607142857142868 120.03571428571429 10.250000000000002 4.5000000000000009 3.5000000000000004 3.5000000000000004 1.5000000000000002 4.5000000000000009 3.5000000000000004 3.5000000000000004 4.5000000000000009 3.5000000000000004 4.5000000000000009 3.5000000000000004 1.5000000000000002 4.5000000000000009 1.5000000000000002
decision_type=2 2 2 2 2 2 2 2 2 2 2 2 2 2 2 2 2 2 2 2 2 2 2 2 2 2 2 2 2 2
left_child=1 3 4 7 12 8 11 15 16 -5 25 22 -2 -8 26 -1 -4 -14 19 -12 -9 -13 -3 -10 29 -6 27 -7 -11 -16
right_child=2 6 5 9 10 14 13 20 23 28 18 21 17 -15 24 -17 -18 -19 -20 -21 -22 -23 -24 -25 -26 -27 -28 -29 -30 -31
leaf_value=-0.26921254652233234 0.13241406690989413 -0.071054489983778488 0.37021352245832811 -0.13882385014447296 0.23482319880044519 0.612169929489221 0.035859040984367471 -0.19185594115604748 0.46251552495710208 -0.10720673703314398 0.33452519859139651 -0.026805752581151959 0.16833175742333842 0.084666737185198029 0.75238198935857936 -0.22529499677716741 0.4426803281432688 0.21856070285974588 0.35009486509473181 0.25503056386283612 -0.15829319989106055 0.0083144249235465682 -0.034757476088506982 0.53987880044172998 0.80019992133714724 0.28859457124479904 0.63293741754558752 0.49735962609131484 -0.072988812200925332 0.57209073152548429
leaf_weight=2445 4754 4467 2075 10922 2872 454 6730 7915 1426 6923 944 4717 2591 4723 140 8626 821 1935 1438 988 3157 3589 3332 576 214 1161 686 449 2779 151
leaf_count=2445 4754 4467 2075 10922 2872 454 6730 7915 1426 6923 944 4717 2591 4723 140 8626 821 1935 1438 988 3157 3589 3332 576 214 1161 686 449 2779 151
internal_value=7.44747e-06 -0.0991096 0.294427 -0.165578 0.213956 0.486427 0.00404216 -0.208642 0.429216 -0.119341 0.281075 -0.0328983 0.16041 0.0559872 0.620218 -0.234997 0.390773 0.189811 0.317883 0.29389 -0.182288 -0.0116301 -0.0555482 0.484801 0.719027 0.25031 0.58877 0.555147 -0.0974067 0.659068
internal_weight=94000 70325 23675 42767 16683 6992 27558 22143 4898 20624 7403 16105 9280 11453 2094 11071 2896 4526 3370 1932 11072 8306 7799 2002 505 4033 1589 903 9702 291
internal_count=94000 70325 23675 42767 16683 6992 27558 22143 4898 20624 7403 16105 9280 11453 2094 11071 2896 4526 3370 1932 11072 8306 7799 2002 505 4033 1589 903 9702 291
is_linear=0
shrinkage=0.03


Tree=43
num_leaves=31
num_cat=0
split_feature=6 6 8 10 10 8 6 8 10 8 4 8 10 4 8 12 12 12 12 12 12 12 12 12 12 12 12 6 12 12
split_gain=2.86832e+06 481131 402673 75016.5 68263.5 63753 57899.6 11752.7 11134.2 10913.5 10030.5 9878.82 8842.96 7471.98 6743.08 3168.46 3136.85 3120.03 2972.02 2846.1 2768.58 2697.05 2686.91 2987.86 2594.05 2564.6 2557.3 2530.01 2488.31 2457.02
threshold=52.214285714285722 29.642857142857149 82.321428571428598 19.410714285714288 66.625000000000014 39.535714285714292 103.50000000000001 23.892857142857146 89.839285714285737 45.107142857142868 13.500000000000002 58.035714285714292 74.017857142857153 115.50000000000001 34.535714285714292 4.5000000000000009 4.5000000000000009 4.5000000000000009 4.5000000000000009 4.5000000000000009 3.5000000000000004 1.5000000000000002 3.5000000000000004 1.0000000180025095e-35 1.0000000180025095e-35 3.5000000000000004 4.5000000000000009 119.64285714285715 1.0000000180025095e-35 3.5000000000000004
decision_type=2 2 2 2 2 2 2 2 2 2 2 2 2 2 2 2 2 2 2 2 2 2 2 2 2 2 2 2 2 2
left_child=1 3 4 10 11 14 8 26 20 22 -1 -2 -6 29 25 24 28 -11 -14 -9 21 -4 23 -7 -13 -3 -5 -15 -10 -8
right_child=2 5 6 7 12 9 13 19 16 17 -12 15 18 27 -16 -17 -18 -19 -20 -21 -22 -23 -24 -25 -26 -27 -28 -29 -30 -31
leaf_value=-0.23908351458345312 0.11599534288721923 -0.083268058492511635 0.3819794712583528 -0.16170090374638665 0.23665329035074315 0.04396402233059285 0.51654921734653247 -0.11758411125636764 0.5057419965104577 0.056068534343720965 -0.19321710192507696 0.2116038573438449 0.28525861724860602 0.62052140412440016 -0.028337323221188468 0.2128470794294795 0.50871486803295318 0.10278773351877626 0.34412323537190592 -0.08509317955363474 0.40384569978277746 0.29746544443544737 0.036710308212861843 -0.013012729742382779 0.15023971296820993 -0.048259069590991556 -0.12837050103130601 0.72307194249776607 0.41784589320646998 0.60254901227320934
leaf_weight=6996 4364 4376 663 7283 3649 1100 737 8488 365 4514 11117 771 2713 502 7596 1548 741 1800 1085 3401 1026 705 3323 3353 3189 3308 2901 395 1475 516
leaf_count=6996 4364 4376 663 7283 3649 1100 737 8488 365 4514 11117 771 2713 502 7596 1548 741 1800 1085 3401 1026 705 3323 3353 3189 3308 2901 395 1475 516
internal_value=7.44065e-06 -0.0982328 0.279552 -0.165686 0.201451 -0.00593918 0.469388 -0.128554 0.413148 0.0400889 -0.210934 0.149718 0.270027 0.599499 -0.0483828 0.176433 0.456404 0.0693892 0.302084 -0.108291 0.366495 0.338452 0.0162966 0.00106192 0.162193 -0.0681977 -0.152208 0.665759 0.43531 0.552013
internal_weight=94000 69556 24444 40186 17319 29370 7125 22073 4975 14090 18113 9872 7447 2150 15280 5508 2581 6314 3798 11889 2394 1368 7776 4453 3960 7684 10184 897 1840 1253
internal_count=94000 69556 24444 40186 17319 29370 7125 22073 4975 14090 18113 9872 7447 2150 15280 5508 2581 6314 3798 11889 2394 1368 7776 4453 3960 7684 10184 897 1840 1253
is_linear=0
shrinkage=0.03


Tree=44
num_leaves=31
num_cat=0
split_feature=6 10 10 8 10 3 8 8 8 6 10 10 6 6 10 12 12 12 12 12 12 12 12 12 12 12 12 12 6 12
split_gain=2.69938e+06 459703 369329 74289.8 71053.4 56571 50734.5 11806.3 11199.2 9478.1 9339.58 8256.73 8065.43 7872.14 5766.66 4028.02 3814.19 3462.12 3421.63 3284.5 3226.17 2898.64 2688.27 2481.02 2703.83 2445.51 2409.16 2333.25 2277.64 2253.57
threshold=48.500000000000007 78.696428571428584 28.160714285714288 99.250000000000014 62.803571428571438 18.500000000000004 38.035714285714292 87.250000000000014 110.60714285714288 56.357142857142868 70.517857142857153 23.625000000000004 12.500000000000002 33.071428571428577 43.482142857142868 3.5000000000000004 3.5000000000000004 3.5000000000000004 1.5000000000000002 1.5000000000000002 1.5000000000000002 4.5000000000000009 4.5000000000000009 3.5000000000000004 1.5000000000000002 1.0000000180025095e-35 4.5000000000000009 4.5000000000000009 122.92857142857144 3.5000000000000004
decision_type=2 2 2 2 2 2 2 2 2 2 2 2 2 2 2 2 2 2 2 2 2 2 2 2 2 2 2 2 2 2
left_child=2 4 5 7 9 12 13 23 -5 17 21 -7 -1 26 -8 18 20 19 -10 -2 -9 -6 25 24 -3 -12 -4 -15 -17 -14
right_child=1 3 6 8 10 11 14 16 15 -11 22 -13 29 27 -16 28 -18 -19 -20 -21 -22 -23 -24 -25 -26 -27 -28 -29 -30 -31
leaf_value=-0.23792837740192491 0.10279366177906563 0.34354572348778584 -0.087813299501826564 0.50128748711880966 0.18956704300943089 -0.15104622364859679 0.0029578745719533897 0.43008427395719667 0.64052944542570911 0.15062687015968712 0.31141832179729662 -0.11251802354601223 -0.20467217263794008 -0.047003089013560442 0.043856578763871265 0.64545848379439386 0.45881822276447282 0.11830104893104476 0.51071172401436082 0.046324224571230935 0.33946930368245054 0.24207767602848212 0.30966232780156394 0.35998347122634622 0.27016150819242846 0.23805620551353932 -0.053140636880935101 -0.010856644232252818 0.78701985375528927 -0.17785058824851668
leaf_weight=5327 1826 895 6329 1612 3332 10630 6929 699 359 4277 510 9468 6666 5660 5619 416 1089 2804 381 1884 724 1325 1034 1369 921 2100 2524 2245 140 4906
leaf_count=5327 1826 895 6329 1612 3332 10630 6929 699 359 4277 510 9468 6666 5660 5619 416 1089 2804 381 1884 724 1325 1034 1369 921 2100 2524 2245 140 4906
internal_value=7.40825e-06 0.248743 -0.103898 0.430794 0.166689 -0.166915 -0.0243431 0.367802 0.554183 0.115926 0.232676 -0.132897 -0.207372 -0.0584993 0.0212728 0.619931 0.416459 0.0931403 0.573773 0.0741204 0.38401 0.204513 0.26866 0.329413 0.306347 0.252404 -0.0779291 -0.0367382 0.681244 -0.193303
internal_weight=94000 27697 66303 8605 19092 36997 29306 5697 2908 10791 8301 20098 16899 16758 12548 1296 2512 6514 740 3710 1423 4657 3644 3185 1816 2610 8853 7905 556 11572
internal_count=94000 27697 66303 8605 19092 36997 29306 5697 2908 10791 8301 20098 16899 16758 12548 1296 2512 6514 740 3710 1423 4657 3644 3185 1816 2610 8853 7905 556 11572
is_linear=0
shrinkage=0.03


Tree=45
num_leaves=31
num_cat=0
split_feature=10 8 10 10 10 10 6 10 8 8 8 10 8 10 4 10 12 12 12 12 12 12 12 12 12 12 12 12 12 12
split_gain=2.54045e+06 444739 340847 75899 64888.3 51563 42188.9 11621.3 10546.2 10209.6 7641.44 7106.78 7001.8 6612.36 5692.55 3146.46 2821.84 3216.25 2814.01 2654.09 2628.95 2613.65 2552.26 2430.59 2351.84 2335.14 2333.23 2613.05 2328.02 2298.06
threshold=53.017857142857146 30.678571428571434 84.767857142857153 20.196428571428573 68.446428571428584 41.589285714285715 104.78571428571429 14.946428571428573 60.250000000000007 24.964285714285719 93.821428571428598 36.089285714285715 46.464285714285722 75.982142857142875 115.50000000000001 9.4821428571428594 3.5000000000000004 1.5000000000000002 4.5000000000000009 3.5000000000000004 4.5000000000000009 3.5000000000000004 4.5000000000000009 4.5000000000000009 3.5000000000000004 4.5000000000000009 3.5000000000000004 1.5000000000000002 1.0000000180025095e-35 4.5000000000000009
decision_type=2 2 2 2 2 2 2 2 2 2 2 2 2 2 2 2 2 2 2 2 2 2 2 2 2 2 2 2 2 2
left_child=1 3 4 7 8 11 10 15 20 25 18 19 29 26 24 -1 17 -10 -4 -3 -2 -11 28 -9 -8 -5 27 -6 -15 -7
right_child=2 5 6 9 13 12 14 23 16 21 -12 -13 -14 22 -16 -17 -18 -19 -20 -21 -22 -23 -24 -25 -26 -27 -28 -29 -30 -31
leaf_value=-0.26481696364829888 0.10959077595951054 -0.067886724955172964 0.34636007751121284 -0.14447680928443221 0.25480033655893108 0.015692819244131892 0.48808555780271623 -0.18163989044461504 0.19557486800480681 -0.10680331301601464 0.44678225974633318 -0.01314504698200513 0.072667896074856977 0.34113326801330496 0.62838806437234607 -0.21181691403668698 0.20840554070250333 0.13315376957484298 0.41984139502150225 -0.033450178853093225 0.15640877178408022 -0.078044113119612207 0.33945013989889983 -0.14965879971840848 0.57861183006338968 -0.11284854783727163 0.26968073881976218 0.18388250583369709 0.26913382667983399 0.055203344775693462
leaf_weight=1146 3785 4706 1662 7374 917 4631 635 7510 1463 6619 2055 7775 5656 506 887 8525 2250 1513 659 3523 1512 4992 1029 2998 446 2943 1414 959 2054 1856
leaf_count=1146 3785 4706 1662 7374 917 4631 635 7510 1463 6619 2055 7775 5656 506 887 8525 2250 1513 659 3523 1512 4992 1029 2998 446 2943 1414 959 2054 1856
internal_value=7.38773e-06 -0.0906645 0.268265 -0.152377 0.199637 0.00165622 0.45651 -0.194365 0.152796 -0.113738 0.404605 -0.0337126 0.0482711 0.271287 0.571897 -0.2181 0.183035 0.163846 0.367242 -0.0531447 0.122958 -0.0944397 0.299465 -0.172517 0.525488 -0.135456 0.24054 0.218561 0.283379 0.0269983
internal_weight=94000 70254 23746 42107 17402 28147 6344 20179 10523 21928 4376 16004 12143 6879 1968 9671 5226 2976 2321 8229 5297 11611 3589 10508 1081 10317 3290 1876 2560 6487
internal_count=94000 70254 23746 42107 17402 28147 6344 20179 10523 21928 4376 16004 12143 6879 1968 9671 5226 2976 2321 8229 5297 11611 3589 10508 1081 10317 3290 1876 2560 6487
is_linear=0
shrinkage=0.03


Tree=46
num_leaves=31
num_cat=0
split_feature=10 10 8 6 8 6 6 10 8 6 10 3 4 10 10 12 12 12 12 12 12 12 12 12 6 12 12 12 12 12
split_gain=2.39067e+06 384476 351104 59015.4 55428.8 55110.1 52660.3 10772.3 9136.13 8841.95 8482.2 8097.93 7281.08 6605.08 5911.29 2950.26 2784.81 2703.63 2853.83 2632.06 2624.21 2798.21 2487 2941.32 2387.43 2373.17 2367.84 2274.15 2264.24 2258.41
threshold=51.732142857142868 29.303571428571434 80.678571428571431 19.071428571428573 64.535714285714292 102.35714285714288 38.928571428571438 89.839285714285737 23.892857142857146 72.642857142857153 44.910714285714299 13.500000000000002 115.50000000000001 57.410714285714299 33.482142857142868 4.5000000000000009 3.5000000000000004 3.5000000000000004 1.5000000000000002 1.5000000000000002 3.5000000000000004 1.5000000000000002 3.5000000000000004 1.0000000180025095e-35 119.64285714285715 4.5000000000000009 4.5000000000000009 3.5000000000000004 4.5000000000000009 1.0000000180025095e-35
decision_type=2 2 2 2 2 2 2 2 2 2 2 2 2 2 2 2 2 2 2 2 2 2 2 2 2 2 2 2 2 2
left_child=1 3 4 11 13 7 14 20 25 15 22 -1 -7 -2 -3 -6 19 18 -9 -12 21 -4 23 -8 -14 -5 -16 -10 29 -15
right_child=2 6 5 8 9 12 10 17 27 -11 16 -13 24 28 26 -17 -18 -19 -20 -21 -22 -23 -24 -25 -26 -27 -28 -29 -30 -31
leaf_value=-0.21845808155899948 0.099306066675442894 -0.068405862727539707 0.34280496710592717 -0.14846024794831447 0.19023069887763808 0.49809317323117547 0.039998528005618074 0.4291311780989735 -0.11233622628505427 0.26831153708304856 0.068823871234543657 -0.17699217478376572 0.5639175905640591 0.18673361536889327 -0.041101319561421004 0.24316732685664025 0.083454937197936521 0.45012696976138777 0.34199619623466893 0.016014535446732064 0.36063052893216996 0.26598673198791062 0.031779101065518872 -0.015772199170968008 0.66290769986338738 -0.11703163125644382 -0.0065975844253202826 -0.084757652741547382 0.18312342589981229 0.12491422777163398
leaf_weight=7066 4502 6861 841 7591 3324 1426 1130 680 6259 3537 1671 10611 514 662 6249 1329 2551 1034 682 1728 1277 874 3432 3447 395 3029 2509 4727 1340 2722
leaf_count=7066 4502 6861 841 7591 3324 1426 1130 680 6259 3537 1671 10611 514 662 6249 1329 2551 1034 682 1728 1277 874 3432 3447 395 3029 2509 4727 1340 2722
internal_value=7.30602e-06 -0.091405 0.250404 -0.152916 0.175743 0.418767 -0.00971132 0.365994 -0.119655 0.232548 0.0326311 -0.193569 0.540517 0.125314 -0.0475537 0.205356 0.0597627 0.413426 0.38553 0.0419786 0.327997 0.303676 0.0124737 -0.00200193 0.607005 -0.139498 -0.0312172 -0.100471 0.150097 0.137014
internal_weight=94000 68861 25139 39283 17416 7723 29578 5388 21606 8190 13959 17677 2335 9226 15619 4653 5950 2396 1362 3399 2992 1715 8009 4577 909 10620 8758 10986 4724 3384
internal_count=94000 68861 25139 39283 17416 7723 29578 5388 21606 8190 13959 17677 2335 9226 15619 4653 5950 2396 1362 3399 2992 1715 8009 4577 909 10620 8758 10986 4724 3384
is_linear=0
shrinkage=0.03


Tree=47
num_leaves=31
num_cat=0
split_feature=10 10 6 6 6 6 10 10 6 10 10 10 10 10 10 6 12 12 12 12 12 12 12 12 12 12 12 12 12 12
split_gain=2.24993e+06 388966 303175 74011.6 49741.6 49505.8 39235.3 16557.8 7756.12 6724.09 6691.85 6078.42 6018.47 5268.07 4505.59 3393.13 2810.14 2569.97 2694.66 2552.86 2488.25 2455.03 2489.61 2376.05 2691.42 2354.87 2254.75 2154.05 2584.52 2141.98
threshold=48.482142857142868 76.589285714285737 26.785714285714288 93.928571428571445 36.214285714285722 61.357142857142868 17.196428571428573 108.94642857142858 42.642857142857146 22.089285714285719 53.982142857142868 68.446428571428584 84.767857142857153 31.482142857142861 11.660714285714286 119.64285714285715 4.5000000000000009 3.5000000000000004 1.0000000180025095e-35 4.5000000000000009 1.5000000000000002 3.5000000000000004 1.5000000000000002 3.5000000000000004 1.0000000180025095e-35 4.5000000000000009 4.5000000000000009 3.5000000000000004 1.0000000180025095e-35 3.5000000000000004
decision_type=2 2 2 2 2 2 2 2 2 2 2 2 2 2 2 2 2 2 2 2 2 2 2 2 2 2 2 2 2 2
left_child=2 5 6 12 13 10 14 16 23 26 -2 27 -3 29 -1 -9 20 18 -12 -14 -5 22 -13 24 -6 -10 -8 28 -7 -4
right_child=1 3 4 7 8 11 9 15 25 -11 17 21 19 -15 -16 -17 -18 -19 -20 -21 -22 -23 -24 -25 -26 -27 -28 -29 -30 -31
leaf_value=-0.22334978931870275 0.075991929639571978 0.28417644103643508 -0.092483515105594938 0.45512199255033037 0.016639223766366062 0.21227965146949659 -0.15777370070870236 0.52563455941349424 0.024081467270284852 -0.11440547276275681 0.15501973931734769 0.24130694950299311 0.32735842670703996 -0.045664524300894585 -0.18558796551650997 0.62088883327119171 0.48237503890442013 0.14797054692351821 0.090324974392673701 0.396157372036541 0.38057131325806437 0.25775380638715129 0.17531023079254046 0.0099495053991679513 -0.033526623662173155 0.064786393339976434 -0.12621157075015513 0.20119622135541179 0.14123633145495565 -0.063391594993119429
leaf_weight=4030 4906 3247 5285 669 1280 611 7148 1052 4509 10520 771 1018 1726 7137 9701 503 678 2349 2338 681 1035 1569 1045 3900 3879 1786 2855 1879 1886 4007
leaf_count=4030 4906 3247 5285 669 1280 611 7148 1052 4509 10520 771 1018 1726 7137 9701 503 678 2349 2338 681 1035 1569 1045 3900 3879 1786 2855 1879 1886 4007
internal_value=7.23875e-06 0.225557 -0.0955007 0.380414 -0.0287687 0.144713 -0.157418 0.48029 0.0100532 -0.131154 0.101423 0.200737 0.31086 -0.0650504 -0.196673 0.556487 0.430526 0.124279 0.106374 0.34684 0.409867 0.229437 0.207888 -0.00772077 -0.0210793 0.0356315 -0.148767 0.176912 0.158629 -0.0799393
internal_weight=94000 27963 66037 9591 31783 18372 34254 3937 15354 20523 10364 8008 5654 16429 13731 1555 2382 5458 3109 2407 1704 3632 2063 9059 5159 6295 10003 4376 2497 9292
internal_count=94000 27963 66037 9591 31783 18372 34254 3937 15354 20523 10364 8008 5654 16429 13731 1555 2382 5458 3109 2407 1704 3632 2063 9059 5159 6295 10003 4376 2497 9292
is_linear=0
shrinkage=0.03


Tree=48
num_leaves=31
num_cat=0
split_feature=8 8 8 10 10 6 6 10 8 8 6 6 8 8 10 12 12 12 12 12 12 12 12 12 12 12 12 12 12 12
split_gain=2.11733e+06 368496 283561 65539.7 51186.5 47225.4 35813.2 10344.9 9610.03 7220.39 7007.5 6162.57 5988.33 5190.61 4198.96 3281.12 3065.83 2676.27 2711.96 2545.34 2488.09 2896.21 2445.12 2273.36 2254.54 2205.67 2177.93 2256.74 2175.85 2132.08
threshold=48.035714285714292 77.178571428571431 26.678571428571434 98.267857142857153 62.089285714285715 36.214285714285722 17.071428571428573 111.44642857142858 87.250000000000014 55.178571428571438 42.642857142857146 69.785714285714292 21.821428571428573 31.535714285714288 11.017857142857144 3.5000000000000004 1.5000000000000002 3.5000000000000004 1.5000000000000002 4.5000000000000009 3.5000000000000004 1.5000000000000002 4.5000000000000009 1.0000000180025095e-35 4.5000000000000009 3.5000000000000004 3.5000000000000004 1.0000000180025095e-35 4.5000000000000009 4.5000000000000009
decision_type=2 2 2 2 2 2 2 2 2 2 2 2 2 2 2 2 2 2 2 2 2 2 2 2 2 2 2 2 2 2
left_child=2 4 6 8 9 13 14 -5 22 20 24 19 -8 25 -1 16 -9 18 -10 -6 21 -2 23 -3 -7 -4 27 -13 -16 -12
right_child=1 3 5 7 11 10 12 15 17 -11 29 26 -14 -15 28 -17 -18 -19 -20 -21 -22 -23 -24 -25 -26 -27 -28 -29 -30 -31
leaf_value=-0.2210112517336569 0.08914212703953453 0.32688735329280161 -0.08990088806727449 0.44083389340768692 0.16434607925840483 -0.016959095003707451 -0.145057271589244 0.57347794683038822 0.38086779783192998 0.12714615698255236 0.022808864840113859 0.26850187657975777 -0.11238374717311239 -0.043679135674069086 -0.19040134343579529 0.60895365957000425 0.44831937695769297 0.40215203196347726 0.29372094738539323 0.2128335986878141 0.10012518052711616 0.034138218298788492 0.32521135555366987 0.25791485979729928 0.016162444381351691 -0.061279080264357293 0.25994043768406111 0.19100879891672204 -0.16003362443056221 0.061836014099581393
leaf_weight=3208 1695 539 5625 1896 3439 6469 9724 350 632 4811 4416 450 10509 6915 7464 532 362 987 661 1363 2584 1753 1075 2174 2590 4261 1400 1376 2977 1763
leaf_count=3208 1695 539 5625 1896 3439 6469 9724 350 632 4811 4416 450 10509 6915 7464 532 362 987 661 1363 2584 1753 1075 2174 2590 4261 1400 1376 2977 1763
internal_value=7.16854e-06 0.218166 -0.0929174 0.373748 0.142248 -0.0289322 -0.153422 0.485019 0.316161 0.0997324 0.00931248 0.19967 -0.128087 -0.063619 -0.190975 0.55232 0.50992 0.364851 0.336346 0.178114 0.0778654 0.0611802 0.286845 0.27163 -0.00748913 -0.0775655 0.23175 0.210122 -0.181745 0.0339454
internal_weight=94000 28079 65921 9208 18871 32039 33882 3140 6068 10843 15238 8028 20233 16801 13649 1244 712 2280 1293 4802 6032 3448 3788 2713 9059 9886 3226 1826 10441 6179
internal_count=94000 28079 65921 9208 18871 32039 33882 3140 6068 10843 15238 8028 20233 16801 13649 1244 712 2280 1293 4802 6032 3448 3788 2713 9059 9886 3226 1826 10441 6179
is_linear=0
shrinkage=0.03


Tree=49
num_leaves=31
num_cat=0
split_feature=6 6 6 4 6 8 6 6 4 8 8 6 8 4 6 16 16 8 16 16 16 6 16 16 16 16 16 16 16 3
split_gain=1.99268e+06 334462 280442 52516.9 45812 44498.7 42311.2 8426.23 8024.86 7513.18 7458.83 6290.4 6183.99 5479.41 4632.11 2839.24 2524.05 2522.52 2343.05 2171.8 2075.09 1967.24 1957.82 1918.74 1908.67 1892.2 1807.76 1785.57 1743.03 1493.37
threshold=52.214285714285722 29.642857142857149 81.642857142857153 19.500000000000004 65.928571428571445 39.535714285714292 103.50000000000001 89.785714285714292 14.500000000000002 45.107142857142868 24.964285714285719 72.642857142857153 58.035714285714292 115.50000000000001 34.214285714285722 1.0000000180025095e-35 1.0000000180025095e-35 9.3928571428571441 1.0000000180025095e-35 1.0000000180025095e-35 1.0000000180025095e-35 119.64285714285715 1.0000000180025095e-35 1.0000000180025095e-35 1.0000000180025095e-35 1.0000000180025095e-35 1.0000000180025095e-35 1.0000000180025095e-35 1.0000000180025095e-35 100.50000000000001
decision_type=2 2 2 2 2 2 2 2 2 2 2 2 2 2 2 2 2 2 2 2 2 2 2 2 2 2 2 2 2 2
left_child=1 3 4 8 12 14 7 27 17 20 22 18 28 -8 26 29 -11 -1 -6 -13 -7 -15 -5 -16 -14 -12 -3 -4 -2 -9
right_child=2 5 6 10 11 9 13 15 -10 16 25 19 24 21 23 -17 -18 -19 -20 -21 -22 -23 -24 -25 -26 -27 -28 -29 -30 -31
leaf_value=-0.23707744713304335 0.084405432241526676 -0.066908332155898129 0.28759368907599447 -0.13045566763270133 0.17790637848373836 0.0040528966925060484 0.45973618558799084 0.34402024204488763 -0.15617775598363762 0.045859234188511871 -0.094796297021562004 0.23370984569465089 0.13358342720850372 0.51728079042843522 -0.033861021566637901 0.43003721964542646 0.087879649661137843 -0.18923380983913132 0.23103730117633434 0.28309488581592995 0.038460025398089064 0.60762960390782861 -0.10401547066848701 -0.001263058005625352 0.17419077848383513 -0.065422017471685079 -0.03390730997120333 0.34315813875207712 0.12627191039780855 0.40551608013113943
leaf_weight=1141 3105 5264 1838 7942 2609 5576 1253 1363 10005 4514 6926 2824 3709 502 5647 739 1800 7710 1050 1125 2200 395 3699 2282 1452 2763 2087 733 1259 488
leaf_count=1141 3105 5264 1838 7942 2609 5576 1253 1363 10005 4514 6926 2824 3709 502 5647 739 1800 7710 1050 1125 2200 395 3699 2282 1452 2763 2087 733 1259 488
internal_value=7.11089e-06 -0.0818761 0.233007 -0.138116 0.166627 -0.00492526 0.388563 0.341965 -0.174592 0.0335292 -0.105869 0.221517 0.122781 0.500397 -0.0403851 0.380183 0.0578401 -0.195404 0.19316 0.247786 0.0137882 0.557133 -0.122055 -0.0244797 0.145012 -0.0864207 -0.0575401 0.303449 0.0964871 0.360256
internal_weight=94000 69556 24444 40186 17133 29370 7311 5161 18856 14090 21330 7608 9525 2150 15280 2590 6314 8851 3659 3949 7776 897 11641 7929 5161 9689 7351 2571 4364 1851
internal_count=94000 69556 24444 40186 17133 29370 7311 5161 18856 14090 21330 7608 9525 2150 15280 2590 6314 8851 3659 3949 7776 897 11641 7929 5161 9689 7351 2571 4364 1851
is_linear=0
shrinkage=0.03


Tree=50
num_leaves=31
num_cat=0
split_feature=6 6 10 10 6 10 10 6 10 6 6 6 10 10 10 12 12 12 12 12 12 12 12 12 12 12 12 12 12 12
split_gain=1.8752e+06 308390 268544 50498 47306.7 39833.7 38761.2 9287.5 7343.35 7006.37 6025.6 5732.06 5652.4 4691.2 4595.21 3134.06 2556.31 2302.8 2182.48 2687.71 2170.58 2131.81 2491.4 2102.03 3608.57 2049.23 2044.35 2058.43 2019.6 2061.73
threshold=49.357142857142868 78.785714285714292 28.160714285714288 98.267857142857153 63.500000000000007 17.660714285714288 38.482142857142868 111.35714285714288 23.303571428571434 56.357142857142868 88.928571428571445 33.071428571428577 71.482142857142875 43.482142857142868 11.982142857142859 4.5000000000000009 4.5000000000000009 3.5000000000000004 3.5000000000000004 1.5000000000000002 4.5000000000000009 3.5000000000000004 1.5000000000000002 3.5000000000000004 1.5000000000000002 1.0000000180025095e-35 3.5000000000000004 1.5000000000000002 4.5000000000000009 1.0000000180025095e-35
decision_type=2 2 2 2 2 2 2 2 2 2 2 2 2 2 2 2 2 2 2 2 2 2 2 2 2 2 2 2 2 2
left_child=2 4 5 10 9 14 11 23 17 16 28 -4 18 -8 -1 -9 25 -7 19 -6 -14 22 -13 24 -5 -2 27 -12 29 -3
right_child=1 3 6 7 12 8 13 15 -10 -11 26 21 20 -15 -16 -17 -18 -19 -20 -21 -22 -23 -24 -25 -26 -27 -28 -29 -30 -31
leaf_value=-0.20253026895872056 0.10964224490176699 0.32231822294537582 -0.064765008491982176 0.44388700145223475 0.18931907056223418 -0.14133362690417048 0.0032182539793518344 0.49077236932771612 -0.095068540200432469 0.12810838149305115 0.36516928345495081 -0.021088603987184689 0.21219861929086911 0.039412818452581731 -0.16613301142955406 0.59785497254225684 0.11075404821089507 -0.11444614490572402 0.20025775402406512 0.12709877092029589 0.26500125610800146 -0.012417674225922574 -0.064831370004824432 0.45172610267967889 0.33475141204335551 0.056471265053009166 0.38648913335953416 0.28029636799655061 0.31753367139975863 0.25366779269925349
leaf_weight=4446 810 493 8853 535 1223 6679 6603 870 10322 4873 505 2313 2480 6296 10517 348 1669 5033 1888 1281 981 3542 2376 825 562 3358 770 531 1018 2000
leaf_count=4446 810 493 8853 535 1223 6679 6603 870 10322 4873 505 2313 2480 6296 10517 348 1669 5033 1888 1281 981 3542 2376 825 562 3358 770 531 1018 2000
internal_value=7.02955e-06 0.210972 -0.0850972 0.361128 0.142561 -0.139174 -0.0183699 0.456531 -0.11352 0.10155 0.304779 -0.048009 0.198491 0.0208852 -0.176949 0.521416 0.0793755 -0.129781 0.175883 0.157496 0.227173 -0.0299858 -0.0432554 0.415386 0.388014 0.0668075 0.349346 0.321702 0.281844 0.267257
internal_weight=94000 27020 66980 8457 18563 36997 29983 3140 22034 10710 5317 17084 7853 12899 14963 1218 5837 11712 4392 2504 3461 8231 4689 1922 1097 4168 1806 1036 3511 2493
internal_count=94000 27020 66980 8457 18563 36997 29983 3140 22034 10710 5317 17084 7853 12899 14963 1218 5837 11712 4392 2504 3461 8231 4689 1922 1097 4168 1806 1036 3511 2493
is_linear=0
shrinkage=0.03


Tree=51
num_leaves=31
num_cat=0
split_feature=8 8 8 3 8 8 8 5 8 8 8 8 8 8 8 8 12 12 12 12 12 12 12 12 12 12 12 12 12 12
split_gain=1.76501e+06 310387 236107 56284.8 37492.5 36064.3 33430.2 9265.19 7122.64 6870.82 5060.78 4902.04 4684.19 4574.52 4429.56 2662.61 2531.12 2354.27 2097.14 2116.13 2059.4 2131.19 2017.97 1961.68 1958.49 1951.73 1949.37 1942.96 1897.19 2214.11
threshold=53.035714285714292 31.107142857142861 82.321428571428598 20.500000000000004 66.821428571428598 103.96428571428574 41.750000000000007 15.500000000000002 93.821428571428598 26.678571428571434 75.392857142857153 59.821428571428577 120.03571428571429 47.607142857142868 36.178571428571438 9.3928571428571441 3.5000000000000004 1.0000000180025095e-35 3.5000000000000004 1.5000000000000002 3.5000000000000004 1.5000000000000002 3.5000000000000004 4.5000000000000009 3.5000000000000004 1.0000000180025095e-35 4.5000000000000009 1.0000000180025095e-35 3.5000000000000004 1.5000000000000002
decision_type=2 2 2 2 2 2 2 2 2 2 2 2 2 2 2 2 2 2 2 2 2 2 2 2 2 2 2 2 2 2
left_child=1 3 4 7 11 8 14 15 16 22 -6 -2 26 23 24 -1 17 -4 19 -14 21 -13 -5 27 25 -3 -7 -8 29 -16
right_child=2 6 5 9 10 12 13 -9 -10 -11 -12 20 18 -15 28 -17 -18 -19 -20 -21 -22 -23 -24 -25 -26 -27 -28 -29 -30 -31
leaf_value=-0.22389037427282932 0.1012603765227247 -0.019623379346002775 0.33433223055085992 -0.11665499220648548 0.19217147820476552 0.42656821849533083 0.053748447787791975 -0.14075148109516381 0.37018546731811292 -0.072083571419563702 0.24316035634569402 0.15532634029914308 0.58429127013147264 0.064412583742687934 -0.0011430919456530293 -0.17532845928923133 0.32802084732039205 0.25349736927710648 0.62466794992150243 0.42124797137031328 0.16863091250222353 0.099919026322571172 -0.092656007751857949 0.051341602837496093 -0.024139271723019357 -0.06634039615646932 0.50068824154340275 0.0072074016545389486 0.0071564752115236725 -0.043207312016884977
leaf_weight=1141 4891 1066 430 7240 4314 1137 1006 10470 1929 9074 2956 1227 140 4723 2220 9436 1331 1341 214 151 1886 1276 5596 2020 3254 3289 452 4087 3417 2286
leaf_count=1141 4891 1066 430 7240 4314 1137 1006 10470 1929 9074 2956 1227 140 4723 2220 9436 1331 1341 214 151 1886 1276 5596 2020 3254 3289 452 4087 3417 2286
internal_value=6.98355e-06 -0.075419 0.224054 -0.125725 0.161891 0.368444 0.00354212 -0.160763 0.324884 -0.0920674 0.212907 0.121922 0.473079 0.0415242 -0.0254016 -0.180569 0.296701 0.273144 0.552875 0.499872 0.144943 0.127087 -0.106193 0.0263254 -0.0417498 -0.0549066 0.447684 0.0164019 -0.0097007 -0.0224844
internal_weight=94000 70325 23675 42957 16550 7125 27368 21047 5031 21910 7270 9280 2094 11836 15532 10577 3102 1771 505 291 4389 2503 12836 7113 7609 4355 1589 5093 7923 4506
internal_count=94000 70325 23675 42957 16550 7125 27368 21047 5031 21910 7270 9280 2094 11836 15532 10577 3102 1771 505 291 4389 2503 12836 7113 7609 4355 1589 5093 7923 4506
is_linear=0
shrinkage=0.03


Tree=52
num_leaves=31
num_cat=0
split_feature=3 8 8 8 8 3 8 10 8 10 10 10 5 10 10 12 12 12 12 12 12 12 12 12 12 12 12 12 12 12
split_gain=1.66071e+06 255755 255431 42400.4 38753.2 37805.4 37349.2 6349.32 6188.48 6058.23 5867.81 5664.51 5332.68 5163.21 4921.01 2732.21 2209.98 3391.45 2171.83 2064.85 2401.57 2024.91 2394.44 2001.52 1938.3 1932.74 2654.72 1926.44 1787.77 1787.15
threshold=50.500000000000007 28.535714285714288 80.678571428571431 64.535714285714292 100.75000000000001 18.500000000000004 38.892857142857146 118.12500000000001 72.107142857142875 89.839285714285737 23.625000000000004 57.410714285714299 12.500000000000002 45.196428571428577 33.482142857142868 3.5000000000000004 3.5000000000000004 1.5000000000000002 4.5000000000000009 3.5000000000000004 1.0000000180025095e-35 3.5000000000000004 1.5000000000000002 3.5000000000000004 4.5000000000000009 3.5000000000000004 1.0000000180025095e-35 4.5000000000000009 4.5000000000000009 3.5000000000000004
decision_type=2 2 2 2 2 2 2 2 2 2 2 2 2 2 2 2 2 2 2 2 2 2 2 2 2 2 2 2 2 2
left_child=1 5 3 11 9 12 14 16 18 21 -7 -2 -1 19 27 -15 17 -6 -5 20 -8 22 -4 -14 -11 26 -10 -3 -16 -12
right_child=2 6 4 8 7 10 13 -9 25 24 29 -13 23 15 28 -17 -18 -19 -20 -21 -22 -23 -24 -25 -26 -27 -28 -29 -30 -31
leaf_value=-0.18792379570328033 0.080409888455492254 -0.068109309123933301 0.28809208804580722 0.15569794038074306 0.44169070338516331 -0.11838055042494587 0.03523866699845464 0.52655447179657677 0.26083601534435835 0.32160329541073712 -0.097495713487035854 0.12577499173789683 -0.16225085032371267 0.030110806884346857 -0.035080384628395793 0.075085107291609221 0.45266692397667002 0.33834892149829671 0.20264787806089704 0.027680955277773867 -0.01435911166186132 0.30192822643614114 0.21705801146954531 -0.13701161537662884 0.38591411135414561 0.24595175779013806 0.18401646598596105 -0.035923296419558749 -0.004779236883521892 -0.072376711883355038
leaf_weight=5293 5314 5866 841 3096 564 10630 1158 619 538 1494 5927 4643 6696 2892 6157 2098 874 586 1246 3594 3641 1277 874 4910 594 1656 1650 2343 2450 4479
leaf_count=5293 5314 5866 841 3096 564 10630 1158 619 538 1494 5927 4643 6696 2892 6157 2098 874 586 1246 3594 3641 1277 874 4910 594 1656 1650 2343 2450 4479
internal_value=6.90972e-06 -0.0776869 0.204661 0.143151 0.349156 -0.129546 -0.0125426 0.442336 0.193732 0.300669 -0.102702 0.101565 -0.162961 0.0248553 -0.0423059 0.0490216 0.416554 0.389068 0.169176 0.0104866 -0.00239004 0.273267 0.251908 -0.151575 0.339918 0.221464 0.202918 -0.0589237 -0.0264556 -0.086685
internal_weight=94000 68134 25866 18143 7723 37935 30199 2643 8186 5080 21036 9957 16899 13383 16816 4990 2024 1150 4342 8393 4799 2992 1715 11606 2088 3844 2188 8209 8607 10406
internal_count=94000 68134 25866 18143 7723 37935 30199 2643 8186 5080 21036 9957 16899 13383 16816 4990 2024 1150 4342 8393 4799 2992 1715 11606 2088 3844 2188 8209 8607 10406
is_linear=0
shrinkage=0.03


Tree=53
num_leaves=31
num_cat=0
split_feature=10 10 10 10 10 10 10 3 10 10 10 10 10 16 16 0 0 16 10 16 16 16 16 16 16 16 16 10 16 16
split_gain=1.56336e+06 279448 206031 49518 37960 31372.1 26401.9 8229 6074.38 5393.16 5296.59 4927.95 4626.36 3502.18 3096.17 2309.45 2168.28 2167.4 2145.22 1896.67 1871.38 1860.18 1821.01 1820.45 1795.58 1791.17 1700.86 1666.86 1525.54 1448.14
threshold=53.446428571428577 31.089285714285719 84.767857142857153 20.589285714285719 67.946428571428584 43.017857142857146 106.66071428571429 14.500000000000002 25.517857142857146 37.339285714285715 60.232142857142868 94.089285714285737 75.982142857142875 1.0000000180025095e-35 1.0000000180025095e-35 128.50000000000003 50.500000000000007 1.0000000180025095e-35 9.4821428571428594 1.0000000180025095e-35 1.0000000180025095e-35 1.0000000180025095e-35 1.0000000180025095e-35 1.0000000180025095e-35 1.0000000180025095e-35 1.0000000180025095e-35 1.0000000180025095e-35 123.83928571428574 1.0000000180025095e-35 1.0000000180025095e-35
decision_type=2 2 2 2 2 2 2 2 2 2 2 2 2 2 2 2 2 2 2 2 2 2 2 2 2 2 2 2 2 2
left_child=1 3 4 7 10 9 11 18 23 17 22 25 29 15 16 -8 -7 -3 -1 -12 -10 -14 -2 -5 -9 -4 -13 -15 -11 -6
right_child=2 5 6 8 12 14 13 24 20 28 19 26 21 27 -16 -17 -18 -19 -20 -21 -22 -23 -24 -25 -26 -27 -28 -29 -30 -31
leaf_value=-0.2116537756154741 0.085884596005050953 -0.044928736679450992 0.2706374464671123 -0.11128908919492304 0.17462746200725454 0.023176257321815899 0.4110427856219277 -0.14298859341926923 -0.079423563591697804 -0.01073347544665791 0.12984314833003258 0.3338519417348671 0.22092012635878366 0.49506405661447916 0.069659745221585842 0.52477451318347978 0.057940716183823245 -0.013670324672237059 -0.16765172157672045 0.17073096424913611 -0.052447649595339263 0.26877601582985927 0.12665251655734325 -0.083549211693924569 -0.11781396052027775 0.33027085381909799 0.39206580496285737 0.64136284405700472 0.019491307600757877 0.2168070966041957
leaf_weight=1146 3459 7035 1612 7490 2599 5277 1145 8347 8080 5260 3578 1591 2560 447 3035 189 2327 2788 7799 1432 3246 1029 1381 2979 3680 636 639 85 2104 1025
leaf_count=1146 3459 7035 1612 7490 2599 5277 1145 8347 8080 5260 3578 1591 2560 447 3035 189 2327 2788 7799 1432 3246 1029 1381 2979 3680 636 639 85 2104 1025
internal_value=6.83021e-06 -0.0704429 0.212475 -0.118589 0.158202 0.003555 0.358444 -0.151498 -0.0869222 -0.021507 0.119908 0.318919 0.210493 0.453273 0.044042 0.427197 0.033816 -0.0360574 -0.173292 0.141534 -0.0716931 0.234649 0.0975199 -0.103397 -0.135287 0.287524 0.350551 0.518561 -0.00209727 0.186564
internal_weight=94000 70593 23407 42767 17063 27826 6344 20972 21795 17187 9850 4478 7213 1866 10639 1334 7604 9823 8945 5010 11326 3589 4840 10469 12027 2248 2230 532 7364 3624
internal_count=94000 70593 23407 42767 17063 27826 6344 20972 21795 17187 9850 4478 7213 1866 10639 1334 7604 9823 8945 5010 11326 3589 4840 10469 12027 2248 2230 532 7364 3624
is_linear=0
shrinkage=0.03


Tree=54
num_leaves=31
num_cat=0
split_feature=8 10 8 6 6 8 8 4 8 10 6 8 8 4 12 12 12 12 12 12 12 12 3 12 12 12 12 12 12 12
split_gain=1.47168e+06 256209 197233 43668.9 37658.8 31744.4 26298.7 7535.59 6270.42 5631.99 5343.19 4498.47 4444.48 3102.39 3024.9 3652.83 2357.85 2202.06 2461.16 2146.17 2057.6 2399.53 2041.98 1908.05 1898.58 2136.35 1860.37 2357.29 1780.13 1773.88
threshold=48.035714285714292 77.910714285714292 26.892857142857146 98.214285714285737 61.357142857142868 37.750000000000007 17.107142857142861 115.50000000000001 87.250000000000014 32.625000000000007 69.785714285714292 22.035714285714288 53.892857142857146 11.500000000000002 3.5000000000000004 1.0000000180025095e-35 3.5000000000000004 3.5000000000000004 1.0000000180025095e-35 1.5000000000000002 3.5000000000000004 1.0000000180025095e-35 115.50000000000001 3.5000000000000004 4.5000000000000009 1.0000000180025095e-35 3.5000000000000004 1.0000000180025095e-35 3.5000000000000004 1.0000000180025095e-35
decision_type=2 2 2 2 2 2 2 2 2 2 2 2 2 2 2 2 2 2 2 2 2 2 2 2 2 2 2 2 2 2
left_child=2 4 6 8 12 9 13 16 26 23 24 28 -2 -1 15 -7 19 18 -14 -5 21 -10 -9 29 25 -6 27 -3 -8 -4
right_child=1 3 5 7 10 14 11 22 20 -11 -12 -13 17 -15 -16 -17 -18 -19 -20 -21 -22 -23 -24 -25 -26 -27 -28 -29 -30 -31
leaf_value=-0.18200687421919085 0.061650571216872882 0.27859752607117444 -0.04489015199687052 0.3925159334194358 0.18167232651361873 0.038359238581153268 -0.13110601956399837 0.41895532498285865 0.35179441431554409 -0.029331540758138468 0.19487088679782646 -0.092166749348411126 0.13105772857045603 -0.15045195163860683 0.030608599779802761 -0.011412663491426606 0.41140812628379886 0.12287900746209669 0.06873112978242811 0.31390432294113452 0.33715288124171472 0.25648751940485282 0.51114342170335236 -0.047621121876409434 0.17577712201350426 0.12414512763894056 0.26592387783221216 0.20307898258209103 -0.10568750385414301 -0.082440784504264161
leaf_weight=3950 5098 495 1503 557 723 1761 5778 352 315 8359 3502 10514 757 9708 5397 5385 915 2310 2315 724 990 986 581 4612 1465 2977 1503 1514 4354 4600
leaf_count=3950 5098 495 1503 557 723 1761 5778 352 315 8359 3502 10514 757 9708 5397 5385 915 2310 2315 724 990 986 581 4612 1465 2977 1503 1514 4354 4600
internal_value=6.75827e-06 0.181887 -0.0774649 0.314566 0.119991 -0.0234127 -0.127283 0.404909 0.265846 -0.0477893 0.166256 -0.105917 0.0817278 -0.159579 0.0136564 0.00085265 0.374507 0.100744 0.0840943 0.348116 0.30448 0.279591 0.476415 -0.0621879 0.14685 0.135392 0.240634 0.221701 -0.120184 -0.0731945
internal_weight=94000 28079 65921 8932 19147 31617 34304 3129 5803 19074 8667 20646 10480 13658 12543 7146 2196 5382 3072 1281 2291 1301 933 10715 5165 3700 3512 2009 10132 6103
internal_count=94000 28079 65921 8932 19147 31617 34304 3129 5803 19074 8667 20646 10480 13658 12543 7146 2196 5382 3072 1281 2291 1301 933 10715 5165 3700 3512 2009 10132 6103
is_linear=0
shrinkage=0.03


Tree=55
num_leaves=31
num_cat=0
split_feature=3 3 6 10 10 5 6 6 10 6 6 5 6 10 10 12 12 12 12 12 15 12 12 12 12 12 12 12 12 12
split_gain=1.3848e+06 213279 213055 35073.9 32825.1 31842.8 31061.2 6792.54 5539.68 5145.42 4332.14 4296.51 4227.83 4127.38 4078.13 2631.59 2166.42 2067.76 2232.8 2062.72 1953.6 1802.86 1704.6 1699.03 2119.56 1698.66 1685.98 2414.79 1575.59 1742.45
threshold=50.500000000000007 28.500000000000004 80.500000000000014 64.410714285714292 103.58928571428574 18.500000000000004 38.928571428571438 89.785714285714292 73.375000000000014 23.642857142857149 44.642857142857146 12.500000000000002 56.357142857142868 34.232142857142868 118.12500000000001 3.5000000000000004 4.5000000000000009 4.5000000000000009 1.0000000180025095e-35 3.5000000000000004 24.500000000000004 1.0000000180025095e-35 3.5000000000000004 3.5000000000000004 1.0000000180025095e-35 3.5000000000000004 3.5000000000000004 1.0000000180025095e-35 4.5000000000000009 1.0000000180025095e-35
decision_type=2 2 2 2 2 2 2 2 2 2 2 2 2 2 2 2 2 2 2 2 2 2 2 2 2 2 2 2 2 2
left_child=1 5 3 12 7 11 13 26 17 22 28 -1 -2 -3 20 -12 21 18 -5 -11 -6 -9 -7 24 -14 -13 27 -4 29 -8
right_child=2 6 4 8 14 9 10 16 -10 19 15 25 23 -15 -16 -17 -18 -19 -20 -21 -22 -23 -24 -25 -26 -27 -28 -29 -30 -31
leaf_value=-0.17182565319750043 0.071408445950998267 -0.051653427284267077 0.29232488174489513 0.19029321155188228 0.36971964888969722 -0.11849688869729656 0.034205193400879165 0.35876393626544401 0.20390007342432712 -0.090228880954387913 0.0256642428321451 -0.14904172656387013 0.14120984770192868 -0.021866717652952335 0.48232869661413275 0.067489985981623493 0.35981288983403742 0.18524194214757503 0.13059434377471194 -0.062973592931032316 0.44394333218095461 0.2835211305359932 -0.094852772929247445 0.13173970507127 0.080585490837574617 -0.12541806213532847 0.27503871616346875 0.20924404755210915 0.030218547138528978 -0.008340025215809203
leaf_weight=5293 4792 9339 418 704 1117 6312 1076 359 3511 5954 3227 6475 693 7590 619 2333 725 1424 2851 4311 453 1467 4865 2070 2073 4763 1299 1291 2151 4445
leaf_count=5293 4792 9339 418 704 1117 6312 1076 359 3511 5954 3227 6475 693 7590 619 2333 725 1424 2851 4311 453 1467 4865 2070 2073 4763 1299 1291 2151 4445
internal_value=6.69259e-06 -0.0709401 0.186888 0.130582 0.318551 -0.118244 -0.0113835 0.27979 0.175033 -0.0941213 0.0230521 -0.149532 0.091384 -0.0382991 0.416966 0.0432159 0.315822 0.154673 0.142422 -0.0787835 0.391165 0.298335 -0.108207 0.111175 0.0957801 -0.139031 0.249222 0.229582 0.00843825 -4.728e-05
internal_weight=94000 68134 25866 18118 7748 37973 30161 5559 8490 21442 13232 16531 9628 16929 2189 5560 2551 4979 3555 10265 1570 1826 11177 4836 2766 11238 3008 1709 7672 5521
internal_count=94000 68134 25866 18118 7748 37973 30161 5559 8490 21442 13232 16531 9628 16929 2189 5560 2551 4979 3555 10265 1570 1826 11177 4836 2766 11238 3008 1709 7672 5521
is_linear=0
shrinkage=0.03


Tree=56
num_leaves=31
num_cat=0
split_feature=10 6 3 8 10 10 6 8 8 10 6 6 8 10 12 12 10 12 6 12 12 12 12 12 12 12 12 12 12 12
split_gain=1.3035e+06 225607 176289 40983.6 30788.1 29157.9 22788.4 7084.71 5811.53 4997.44 4371.82 3748.67 3348.11 3134.18 3032.12 2998.81 2871.03 1991.13 1968.81 1945.6 1927.02 1829.31 2284.5 1825.26 2349.97 1759.5 1843.32 1705.92 2558.74 1684.79
threshold=48.482142857142868 77.071428571428584 26.500000000000004 97.964285714285737 60.660714285714299 36.446428571428577 17.071428571428573 108.53571428571429 87.250000000000014 68.446428571428584 43.214285714285722 21.785714285714288 31.107142857142861 53.982142857142868 3.5000000000000004 1.5000000000000002 9.9821428571428594 4.5000000000000009 122.92857142857144 3.5000000000000004 3.5000000000000004 3.5000000000000004 1.0000000180025095e-35 3.5000000000000004 1.5000000000000002 3.5000000000000004 1.0000000180025095e-35 3.5000000000000004 1.5000000000000002 1.5000000000000002
decision_type=2 2 2 2 2 2 2 2 2 2 2 2 2 2 2 2 2 2 2 2 2 2 2 2 2 2 2 2 2 2
left_child=2 4 6 8 13 12 16 -5 -3 21 27 -8 -4 -2 15 -9 -1 -18 -16 -13 29 22 -6 24 -11 26 -14 28 -7 -10
right_child=1 3 5 7 9 10 11 14 20 23 -12 19 25 -15 18 -17 17 -19 -20 -21 -22 -23 -24 -25 -26 -27 -28 -29 -30 -31
leaf_value=-0.18331831986087069 0.057913152061114186 0.22461415021369857 -0.061586341363233932 0.33608269002353147 0.1631069297725545 0.0059089349281369104 -0.11359182946246039 0.44543404394600433 0.29625922761598866 0.1907567812632876 0.029750151975890711 -0.098821522961063335 -0.014059440958018574 0.091983896397939316 0.4473229686196537 0.33511951504949283 -0.15238652144265449 -0.12485903265208374 0.57467535308392714 -0.07277213566950104 0.31759782281735222 0.15279238573964141 0.10085109918254294 0.20035928803766287 0.12963229597010295 -0.018836577287378031 -0.058078817690069763 0.010718405060092575 -0.035201354852006726 0.22682516899661165
leaf_weight=2020 4906 3824 9019 1627 704 2689 9749 438 625 1100 5448 6102 1139 4818 530 455 8317 3312 140 4477 965 2152 2160 1709 1170 3466 3451 4086 2762 640
leaf_count=2020 4906 3824 9019 1627 704 2689 9749 438 625 1100 5448 6102 1139 4818 530 455 8317 3312 140 4477 965 2152 2160 1709 1170 3466 3451 4086 2762 640
internal_value=6.61221e-06 0.171684 -0.0726895 0.292944 0.111801 -0.0222288 -0.120303 0.379972 0.247081 0.151805 0.00831101 -0.100169 -0.0490306 0.0747954 0.425631 0.389274 -0.150287 -0.144548 0.47402 -0.0877986 0.285594 0.13188 0.11616 0.176918 0.159261 -0.034973 -0.0471567 -0.00393594 -0.0149212 0.261154
internal_weight=94000 27963 66037 9244 18719 32060 33977 3190 6054 8995 14985 20328 17075 9724 1563 893 13649 11629 670 10579 2230 5016 2864 3979 2270 8056 4590 9537 5451 1265
internal_count=94000 27963 66037 9244 18719 32060 33977 3190 6054 8995 14985 20328 17075 9724 1563 893 13649 11629 670 10579 2230 5016 2864 3979 2270 8056 4590 9537 5451 1265
is_linear=0
shrinkage=0.03


Tree=57
num_leaves=31
num_cat=0
split_feature=3 8 6 8 6 4 6 6 6 4 6 8 3 6 4 12 12 12 12 12 12 12 12 12 12 12 12 12 12 12
split_gain=1.2266e+06 189169 188742 31104.2 29138 28305.3 27539.9 5473.66 4495.75 4352.86 4310.59 4114.23 3982.42 3784.78 3708.89 2472.68 2019.65 2017.27 2191.41 1993.13 1838.72 2106.36 1575.05 1772.15 1569.19 1533.25 1511.21 1453.57 2056.24 1437.87
threshold=50.500000000000007 28.535714285714288 80.500000000000014 64.535714285714292 102.35714285714288 18.500000000000004 38.928571428571438 89.785714285714292 72.642857142857153 116.50000000000001 23.642857142857149 57.535714285714292 12.500000000000002 44.642857142857146 33.500000000000007 3.5000000000000004 3.5000000000000004 3.5000000000000004 2.5000000000000004 3.5000000000000004 3.5000000000000004 1.5000000000000002 4.5000000000000009 1.0000000180025095e-35 1.5000000000000002 3.5000000000000004 3.5000000000000004 3.5000000000000004 1.0000000180025095e-35 3.5000000000000004
decision_type=2 2 2 2 2 2 2 2 2 2 2 2 2 2 2 2 2 2 2 2 2 2 2 2 2 2 2 2 2 2
left_child=1 5 3 11 7 12 14 22 20 19 25 -2 -1 27 16 -15 -3 18 -9 24 21 -5 23 -4 -6 -7 -14 28 -8 -13
right_child=2 6 4 8 9 10 13 17 -10 -11 -12 29 26 15 -16 -17 -18 -19 -20 -21 -22 -23 -24 -25 -26 -27 -28 -29 -30 -31
leaf_value=-0.16153691584859697 0.069903169026844014 -0.062210488186921736 0.27634746936213828 0.15759646011500611 0.3779841318654189 -0.11126573551459672 0.032821094924746309 0.29352234747696709 0.1919401972845079 0.44376412851084773 -0.074286116037039496 0.093888927077376755 -0.13971425314233321 0.023535405399165231 -0.021746955057044534 0.064078569021878307 -0.03284571366146679 0.3271728400062755 0.20614285904141391 0.39869251157962909 0.16874405746631976 0.10412821661166752 0.2689959908355678 0.20739474759570081 0.295578468541493 -0.088602135522011488 -0.11750538934311226 0.023180844696563979 -0.014892806969334588 0.12828878277686995
leaf_weight=5455 5489 4991 418 1314 349 6169 1076 1028 3512 828 10224 2547 6530 3227 8325 2333 3651 1030 347 632 1993 1342 859 1731 526 4769 4788 3273 3323 1921
leaf_count=5455 5489 4991 418 1314 349 6169 1076 1028 3512 828 10224 2547 6530 3227 8325 2333 3651 1030 347 632 1993 1342 859 1731 526 4769 4788 3273 3323 1921
internal_value=6.53009e-06 -0.066765 0.17589 0.122894 0.299813 -0.111365 -0.0107391 0.26159 0.166313 0.388404 -0.0882935 0.0873057 -0.140474 0.0217018 -0.0360388 0.0405489 -0.0498056 0.295351 0.27149 0.357957 0.146948 0.130587 0.234587 0.22082 0.328489 -0.101386 -0.13032 0.00804235 -0.00322077 0.108682
internal_weight=94000 68134 25866 18118 7748 37935 30199 5413 8161 2335 21162 9957 16773 13232 16967 5560 8642 2405 1375 1507 4649 2656 3008 2149 875 10938 11318 7672 4399 4468
internal_count=94000 68134 25866 18118 7748 37935 30199 5413 8161 2335 21162 9957 16773 13232 16967 5560 8642 2405 1375 1507 4649 2656 3008 2149 875 10938 11318 7672 4399 4468
is_linear=0
shrinkage=0.03


Tree=58
num_leaves=31
num_cat=0
split_feature=10 8 6 6 4 10 8 8 8 6 10 4 8 6 16 0 16 16 6 16 16 16 10 15 16 16 16 16 16 16
split_gain=1.15467e+06 182078 173774 34889.3 27422.6 26268.5 21598.7 4689.18 4603.67 4464.19 4341.74 3796.21 3707.2 3417.01 2845.62 1870.32 1845.7 1834.5 1801.38 1667.52 1631.68 1617.51 1515.36 1410.66 1397.14 1395.46 1385.9 1372.66 1366.58 1279.39
threshold=51.375000000000007 28.750000000000004 83.500000000000014 65.928571428571445 18.500000000000004 39.553571428571438 106.39285714285715 58.035714285714292 75.392857142857153 93.928571428571445 23.946428571428573 13.500000000000002 44.250000000000007 33.357142857142868 1.0000000180025095e-35 128.50000000000003 1.0000000180025095e-35 1.0000000180025095e-35 122.92857142857144 1.0000000180025095e-35 1.0000000180025095e-35 1.0000000180025095e-35 8.946428571428573 23.500000000000004 1.0000000180025095e-35 1.0000000180025095e-35 1.0000000180025095e-35 1.0000000180025095e-35 1.0000000180025095e-35 1.0000000180025095e-35
decision_type=2 2 2 2 2 2 2 2 2 2 2 2 2 2 2 2 2 2 2 2 2 2 2 2 2 2 2 2 2 2
left_child=1 4 3 7 11 13 9 20 17 21 26 22 -7 27 15 23 -14 -5 -16 -15 -2 -4 -1 -8 -10 -11 -6 -3 -12 -9
right_child=2 5 6 8 10 12 14 29 24 25 28 -13 16 19 18 -17 -18 -19 -20 -21 -22 -23 -24 -25 -26 -27 -28 -29 -30 -31
leaf_value=-0.19308566052578363 0.059695864364234047 -0.056208704596244191 0.2308421860387001 0.14148981630214316 -0.10474732377264308 0.007251872074944485 0.32640910129972772 0.10078622087664117 0.1864857437871601 0.28803597397951097 -0.077721830111561738 -0.12418109981773762 0.028679123332861184 -0.029426341808835327 0.42520691107866537 0.45594322660627629 0.06434149474627758 0.18246876666341896 0.57193917834541086 -0.00062737173413172725 0.096127880668098131 0.28217802753027599 -0.14824355534265707 0.39589818645748998 0.22901186847570829 0.34213171161251754 -0.082374776654356816 -0.028451180619428355 -0.053252457882372983 0.13403063889224101
leaf_weight=763 3855 5656 1951 3461 7894 6980 684 3709 2439 1503 7163 9777 4578 6337 425 189 1828 1377 93 2533 1553 776 6233 435 978 608 3648 2239 2883 1452
leaf_count=763 3855 5656 1951 3461 7894 6980 684 3709 2439 1503 7163 9777 4578 6337 425 189 1828 1377 93 2533 1553 776 6233 435 978 608 3648 2239 2883 1452
internal_value=6.45016e-06 -0.0641248 0.172392 0.125783 -0.107483 -0.00896009 0.304045 0.0896851 0.171997 0.27085 -0.0851241 -0.13626 0.0223772 -0.0339815 0.391975 0.368303 0.038857 0.153157 0.451662 -0.0212027 0.0701601 0.245461 -0.153137 0.353458 0.198665 0.303633 -0.0976772 -0.0483376 -0.0707005 0.110142
internal_weight=94000 68512 25488 18824 38361 30151 6664 10569 8255 4838 21588 16773 13386 16765 1826 1308 6406 4838 518 8870 5408 2727 6996 1119 3417 2111 11542 7895 10046 5161
internal_count=94000 68512 25488 18824 38361 30151 6664 10569 8255 4838 21588 16773 13386 16765 1826 1308 6406 4838 518 8870 5408 2727 6996 1119 3417 2111 11542 7895 10046 5161
is_linear=0
shrinkage=0.03


Tree=59
num_leaves=31
num_cat=0
split_feature=8 3 3 6 3 6 8 8 8 8 12 6 6 12 12 8 4 12 8 12 12 12 12 12 12 6 12 12 12 1
split_gain=1.08685e+06 189275 146059 31744.9 28940.3 23921.3 19208 5538.34 4822.14 4683.45 4022.65 3669.08 3540.8 3234.34 2895.02 2774.02 2556.52 2240.19 2229.64 2201.51 2047.84 2857.7 1956.78 1733.56 1730.27 1628.23 1553.33 1905.09 1476.83 1432.07
threshold=48.035714285714292 79.500000000000014 26.500000000000004 63.500000000000007 100.50000000000001 36.214285714285722 16.678571428571434 108.53571428571429 56.107142857142868 87.250000000000014 3.5000000000000004 42.642857142857146 21.214285714285719 3.5000000000000004 1.5000000000000002 74.821428571428598 32.500000000000007 3.5000000000000004 9.7500000000000018 1.5000000000000002 3.5000000000000004 1.5000000000000002 3.5000000000000004 1.5000000000000002 4.5000000000000009 122.92857142857144 4.5000000000000009 1.0000000180025095e-35 3.5000000000000004 75.500000000000014
decision_type=2 2 2 2 2 2 2 2 2 2 2 2 2 2 2 2 2 2 2 2 2 2 2 2 2 2 2 2 2 2
left_child=2 3 6 8 9 16 18 -6 20 -3 14 -7 -8 23 -5 -12 28 19 -1 -9 21 -2 -14 -11 -20 -19 27 -10 -4 -16
right_child=1 4 5 10 7 11 12 17 26 13 15 -13 22 -15 29 -17 -18 25 24 -21 -22 -23 -24 -25 -26 -27 -28 -29 -30 -31
leaf_value=-0.17187423820373832 0.069700147338138341 0.21088282901763764 -0.063543035897829156 0.16084742726136997 0.31076857223629029 -0.0054891868877132016 -0.10594102320566584 0.41082565347248851 0.12976726144294956 0.27651766070135886 0.15941636989313232 0.024494075679374037 -0.091848276624600392 0.30616545219707031 0.094591993635934846 0.21930477795196934 -0.029437952015959133 0.41239754906082038 -0.14166459428869724 0.31318296441062099 0.076974214642428193 0.017749450990719697 -0.066993720690075753 0.21041063470046448 -0.11543431643909401 0.52917881463656335 0.12279570134737464 0.075307569883526729 -0.041103161611397293 0.13961152453187561
leaf_weight=1621 1881 2934 6200 2019 1320 9057 9552 429 721 610 2398 6179 6727 1074 1552 983 5908 492 7953 409 2858 1932 4953 870 3171 140 1451 2926 4600 1080
leaf_count=1621 1881 2934 6200 2019 1320 9057 9552 429 721 610 2398 6179 6727 1074 1552 983 5908 492 7953 409 2858 1932 4953 870 3171 140 1451 2926 4600 1080
internal_value=6.38077e-06 0.156308 -0.0665701 0.105945 0.276772 -0.0205154 -0.109869 0.355451 0.0745633 0.236766 0.151926 0.00667049 -0.0923914 0.266489 0.133814 0.176835 -0.0453062 0.395549 -0.138983 0.363216 0.0577735 0.0433793 -0.0813094 0.237676 -0.134189 0.438351 0.0965315 0.0860782 -0.0539861 0.113071
internal_weight=94000 28079 65921 19801 8278 31944 33977 2790 11769 5488 8032 15236 21232 2554 4651 3381 16708 1470 12745 838 6671 3813 11680 1480 11124 632 5098 3647 10800 2632
internal_count=94000 28079 65921 19801 8278 31944 33977 2790 11769 5488 8032 15236 21232 2554 4651 3381 16708 1470 12745 838 6671 3813 11680 1480 11124 632 5098 3647 10800 2632
is_linear=0
shrinkage=0.03


Tree=60
num_leaves=31
num_cat=0
split_feature=6 10 6 6 10 6 6 10 6 10 4 4 6 12 12 12 12 12 6 12 12 12 10 12 12 12 12 12 12 15
split_gain=1.02274e+06 172042 144795 27948.5 26999.8 22389.5 19176.6 4574.23 4124.49 3926.97 3699.3 3467.32 3349.33 2833.08 2784.85 3278.57 2665.74 2329.11 1853.16 1680.97 1581.95 2116.35 1512.46 1490.26 1539.44 1472.37 1456.11 1358.16 1996.08 1341.02
threshold=52.214285714285722 29.910714285714288 83.500000000000014 19.642857142857149 66.625000000000014 40.071428571428577 106.35714285714288 14.553571428571431 93.928571428571445 24.946428571428573 71.500000000000014 47.500000000000007 58.785714285714292 3.5000000000000004 3.5000000000000004 1.5000000000000002 1.5000000000000002 3.5000000000000004 122.92857142857144 1.5000000000000002 3.5000000000000004 1.5000000000000002 8.946428571428573 3.5000000000000004 1.0000000180025095e-35 4.5000000000000009 4.5000000000000009 3.5000000000000004 1.5000000000000002 19.500000000000004
decision_type=2 2 2 2 2 2 2 2 2 2 2 2 2 2 2 2 2 2 2 2 2 2 2 2 2 2 2 2 2 2
left_child=1 3 4 7 12 14 8 22 23 25 -6 17 20 16 15 -3 -8 19 -15 -7 21 -2 -1 24 -4 -5 -9 28 -14 -12
right_child=2 5 6 9 10 11 13 26 -10 -11 29 -13 27 18 -16 -17 -18 -19 -20 -21 -22 -23 -24 -25 -26 -27 -28 -29 -30 -31
leaf_value=-0.18213830261895328 0.083250399550959794 -0.019789567898506263 0.26449918697755886 -0.094201754642248739 0.13685271279663025 0.021679131706234759 0.38731967073291285 -0.11918746654093208 0.28648765512326924 -0.061647189153468035 0.16642930323177299 0.04694304627467881 0.11944568944737013 0.39194147528361367 -0.012689821457056044 -0.055925616427412811 0.28951128733408105 0.032807915196658717 0.51331478434405442 -0.013267931629440692 0.091359263964914145 0.031728450189441662 -0.13778957601162486 0.25664677139463399 0.19481759163951634 -0.07026887486286966 -0.094539371140148168 0.12538206370737809 0.068391316933097343 0.19823355953209054
leaf_weight=763 1431 4465 378 8111 2941 2140 494 7569 2160 10094 2953 4529 1342 628 6822 4576 515 3673 140 2941 2171 1440 7609 1166 1183 3241 3023 2069 1419 2014
leaf_count=763 1431 4465 378 8111 2941 2140 494 7569 2160 10094 2953 4529 1342 628 6822 4576 515 3673 140 2941 2171 1440 7609 1166 1183 3241 3023 2069 1419 2014
internal_value=6.30852e-06 -0.0586559 0.166931 -0.0987255 0.122229 -0.00310042 0.286195 -0.125258 0.255494 -0.0752634 0.163535 0.0256335 0.0891388 0.370606 -0.0271612 -0.0380802 0.337434 0.014608 0.414135 0.00145051 0.0720311 0.0574117 -0.141834 0.230933 0.211709 -0.0873699 -0.112154 0.106995 0.0932111 0.17933
internal_weight=94000 69556 24444 40410 17780 29146 6664 18964 4887 21446 7908 13283 9872 1777 15863 9041 1009 8754 768 5081 5042 2871 8372 2727 1561 11352 10592 4830 2761 4967
internal_count=94000 69556 24444 40410 17780 29146 6664 18964 4887 21446 7908 13283 9872 1777 15863 9041 1009 8754 768 5081 5042 2871 8372 2727 1561 11352 10592 4830 2761 4967
is_linear=0
shrinkage=0.03


Tree=61
num_leaves=31
num_cat=0
split_feature=10 10 8 6 10 10 6 10 8 8 10 10 12 12 12 12 12 12 10 6 12 12 12 12 12 12 12 12 12 15
split_gain=962742 170338 127765 32209.6 21810.6 20861.1 16950.3 6406.59 3595.02 3194.96 3155.24 3153.57 2732.58 3772.75 2555.85 2710.87 2011.43 2881.46 1979.85 1641.38 1628.92 2180.23 1487.45 1397.25 1673.39 1390.88 2175.71 1368.28 1742.91 1355
threshold=48.017857142857146 76.589285714285737 26.678571428571434 96.214285714285737 60.660714285714299 36.089285714285715 16.500000000000004 108.94642857142858 85.464285714285737 68.035714285714292 43.017857142857146 21.660714285714288 3.5000000000000004 1.0000000180025095e-35 3.5000000000000004 1.0000000180025095e-35 3.5000000000000004 1.0000000180025095e-35 9.9821428571428594 122.92857142857144 3.5000000000000004 1.5000000000000002 4.5000000000000009 4.5000000000000009 1.5000000000000002 3.5000000000000004 1.5000000000000002 4.5000000000000009 1.0000000180025095e-35 16.500000000000004
decision_type=2 2 2 2 2 2 2 2 2 2 2 2 2 2 2 2 2 2 2 2 2 2 2 2 2 2 2 2 2 2
left_child=2 4 6 8 12 14 18 23 27 29 25 -8 13 -2 15 -4 17 -9 -1 -18 21 -11 -20 24 -5 26 -7 28 -3 -6
right_child=1 3 5 7 9 10 11 16 -10 20 -12 -13 -14 -15 -16 -17 19 -19 22 -21 -22 -23 -24 -25 -26 -27 -28 -29 -30 -31
leaf_value=-0.15847112468012334 0.092534336283719779 0.22637222058865697 -0.025428126174655629 0.31032863840118841 0.096865092811685816 0.0040969950300215477 -0.099098229451549655 0.43146665874584689 0.23504298658218639 0.16227305728504535 0.022911885390435774 -0.076027310909248538 0.081586033257461971 0.036106246749283963 -0.029673379656908735 -0.062798767473734265 0.38172951435028285 0.30572647167810701 -0.13313326444632984 0.49792633099908234 0.17134456428260433 0.10224243226095106 -0.10808765222205037 0.32554523698630466 0.24317162453947805 0.0079155576535296333 -0.033733347972585502 0.21762240653990592 0.16421295186252738 0.12876768649697157
leaf_weight=2020 1415 506 2321 549 2494 2693 10429 219 2467 1076 5739 10921 4323 4330 7063 7070 530 666 7526 140 1660 1105 2986 558 865 4144 2781 1011 2080 2313
leaf_count=2020 1415 506 2321 549 2494 2693 10429 219 2467 1076 5739 10921 4323 4330 7063 7070 530 666 7526 140 1660 1105 2986 558 865 4144 2781 1011 2080 2313
internal_value=6.21786e-06 0.146266 -0.0630168 0.249068 0.0935835 -0.0198386 -0.103556 0.321161 0.207132 0.128527 0.00530812 -0.0872975 0.0635671 0.0500064 -0.0433088 -0.0535632 0.36673 0.33689 -0.131252 0.406085 0.148933 0.131866 -0.12602 0.28521 0.269268 -0.00519576 -0.015122 0.187982 0.176385 0.112219
internal_weight=94000 28307 65693 9591 18716 31811 33882 3527 6064 8648 15357 21350 10068 5745 16454 9391 1555 885 12532 670 3841 2181 10512 1972 1414 9618 5474 3597 2586 4807
internal_count=94000 28307 65693 9591 18716 31811 33882 3527 6064 8648 15357 21350 10068 5745 16454 9391 1555 885 12532 670 3841 2181 10512 1972 1414 9618 5474 3597 2586 4807
is_linear=0
shrinkage=0.03


Tree=62
num_leaves=31
num_cat=0
split_feature=10 10 10 3 10 6 6 10 3 6 10 3 4 12 12 12 12 12 12 12 6 12 14 12 10 12 12 12 12 6
split_gain=906699 162528 119824 28939.6 21920.2 18046.3 15720.5 5109.53 3426.88 3051.93 2918.84 2895.72 2785.38 2599.22 2533.14 2410.15 2395.59 3631.78 1853.96 1676.23 1628.51 1621.69 1581.52 1545.09 1534.84 1276.04 1274.86 1444.38 1197.62 1134.64
threshold=53.446428571428577 31.089285714285719 84.767857142857153 20.500000000000004 67.946428571428584 42.357142857142868 106.35714285714288 14.946428571428573 26.500000000000004 93.928571428571445 60.232142857142868 79.500000000000014 35.500000000000007 3.5000000000000004 3.5000000000000004 1.5000000000000002 3.5000000000000004 1.0000000180025095e-35 1.5000000000000002 3.5000000000000004 122.92857142857144 3.5000000000000004 4.5000000000000009 3.5000000000000004 9.4821428571428594 4.5000000000000009 4.5000000000000009 1.0000000180025095e-35 4.5000000000000009 47.642857142857146
decision_type=2 2 2 2 2 2 2 2 2 2 2 2 2 2 2 2 2 2 2 2 2 2 2 2 2 2 2 2 2 2
left_child=1 3 4 7 10 12 9 24 21 25 26 13 19 18 15 -8 17 -7 -6 -3 -16 -5 -12 -9 -1 -4 27 -2 -26 -18
right_child=2 5 6 8 11 16 14 23 -10 -11 22 -13 -14 -15 20 -17 29 -19 -20 -21 -22 -23 -24 -25 28 -27 -28 -29 -30 -31
leaf_value=-0.16409020462124335 0.10434403662754264 -0.044184463230822174 0.20662263858495994 -0.08521366252055429 0.15769362516414259 0.059614176627181915 0.3649218867644079 -0.11126767419967444 -0.051684517863492346 0.26957550709517786 0.091006522385757724 0.18903835302352381 -0.0066690343892222646 0.17334798645935209 0.36920907416872473 0.27192357896456687 0.035149969088158588 0.0071608087141771647 0.10943644709370112 -0.014323578681454415 0.48299920234932897 -0.063710667368811133 0.12475305634149723 -0.088874155691634205 -0.13419348073287668 0.25524504874411447 0.099077382326847693 0.055415943700827461 -0.10927080904479769 0.064411624150580146
leaf_weight=1146 675 4011 1726 7326 1229 1577 494 6566 8841 2160 2580 2182 9657 2078 628 515 2700 4816 1724 2927 140 5553 2430 4810 6091 681 1381 2784 2434 2138
leaf_count=1146 675 4011 1726 7326 1229 1577 494 6566 8841 2160 2580 2182 9657 2078 628 515 2700 4816 1724 2927 140 5553 2430 4810 6091 681 1381 2784 2434 2138
internal_value=6.15516e-06 -0.0536452 0.161813 -0.0903629 0.120423 0.00278779 0.273131 -0.115433 -0.0660692 0.243659 0.0913232 0.160159 -0.0170872 0.14763 0.348857 0.31749 0.0321554 0.020101 0.129526 -0.0315876 0.390016 -0.0759431 0.107377 -0.1018 -0.131467 0.22039 0.0747026 0.0649675 -0.127079 0.0480829
internal_weight=94000 70593 23407 42767 17063 27826 6344 21047 21720 4567 9850 7213 16595 5031 1777 1009 11231 6393 2953 6938 768 12879 5010 11376 9671 2407 4840 3459 8525 4838
internal_count=94000 70593 23407 42767 17063 27826 6344 21047 21720 4567 9850 7213 16595 5031 1777 1009 11231 6393 2953 6938 768 12879 5010 11376 9671 2407 4840 3459 8525 4838
is_linear=0
shrinkage=0.03


Tree=63
num_leaves=31
num_cat=0
split_feature=8 6 6 10 10 10 8 8 10 8 6 6 10 15 6 12 12 12 10 12 12 12 12 12 12 12 12 12 10 12
split_gain=853233 150448 114767 24715 19942.9 18950.7 16040.3 4024.31 3455.64 3312.39 2978.04 2700.74 2591.31 2527.99 2340.58 1431.59 1414.74 2051.72 1407.57 1366.43 2152.94 1339.67 1612.22 1305.71 1305.29 1294.26 1293.96 1689.01 1293.51 1291.19
threshold=53.035714285714292 30.214285714285719 83.500000000000014 19.875000000000004 67.517857142857153 40.839285714285715 106.39285714285715 14.464285714285717 24.946428571428573 93.821428571428598 45.785714285714292 59.642857142857146 75.982142857142875 23.500000000000004 34.785714285714292 3.5000000000000004 3.5000000000000004 1.0000000180025095e-35 123.83928571428574 3.5000000000000004 1.5000000000000002 3.5000000000000004 1.0000000180025095e-35 3.5000000000000004 4.5000000000000009 4.5000000000000009 3.5000000000000004 1.0000000180025095e-35 8.946428571428573 3.5000000000000004
decision_type=2 2 2 2 2 2 2 2 2 2 2 2 2 2 2 2 2 2 2 2 2 2 2 2 2 2 2 2 2 2
left_child=1 3 4 7 11 14 9 28 23 15 -7 -2 19 18 29 -4 17 -12 -8 20 -6 22 -15 -5 -9 -10 27 -13 -1 -3
right_child=2 5 6 8 12 10 13 24 25 -11 16 26 -14 21 -16 -17 -18 -19 -20 -21 -22 -23 -24 -25 -26 -27 -28 -29 -30 -31
leaf_value=-0.16699929605663216 0.070812266327893864 -0.046443160251248679 0.19082425740748901 -0.0883652225764094 0.15045927324878663 0.012677720167361005 0.29398739122225992 -0.10861177610045165 -0.062016033491371275 0.25994782106054742 0.068172159721435394 0.13005168992863333 0.17200147432363941 0.44816826985038005 -0.012010012737529781 0.23554282078125779 0.057400497444801267 0.015808681608178322 0.39739721356077978 0.15618682228091296 0.091816817535816123 0.42417544424480474 0.31014318676352759 -0.067426693787343894 -0.085808048353935393 -0.039180679281342057 0.12022024480344012 0.075637992453913325 -0.12596440209856979 -0.020491140458997848
leaf_weight=763 4913 4015 1507 6223 1106 6985 932 7925 7835 2197 895 680 3269 101 8679 1134 2725 2721 137 1704 1151 335 321 4716 3166 3127 2086 2102 7523 3027
leaf_count=763 4913 4015 1507 6223 1106 6985 932 7925 7835 2197 895 680 3269 101 8679 1134 2725 2721 137 1704 1151 335 321 4716 3166 3127 2086 2102 7523 3027
internal_value=6.06164e-06 -0.0524362 0.155782 -0.0892448 0.114439 -0.000127986 0.261314 -0.113924 -0.0674089 0.232707 0.026191 0.0865092 0.152221 0.337089 -0.0224377 0.210035 0.0410758 0.0287716 0.307279 0.135891 0.12056 0.379136 0.343283 -0.0793392 -0.102103 -0.0555028 0.102349 0.0889435 -0.129745 -0.0352886
internal_weight=94000 70325 23675 41278 17011 29047 6664 19377 21901 4838 13326 9781 7230 1826 15721 2641 6341 3616 1069 3961 2257 757 422 10939 11091 10962 4868 2782 8286 7042
internal_count=94000 70325 23675 41278 17011 29047 6664 19377 21901 4838 13326 9781 7230 1826 15721 2641 6341 3616 1069 3961 2257 757 422 10939 11091 10962 4868 2782 8286 7042
is_linear=0
shrinkage=0.03


Tree=64
num_leaves=31
num_cat=0
split_feature=3 3 10 3 10 10 10 4 3 8 8 10 10 5 16 3 16 15 16 15 16 16 16 10 15 15 8 14 16 15
split_gain=803045 124059 123987 20369.3 19208.8 18782.1 17889.9 4179.66 3925.36 3097.09 2675.96 2506.04 2461.45 2445.9 2207.03 2037.74 1397.97 1361.05 1314.18 1302.19 1238.64 1228.84 1228.32 1162.05 1132.94 1096.18 1062.76 996.657 955.521 954.287
threshold=50.500000000000007 28.500000000000004 80.303571428571445 100.50000000000001 64.410714285714292 17.375000000000004 39.196428571428577 115.50000000000001 22.500000000000004 72.107142857142875 87.250000000000014 45.196428571428577 57.410714285714299 33.500000000000007 1.0000000180025095e-35 10.500000000000002 1.0000000180025095e-35 18.500000000000004 1.0000000180025095e-35 34.500000000000007 1.0000000180025095e-35 1.0000000180025095e-35 1.0000000180025095e-35 123.83928571428574 20.500000000000004 20.500000000000004 97.964285714285737 4.5000000000000009 1.0000000180025095e-35 16.500000000000004
decision_type=2 2 2 2 2 2 2 2 2 2 2 2 2 2 2 2 2 2 2 2 2 2 2 2 2 2 2 2 2 2
left_child=1 5 4 10 12 15 13 24 22 16 25 18 -2 -3 29 -1 -6 -11 -8 23 -17 -13 -7 -9 26 -4 -5 -14 -10 -12
right_child=2 6 3 7 9 8 11 19 28 17 14 21 27 -15 -16 20 -18 -19 -20 -21 -22 -23 -24 -25 -26 -27 -28 -29 -30 -31
leaf_value=-0.14089276414596519 0.056055615258034958 -0.040632545900688495 0.16760148646641745 0.19670856934271827 0.10545709736009312 -0.092373654231245064 -0.00014270437588626925 0.3041844629911658 -0.067435993200013269 0.13517545274516579 0.18982584734083394 0.026464356974607108 0.0726637834530766 -0.017740339178717538 0.27693827784947783 -0.11831709030209298 0.14173873643698756 0.17208291544913473 0.026321863199538238 0.40173243974334749 -0.096694277332491252 0.063017627907439935 -0.069314301087146035 0.41246490918080631 0.30745746289987058 0.20833717465869267 0.27447599637817954 0.10154312994116896 -0.048964343363173374 0.23105145782499262
leaf_weight=2703 5314 8410 1541 195 3327 8474 6020 406 9080 1877 960 3942 2238 8394 607 8072 1344 1735 2347 381 3392 1048 2759 116 817 975 875 2076 3493 1082
leaf_count=2703 5314 8410 1541 195 3327 8474 6020 406 9080 1877 960 3942 2238 8394 607 8072 1344 1735 2347 381 3392 1048 2759 116 817 975 875 2076 3493 1082
internal_value=5.97869e-06 -0.0540209 0.142319 0.240875 0.0985446 -0.0900985 -0.0085985 0.306199 -0.0738214 0.132041 0.205582 0.0173165 0.0697265 -0.0291977 0.226646 -0.117449 0.1159 0.152909 0.00728065 0.359343 -0.11192 0.034143 -0.0867109 0.328327 0.280749 0.183396 0.260326 0.0865639 -0.0623049 0.211682
internal_weight=94000 68134 25866 7955 17911 37973 30161 2790 23806 8283 5165 13357 9628 16804 2649 14167 4671 3612 8367 903 11464 4990 11233 522 1887 2516 1070 4314 12573 2042
internal_count=94000 68134 25866 7955 17911 37973 30161 2790 23806 8283 5165 13357 9628 16804 2649 14167 4671 3612 8367 903 11464 4990 11233 522 1887 2516 1070 4314 12573 2042
is_linear=0
shrinkage=0.03


Tree=65
num_leaves=31
num_cat=0
split_feature=5 6 10 5 6 8 10 4 6 15 10 6 10 6 10 10 15 5 15 14 15 14 5 8 6 15 15 15 8 2
split_gain=756136 126129 107699 19716.5 18772.3 17221.4 15510.2 3532.01 2887.8 2854.19 2828.2 2650.27 2582.84 2565.39 2038.74 1362.18 1154.06 1136.78 1060.85 1002.11 879.563 840.198 832.563 830.125 787.257 771.258 730.685 625.615 618.384 603.527
threshold=52.500000000000007 29.357142857142858 83.089285714285737 18.500000000000004 65.928571428571445 39.535714285714292 103.58928571428574 23.500000000000004 45.500000000000007 24.500000000000004 74.017857142857153 92.785714285714292 12.303571428571431 57.642857142857146 34.232142857142868 123.83928571428574 16.500000000000004 117.50000000000001 19.500000000000004 4.5000000000000009 18.500000000000004 4.5000000000000009 123.50000000000001 8.8214285714285747 16.214285714285719 19.500000000000004 21.500000000000004 17.500000000000004 26.678571428571434 90.500000000000014
decision_type=2 2 2 2 2 2 2 2 2 2 2 2 2 2 2 2 2 2 2 2 2 2 2 2 2 2 2 2 2 2
left_child=1 3 4 12 13 14 11 -5 21 15 25 26 23 27 -3 -8 -10 -11 -12 -15 -13 -7 -17 -1 -14 -6 -4 -2 -9 -28
right_child=2 5 6 7 10 8 9 28 16 17 18 20 24 19 -16 22 -18 -19 -20 -21 -22 -23 -24 -25 -26 -27 29 -29 -30 -31
leaf_value=-0.15807624098852835 0.049402326883722342 -0.036511341518945861 0.18142764665295991 -0.080148405927221403 0.10741813057246548 -0.00081438914054229503 0.2738981820988638 -0.06295944785569571 0.021096435110436445 0.32483162825132911 0.14207458949619917 0.21866766210202518 -0.10922295365773424 0.076861656890240646 -0.014963944897569449 0.28887399002091457 0.048038738658915642 0.39963045650618118 0.17358656760162519 0.10335640938769504 0.25916527250787813 0.018492992473678974 0.43942633499431244 -0.12375662278371721 -0.093200524807073346 0.13389270077260959 0.22681174953348035 0.072039582977557692 -0.049389789342271069 0.17922732061578495
leaf_weight=753 2634 7658 1703 10944 2119 4093 1285 6513 2516 453 2231 952 7166 2629 8168 60 3320 314 1700 2520 997 4021 77 4106 4506 1870 804 1889 5652 347
leaf_count=753 2634 7658 1703 10944 2119 4093 1285 6513 2516 453 2231 952 7166 2629 8168 60 3320 314 1700 2520 997 4021 77 4106 4506 1870 804 1889 5652 347
internal_value=5.91028e-06 -0.0506294 0.142981 -0.0856775 0.103393 -0.00397059 0.24258 -0.0677818 0.02033 0.308777 0.137641 0.212404 -0.110694 0.0753482 -0.0253908 0.283548 0.0364245 0.355505 0.155707 0.0898309 0.239398 0.00875338 0.373772 -0.129079 -0.103039 0.119833 0.193961 0.0588587 -0.0566555 0.212486
internal_weight=94000 69416 24584 39640 17592 29776 6992 23109 13950 2189 7920 4803 16531 9672 15826 1422 5836 767 3931 5149 1949 8114 137 4859 11672 3989 2854 4523 12165 1151
internal_count=94000 69416 24584 39640 17592 29776 6992 23109 13950 2189 7920 4803 16531 9672 15826 1422 5836 767 3931 5149 1949 8114 137 4859 11672 3989 2854 4523 12165 1151
is_linear=0
shrinkage=0.03


Tree=66
num_leaves=31
num_cat=0
split_feature=4 10 8 10 10 10 8 10 10 8 12 8 4 12 12 12 8 12 6 12 12 15 12 12 12 12 12 12 12 12
split_gain=711591 116592 103156 19043.1 17996.2 15650.4 14886.3 3615.26 3286.35 2818.84 2702.57 2667.15 2471.67 2330.92 2257.28 2176.66 1741.39 1702.83 1560.98 1517.97 1928.59 1446.53 1403.58 1319.85 1294.68 1292.99 1161.37 1667.89 1141.68 1108.65
threshold=49.500000000000007 79.446428571428584 28.107142857142861 99.803571428571445 64.410714285714292 17.196428571428573 38.321428571428577 113.87500000000001 22.839285714285719 87.250000000000014 3.5000000000000004 56.535714285714292 71.500000000000014 4.5000000000000009 1.5000000000000002 1.0000000180025095e-35 10.250000000000002 4.5000000000000009 44.928571428571438 3.5000000000000004 1.5000000000000002 21.500000000000004 1.0000000180025095e-35 3.5000000000000004 3.5000000000000004 4.5000000000000009 3.5000000000000004 1.0000000180025095e-35 4.5000000000000009 1.0000000180025095e-35
decision_type=2 2 2 2 2 2 2 2 2 2 2 2 2 2 2 2 2 2 2 2 2 2 2 2 2 2 2 2 2 2
left_child=2 4 5 9 11 16 13 21 23 -3 14 -2 24 15 -8 -4 -1 22 -12 20 -11 -5 -9 -7 -6 -18 27 -13 29 -10
right_child=1 3 6 7 12 8 10 17 28 19 18 26 -14 -15 -16 -17 25 -19 -20 -21 -22 -23 -24 -25 -26 -27 -28 -29 -30 -31
leaf_value=-0.13414704014091278 0.04963479876909898 0.17076979857373092 -0.01077048775610024 0.24326588264021665 0.093585666770098164 -0.090843575796276485 0.019983801808425069 0.39803629722494144 -0.043387372156719034 0.22898533398235413 0.017785426425765371 0.10769411312160769 0.1410677672856222 -0.011883166839249287 -0.013172388550731709 -0.042683716173059785 -0.11262381287668304 0.40050651505888518 0.051593133322669016 0.24043003859280207 0.16038655799671114 0.29775652394585678 0.28834741240233969 -0.070428216865391788 0.12691521369528042 -0.090120059022388566 0.096874024404926262 0.053499180846816624 -0.04463890274581326 -0.070894128538590076
leaf_weight=2445 5854 2860 2393 1191 2517 6636 3301 132 1645 725 3684 681 3642 4874 4198 9811 8066 264 1845 1117 755 701 535 5004 1803 3220 2055 2052 3319 6675
leaf_count=2445 5854 2860 2393 1191 2517 6636 3301 132 1645 725 3684 681 3642 4874 4198 9811 8066 264 1845 1117 755 701 535 5004 1803 3220 2055 2052 3319 6675
internal_value=5.83865e-06 0.130424 -0.0522345 0.224071 0.0887436 -0.0857791 -0.0109972 0.287334 -0.0707953 0.191339 0.0131554 0.0632204 0.122856 -0.0294222 0.00142237 -0.0364265 -0.111181 0.335791 0.0290682 0.213983 0.194006 0.263471 0.310116 -0.082068 0.107499 -0.106204 0.0798287 0.0670078 -0.0595208 -0.0654565
internal_weight=94000 26884 67116 8280 18604 37010 30106 2823 23279 5457 13028 10642 7962 17078 7499 12204 13731 931 5529 2597 1480 1892 667 11640 4320 11286 4788 2733 11639 8320
internal_count=94000 26884 67116 8280 18604 37010 30106 2823 23279 5457 13028 10642 7962 17078 7499 12204 13731 931 5529 2597 1480 1892 667 11640 4320 11286 4788 2733 11639 8320
is_linear=0
shrinkage=0.03


Tree=67
num_leaves=31
num_cat=0
split_feature=5 4 3 4 3 10 3 4 3 10 12 8 4 12 12 12 8 12 8 12 12 14 10 12 12 14 10 12 1 10
split_gain=669958 111824 95834.8 19973.2 15557.9 14614.1 12752.6 3570.31 3042 3040.39 2747.37 2385.77 2106.84 2042.5 1944.78 1865.74 2509.85 2023.74 1653.6 1518.6 1380.03 1330.59 1198.72 1174.88 1126.62 1099.33 1098.89 1092.02 1078.18 1046.52
threshold=52.500000000000007 30.500000000000004 81.500000000000014 19.500000000000004 100.50000000000001 66.625000000000014 40.500000000000007 115.50000000000001 24.500000000000004 14.410714285714286 3.5000000000000004 58.035714285714292 47.500000000000007 1.0000000180025095e-35 3.5000000000000004 3.5000000000000004 86.321428571428598 1.5000000000000002 74.821428571428598 1.5000000000000002 3.5000000000000004 4.5000000000000009 35.339285714285715 3.5000000000000004 3.5000000000000004 8.0000000000000018 123.83928571428574 3.5000000000000004 76.500000000000014 8.946428571428573
decision_type=2 2 2 2 2 2 2 2 2 2 2 2 2 2 2 2 2 2 2 2 2 2 2 2 2 2 2 2 2 2
left_child=1 3 5 9 15 11 14 -6 20 29 13 -2 23 -7 19 17 -17 -4 -12 -3 -5 -13 -16 -8 -10 26 -9 -11 -15 -1
right_child=2 6 4 8 7 10 12 25 24 27 18 21 -14 28 22 16 -18 -19 -20 -21 -22 -23 -24 -25 -26 -27 -28 -29 -30 -31
leaf_value=-0.14907092904001026 0.056353346839693223 -0.015647815935449512 0.198498269147276 -0.080617542846259715 0.25643198912688581 0.15610051658151991 0.002213910894133956 0.2757051599896635 -0.057326003838107618 -0.099421717228750497 0.13144785636030543 0.070598655201763935 0.038252257106003509 0.084010530132754099 -0.020028768145779325 0.17618402523633242 0.2425141532407141 0.14605195568990267 0.17692872598843837 -0.040533861408957914 -0.059038128562996998 0.1006125304421036 0.0056827133113799659 0.025456220595526338 -0.038681747639905457 0.36621711781841843 0.38429418634337265 -0.080171496455577654 0.11841177770275366 -0.1120905106328884
leaf_weight=763 4693 4301 1421 6191 1887 777 4453 393 6848 6247 1740 2645 4430 1571 3179 953 1119 1245 1231 4534 4692 2678 3353 3493 5086 402 108 4620 1721 7226
leaf_count=763 4693 4301 1421 6191 1887 777 4453 393 6848 6247 1740 2645 4430 1571 3179 953 1119 1245 1231 4534 4692 2678 3353 3493 5086 402 108 4620 1721 7226
internal_value=5.74746e-06 -0.0476568 0.134587 -0.0787244 0.223744 0.0952343 -0.000989757 0.279954 -0.0598431 -0.101571 0.128358 0.071951 0.0216746 0.112334 -0.019243 0.190638 0.212018 0.174014 0.150299 -0.0284196 -0.0713149 0.0857008 -0.00683023 0.0124316 -0.0493809 0.329071 0.299192 -0.0912388 0.101999 -0.115625
internal_weight=94000 69416 24584 41673 7528 17056 27743 2790 22817 18856 7040 10016 12376 4069 15367 4738 2072 2666 2971 8835 10883 5323 6532 7946 11934 903 501 10867 3292 7989
internal_count=94000 69416 24584 41673 7528 17056 27743 2790 22817 18856 7040 10016 12376 4069 15367 4738 2072 2666 2971 8835 10883 5323 6532 7946 11934 903 501 10867 3292 7989
is_linear=0
shrinkage=0.03


Tree=68
num_leaves=31
num_cat=0
split_feature=3 3 3 3 8 8 8 8 12 4 8 12 12 12 12 5 8 4 8 12 12 12 12 12 12 8 12 12 8 12
split_gain=630707 97765.6 97390.9 17063.4 14777.7 13953.3 13710 3381.61 2836.74 2775.57 2575.71 2539.16 2426.29 2332 2186.63 2125.52 2108.91 1873.3 1714.59 1620.57 1624.82 1494.83 1487.47 2242.95 1436.75 1406.64 1087.22 1058.2 920.533 894.068
threshold=50.500000000000007 79.500000000000014 28.500000000000004 100.50000000000001 17.678571428571434 39.178571428571438 64.535714285714292 108.53571428571429 3.5000000000000004 23.500000000000004 87.250000000000014 3.5000000000000004 3.5000000000000004 1.5000000000000002 1.5000000000000002 33.500000000000007 55.178571428571438 11.500000000000002 74.821428571428598 3.5000000000000004 1.5000000000000002 1.5000000000000002 3.5000000000000004 1.0000000180025095e-35 3.5000000000000004 45.392857142857146 3.5000000000000004 4.5000000000000009 120.03571428571429 3.5000000000000004
decision_type=2 2 2 2 2 2 2 2 2 2 2 2 2 2 2 2 2 2 2 2 2 2 2 2 2 2 2 2 2 2
left_child=2 6 4 10 17 15 16 -5 14 24 -3 13 21 -7 -8 29 -2 -1 -10 20 -9 -12 23 -18 -6 -13 -11 -19 -21 -4
right_child=1 3 5 7 9 11 8 19 18 26 12 25 -14 -15 -16 -17 22 27 -20 28 -22 -23 -24 -25 -26 -27 -28 -29 -30 -31
leaf_value=-0.12061797703969059 0.046237690949852139 0.16122580291372138 -0.044810163735939358 0.2366419238861405 -0.083164420638559805 0.023190568978287907 0.12488108453115959 0.31628545378914963 0.12325695846572546 -0.061538409239567597 0.21356528342971837 0.019929159384341668 0.23682318068701577 -0.010478488613481149 0.082319723736675204 -0.015066250626745726 0.10321305986060182 -0.10259639393632856 0.17088166090116119 0.31318837040905961 0.23246106785839771 0.1522213324685745 0.091744813171429615 0.047046721481153825 -0.062452318055304983 0.051525540136155019 -0.04201805595281069 -0.082398213259642597 0.39039220099827315 -0.025063531996577005
leaf_weight=3950 4048 2934 4744 1320 7040 3312 1921 429 2222 6099 610 3574 1074 4198 2505 8712 858 7833 983 419 409 870 2531 2520 5278 1966 4440 3333 213 3655
leaf_count=3950 4048 2934 4744 1320 7040 3312 1921 429 2222 6099 610 3574 1074 4198 2505 8712 858 7833 983 419 409 870 2531 2520 5278 1966 4440 3333 213 3655
internal_value=5.65487e-06 0.126127 -0.0478743 0.211142 -0.0798399 -0.00762901 0.0861123 0.271557 0.116369 -0.0646196 0.180423 0.015736 0.202467 0.00436968 0.100796 -0.0254489 0.0629228 -0.102854 0.13787 0.302889 0.27541 0.17752 0.0743516 0.0613163 -0.0742905 0.0311432 -0.0533154 -0.0965684 0.33927 -0.0362178
internal_weight=94000 25866 68134 8278 37973 30161 17588 2790 7631 22857 5488 13050 2554 7510 4426 17111 9957 15116 3205 1470 838 1480 5909 3378 12318 5540 10539 11166 632 8399
internal_count=94000 25866 68134 8278 37973 30161 17588 2790 7631 22857 5488 13050 2554 7510 4426 17111 9957 15116 3205 1470 838 1480 5909 3378 12318 5540 10539 11166 632 8399
is_linear=0
shrinkage=0.03


Tree=69
num_leaves=31
num_cat=0
split_feature=6 3 8 6 3 3 6 4 12 5 10 8 12 12 6 12 12 8 12 12 10 12 12 15 16 8 15 12 6 15
split_gain=593824 101912 81914.9 16213.7 16055.3 13556.5 10951.3 3219.77 2846.32 2586.04 2505.64 2423.53 2282.85 2252.02 2227.46 2145.47 2123.83 1681.78 1490.99 1406.48 1295.91 1206.91 1160.96 1082.79 1057.76 950.164 896.978 887.67 884.611 876.633
threshold=48.500000000000007 79.500000000000014 26.892857142857146 63.500000000000007 100.50000000000001 35.500000000000007 16.214285714285719 117.50000000000001 3.5000000000000004 56.500000000000007 43.267857142857146 87.250000000000014 3.5000000000000004 1.5000000000000002 21.214285714285719 3.5000000000000004 3.5000000000000004 74.821428571428598 1.5000000000000002 1.5000000000000002 9.4821428571428594 1.5000000000000002 4.5000000000000009 20.500000000000004 1.0000000180025095e-35 97.964285714285737 22.500000000000004 3.5000000000000004 32.785714285714292 19.500000000000004
decision_type=2 2 2 2 2 2 2 2 2 2 2 2 2 2 2 2 2 2 2 2 2 2 2 2 2 2 2 2 2 2
left_child=2 3 6 9 11 16 20 23 13 15 29 -3 19 -5 27 21 18 -10 -4 -13 -1 -2 -22 25 -16 -6 -9 -8 -18 -7
right_child=1 4 5 8 7 10 14 26 17 -11 -12 12 -14 -15 24 -17 28 -19 -20 -21 22 -23 -24 -25 -26 -27 -28 -29 -30 -31
leaf_value=-0.13426490117259365 0.049622921796330183 0.15638919384685923 -0.029920002076508578 0.12034223068700177 0.16397170299750577 -0.011728686552140743 -0.086438660452768074 0.28606748709772151 0.11912470177594724 0.071848442242888055 0.020332997829151742 0.20715937284172956 0.22971914568378204 0.07820933657398442 -0.065285928782537389 0.063846082960835701 -0.028483208770492548 0.16575573293150658 -0.054638327964619246 0.14765521773176432 -0.10688178064489036 0.014264379984557343 -0.085233645617802195 0.26887538570099356 -0.045558733027737393 0.23672781154037723 0.35171702495928248 -0.068548278135224197 -0.0044443852758524263 0.0057531024521134616
leaf_weight=1146 1435 2934 3906 2019 196 5865 5802 420 2398 5135 5958 610 1074 2632 8582 2614 4686 983 5021 870 7835 2203 3123 870 3425 957 347 4391 1952 4611
leaf_count=1146 1435 2934 3906 2019 196 5865 5802 420 2398 5135 5958 610 1074 2632 8582 2614 4686 983 5021 870 7835 2203 3123 870 3425 957 347 4391 1952 4611
internal_value=5.5722e-06 0.116669 -0.0487289 0.0790961 0.204808 -0.0142031 -0.0809344 0.263412 0.111736 0.056072 0.00480003 0.17501 0.196394 0.0965021 -0.0684173 0.0431128 -0.0342674 0.132688 -0.0438236 0.172195 -0.103891 0.0282133 -0.100713 0.243528 -0.0596594 0.224378 0.315814 -0.0787328 -0.0214149 -0.00403383
internal_weight=94000 27697 66303 19419 8278 31999 34304 2790 8032 11387 16434 5488 2554 4651 22200 6252 15565 3381 8927 1480 12104 3638 10958 2023 12007 1153 767 10193 6638 10476
internal_count=94000 27697 66303 19419 8278 31999 34304 2790 8032 11387 16434 5488 2554 4651 22200 6252 15565 3381 8927 1480 12104 3638 10958 2023 12007 1153 767 10193 6638 10476
is_linear=0
shrinkage=0.03


Tree=70
num_leaves=31
num_cat=0
split_feature=6 6 6 5 6 3 6 6 6 6 12 4 12 12 12 4 12 12 12 15 6 12 12 12 12 12 12 12 12 12
split_gain=558972 97390.5 76510.3 16277.2 13406.8 11964.3 10727.6 2512.79 2502.66 2296.3 2224 2123.1 2110.23 1989.2 3015.78 1975.61 1933.65 1714.32 1349.59 1234.5 1176.21 1055.16 1930.6 1021.47 1045.2 999.798 985.98 972.979 941.159 1261.14
threshold=52.785714285714292 30.214285714285719 83.500000000000014 19.500000000000004 66.785714285714292 40.500000000000007 106.35714285714288 24.785714285714288 13.785714285714286 93.928571428571445 3.5000000000000004 73.500000000000014 3.5000000000000004 3.5000000000000004 1.5000000000000002 47.500000000000007 1.5000000000000002 1.5000000000000002 3.5000000000000004 19.500000000000004 122.92857142857144 1.0000000180025095e-35 3.5000000000000004 3.5000000000000004 1.5000000000000002 4.5000000000000009 2.5000000000000004 1.0000000180025095e-35 3.5000000000000004 1.5000000000000002
decision_type=2 2 2 2 2 2 2 2 2 2 2 2 2 2 2 2 2 2 2 2 2 2 2 2 2 2 2 2 2 2
left_child=1 3 4 8 13 10 9 -5 -1 25 17 18 16 14 -2 23 -8 -3 -6 -13 -14 -11 26 24 -7 27 -23 -4 29 -9
right_child=2 5 6 7 11 15 12 28 -10 21 -12 19 20 -15 -16 -17 -18 -19 -20 -21 -22 22 -24 -25 -26 -27 -28 -29 -30 -31
leaf_value=-0.1068368054637565 0.079051725553993105 -0.012733034544087597 0.20208501978685409 -0.064894531634296718 0.088884926664165739 0.016029174716272861 0.28856849659446859 -0.038900673010565295 -0.084267438653433682 0.26368556960051298 -0.0047251377706934586 0.12259312699915349 0.29458186927759361 0.083924553539521635 0.03440274280673352 0.03583303372384896 0.20531868652086413 -0.0389305288490975 0.12635209122328267 0.15615496259892339 0.39123998614143768 0.19432732594253094 0.23381385059636908 0.023801762585174722 -0.012764858686362702 0.19914203998561086 0.12844776728680252 0.14838157013601375 -0.0348080868754422 -0.065840128268694412
leaf_weight=7265 2674 3974 378 11710 2080 2386 494 3089 11317 304 6617 2447 628 4131 2775 4934 515 5178 1485 1659 140 620 929 3555 2163 776 307 1573 4726 3171
leaf_count=7265 2674 3974 378 11710 2080 2386 494 3089 11317 304 6617 2447 628 4131 2775 4934 515 5178 1485 1659 140 620 929 3555 2163 776 307 1573 4726 3171
internal_value=5.47577e-06 -0.0427286 0.125241 -0.0722717 0.0918893 -0.000395676 0.211576 -0.0552249 -0.0930921 0.188613 -0.0179757 0.121445 0.274712 0.0682216 0.056315 0.0208665 0.246105 -0.0275556 0.104496 0.136158 0.312254 0.211741 0.203217 0.0117537 0.00233729 0.170286 0.172529 0.158798 -0.0449173 -0.0525482
internal_weight=94000 70085 23915 41278 17251 28807 6664 22696 18582 4887 15769 7671 1777 9580 5449 13038 1009 9152 3565 4106 768 2160 1856 8104 4549 2727 927 1951 10986 6260
internal_count=94000 70085 23915 41278 17251 28807 6664 22696 18582 4887 15769 7671 1777 9580 5449 13038 1009 9152 3565 4106 768 2160 1856 8104 4549 2727 927 1951 10986 6260
is_linear=0
shrinkage=0.03


Tree=71
num_leaves=31
num_cat=0
split_feature=10 10 10 6 10 10 10 5 12 12 12 12 12 12 12 12 12 12 12 12 12 12 12 12 14 10 10 6 6 6
split_gain=526216 94719.7 69743.2 16915 12768.3 10536.7 9441.52 3518.86 2129.41 2105.92 2267.92 2094.45 3144.81 2043.77 1785.66 2983.67 1707.57 1657.51 2141 1598.15 1513.55 1496.52 1428.97 2197.89 1184.32 1164.87 1079.34 1064.54 1014.17 950.094
threshold=53.446428571428577 31.089285714285719 84.767857142857153 21.214285714285719 68.446428571428584 43.267857142857146 108.94642857142858 15.500000000000002 4.5000000000000009 4.5000000000000009 1.0000000180025095e-35 3.5000000000000004 1.5000000000000002 1.5000000000000002 3.5000000000000004 1.0000000180025095e-35 4.5000000000000009 4.5000000000000009 1.0000000180025095e-35 1.0000000180025095e-35 5.5000000000000009 3.5000000000000004 3.5000000000000004 1.0000000180025095e-35 4.5000000000000009 35.553571428571438 9.4821428571428594 122.92857142857144 97.214285714285737 99.214285714285737
decision_type=2 2 2 2 2 2 2 2 2 2 2 2 2 2 2 2 2 2 2 2 2 2 2 2 2 2 2 2 2 2
left_child=1 3 4 7 11 9 8 26 13 10 -3 12 -2 28 15 -6 19 18 -7 -5 29 -15 23 -8 -16 -12 -1 -24 -4 -10
right_child=2 5 6 16 14 17 22 -9 20 -11 25 -13 -14 21 24 -17 -18 -19 -20 -21 -22 -23 27 -25 -26 -27 -28 -29 -30 -31
leaf_value=-0.12703248290538308 0.080973236596757925 0.0073908958978344845 0.18321474145759778 -0.034693280573489658 0.15568497114492447 0.051453329718492632 0.32986292566789549 -0.07564867921151372 0.22790368267332151 0.0045557345944381503 -0.038102932289351826 0.086047288372903902 0.036820405946826285 0.13804619809732996 0.12281816842983814 0.094967663805452809 -0.035500621334396756 0.045472307040566991 0.010727972661312148 -0.059607036029557157 0.18695356077966699 0.19206498422635643 0.28598693275576864 0.22011737783628346 0.1608640966787096 -0.016972970131829211 -0.09617627986925735 0.37951116219067221 0.23706481254293918 0.30608714668968751
leaf_weight=1146 2860 2457 840 2889 968 1447 219 11718 491 5005 3715 4374 2950 1388 1557 2950 5847 2922 5895 11734 670 694 530 666 1404 6385 9433 140 508 198
leaf_count=1146 2860 2457 840 2889 968 1447 219 11718 491 5005 3715 4374 2950 1388 1557 2950 5847 2922 5895 11734 670 694 530 666 1404 6385 9433 140 508 198
internal_value=5.41207e-06 -0.0408671 0.123272 -0.0688976 0.0916952 0.00221422 0.208199 -0.0869753 0.187334 -0.0118986 -0.0184573 0.0703647 0.0585564 0.174722 0.123272 0.109973 -0.0492059 0.0263619 0.0187553 -0.0546854 0.219147 0.156062 0.272441 0.247312 0.140864 -0.0247456 -0.0995203 0.305588 0.203527 0.250417
internal_weight=94000 70593 23407 42767 17063 27826 6344 22297 4789 17562 12557 10184 5810 3430 6879 3918 20470 10264 7342 14623 1359 2082 1555 885 2961 10100 10579 670 1348 689
internal_count=94000 70593 23407 42767 17063 27826 6344 22297 4789 17562 12557 10184 5810 3430 6879 3918 20470 10264 7342 14623 1359 2082 1555 885 2961 10100 10579 670 1348 689
is_linear=0
shrinkage=0.03


Tree=72
num_leaves=31
num_cat=0
split_feature=6 8 8 8 4 8 6 6 8 12 12 12 3 3 12 12 12 12 12 12 12 12 12 12 12 14 12 12 12 8
split_gain=495440 88286.7 65830.1 17384.3 10878.1 10699.9 8904.05 3078.33 2353.21 1960.52 2827.77 1872.99 1732.32 1728.59 1696.95 2810.99 1311.66 1478.17 1264.15 2359.43 1250.87 1190.67 1104.09 1041.57 934.213 914.705 854.811 1304 848.262 821.015
threshold=47.642857142857146 76.035714285714292 26.678571428571434 97.964285714285737 35.500000000000007 60.250000000000007 16.214285714285719 114.35714285714288 87.250000000000014 3.5000000000000004 1.0000000180025095e-35 3.5000000000000004 40.500000000000007 21.500000000000004 3.5000000000000004 1.0000000180025095e-35 4.5000000000000009 1.0000000180025095e-35 3.5000000000000004 1.5000000000000002 1.5000000000000002 4.5000000000000009 3.5000000000000004 5.5000000000000009 4.5000000000000009 4.5000000000000009 4.5000000000000009 1.0000000180025095e-35 1.0000000180025095e-35 9.7500000000000018
decision_type=2 2 2 2 2 2 2 2 2 2 2 2 2 2 2 2 2 2 2 2 2 2 2 2 2 2 2 2 2 2
left_child=2 5 6 8 11 9 21 18 16 10 -2 20 -6 22 15 -7 17 -3 19 -5 -4 29 -8 -18 28 -16 27 -9 -10 -1
right_child=1 3 4 7 12 14 13 26 24 -11 -12 -13 -14 -15 25 -17 23 -19 -20 -21 -22 -23 -24 -25 -26 -27 -28 -29 -30 -31
leaf_value=-0.12447948842085516 0.070511819274181362 0.16812299017319862 -0.028169641973930858 0.23916318810846929 -0.0072739198270047141 0.11896804595332008 -0.079315549604624336 0.35355557257984205 0.20702884339669456 0.060412806244530437 0.021258145372458459 -0.019889294642146393 0.012529405290582463 -0.054296765164460907 0.091579319657707076 0.066256677699136818 0.19044377020046202 0.11640114944838403 0.24291558768428176 0.15924879444027087 -0.050626176609431459 -0.08004997527792275 -0.060102019399579036 0.13548316566819035 0.20574458307326737 0.12132952551591168 0.33117844873231217 0.24289500102004102 0.15180596140056332 -0.097279751928291816
leaf_weight=1155 1394 622 3980 649 7487 1206 6383 120 313 4262 4241 6741 8476 10733 1925 3722 627 2501 997 685 5088 3448 4662 619 638 1807 247 492 1279 7501
leaf_count=1155 1394 622 3980 649 7487 1206 6383 120 313 4262 4241 6741 8476 10733 1925 3722 627 2501 997 685 5088 3448 4662 619 638 1807 247 492 1279 7501
internal_value=5.36079e-06 0.104824 -0.0452498 0.17772 -0.0142279 0.0663691 -0.0743395 0.235226 0.149918 0.0450586 0.0334442 -0.0318671 0.00324103 -0.0628732 0.0907223 0.0791592 0.137107 0.126708 0.217305 0.198145 -0.0407706 -0.0949693 -0.0712066 0.163155 0.175009 0.105988 0.283821 0.264652 0.162677 -0.100911
internal_weight=94000 28346 65654 9789 31772 18557 33882 3190 6599 9897 5635 15809 15963 21778 8660 4928 4369 3123 2331 1334 9068 12104 11045 1246 2230 3732 859 612 1592 8656
internal_count=94000 28346 65654 9789 31772 18557 33882 3190 6599 9897 5635 15809 15963 21778 8660 4928 4369 3123 2331 1334 9068 12104 11045 1246 2230 3732 859 612 1592 8656
is_linear=0
shrinkage=0.03


Tree=73
num_leaves=31
num_cat=0
split_feature=5 8 3 3 6 4 6 4 12 15 12 6 6 6 15 12 12 12 12 12 8 3 15 12 12 12 15 5 12 12
split_gain=466548 78067.9 66802.1 15124.2 10923.8 10238.2 7766.31 2772.37 2172.2 2051.42 2049.92 1926.14 1833.18 1760.31 1731.58 1515.62 1695.52 1222.33 1164 1481.01 1123.61 1042.95 1037.53 1030.13 1002.69 982.455 953.951 924.057 922.537 1120.53
threshold=52.500000000000007 31.107142857142861 81.500000000000014 20.500000000000004 102.35714285714288 66.500000000000014 40.357142857142868 14.500000000000002 3.5000000000000004 24.500000000000004 1.0000000180025095e-35 90.785714285714292 25.071428571428573 56.357142857142868 18.500000000000004 4.5000000000000009 1.0000000180025095e-35 3.5000000000000004 4.5000000000000009 1.5000000000000002 45.392857142857146 122.50000000000001 21.500000000000004 1.0000000180025095e-35 3.5000000000000004 3.5000000000000004 18.500000000000004 77.500000000000014 3.5000000000000004 1.0000000180025095e-35
decision_type=2 2 2 2 2 2 2 2 2 2 2 2 2 2 2 2 2 2 2 2 2 2 2 2 2 2 2 2 2 2
left_child=1 3 5 7 11 13 15 -1 10 18 -8 22 -5 -2 27 16 -3 23 19 -6 -10 -11 -4 -15 -9 -16 -13 -7 29 -14
right_child=2 6 4 12 9 14 8 24 20 21 -12 26 28 17 25 -17 -18 -19 -20 -21 -22 -23 -24 -25 -26 -27 -28 -29 -30 -31
leaf_value=-0.09568347560198423 0.043607460390543508 0.0040681903830364161 0.1324685370765411 -0.05691809042505043 0.24621793851787682 0.082488028352978596 0.038579235901588287 -0.081053459722996227 0.019510573444713079 0.25793687755719125 -0.00092219160839624554 0.16470943892594464 -0.025467778770980016 0.09326620004604011 0.1087993836226068 0.00087473340888978167 -0.027400535044405705 0.085176957836220188 0.26248527353581774 0.17422085892688438 0.046986249015846436 0.33387156536539658 0.16826394676144521 0.050875682635926796 -0.063654935594529852 0.14224590199579043 0.20466402199730119 0.11316374769973135 -0.02994143955734473 -0.053595225539439156
leaf_weight=8851 3746 1916 1796 9822 429 2479 1479 6986 2937 625 5893 1112 1691 625 1836 3902 7868 2632 410 648 2464 223 1233 2967 5210 1394 1052 1377 5210 5187
leaf_count=8851 3746 1916 1796 9822 429 2479 1479 6986 2937 625 5893 1112 1691 625 1836 3902 7868 2632 410 648 2464 223 1233 2967 5210 1394 1052 1377 5210 5187
internal_value=5.29591e-06 -0.0397689 0.112313 -0.0647377 0.18675 0.0794574 0.000768564 -0.0829001 0.0175928 0.240651 0.00700275 0.162508 -0.0472903 0.0598605 0.107028 -0.0149331 -0.0212377 0.0696413 0.219364 0.202922 0.0320465 0.277946 0.147046 0.0582548 -0.0736218 0.123239 0.184143 0.0934459 -0.0394666 -0.0466808
internal_weight=94000 69416 24584 42957 7528 17056 26459 21047 12773 2335 7372 5193 21910 9970 7086 13686 9784 6224 1487 1077 5401 848 3029 3592 12196 3230 2164 3856 12088 6878
internal_count=94000 69416 24584 42957 7528 17056 26459 21047 12773 2335 7372 5193 21910 9970 7086 13686 9784 6224 1487 1077 5401 848 3029 3592 12196 3230 2164 3856 12088 6878
is_linear=0
shrinkage=0.03


Tree=74
num_leaves=31
num_cat=0
split_feature=10 10 3 10 10 10 10 10 15 15 16 16 10 5 16 15 3 6 16 3 16 16 16 4 16 10 13 14 10 16
split_gain=439174 78337.1 58428.1 12648.6 12084.9 9746.36 7976.18 2802.32 2088.1 2079.26 1805.59 1763.21 1480.63 1277.56 1262.13 1247.13 1176.91 1169.97 1148.67 1111.53 1078.16 984.647 971.687 913.6 813.673 812.313 764.751 757.109 738.786 718.466
threshold=48.017857142857146 78.696428571428584 26.500000000000004 98.267857142857153 62.089285714285715 35.553571428571438 16.589285714285719 113.87500000000001 18.500000000000004 19.500000000000004 1.0000000180025095e-35 1.0000000180025095e-35 22.839285714285719 56.500000000000007 1.0000000180025095e-35 21.500000000000004 42.500000000000007 70.357142857142875 1.0000000180025095e-35 127.50000000000001 1.0000000180025095e-35 1.0000000180025095e-35 1.0000000180025095e-35 71.500000000000014 1.0000000180025095e-35 9.9821428571428594 1.5000000000000002 4.5000000000000009 89.839285714285737 1.0000000180025095e-35
decision_type=2 2 2 2 2 2 2 2 2 2 2 2 2 2 2 2 2 2 2 2 2 2 2 2 2 2 2 2 2 2
left_child=2 4 6 9 10 22 18 15 23 28 13 16 21 27 19 24 -7 29 25 -9 26 -8 -4 -6 -5 -1 -11 -2 -3 -10
right_child=1 3 5 7 8 11 12 14 17 20 -12 -13 -14 -15 -16 -17 -18 -19 -20 -21 -22 -23 -24 -25 -26 -27 -28 -29 -30 -31
leaf_value=-0.11542498282886532 0.016971482654342819 0.12090186684866167 -0.035733534294019743 0.17114164458680695 0.067689754729900284 -0.010095140940447072 -0.070503074595015258 0.2254674070680987 0.083464689318394514 0.2784144852599319 0.06425225951475437 0.018261904358250508 -0.049213883856257114 0.054213943289854898 0.32168222337171282 0.23220545163383544 0.010111621172149267 0.12626533012137736 -0.074552877153969757 0.32597919365917438 0.19931443198911414 -0.052113574840775778 -0.019457674582811484 0.095336578444813858 0.22295485051592392 -0.090772355092136936 0.15153196727274038 0.039822148528601109 0.1533559460985234 0.12078893540664538
leaf_weight=1437 2530 2175 10403 968 2781 7922 9224 545 1668 44 3155 4696 8629 2689 264 858 3857 1779 3548 122 692 3665 4838 1758 383 7474 1660 2697 894 645
leaf_count=1437 2530 2175 10403 968 2781 7922 9224 545 1668 44 3155 4696 8629 2689 264 858 3857 1779 3548 122 692 3665 4838 1758 383 7474 1660 2697 894 645
internal_value=5.22318e-06 0.0987895 -0.0425608 0.174305 0.0658065 -0.0132769 -0.0698958 0.222295 0.0924172 0.146728 0.0450598 0.00271844 -0.0588345 0.0374094 0.265994 0.203865 -0.00347821 0.107962 -0.0889989 0.243902 0.167684 -0.0652747 -0.0305674 0.0784002 0.185848 -0.0947495 0.154826 0.028763 0.130361 0.0938789
internal_weight=94000 28307 65693 8605 19702 31716 33977 3140 8631 5465 11071 16475 21518 7916 931 2209 11779 4092 12459 667 2396 12889 15241 4539 1351 8911 1704 5227 3069 2313
internal_count=94000 28307 65693 8605 19702 31716 33977 3140 8631 5465 11071 16475 21518 7916 931 2209 11779 4092 12459 667 2396 12889 15241 4539 1351 8911 1704 5227 3069 2313
is_linear=0
shrinkage=0.03


Tree=75
num_leaves=31
num_cat=0
split_feature=8 8 4 5 8 8 8 3 12 12 15 8 12 12 8 12 12 12 12 15 8 12 5 8 12 12 15 15 12 12
split_gain=413499 73292.7 55689.1 13430.4 10751.3 7817.68 7340.83 2366.98 2362.24 2004.64 1852.39 1766.01 1761.88 2718.11 1702.54 1497.7 1556.23 1358.8 2214.55 1094.15 1029.24 981.296 974.29 966.114 940.471 895.471 890.52 879.174 876.576 1154.45
threshold=53.035714285714292 31.107142857142861 85.500000000000014 20.500000000000004 68.035714285714292 43.392857142857146 108.53571428571429 15.500000000000002 3.5000000000000004 1.5000000000000002 18.500000000000004 93.821428571428598 3.5000000000000004 1.0000000180025095e-35 24.964285714285719 3.5000000000000004 1.0000000180025095e-35 3.5000000000000004 1.5000000000000002 18.500000000000004 74.821428571428598 4.5000000000000009 60.500000000000007 8.8214285714285747 1.0000000180025095e-35 3.5000000000000004 20.500000000000004 19.500000000000004 3.5000000000000004 1.5000000000000002
decision_type=2 2 2 2 2 2 2 2 2 2 2 2 2 2 2 2 2 2 2 2 2 2 2 2 2 2 2 2 2 2
left_child=1 3 4 7 10 12 11 23 9 26 22 -4 13 -3 -5 16 -8 18 -7 -13 -10 24 -2 -1 -12 -25 -6 -14 29 -16
right_child=2 5 6 14 8 17 15 -9 20 -11 21 19 27 -15 28 -17 -18 -19 -20 -21 -22 -23 -24 25 -26 -27 -28 -29 -30 -31
leaf_value=-0.12087195001636582 0.035203953364690822 0.0090044394648643982 0.14779728576995652 -0.054113352859428289 0.10054022485632411 0.033169507946480811 0.28519419001832386 -0.067710551406755942 0.10904029699140466 0.075734642953470696 0.098559329887175293 0.16483292186213791 -0.0080677974188163738 -0.02708284660516945 -0.032090913326692089 0.27553057708803474 0.19324603425282463 0.036614266413825515 -0.0048649402666379607 0.20565840486447948 0.14433220961338361 0.096234840238137956 0.060693125781540541 -0.093315453414806127 0.058517261221502484 -0.075214842747155855 0.14334575783447079 0.012466936355061412 -0.028262177071838385 -0.056307440673194237
leaf_weight=753 2462 2494 2316 9905 1087 2713 221 9784 1311 2315 653 1223 4282 7609 3500 670 672 4131 2799 1153 1729 1369 2991 5794 2768 4286 735 3340 5344 3591
leaf_count=753 2462 2494 2316 9905 1087 2713 221 9784 1311 2315 653 1223 4282 7609 3500 670 672 4131 2799 1153 1729 1369 2991 5794 2768 4286 735 3340 5344 3591
internal_value=5.1604e-06 -0.0365025 0.108449 -0.0609481 0.0808766 0.00186741 0.185233 -0.0784098 0.109033 0.0942714 0.0611468 0.166465 -0.00995884 -0.0181741 -0.0448328 0.241556 0.216034 0.0236057 0.0138553 0.184653 0.129118 0.0747608 0.0491863 -0.0880719 0.066164 -0.0856202 0.117817 0.000930282 -0.0374399 -0.0443556
internal_weight=94000 70325 23675 42957 17420 27368 6255 20617 7177 4137 10243 4692 17725 10103 22340 1563 893 9643 5512 2376 3040 4790 5453 10833 3421 10080 1822 7622 12435 7091
internal_count=94000 70325 23675 42957 17420 27368 6255 20617 7177 4137 10243 4692 17725 10103 22340 1563 893 9643 5512 2376 3040 4790 5453 10833 3421 10080 1822 7622 12435 7091
is_linear=0
shrinkage=0.03


Tree=76
num_leaves=31
num_cat=0
split_feature=5 6 3 3 3 6 8 4 12 12 12 8 14 6 12 14 12 12 8 6 12 14 4 1 8 5 1 6 5 12
split_gain=389106 65182.2 55910 10236.8 9163.86 9020.05 8525.71 2304.68 2076.19 2171.62 1836.92 1729.17 1637.53 1603.58 1598.69 1396.99 1358.52 1956.52 1158.96 1064.91 961.358 899.967 861.064 835.025 802.753 795.253 769.046 768 749.341 742.704
threshold=52.500000000000007 29.357142857142858 81.500000000000014 18.500000000000004 100.50000000000001 38.928571428571438 66.464285714285737 116.50000000000001 3.5000000000000004 1.0000000180025095e-35 3.5000000000000004 23.892857142857146 4.5000000000000009 11.928571428571431 1.0000000180025095e-35 4.5000000000000009 3.5000000000000004 1.5000000000000002 45.392857142857146 75.928571428571445 3.5000000000000004 5.5000000000000009 58.500000000000007 74.500000000000014 88.178571428571431 60.500000000000007 48.500000000000007 97.214285714285737 94.500000000000014 4.5000000000000009
decision_type=2 2 2 2 2 2 2 2 2 2 2 2 2 2 2 2 2 2 2 2 2 2 2 2 2 2 2 2 2 2
left_child=1 3 6 13 15 16 12 27 9 -7 14 -5 25 -1 -8 28 17 -3 -10 -12 -15 -9 -14 -16 -17 -2 -11 -6 -4 -13
right_child=2 5 4 11 7 8 10 21 18 26 19 29 22 20 23 24 -18 -19 -20 -21 -22 -23 -24 -25 -26 -27 -28 -29 -30 -31
leaf_value=-0.094701650603196089 0.032747397112098627 -0.012257509161396948 0.11639386305576148 -0.056623821150803638 0.15066936708371717 0.034431958640595187 0.12290732120641143 0.22664589320375572 0.016733207445650742 -0.01147691090478402 0.10257104783579435 -0.044926401144166767 0.054791754697776016 -0.080806814166701338 0.056626100622914573 0.14490071645845984 -0.0086071445258394975 -0.040757053384610178 0.043326633932313445 0.14031585450088119 -0.063928433350819547 0.29000126855073255 0.080891350199416207 0.087390986451070213 0.17973334995897078 0.056003069640871844 0.0094538986285281328 0.20394641036306657 0.15221582746022716 -0.027919252705641336
leaf_weight=4433 2939 4285 1533 11399 287 1725 788 438 3676 4065 2007 8107 2302 7206 1304 1268 6588 4389 2464 1015 5260 381 2254 2037 1133 2410 2584 1684 804 3235
leaf_count=4433 2939 4285 1533 11399 287 1725 788 438 3676 4065 2007 8107 2302 7206 1304 1268 6588 4389 2464 1015 5260 381 2254 2037 1133 2410 2584 1684 804 3235
internal_value=5.06807e-06 -0.0363184 0.102569 -0.0615138 0.170668 -0.00277624 0.0725111 0.213808 0.0141555 0.00443912 0.0974746 -0.0483711 0.0544874 -0.0791995 0.084459 0.145259 -0.0188783 -0.0266788 0.0274062 0.115254 -0.0736858 0.256154 0.0677062 0.0753863 0.161346 0.0432267 -0.0033421 0.196198 0.128725 -0.0400761
internal_weight=94000 69416 24584 39640 7528 29776 17056 2790 14514 8374 7151 22741 9905 16899 4129 4738 15262 8674 6140 3022 12466 819 4556 3341 2401 5349 6649 1971 2337 11342
internal_count=94000 69416 24584 39640 7528 29776 17056 2790 14514 8374 7151 22741 9905 16899 4129 4738 15262 8674 6140 3022 12466 819 4556 3341 2401 5349 6649 1971 2337 11342
is_linear=0
shrinkage=0.03


Tree=77
num_leaves=31
num_cat=0
split_feature=10 6 10 6 10 10 6 5 15 12 12 15 12 12 12 12 12 12 12 12 12 12 12 10 15 10 6 10 12 12
split_gain=366478 67551.3 47635.9 13342.7 8490.47 6697.36 6377.18 2525.55 1813.56 1752.46 1770.44 1747.78 1571.55 1965.05 1429 1751.82 1424.75 1283.12 1672.04 1168.07 1148.49 1779.56 1046.9 1001.17 923.3 981.807 907.285 875.696 838.924 809.688
threshold=53.982142857142868 32.214285714285722 84.767857142857153 21.214285714285719 70.517857142857153 108.94642857142858 43.214285714285722 15.500000000000002 18.500000000000004 4.5000000000000009 1.0000000180025095e-35 20.500000000000004 3.5000000000000004 1.5000000000000002 4.5000000000000009 1.0000000180025095e-35 5.5000000000000009 4.5000000000000009 1.0000000180025095e-35 4.5000000000000009 3.5000000000000004 1.0000000180025095e-35 1.5000000000000002 60.660714285714299 16.500000000000004 99.803571428571445 122.92857142857144 8.946428571428573 5.5000000000000009 3.5000000000000004
decision_type=2 2 2 2 2 2 2 2 2 2 2 2 2 2 2 2 2 2 2 2 2 2 2 2 2 2 2 2 2 2
left_child=1 3 4 7 8 9 14 27 23 10 -4 -6 13 -5 15 -3 -11 18 -8 22 21 -7 -10 -2 -12 -26 -22 -1 -16 -29
right_child=2 6 5 12 11 20 17 -9 19 16 24 -13 -14 -15 28 -17 -18 -19 -20 -21 26 -23 -24 -25 25 -27 -28 29 -30 -31
leaf_value=-0.11419715945939533 0.035596061486997413 0.010726502194848006 0.18854172148577128 -0.034793818020920214 0.093307871450574814 0.27975207482714981 0.045058586630053632 -0.062994596294452365 0.08575915278865992 0.21550826743785995 0.11551096080178486 0.12684439122626165 -0.030690698070184035 -0.058292018942820788 0.019605239048575161 -0.018987795021560065 0.15396389897136661 0.039532826248870279 0.0091114842519783908 0.09721953505332806 0.23963513028764716 0.18102278051657258 0.052707512235360646 0.060951177311184518 0.1365795397015416 0.19384972629414302 0.32590586591456128 -0.088216821823027203 -0.006278924120316564 -0.070772390111207173
leaf_weight=763 2485 2222 673 6313 3623 219 1448 11718 1404 689 1278 2282 9654 6505 2282 9090 670 2956 5950 1459 530 666 2241 3219 1123 356 140 5647 2226 4169
leaf_count=763 2485 2222 673 6313 3623 219 1448 11718 1404 689 1278 2282 9654 6505 2282 9090 670 2956 5950 1459 530 666 2241 3219 1123 356 140 5647 2226 4169
internal_value=4.98498e-06 -0.0337647 0.103909 -0.0561483 0.0773412 0.173899 0.0045209 -0.0725904 0.0615344 0.156325 0.144886 0.106271 -0.0398338 -0.0467195 -0.0074588 -0.0131507 0.185182 0.022825 0.0161483 0.0745276 0.228006 0.205486 0.0654413 0.0499063 0.134222 0.150379 0.257712 -0.0832184 0.00682341 -0.080809
internal_weight=94000 70943 23057 44769 16713 6344 26174 22297 10808 4789 3430 5905 22472 12818 15820 11312 1359 10354 7398 5104 1555 885 3645 5704 2757 1479 670 10579 4508 9816
internal_count=94000 70943 23057 44769 16713 6344 26174 22297 10808 4789 3430 5905 22472 12818 15820 11312 1359 10354 7398 5104 1555 885 3645 5704 2757 1479 670 10579 4508 9816
is_linear=0
shrinkage=0.03


Tree=78
num_leaves=31
num_cat=0
split_feature=10 10 8 3 10 6 6 4 16 15 16 16 16 16 15 1 0 16 16 6 10 15 15 15 0 0 4 8 10 10
split_gain=345015 61742.3 46127.5 10049.4 9468.73 7802.11 6254.63 2056.94 1802.13 1772.35 1508.95 1437.83 1331.37 1260.66 1133.62 1014.36 976.776 948.002 931.443 918.053 913.938 861.098 815.25 777.597 758.079 745.097 720.353 679.134 662.018 659.347
threshold=48.017857142857146 78.696428571428584 26.678571428571434 100.50000000000001 62.089285714285715 36.214285714285722 16.214285714285719 116.50000000000001 1.0000000180025095e-35 18.500000000000004 1.0000000180025095e-35 1.0000000180025095e-35 1.0000000180025095e-35 1.0000000180025095e-35 16.500000000000004 89.500000000000014 104.50000000000001 1.0000000180025095e-35 1.0000000180025095e-35 56.357142857142868 22.089285714285719 22.500000000000004 20.500000000000004 20.500000000000004 32.500000000000007 82.500000000000014 71.500000000000014 97.964285714285737 123.83928571428574 9.9821428571428594
decision_type=2 2 2 2 2 2 2 2 2 2 2 2 2 2 2 2 2 2 2 2 2 2 2 2 2 2 2 2 2 2
left_child=2 4 6 8 10 13 18 23 14 26 19 20 22 24 -3 -10 -16 25 29 -2 -8 28 -7 27 -4 -11 -6 -5 -9 -1
right_child=1 3 5 7 9 12 11 21 15 17 -12 -13 -14 -15 16 -17 -18 -19 -20 -21 -22 -23 -24 -25 -26 -27 -28 -29 -30 -31
leaf_value=-0.10320152778877383 0.025308782449096515 0.10682650886937566 -0.036731783653162903 0.1173428696257189 0.05941005177406828 -0.0086396916412963595 -0.064136415588680842 0.19351554160235629 0.14773703704605634 0.082742676927709563 0.057460429589334706 -0.040258859189802772 0.018074769759294337 -0.012809351954623793 0.13141654352869336 0.20845887078846684 0.20342578213152462 0.11914262495874822 -0.066176245921686735 0.04663781528209926 -0.049561487094156031 0.27627797412091459 0.0081611490487251692 0.20633958472661526 -0.021076249409972062 0.14007050760029696 0.08396001487127204 0.17903282083512995 0.27803844297554559 -0.080927214236436743
leaf_weight=1437 5091 2151 7622 196 2781 6300 8308 348 1191 2712 3155 6207 4285 4791 1973 314 186 1159 3448 2825 7263 360 4425 856 4388 221 1758 919 111 7219
leaf_count=1437 5091 2151 7622 196 2781 6300 8308 348 1191 2712 3155 6207 4285 4791 1973 314 186 1159 3448 2825 7263 360 4425 856 4388 221 1758 919 111 7219
internal_value=4.91782e-06 0.0875613 -0.037723 0.154603 0.0582796 -0.0117788 -0.0620812 0.201413 0.13214 0.0818345 0.0399152 -0.052471 0.00393969 -0.0258218 0.122261 0.160421 0.137631 0.0961561 -0.0793715 0.0329214 -0.0573386 0.241419 -0.00170759 0.184777 -0.0310123 0.0870679 0.0689208 0.168203 0.214018 -0.0846265
internal_weight=94000 28307 65693 8605 19702 31811 33882 2790 5815 8631 11071 21778 15010 16801 4310 1505 2159 4092 12104 7916 15571 819 10725 1971 12010 2933 4539 1115 459 8656
internal_count=94000 28307 65693 8605 19702 31811 33882 2790 5815 8631 11071 21778 15010 16801 4310 1505 2159 4092 12104 7916 15571 819 10725 1971 12010 2933 4539 1115 459 8656
is_linear=0
shrinkage=0.03


Tree=79
num_leaves=31
num_cat=0
split_feature=10 8 10 5 10 10 10 10 12 12 15 15 4 12 12 14 12 12 1 12 12 12 12 15 6 12 12 12 12 12
split_gain=324678 58569.8 43303.6 11126.4 7918.34 5989.76 5950.15 1922.09 1628.25 2905.37 1568.51 1507.82 1504.5 1403.5 2248.07 1161.76 1078 1655.53 1002.33 921.453 903.267 895.172 894.031 832.835 822.76 786.115 1564.2 776.995 1450.12 774.94
threshold=53.446428571428577 31.535714285714288 84.767857142857153 20.500000000000004 68.446428571428584 43.482142857142868 108.94642857142858 14.553571428571431 3.5000000000000004 2.5000000000000004 18.500000000000004 19.500000000000004 25.500000000000004 3.5000000000000004 1.5000000000000002 4.5000000000000009 3.5000000000000004 1.0000000180025095e-35 91.500000000000014 3.5000000000000004 4.5000000000000009 1.0000000180025095e-35 1.5000000000000002 19.500000000000004 122.92857142857144 3.5000000000000004 1.0000000180025095e-35 3.5000000000000004 1.0000000180025095e-35 3.5000000000000004
decision_type=2 2 2 2 2 2 2 2 2 2 2 2 2 2 2 2 2 2 2 2 2 2 2 2 2 2 2 2 2 2
left_child=1 3 4 7 10 13 8 -1 9 21 27 -6 19 14 -3 -7 17 -8 -10 -5 22 -4 -12 -15 -18 26 -13 28 -2 -9
right_child=2 5 6 12 11 15 16 29 18 -11 20 25 -14 23 -16 -17 24 -19 -20 -21 -22 -23 -24 -25 -26 -27 -28 -29 -30 -31
leaf_value=-0.08060221537599882 0.069827753791768671 -0.00085112356664824803 0.17838539567829292 -0.054718334665895138 0.084951781205674051 0.011159218385311458 0.2645627484584524 -0.068419042695557403 0.14879239855989995 0.078855521838303036 0.078845831350010914 0.15159905669683182 -0.031879276169044041 -0.0071308137112554336 -0.02981130026076724 0.031706261477448455 0.22631311431729528 0.1693425550255821 0.19111503108196135 -0.037257517880485175 0.088352968338746854 0.13605920412860054 0.047319133654443471 0.013321518851284853 0.30846519198787165 0.13143842238658365 0.0829147253282079 0.057225003445291175 0.02234996151570218 -0.053137890504652445
leaf_weight=8372 772 4756 673 6312 4017 5006 219 7057 1151 692 1316 395 12054 4051 4896 4903 530 666 902 4785 1360 1371 2108 3213 140 1242 1225 2311 2317 5188
leaf_count=8372 772 4756 673 6312 4017 5006 219 7057 1151 692 1316 395 12054 4051 4896 4903 530 666 902 4785 1360 1371 2108 3213 140 1242 1225 2311 2317 5188
internal_value=4.85025e-06 -0.0321003 0.0968305 -0.0534932 0.0719487 0.00280442 0.163751 -0.0695219 0.147186 0.132014 0.0551507 0.0968156 -0.0392185 -0.00804526 -0.0155417 0.0213265 0.21475 0.192936 0.167397 -0.0471899 0.0676611 0.150005 0.0594391 0.00191527 0.243527 0.113463 0.099672 0.0440658 0.0342184 -0.0619454
internal_weight=94000 70593 23407 43768 17063 26825 6344 20617 4789 2736 10184 6879 23151 16916 9652 9909 1555 885 2053 11097 4784 2044 3424 7264 670 2862 1620 5400 3089 12245
internal_count=94000 70593 23407 43768 17063 26825 6344 20617 4789 2736 10184 6879 23151 16916 9652 9909 1555 885 2053 11097 4784 2044 3424 7264 670 2862 1620 5400 3089 12245
is_linear=0
shrinkage=0.03


Tree=80
num_leaves=31
num_cat=0
split_feature=3 8 3 3 6 6 6 12 12 8 12 3 12 15 15 12 12 12 12 6 12 12 8 8 5 12 8 15 6 0
split_gain=305726 50125.3 45260.4 8404.48 7591.23 7460.53 5828.73 1780.22 1875.23 1763.58 1749.24 1682.11 1542.31 1305.93 1299.28 1220.86 1804.77 1019.71 1063.4 986.396 977.302 936.45 893.126 848.698 780.201 715.993 707.559 684.246 666.587 638.453
threshold=51.500000000000007 28.750000000000004 79.500000000000014 100.50000000000001 38.928571428571438 17.071428571428573 65.071428571428584 3.5000000000000004 1.5000000000000002 108.53571428571429 3.5000000000000004 22.500000000000004 1.5000000000000002 17.500000000000004 16.500000000000004 3.5000000000000004 1.5000000000000002 3.5000000000000004 1.5000000000000002 89.785714285714292 4.5000000000000009 3.5000000000000004 45.392857142857146 74.821428571428598 56.500000000000007 3.5000000000000004 11.607142857142859 18.500000000000004 122.92857142857144 132.50000000000003
decision_type=2 2 2 2 2 2 2 2 2 2 2 2 2 2 2 2 2 2 2 2 2 2 2 2 2 2 2 2 2 2
left_child=1 5 6 14 15 20 13 8 -6 27 12 21 -8 24 -4 16 -3 18 29 -16 26 -7 -9 -12 -2 -21 -1 -5 -19 -11
right_child=2 4 3 9 7 11 10 22 -10 17 23 -13 -14 -15 19 -17 -18 28 -20 25 -22 -23 -24 -25 -26 -27 -28 -29 -30 -31
leaf_value=-0.090848542196196022 0.019196414641267426 -0.011498809565207943 0.11019878268268149 0.14424641482593706 0.019193033335367576 -0.061069831839497213 0.090206188202278617 0.015480773318058439 -0.0097638958352068636 0.20660028907866237 0.088187606083664563 -0.038111274879219337 0.053395750520058065 0.057521444692548065 0.12635157061457375 -0.008348930283202969 -0.037748761315342216 0.22459973543089012 0.15583366163885409 0.1418525366475489 -0.060486731225158595 -0.043928053993321933 0.039333323271553852 0.1221355553980684 0.044210622612628855 0.19227946315144798 -0.07307191026318019 0.18767213822996093 0.29921783968136195 0.30343154849526727
leaf_weight=2853 1750 4648 2574 705 3620 6755 1801 3675 4533 354 2047 12966 2379 4604 1864 7109 4784 492 409 615 3895 4991 2296 983 3132 435 6901 615 140 75
leaf_count=2853 1750 4648 2574 705 3620 6755 1801 3675 4533 354 2047 12966 2379 4604 1864 7109 4784 492 409 615 3895 4991 2296 983 3132 435 6901 615 140 75
internal_value=4.78675e-06 -0.0325384 0.0899514 0.147308 -0.00394482 -0.0553954 0.0615129 0.0122082 0.00309293 0.189708 0.0818454 -0.0455624 0.0692584 0.0460577 0.125748 -0.0177377 -0.0248136 0.212335 0.190553 0.139478 -0.0731978 -0.0537868 0.0246537 0.0992057 0.0352452 0.162763 -0.0782727 0.164494 0.241179 0.223603
internal_weight=94000 69026 24974 8278 30665 38361 16696 14124 8153 2790 7210 24712 4180 9486 5488 16541 9432 1470 838 2914 13649 11746 5971 3030 4882 1050 9754 1320 632 429
internal_count=94000 69026 24974 8278 30665 38361 16696 14124 8153 2790 7210 24712 4180 9486 5488 16541 9432 1470 838 2914 13649 11746 5971 3030 4882 1050 9754 1320 632 429
is_linear=0
shrinkage=0.03


Tree=81
num_leaves=31
num_cat=0
split_feature=4 10 6 10 10 8 4 15 15 15 12 12 10 15 12 12 5 12 12 8 10 12 10 12 15 3 5 12 12 5
split_gain=287983 47957.5 42027 7898.67 7136.95 6811.79 5959.25 1698.51 1667.56 1629.11 1613.6 1495.8 1247.66 1107.85 1085.83 1722.78 960.448 924.123 1597.06 884.299 861.169 805.049 790.692 780.921 764.421 744.211 699.944 683.307 1156.26 679.691
threshold=49.500000000000007 79.446428571428584 27.500000000000004 101.73214285714288 62.089285714285715 37.750000000000007 16.500000000000004 18.500000000000004 21.500000000000004 20.500000000000004 3.5000000000000004 1.5000000000000002 22.839285714285719 17.500000000000004 3.5000000000000004 1.0000000180025095e-35 116.50000000000001 3.5000000000000004 1.5000000000000002 9.3928571428571441 123.83928571428574 3.5000000000000004 89.839285714285737 4.5000000000000009 18.500000000000004 85.500000000000014 96.500000000000014 4.5000000000000009 1.0000000180025095e-35 123.50000000000001
decision_type=2 2 2 2 2 2 2 2 2 2 2 2 2 2 2 2 2 2 2 2 2 2 2 2 2 2 2 2 2 2
left_child=2 4 6 9 13 14 19 27 20 22 11 -7 -8 -2 15 -4 21 18 -9 -1 26 -10 -3 -21 -12 -11 -5 28 -6 -22
right_child=1 3 5 8 7 10 12 17 16 25 24 -13 -14 -15 -16 -17 -18 -19 -20 23 29 -23 -24 -25 -26 -27 -28 -29 -30 -31
leaf_value=-0.097156006250242871 0.028265922992100675 0.098776054396686103 -0.0049491329631059788 0.081749038188921153 0.091014786196262604 0.013798045530878935 -0.052681802160628143 0.10227140059348098 0.16628023105594564 0.11973396751472475 0.0098787463054739923 -0.012467268817128493 -0.038678554019100225 0.048597820872259181 -0.011616037528921198 -0.033807772160980604 0.258125517351669 0.10530121650514869 0.053505652868298635 -0.074025705605906558 0.16371573287318034 0.23587091667205951 0.12881343794046299 -0.056116664532529843 0.03166912760560564 0.15472719746180327 0.16670164737528087 0.081174775724736498 0.046990810160968038 0.29908756871515674
leaf_weight=1141 4868 2082 2472 94 672 3502 12688 1170 356 844 3131 4407 10445 4784 7545 7545 351 1838 1252 8596 60 261 1275 2946 2698 1573 1307 1342 2678 77
leaf_count=1141 4868 2082 2472 94 672 3502 12688 1170 356 844 3131 4407 10445 4784 7545 7545 351 1838 1252 8596 60 261 1275 2946 2698 1573 1307 1342 2678 77
internal_value=4.72312e-06 0.0829719 -0.0332286 0.143033 0.0562401 -0.00783405 -0.0554211 0.0755346 0.187515 0.123723 0.00798935 -0.00083693 -0.0463594 0.0383441 -0.0202122 -0.0266864 0.218399 0.089252 0.0770675 -0.0719484 0.168062 0.195756 0.110189 -0.0694554 0.0199655 0.142514 0.16101 0.0630779 0.0558252 0.239985
internal_weight=94000 26884 67116 8280 18604 31300 35816 8952 2506 5774 13738 7909 23133 9652 17562 10017 968 4260 2422 12683 1538 617 3357 11542 5829 2417 1401 4692 3350 137
internal_count=94000 26884 67116 8280 18604 31300 35816 8952 2506 5774 13738 7909 23133 9652 17562 10017 968 4260 2422 12683 1538 617 3357 11542 5829 2417 1401 4692 3350 137
is_linear=0
shrinkage=0.03


Tree=82
num_leaves=31
num_cat=0
split_feature=10 10 3 10 10 10 6 10 12 15 12 12 12 12 12 12 12 12 12 13 15 12 15 12 5 12 8 12 15 12
split_gain=271284 48621.7 36181.3 9412.19 6209.25 6116.57 4988.59 1851.55 1492.53 1426.95 1423 2089.1 1188.94 2028.73 1187.58 1769.14 1182.37 1103.28 1119.54 961.764 943.089 930.304 858.089 847.069 830.519 824.547 803.02 798.651 795.667 735.804
threshold=48.017857142857146 76.589285714285737 26.500000000000004 98.267857142857153 35.553571428571438 60.232142857142868 16.214285714285719 118.12500000000001 3.5000000000000004 19.500000000000004 3.5000000000000004 1.5000000000000002 3.5000000000000004 1.0000000180025095e-35 4.5000000000000009 1.0000000180025095e-35 1.5000000000000002 4.5000000000000009 1.0000000180025095e-35 1.5000000000000002 24.500000000000004 5.5000000000000009 19.500000000000004 4.5000000000000009 84.500000000000014 5.5000000000000009 8.8214285714285747 1.0000000180025095e-35 15.500000000000002 4.5000000000000009
decision_type=2 2 2 2 2 2 2 2 2 2 2 2 2 2 2 2 2 2 2 2 2 2 2 2 2 2 2 2 2 2
left_child=2 5 6 9 22 12 26 17 16 24 11 -7 13 -2 15 -6 -8 18 -5 -11 -20 -16 -4 27 -3 -19 -1 -21 -12 -28
right_child=1 3 4 7 14 10 8 -9 -10 19 28 -13 -14 -15 21 -17 -18 25 20 23 -22 -23 -24 -25 -26 -27 29 -29 -30 -31
leaf_value=-0.10043143558476079 0.055622044649192931 0.081858560720270007 -0.03063367238633747 0.19914797381744004 0.020795079645042142 0.076380958309647154 -0.043077904441323159 0.22170671639842432 -0.037332004991080324 0.22552343196191757 0.066364648839249168 0.038031090509586474 0.04511164973042299 0.013562397370840539 0.028266741206797969 -0.0084717212493368461 -0.061591546008960343 0.22700534861079533 0.12298122885411424 0.15554391780648497 0.17507787797813842 0.0015569290081593732 -0.016320648096944709 0.15003485067537498 0.11145679799072455 0.16249469568122854 -0.073248319031082948 0.10543121373850649 0.093711646075224184 -0.056320031453539116
leaf_weight=753 1370 1490 8397 353 2313 2528 5695 619 9344 87 1778 2588 4184 4186 2384 9466 6834 364 991 345 459 2312 6844 818 2006 354 8114 1705 2082 3237
leaf_count=753 1370 1490 8397 353 2313 2528 5695 619 9344 87 1778 2588 4184 4186 2384 9466 6834 364 991 345 459 2312 6844 818 2006 354 8114 1705 2082 3237
internal_value=4.6601e-06 0.077644 -0.03345 0.132568 -0.0104059 0.0494974 -0.0549605 0.175169 -0.0464084 0.111829 0.0673629 0.0569829 0.0330324 0.0239348 0.00236117 -0.00272432 -0.0531769 0.163733 0.151179 0.127185 0.139486 0.0151175 -0.0242067 0.124193 0.0988455 0.19523 -0.070414 0.113873 0.0811178 -0.0684216
internal_weight=94000 28307 65693 9591 31716 18716 33977 3140 21873 6451 8976 5116 9740 5556 16475 11779 12529 2521 1803 2955 1450 4696 15241 2868 3496 718 12104 2050 3860 11351
internal_count=94000 28307 65693 9591 31716 18716 33977 3140 21873 6451 8976 5116 9740 5556 16475 11779 12529 2521 1803 2955 1450 4696 15241 2868 3496 718 12104 2050 3860 11351
is_linear=0
shrinkage=0.03


Tree=83
num_leaves=31
num_cat=0
split_feature=10 10 4 6 10 10 6 3 12 12 15 12 12 14 12 12 12 12 12 12 12 12 15 10 15 10 10 14 6 12
split_gain=255427 47214.9 33506.9 9300.4 6110.69 4555.46 4532.02 1779.35 1764.59 1377.79 1372.33 1237.11 1323.3 1232.54 1081.9 1815.97 993.979 1844.31 921.377 1456.05 901.757 851.37 802.393 749.962 738.424 710.233 706.588 695.981 683.692 656.474
threshold=53.982142857142868 32.339285714285715 85.500000000000014 21.214285714285719 70.517857142857153 108.94642857142858 43.214285714285722 15.500000000000002 3.5000000000000004 1.5000000000000002 18.500000000000004 4.5000000000000009 1.0000000180025095e-35 4.5000000000000009 3.5000000000000004 1.0000000180025095e-35 3.5000000000000004 1.5000000000000002 3.5000000000000004 1.0000000180025095e-35 4.5000000000000009 1.5000000000000002 20.500000000000004 91.553571428571445 19.500000000000004 60.660714285714299 8.946428571428573 4.5000000000000009 122.92857142857144 3.5000000000000004
decision_type=2 2 2 2 2 2 2 2 2 2 2 2 2 2 2 2 2 2 2 2 2 2 2 2 2 2 2 2 2 2
left_child=1 3 4 7 10 13 14 26 9 22 25 12 -5 -4 15 -3 17 -8 19 -7 21 -12 -6 -15 -16 -2 -1 -10 -20 -28
right_child=2 6 5 11 8 18 16 -9 27 -11 20 -13 -14 23 24 -17 -18 -19 28 -21 -22 -23 -24 -25 -26 -27 29 -29 -30 -31
leaf_value=-0.097236212256335885 0.029033472133674611 0.010373155030472257 0.11591073858026066 -0.02033082040737497 0.07973914549875763 0.23754460892721244 0.028203245933415718 -0.052424491138178347 0.092967701896196756 0.058631352543608233 0.072846233837032592 -0.022129061848298034 -0.042028071542183174 0.12732196156078349 -0.0056752808567540293 -0.020768252784012956 0.029877093977842654 -0.005342516689663907 0.20145419791273364 0.14825757105120455 0.082452467401175622 0.043041285219019086 0.12523751788150594 0.16158506846962342 0.014314339392408195 0.05039241375154882 -0.073851446901152973 0.12451467143020729 0.27633471170061408 -0.058346700956643661
leaf_weight=763 2485 2235 2351 3152 930 219 2893 11458 1323 1977 1404 6387 12835 1023 3972 6850 4452 3009 530 666 1458 2241 560 1326 2861 3217 5801 1207 140 4275
leaf_count=763 2485 2235 2351 3152 930 219 2893 11458 1323 1977 1404 6387 12835 1023 3972 6850 4452 3009 530 666 1458 2241 560 1326 2861 3217 5801 1207 140 4275
internal_value=4.59402e-06 -0.0281881 0.0867493 -0.046957 0.0646824 0.146022 0.00372513 -0.0606694 0.088968 0.075059 0.0512025 -0.0332914 -0.0377506 0.131288 -0.00632391 -0.0131068 0.0191745 0.0111004 0.190544 0.17038 0.0625058 0.0545242 0.0968485 0.146671 0.00269409 0.0410851 -0.0693844 0.108023 0.217144 -0.0672741
internal_weight=94000 70943 23057 44671 16802 6255 26272 22297 5997 3467 10805 22374 15987 4700 15918 9085 10354 5902 1555 885 5103 3645 1490 2349 6833 5702 10839 2530 670 10076
internal_count=94000 70943 23057 44671 16802 6255 26272 22297 5997 3467 10805 22374 15987 4700 15918 9085 10354 5902 1555 885 5103 3645 1490 2349 6833 5702 10839 2530 670 10076
is_linear=0
shrinkage=0.03


Tree=84
num_leaves=31
num_cat=0
split_feature=6 0 6 6 6 6 6 12 12 12 12 12 4 12 12 12 12 12 12 12 6 12 12 12 12 12 12 4 4 15
split_gain=240455 43177.4 32167.8 6937.56 6611.71 5301.48 4469.42 2189.63 1689.33 2232.43 1366.79 2221 1341.66 1332.92 1177.62 1345.74 1025.55 1358.64 940.853 1398.77 914.735 892.949 928.19 866.392 768.397 771.604 740.456 739.878 698.996 651.873
threshold=47.642857142857146 78.500000000000014 26.785714285714288 101.21428571428574 61.357142857142868 36.214285714285722 16.214285714285719 3.5000000000000004 3.5000000000000004 1.0000000180025095e-35 3.5000000000000004 1.5000000000000002 116.50000000000001 1.0000000180025095e-35 3.5000000000000004 1.5000000000000002 3.5000000000000004 1.5000000000000002 4.5000000000000009 1.0000000180025095e-35 70.928571428571445 3.5000000000000004 1.5000000000000002 2.5000000000000004 5.5000000000000009 4.5000000000000009 5.5000000000000009 98.500000000000014 10.500000000000002 21.500000000000004
decision_type=2 2 2 2 2 2 2 2 2 2 2 2 2 2 2 2 2 2 2 2 2 2 2 2 2 2 2 2 2 2
left_child=2 4 6 8 10 16 28 13 9 27 11 -2 21 -6 15 -8 17 -4 19 -7 -9 22 -5 -11 25 -10 -20 -3 -1 -15
right_child=1 3 5 12 7 18 14 20 24 23 -12 -13 -14 29 -16 -17 -18 -19 26 -21 -22 -23 -24 -25 -26 -27 -28 -29 -30 -31
leaf_value=-0.079850907142746078 0.041837778772135202 0.12302385252106049 -0.016262468637967247 0.1720392549848142 0.085531815388660018 0.020500045979608663 -0.03968125520420468 0.070573973967593656 0.12524826175837875 0.095683588047551296 0.045046184388373191 0.0056682782677252705 0.20217805019372481 0.035461972676519425 -0.03564509453744226 -0.059270625957611907 -0.012721668631615777 -0.039115654226179873 0.027562929491121563 -0.0067817070617783694 0.09824547676470799 0.18132392310293138 0.11289086920481402 0.058018078952475814 0.11043531978373369 0.17148897672484892 0.0025436074264233379 0.18394937139413897 -0.062450486150230931 0.061225854505911337
leaf_weight=2669 3004 971 4613 406 926 2105 6223 2424 674 1956 4633 3110 833 2311 9517 6410 7060 4756 2163 8606 1937 711 584 766 814 632 2097 221 9435 1433
leaf_count=2669 3004 971 4613 406 926 2105 6223 2424 674 1956 4633 3110 833 2311 9517 6410 7060 4756 2163 8606 1937 711 584 766 814 632 2097 221 9435 1433
internal_value=4.52039e-06 0.0730272 -0.0315229 0.129281 0.0486567 -0.00959005 -0.0516282 0.0675789 0.111782 0.10009 0.0327552 0.0234404 0.170943 0.0532999 -0.0436167 -0.0496216 -0.0213573 -0.0278641 0.00332301 -0.00141969 0.0828673 0.155635 0.137166 0.0850877 0.133361 0.147639 0.0152481 0.134337 -0.0662883 0.0453252
internal_weight=94000 28346 65654 8568 19778 31400 34254 9031 6034 3914 10747 6114 2534 4670 22150 12633 16429 9369 14971 10711 4361 1701 990 2722 2120 1306 4260 1192 12104 3744
internal_count=94000 28346 65654 8568 19778 31400 34254 9031 6034 3914 10747 6114 2534 4670 22150 12633 16429 9369 14971 10711 4361 1701 990 2722 2120 1306 4260 1192 12104 3744
is_linear=0
shrinkage=0.03


Tree=85
num_leaves=31
num_cat=0
split_feature=5 10 10 6 10 10 10 14 10 14 14 10 12 12 12 12 12 12 12 12 14 12 12 12 10 12 12 1 12 12
split_gain=226476 38065.6 32883.8 5917.78 5876.23 5505.21 4419.96 1563.64 1276.66 1222.56 1221.81 1116.26 1101.84 1386.35 960.146 1385.67 957.843 1124.36 950.717 870.699 775.176 756.041 950.136 708.232 704.943 682.028 1266.51 769.418 679.309 648.943
threshold=52.500000000000007 29.303571428571434 80.303571428571445 19.071428571428573 103.58928571428574 39.553571428571438 66.625000000000014 4.5000000000000009 89.839285714285737 5.5000000000000009 4.5000000000000009 11.982142857142859 3.5000000000000004 1.0000000180025095e-35 4.5000000000000009 1.0000000180025095e-35 4.5000000000000009 1.0000000180025095e-35 5.5000000000000009 3.5000000000000004 4.5000000000000009 3.5000000000000004 1.5000000000000002 1.5000000000000002 123.83928571428574 1.0000000180025095e-35 3.5000000000000004 82.500000000000014 4.5000000000000009 2.5000000000000004
decision_type=2 2 2 2 2 2 2 2 2 2 2 2 2 2 2 2 2 2 2 2 2 2 2 2 2 2 2 2 2 2
left_child=1 3 6 11 8 16 10 -7 20 24 -2 -1 13 -5 15 -8 17 -3 -16 23 -4 22 -11 -9 -6 -10 29 -28 -13 -27
right_child=2 5 4 12 9 7 14 19 25 21 -12 28 -14 -15 18 -17 -18 -19 -20 -21 -22 -23 -24 -25 -26 26 27 -29 -30 -31
leaf_value=-0.073046754119603305 0.031851363727853473 -9.4650131298428642e-05 0.085355373459425524 -0.024910327691388612 0.14449441965001081 0.0012312092142105554 0.098788314987447945 0.025936609199560555 0.166939967022189 0.21574473088144314 0.052853762748151636 -0.059957447113438249 -0.028835327536400439 -0.048278693173210305 0.11229095198499235 0.057957086203489168 -0.0028533087965988751 -0.023868285801891074 0.069767731373471129 0.033271782027846884 0.11480974750608902 0.23042865447964203 0.13396849491509227 0.0008985178243588346 0.21878519716949599 0.1156100416693021 0.063643417884668374 0.15270555238339384 -0.04488892779106448 0.066456448071521401
leaf_weight=4446 5327 2230 1624 3033 1178 7142 933 1838 357 251 4689 9462 9298 9275 961 3784 4525 9088 935 3034 1600 369 263 2276 128 725 96 1000 3769 364
leaf_count=4446 5327 2230 1624 3033 1178 7142 933 1838 357 251 4689 9462 9298 9275 961 3784 4525 9088 935 3034 1600 369 263 2276 128 725 96 1000 3769 364
internal_value=4.44986e-06 -0.0277073 0.0782521 -0.0471643 0.128417 -0.00234199 0.0542534 0.0111596 0.112525 0.17027 0.0416844 -0.0600378 -0.0366316 -0.0425206 0.0732888 0.0660359 -0.0145203 -0.0191844 0.0913273 0.021079 0.099977 0.197574 0.173942 0.0120858 0.151794 0.128433 0.122132 0.144914 -0.0556656 0.0991907
internal_weight=94000 69416 24584 39283 7955 30133 16629 14290 5766 2189 10016 17677 21606 12308 6613 4717 15843 11318 1896 7148 3224 883 514 4114 1306 2542 2185 1096 13231 1089
internal_count=94000 69416 24584 39283 7955 30133 16629 14290 5766 2189 10016 17677 21606 12308 6613 4717 15843 11318 1896 7148 3224 883 514 4114 1306 2542 2185 1096 13231 1089
is_linear=0
shrinkage=0.03


Tree=86
num_leaves=31
num_cat=0
split_feature=10 6 4 10 10 10 10 8 12 12 12 12 14 12 12 15 14 15 15 12 12 12 13 8 0 14 15 3 12 12
split_gain=213380 39432.1 28032.6 7907.84 5059.29 3817.39 3770.12 1526.36 1520.2 1245.82 2024.5 1206.98 1126.19 1060.82 1489.34 1020.13 966.715 814.719 738.151 696.267 691.673 690.194 655.955 650.398 648.108 637.649 573.495 560.286 556.366 554.525
threshold=53.982142857142868 32.214285714285722 85.500000000000014 21.482142857142861 70.517857142857153 108.94642857142858 43.482142857142868 13.964285714285717 3.5000000000000004 3.5000000000000004 1.0000000180025095e-35 1.5000000000000002 4.5000000000000009 3.5000000000000004 1.0000000180025095e-35 19.500000000000004 4.5000000000000009 45.500000000000007 20.500000000000004 4.5000000000000009 3.5000000000000004 1.5000000000000002 1.5000000000000002 92.107142857142875 62.500000000000007 4.5000000000000009 18.500000000000004 92.500000000000014 4.5000000000000009 1.0000000180025095e-35
decision_type=2 2 2 2 2 2 2 2 2 2 2 2 2 2 2 2 2 2 2 2 2 2 2 2 2 2 2 2 2 2
left_child=1 3 4 7 9 12 15 -1 11 10 -2 18 27 14 -5 -3 -8 -7 -6 -9 21 -17 -14 -24 -12 -10 -11 -4 29 -18
right_child=2 6 5 13 8 17 16 19 25 26 24 -13 22 -15 -16 20 28 -19 -20 -21 -22 -23 23 -25 -26 -27 -28 -29 -30 -31
leaf_value=-0.066496923780921979 0.067995923835321839 -0.012473693564380658 0.089853641832069411 -0.017862284252217028 0.072277605050083127 0.15829655363132655 0.0085666002170673976 -0.053967031879895322 0.084479500206136551 0.048531360698140374 0.017700525173070122 0.052916970432762687 0.21472961790533579 -0.022585441840173914 -0.041723107651379467 0.0074599677572089376 0.044553615061801076 0.20397088543004507 0.11591401679709205 -0.039713454927085251 0.013566091588514672 -0.017339066542572317 0.11310230898599322 0.14564939067807842 0.040202027373648301 0.11467312770502137 0.06964920256052011 0.11923384983972074 0.04266087467976782 0.014895658570236621
leaf_weight=7440 1523 8811 1114 3126 930 1012 5190 10810 1323 2439 2488 1977 89 9526 9546 1957 705 543 560 4321 3060 2087 979 1281 2147 1207 2208 1237 1454 2910
leaf_count=7440 1523 8811 1114 3126 930 1012 5190 10810 1323 2439 2488 1977 89 9526 9546 1957 705 543 560 4321 3060 2087 979 1281 2147 1207 2208 1237 1454 2910
internal_value=4.38806e-06 -0.0257636 0.0792886 -0.0428652 0.0591047 0.133504 0.00348759 -0.0553692 0.0812025 0.046839 0.0379872 0.0682925 0.120015 -0.0301508 -0.0358374 -0.00565368 0.0176688 0.17426 0.0886866 -0.0498971 0.00280474 -0.00533752 0.134719 0.131557 0.0281248 0.0988893 0.0585673 0.105318 0.0269874 0.0206815
internal_weight=94000 70943 23057 44769 16802 6255 26174 22571 5997 10805 6158 3467 4700 22198 12672 15915 10259 1555 1490 15131 7104 4044 2349 2260 4635 2530 4647 2351 5069 3615
internal_count=94000 70943 23057 44769 16802 6255 26174 22571 5997 10805 6158 3467 4700 22198 12672 15915 10259 1555 1490 15131 7104 4044 2349 2260 4635 2530 4647 2351 5069 3615
is_linear=0
shrinkage=0.03


Tree=87
num_leaves=31
num_cat=0
split_feature=6 10 10 3 10 10 10 3 12 12 12 12 15 15 14 12 12 12 12 1 12 12 12 10 12 6 12 12 12 12
split_gain=200809 37244.3 26245.3 7392.99 4616.06 3673.23 3595.71 1513.22 1281.72 2396.8 1236.88 1899.57 1186.04 1009.27 897.253 812.913 1589.34 810.191 1311.35 721.074 665.696 642.591 674.406 623.995 617.898 613.104 603.089 929.984 596.942 588.894
threshold=53.785714285714292 32.339285714285715 84.767857142857153 21.500000000000004 70.517857142857153 108.94642857142858 43.482142857142868 15.500000000000002 3.5000000000000004 2.5000000000000004 3.5000000000000004 1.5000000000000002 20.500000000000004 19.500000000000004 4.5000000000000009 1.0000000180025095e-35 3.5000000000000004 3.5000000000000004 1.0000000180025095e-35 91.500000000000014 1.0000000180025095e-35 3.5000000000000004 1.5000000000000002 8.946428571428573 5.5000000000000009 122.92857142857144 1.0000000180025095e-35 3.5000000000000004 3.5000000000000004 3.5000000000000004
decision_type=2 2 2 2 2 2 2 2 2 2 2 2 2 2 2 2 2 2 2 2 2 2 2 2 2 2 2 2 2 2
left_child=1 3 4 7 10 8 13 23 9 20 11 -2 -6 -3 -5 -8 -17 18 -7 -10 -4 22 -15 -1 -21 -19 -14 -28 -25 -9
right_child=2 6 5 14 12 17 15 29 19 -11 -12 -13 26 21 -16 16 -18 25 -20 24 -22 -23 -24 28 -26 -27 27 -29 -30 -31
leaf_value=-0.087748793593678986 0.053677855200782471 -0.01211081357789269 0.14329636365944545 -0.035031006515133627 0.067894140624058449 0.21386026301374042 0.037982809699329378 -0.051869477086210349 0.11809693271186954 0.054210027251142309 0.057263207796910832 0.020262548226989786 0.13445781701958898 0.0079850300196275259 -0.02277514540095928 0.0010763758910128916 0.026489266954761271 0.17912133579600409 0.12913947519425001 0.169262559311082 0.10680288224840812 0.013595845127251479 -0.016883353971389761 -0.065865001604251891 0.1134253545141979 0.25000109181988678 0.068640879867230678 0.10987604332713245 -0.051080890511543305 -0.038602771545120589
leaf_weight=763 3016 9101 673 10880 3623 219 1451 7057 1151 692 4629 3111 310 1898 10634 4439 4421 530 666 655 1371 2982 2032 5801 247 140 980 992 4275 5261
leaf_count=763 3016 9101 673 10880 3623 219 1451 7057 1151 692 4629 3111 310 1898 10634 4439 4421 530 666 655 1371 2982 2032 5801 247 140 980 992 4275 5261
internal_value=4.32056e-06 -0.0249557 0.0770326 -0.0416359 0.057259 0.128961 0.00334989 -0.0533996 0.115946 0.102487 0.0455574 0.0367122 0.0785718 -0.00554714 -0.0289734 0.0171672 0.0137575 0.169033 0.150129 0.133875 0.118826 0.00309485 -0.00487247 -0.0615764 0.15399 0.193972 0.0955192 0.08939 -0.0595933 -0.0462039
internal_weight=94000 70995 23005 44671 16661 6344 26324 23157 4789 2736 10756 6127 5905 16013 21514 10311 8860 1555 885 2053 2044 6912 3930 10839 902 670 2282 1972 10076 12318
internal_count=94000 70995 23005 44671 16661 6344 26324 23157 4789 2736 10756 6127 5905 16013 21514 10311 8860 1555 885 2053 2044 6912 3930 10839 902 670 2282 1972 10076 12318
is_linear=0
shrinkage=0.03


Tree=88
num_leaves=31
num_cat=1
split_feature=10 10 10 3 10 10 10 12 12 4 15 15 1 14 12 12 12 12 12 12 12 15 10 12 12 21 10 12 12 12
split_gain=189079 34144.9 25585.1 5622.96 5203.01 4439.85 3324.26 1772.99 1830.37 1250.6 1195.67 1151.94 1014.71 970.41 928.348 826.797 1133.8 807.265 657.928 653.537 756.225 649.86 622.773 614.71 802.807 587.92 720.996 558.824 1004.48 558.285
threshold=48.017857142857146 78.696428571428584 26.589285714285719 100.50000000000001 60.660714285714299 35.553571428571438 16.589285714285719 3.5000000000000004 1.5000000000000002 116.50000000000001 15.500000000000002 17.500000000000004 91.500000000000014 4.5000000000000009 4.5000000000000009 3.5000000000000004 1.0000000180025095e-35 1.0000000180025095e-35 4.5000000000000009 4.5000000000000009 1.0000000180025095e-35 45.500000000000007 72.410714285714292 3.5000000000000004 1.5000000000000002 0 88.625000000000014 1.0000000180025095e-35 3.5000000000000004 1.0000000180025095e-35
decision_type=2 2 2 2 2 2 2 2 2 2 2 2 2 2 2 2 2 2 2 2 2 2 2 2 2 1 2 2 2 2
left_child=2 4 6 7 11 15 18 8 -3 25 27 -2 -9 29 17 16 -4 -8 -1 20 -13 -11 -12 24 -15 -5 -27 -6 -29 -7
right_child=1 3 5 9 10 13 14 12 -10 21 22 19 -14 23 -16 -17 -18 -19 -20 -21 -22 -23 -24 -25 -26 26 -28 28 -30 -31
leaf_value=-0.062922797497408423 0.01760913178991956 0.10814674666344627 -0.0075275400026915311 0.1652215254156692 0.073397304963575286 0.013888901145956638 -0.028947098894817013 0.10678731739238363 0.063480296628953922 0.16121314526929167 0.061395923871016299 0.058953206339076865 0.15291586436660035 0.015051151883109369 -0.029018405569404122 -0.012336114356358624 -0.032320071261569584 -0.046434618650857545 -0.047638467455203781 0.054902182317857623 0.02449822786931536 0.21746988635797967 0.083607382935554642 0.018970412542144151 -0.01019034746220298 -0.035096469574618608 0.12426406978639168 0.027493156943960019 0.058437984658461881 -0.008193351068043489
leaf_weight=8911 4933 1503 2202 660 633 1201 2960 1923 1835 533 3548 711 554 2232 5986 6784 6751 12072 3548 1459 2965 286 1675 3493 2305 26 1285 1894 1884 7248
leaf_count=8911 4933 1503 2202 660 633 1201 2960 1923 1835 533 3548 711 554 2232 5986 6784 6751 12072 3548 1459 2965 286 1675 3493 2305 26 1285 1894 1884 7248
internal_value=4.25649e-06 0.0648215 -0.0279254 0.114677 0.043046 -0.00884023 -0.0462915 0.0978746 0.0835958 0.149693 0.0588065 0.0279641 0.117111 0.00204302 -0.0390122 -0.0202368 -0.0262228 -0.0429915 -0.0585709 0.0379107 0.0311646 0.180886 0.0685211 0.00951065 0.00222673 0.136721 0.120182 0.0473015 0.0429265 -0.00505394
internal_weight=94000 28307 65693 8605 19702 32216 33477 5815 3338 2790 9634 10068 2477 16479 21018 15737 8953 15032 12459 5135 3676 819 5223 8030 4537 1971 1311 4411 3778 8449
internal_count=94000 28307 65693 8605 19702 32216 33477 5815 3338 2790 9634 10068 2477 16479 21018 15737 8953 15032 12459 5135 3676 819 5223 8030 4537 1971 1311 4411 3778 8449
cat_boundaries=0 2
cat_threshold=3229614080 16512
is_linear=0
shrinkage=0.03


Tree=89
num_leaves=31
num_cat=0
split_feature=6 0 4 6 4 6 6 12 15 12 15 12 12 6 12 12 12 12 12 14 13 15 5 0 5 0 12 12 5 14
split_gain=177975 31865.3 24379.1 4918.93 4579.07 4488.17 3129.78 1501.55 1163.12 1162.67 1114.96 993.167 1437.08 984.07 980.226 969.452 939.708 771.368 1171.06 757.904 732.982 703.781 688.695 707.647 646.935 637.596 636.908 613.917 587.041 575.381
threshold=53.071428571428577 29.500000000000004 85.500000000000014 19.357142857142858 67.500000000000014 40.071428571428577 106.35714285714288 3.5000000000000004 23.500000000000004 3.5000000000000004 20.500000000000004 4.5000000000000009 1.0000000180025095e-35 11.642857142857144 1.0000000180025095e-35 1.5000000000000002 5.5000000000000009 3.5000000000000004 1.0000000180025095e-35 4.5000000000000009 1.5000000000000002 7.5000000000000009 94.500000000000014 115.50000000000001 79.500000000000014 62.500000000000007 4.5000000000000009 4.5000000000000009 77.500000000000014 4.5000000000000009
decision_type=2 2 2 2 2 2 2 2 2 2 2 2 2 2 2 2 2 2 2 2 2 2 2 2 2 2 2 2 2 2
left_child=1 3 4 13 9 17 19 15 21 14 28 12 -7 -1 -2 -5 -13 18 -3 22 -21 -8 -4 -24 -12 -16 -23 -15 -6 -14
right_child=2 5 6 7 10 11 8 -9 -10 -11 24 16 29 27 25 -17 -18 -19 -20 20 -22 26 23 -25 -26 -27 -28 -29 -30 -31
leaf_value=-0.065964402368018843 0.056339797904869766 -0.00032294029130019135 0.079120330167235228 -0.029457143585904219 0.051104695681962457 0.029564402042107189 0.16107666225650497 -0.023403331604819232 0.18427596457174916 0.051253685183522593 0.074936905144910526 0.03866182099564193 -0.0069048656878707331 -0.053129347767318272 0.014667136291928014 -0.046927755371118811 0.0096042349581799101 -0.0031100417124607488 -0.023054341381426029 0.20992814286491396 0.11787006914086948 0.090615689152906354 0.10845316762240005 0.2559852759272751 0.10452221278269339 0.037708601053654048 0.16290386521916819 -0.039323508049839188 0.072841351160784024 0.0090724636896874367
leaf_weight=4053 1043 2849 1079 5129 2572 1982 490 10170 747 4088 2256 2029 4064 10214 2657 6464 1979 6158 7183 81 2112 385 1177 30 946 1823 154 4053 1983 4050
leaf_count=4053 1043 2849 1079 5129 2572 1982 490 10170 747 4088 2256 2029 4064 10214 2657 6464 1979 6158 7183 81 2112 385 1177 30 946 1823 154 4053 1983 4050
internal_value=4.70481e-06 -0.0239113 0.0712546 -0.0414607 0.0529643 -0.00069097 0.122038 -0.0318178 0.155748 0.0391241 0.0701113 0.0116806 0.00666415 -0.0529155 0.0301448 -0.0391989 0.0243156 -0.0114687 -0.0165992 0.108668 0.121281 0.13502 0.0965619 0.112143 0.0836815 0.0240445 0.111301 -0.0492079 0.0605697 0.00106966
internal_weight=94000 70377 23623 40083 17368 30294 6255 21763 1776 9611 7757 14104 10096 18320 5523 11593 4008 16190 10032 4479 2193 1029 2286 1207 3202 4480 539 14267 4555 8114
internal_count=94000 70377 23623 40083 17368 30294 6255 21763 1776 9611 7757 14104 10096 18320 5523 11593 4008 16190 10032 4479 2193 1029 2286 1207 3202 4480 539 14267 4555 8114
is_linear=0
shrinkage=0.03


Tree=90
num_leaves=31
num_cat=1
split_feature=10 10 10 10 3 6 6 15 10 16 14 14 16 16 15 2 15 6 0 16 10 16 16 6 18 21 15 6 16 14
split_gain=167651 30259.4 22730.4 4886.79 4709.28 4048.22 2870.42 1252.88 1151.33 1148.61 1018.89 885.449 838.641 738.385 725.741 693.067 680.753 673.494 657.607 613.413 607.503 595.393 539.148 524.05 523.746 513.869 607.94 499.023 488.604 477.886
threshold=48.017857142857146 79.446428571428584 26.375000000000004 61.125000000000007 100.50000000000001 34.785714285714292 16.214285714285719 18.500000000000004 118.12500000000001 1.0000000180025095e-35 4.5000000000000009 4.5000000000000009 1.0000000180025095e-35 1.0000000180025095e-35 16.500000000000004 124.50000000000001 20.500000000000004 85.928571428571445 105.50000000000001 1.0000000180025095e-35 8.946428571428573 1.0000000180025095e-35 1.0000000180025095e-35 38.642857142857146 18.500000000000004 0 49.500000000000007 99.214285714285737 1.0000000180025095e-35 4.5000000000000009
decision_type=2 2 2 2 2 2 2 2 2 2 2 2 2 2 2 2 2 2 2 2 2 2 2 2 2 1 2 2 2 2
left_child=2 3 6 10 9 13 20 28 16 14 -2 -7 -8 29 -3 -10 -6 -11 25 -9 -1 -12 -22 -13 -19 -16 27 -27 -5 -4
right_child=1 4 5 7 8 11 12 19 15 17 21 23 -14 -15 18 -17 -18 24 -20 -21 22 -23 -24 -25 -26 26 -28 -29 -30 -31
leaf_value=-0.081381557979990179 0.017347671703801724 0.072439168789362768 -0.030118363078150839 0.040610536465099857 0.11636593809060893 -0.0053545024478903087 -0.040895229367068665 0.061114660619273495 0.20433154841744008 0.095750396701464 0.029729876685875515 -0.0017658370562470527 -0.02759773597391952 -0.0093805078745261509 0.11905082721842061 0.1396273360707202 0.15042672607452279 0.13080193412333588 0.15412091823208757 0.085772080047759242 -0.057841800086164033 0.052065686147860869 -0.043339723396137099 0.013681359687514886 0.24148044455225445 0.096709278229076795 0.040066024780133783 0.018586180564783485 0.061052808910660734 -0.017542766236911405
leaf_weight=763 5145 2046 5579 3692 1257 8746 14989 3184 358 706 3753 3066 5972 4365 571 258 917 663 171 1273 8111 1506 3230 5561 41 940 272 80 1474 5311
leaf_count=763 5145 2046 5579 3692 1257 8746 14989 3184 358 706 3753 3066 5972 4365 571 258 917 663 171 1273 8111 1506 3230 5561 41 940 272 80 1474 5311
internal_value=4.62526e-06 0.0610387 -0.0262949 0.0410941 0.109278 -0.00853015 -0.0438246 0.0565033 0.141019 0.0931437 0.026841 0.00137179 -0.0371069 -0.019807 0.0850691 0.177263 0.130741 0.116499 0.0977679 0.0681597 -0.0554573 0.0361275 -0.0537122 0.00819119 0.137285 0.0925858 0.0793435 0.0905873 0.0464449 -0.0239858
internal_weight=94000 28307 65693 20027 8280 32628 33065 9623 2790 5490 10404 17373 20961 15255 4080 616 2174 1410 2034 4457 12104 5259 11341 8627 704 1863 1292 1020 5166 10890
internal_count=94000 28307 65693 20027 8280 32628 33065 9623 2790 5490 10404 17373 20961 15255 4080 616 2174 1410 2034 4457 12104 5259 11341 8627 704 1863 1292 1020 5166 10890
cat_boundaries=0 2
cat_threshold=543195168 16432
is_linear=0
shrinkage=0.03


Tree=91
num_leaves=31
num_cat=0
split_feature=10 4 4 6 10 10 10 12 10 12 15 15 14 12 12 12 0 10 15 12 12 15 12 12 12 12 12 12 12 12
split_gain=157875 29200.5 20817.2 4907.12 3777.82 3759.8 2837.34 1298.46 1151.79 1068.26 1062.69 1031.44 960.271 877.146 914.544 764.525 1021.34 758.292 684.428 650.187 679.173 615.917 601.814 670.53 589.306 586.916 574.52 781.461 549.277 531.747
threshold=53.982142857142868 30.500000000000004 85.500000000000014 21.214285714285719 40.839285714285715 70.517857142857153 111.44642857142858 3.5000000000000004 12.482142857142859 1.5000000000000002 18.500000000000004 18.500000000000004 4.5000000000000009 3.5000000000000004 1.5000000000000002 3.5000000000000004 128.50000000000003 91.553571428571445 15.500000000000002 4.5000000000000009 1.5000000000000002 20.500000000000004 3.5000000000000004 1.0000000180025095e-35 1.0000000180025095e-35 5.5000000000000009 3.5000000000000004 2.5000000000000004 3.5000000000000004 3.5000000000000004
decision_type=2 2 2 2 2 2 2 2 2 2 2 2 2 2 2 2 2 2 2 2 2 2 2 2 2 2 2 2 2 2
left_child=1 3 5 8 18 11 10 9 -1 21 24 -2 -6 14 -5 16 -8 -12 -3 20 -13 -7 23 -10 -4 -21 27 -19 -26 -14
right_child=2 4 6 13 12 7 15 -9 22 -11 17 19 29 -15 -16 -17 -18 26 -20 25 -22 -23 -24 -25 28 -27 -28 -29 -30 -31
leaf_value=-0.060131734674367519 0.031463761784290466 -0.01653687984405388 0.12128374240056232 -0.023237878811382541 0.0042824800209848423 0.062124708891139205 0.11406153589670849 0.086204016588575724 -0.035165142729212999 0.043463286716868013 0.098947026341661526 0.059620608889017795 0.012772804130070864 -0.019823663230853428 -0.040519871098764107 0.1827418971891443 0.19668075590321929 0.13393200973732594 -0.0037828759324625557 0.085395720760990834 0.033001040226181541 0.10198318060284982 -0.037592841107274566 -0.053496780610610958 0.068608299353735427 0.047279029959616484 0.15566065655728009 0.065371275961488437 0.099076276045031969 0.029553393534228058
leaf_weight=5279 5702 6839 495 5016 7017 930 531 2530 2383 1977 966 1404 3932 8239 6121 532 181 600 8487 753 2241 560 7322 7313 997 705 604 200 1149 2995
leaf_count=5279 5702 6839 495 5016 7017 930 531 2530 2383 1977 966 1404 3932 8239 6121 532 181 600 8487 753 2241 560 7322 7313 997 705 604 200 1149 2995
internal_value=4.92792e-06 -0.0221597 0.0682021 -0.0382901 0.000805835 0.0508087 0.114922 0.0698584 -0.0478869 0.0579274 0.104848 0.0402348 0.0121052 -0.0272462 -0.0327368 0.155486 0.135093 0.119442 -0.00947443 0.0500341 0.0432567 0.0771129 -0.044088 -0.0489921 0.0917464 0.0669714 0.133533 0.116806 0.0849266 0.0200289
internal_weight=94000 70943 23057 41673 29270 16802 6255 5997 22297 3467 5011 10805 13944 19376 11137 1244 712 2370 15326 5103 3645 1490 17018 9696 2641 1458 1404 800 2146 6927
internal_count=94000 70943 23057 41673 29270 16802 6255 5997 22297 3467 5011 10805 13944 19376 11137 1244 712 2370 15326 5103 3645 1490 17018 9696 2641 1458 1404 800 2146 6927
is_linear=0
shrinkage=0.03


Tree=92
num_leaves=31
num_cat=0
split_feature=5 10 10 10 10 4 4 15 15 15 5 15 12 12 10 12 12 12 12 12 12 12 15 12 5 12 12 12 15 13
split_gain=148738 25149.5 21653.9 4228.95 4034.5 3553.71 2708.26 1157.54 1133.74 940.128 931.998 916.755 821.914 910.893 804.944 794.624 945.393 782.128 776.513 854.337 804.562 762.697 706.83 679.633 668.665 608.911 603.658 817.688 536.6 542.275
threshold=52.500000000000007 28.553571428571434 79.446428571428584 98.267857142857153 39.553571428571438 17.500000000000004 66.500000000000014 21.500000000000004 16.500000000000004 18.500000000000004 116.50000000000001 19.500000000000004 4.5000000000000009 1.0000000180025095e-35 23.303571428571434 3.5000000000000004 1.5000000000000002 5.5000000000000009 4.5000000000000009 1.5000000000000002 5.5000000000000009 3.5000000000000004 50.500000000000007 1.0000000180025095e-35 10.500000000000002 5.5000000000000009 3.5000000000000004 1.0000000180025095e-35 46.500000000000007 12.500000000000002
decision_type=2 2 2 2 2 2 2 2 2 2 2 2 2 2 2 2 2 2 2 2 2 2 2 2 2 2 2 2 2 2
left_child=1 5 6 11 12 24 15 18 -6 -8 28 -4 13 -3 -7 16 -2 -17 19 -5 -20 23 26 -10 -1 -14 27 -13 29 -9
right_child=2 4 3 7 8 14 9 10 21 -11 -12 22 25 -15 -16 17 -18 -19 20 -21 -22 -23 -24 -25 -26 -27 -28 -29 -30 -31
leaf_value=-0.064360535183966242 0.038502629813366808 -0.00015443937297206553 0.075030852220800442 0.13226771125831549 0.00015022255142780913 -0.037032952375718145 0.047567351036917997 0.12930430268150575 0.032350597359224707 0.070714658126043606 0.19416869210261278 0.13968188986825156 0.0082312024081219598 -0.020590834343012548 -0.025811140074837691 0.052449097965307105 0.01400841626001572 0.025357508315745115 0.18332652496703997 0.08357891864241071 0.10897978049645732 0.028236455590679905 0.060583300808347104 0.0029047728644394158 -0.047562331866529625 -0.012795310440649696 0.12704513435449993 0.078197034725027648 0.11665141153161568 0.20037577033411236
leaf_weight=2592 2832 2444 2903 546 6760 11988 3287 204 886 3044 351 256 2517 9978 11069 2853 2842 1446 264 803 262 3182 338 3462 12096 2442 825 818 524 186
leaf_count=2592 2832 2444 2903 546 6760 11988 3287 204 886 3044 351 256 2517 9978 11069 2853 2842 1446 264 803 262 3182 338 3462 12096 2442 825 818 524 186
internal_value=4.84081e-06 -0.0224528 0.0634168 0.102926 -0.00273957 -0.0389936 0.0433514 0.130361 0.00906909 0.0586982 0.152557 0.0861633 -0.0124484 -0.0165703 -0.0316459 0.0336082 0.0262349 0.0433381 0.115377 0.103296 0.146328 0.0170754 0.100605 0.0089063 -0.0505273 -0.0021225 0.107723 0.0928671 0.136554 0.16325
internal_weight=94000 69416 24584 8280 31671 37745 16304 3140 14290 6331 1265 5140 17381 12422 23057 9973 5674 4299 1875 1349 526 7530 2237 4348 14688 4959 1899 1074 914 390
internal_count=94000 69416 24584 8280 31671 37745 16304 3140 14290 6331 1265 5140 17381 12422 23057 9973 5674 4299 1875 1349 526 7530 2237 4348 14688 4959 1899 1074 914 390
is_linear=0
shrinkage=0.03


Tree=93
num_leaves=31
num_cat=0
split_feature=4 0 10 3 10 10 3 12 12 12 12 12 4 12 15 12 12 15 12 12 1 9 15 9 1 12 7 12 5 15
split_gain=140099 23611.9 20685.2 4128.17 3501.26 3229.57 2779.43 1595.1 1588.09 1411.72 1087.7 1226.23 1009.2 972.115 758.183 721.963 1006.22 711.552 708.425 820.768 627.419 589.916 623.917 645.119 611.141 579.733 575.206 555.353 636.338 553.461
threshold=49.500000000000007 78.500000000000014 27.267857142857146 100.50000000000001 36.875000000000007 62.089285714285715 16.500000000000004 3.5000000000000004 3.5000000000000004 1.0000000180025095e-35 3.5000000000000004 1.5000000000000002 116.50000000000001 1.0000000180025095e-35 15.500000000000002 3.5000000000000004 1.5000000000000002 17.500000000000004 5.5000000000000009 4.5000000000000009 89.500000000000014 6.7563563884945728 22.500000000000004 8.5292000062874109 104.50000000000001 3.5000000000000004 11.613825507746741 4.5000000000000009 120.50000000000001 21.500000000000004
decision_type=2 2 2 2 2 2 2 2 2 2 2 2 2 2 2 2 2 2 2 2 2 2 2 2 2 2 2 2 2 2
left_child=2 5 6 7 14 17 25 9 13 -3 11 -6 -5 -7 -4 16 -8 -2 19 -10 -9 -14 24 27 -23 -1 -25 28 -24 -15
right_child=1 3 4 12 10 8 15 20 18 -11 -12 -13 21 29 -16 -17 -18 -19 -20 -21 -22 22 23 26 -26 -27 -28 -29 -30 -31
leaf_value=-0.055772697439676958 0.018629985387605092 0.10293893527609627 -0.022440881689397792 0.1173170077006707 0.010148552088829739 0.067845001361427973 -0.029202635541958281 0.094470284347648981 0.057117506950045388 0.061914429338608946 0.013902551230378781 -0.012361788650153006 0.047258733079509889 0.023633399949444866 -0.0096048172597616582 -0.02653257356184514 -0.046175720716760536 0.034924304938107657 0.046328796577337544 0.088844043229463709 0.13040327580977779 0.060955602098876419 0.12858823971340605 0.13684160548966334 0.15525110599018757 -0.042838149504094744 0.24503138046817055 0.34855155850356478 0.31007671901157918 0.04809281216895811
leaf_weight=7352 4868 1040 7383 1965 3945 875 6473 1328 1445 2761 6497 4862 42 2279 9436 9626 6116 4784 1257 1495 655 75 42 172 361 5426 60 37 30 1313
leaf_count=7352 4868 1040 7383 1965 3945 875 6473 1328 1445 2761 6497 4862 42 2279 9436 9626 6116 4784 1257 1495 655 75 42 172 361 5426 60 37 30 1313
internal_value=4.76648e-06 0.0578731 -0.023175 0.0989801 -0.00579198 0.0386431 -0.0391321 0.0845284 0.0519397 0.0731424 0.00459087 -0.00227818 0.128999 0.0394866 -0.0152397 -0.0327191 -0.0374491 0.0267068 0.065192 0.0732541 0.106347 0.157007 0.162929 0.193395 0.139055 -0.0502808 0.164928 0.25375 0.204575 0.0325761
internal_weight=94000 26884 67116 8568 32123 18316 34993 5784 8664 3801 15304 8807 2784 4467 16819 22215 12589 9652 4197 2940 1983 819 777 341 436 12778 232 109 72 3592
internal_count=94000 26884 67116 8568 32123 18316 34993 5784 8664 3801 15304 8807 2784 4467 16819 22215 12589 9652 4197 2940 1983 819 777 341 436 12778 232 109 72 3592
is_linear=0
shrinkage=0.03


Tree=94
num_leaves=31
num_cat=1
split_feature=10 0 4 10 10 10 4 12 12 12 12 12 12 2 12 12 15 12 12 12 12 15 12 12 12 12 0 15 21 8
split_gain=131989 23913 17883.1 3910.8 3635.2 3008.35 2415.22 1641.57 1057.06 1891.66 1027.46 876.966 1367.28 855.449 812.706 871.599 782.284 760.963 1195.18 783.486 733.733 697.48 659.535 624.253 618.987 613.244 612.153 601.309 561.953 560.219
threshold=48.017857142857146 78.500000000000014 26.500000000000004 98.267857142857153 60.232142857142868 35.553571428571438 16.500000000000004 3.5000000000000004 3.5000000000000004 1.5000000000000002 1.0000000180025095e-35 3.5000000000000004 1.0000000180025095e-35 103.50000000000001 5.5000000000000009 4.5000000000000009 16.500000000000004 4.5000000000000009 1.0000000180025095e-35 5.5000000000000009 3.5000000000000004 19.500000000000004 1.5000000000000002 5.5000000000000009 4.5000000000000009 2.5000000000000004 132.50000000000003 21.500000000000004 0 8.8214285714285747
decision_type=2 2 2 2 2 2 2 2 2 2 2 2 2 2 2 2 2 2 2 2 2 2 2 2 2 2 2 2 1 2
left_child=2 4 6 11 16 21 29 10 9 26 -6 12 -3 -10 15 -9 -2 18 -7 -19 22 -4 -8 24 28 -14 -5 -12 -13 -1
right_child=1 3 5 8 7 17 20 14 13 -11 27 23 25 -15 -16 -17 -18 19 -20 -21 -22 -23 -24 -25 -26 -27 -28 -29 -30 -31
leaf_value=-0.07399001021397697 0.013759861218023922 0.099645479497597694 -0.022389027378412973 0.13118602817147962 0.063391075113050185 0.016957511567430604 -0.029820544540457593 0.054017064995836223 0.11349271791417548 0.077190609476236391 0.021752530020157264 0.048579796081396627 0.068674254391800166 0.16241491192510196 0.042631948352974597 0.084746596049595307 0.030817011059044223 0.023974929095125896 -0.0070975595990265261 -0.00053414953421189633 -0.025880924230484437 -0.0095295390560291987 -0.043885485624726085 0.075571839144237152 0.13438715199735327 0.035150310787226836 0.22094291129696386 0.045480893301364962 0.11532801791731884 -0.047297146750769972
leaf_weight=753 4494 1104 8645 810 1064 2313 5740 1642 539 910 2654 249 1789 805 1446 1685 5246 2384 9467 2312 9084 6770 6295 726 543 678 75 1508 340 11930
leaf_count=753 4494 1104 8645 810 1064 2313 5740 1642 539 910 2654 249 1789 805 1446 1685 5246 2384 9467 2312 9084 6770 6295 726 543 678 75 1508 340 11930
internal_value=4.70405e-06 0.0541597 -0.0233306 0.0960115 0.0359927 -0.00721579 -0.0385341 0.0486994 0.12267 0.107584 0.03708 0.0805951 0.0718896 0.142807 0.06142 0.0695834 0.0229474 0.0016965 -0.00237399 0.0119079 -0.032319 -0.0167417 -0.0371779 0.0973202 0.111258 0.059464 0.13882 0.0303515 0.0899107 -0.0488827
internal_weight=94000 28307 65693 8568 19739 31891 33802 9999 3139 1795 5226 5429 3571 1344 4773 3327 9740 16476 11780 4696 21119 15415 12035 1858 1132 2467 885 4162 589 12683
internal_count=94000 28307 65693 8568 19739 31891 33802 9999 3139 1795 5226 5429 3571 1344 4773 3327 9740 16476 11780 4696 21119 15415 12035 1858 1132 2467 885 4162 589 12683
cat_boundaries=0 2
cat_threshold=1348489360 12448
is_linear=0
shrinkage=0.03


Tree=95
num_leaves=31
num_cat=2
split_feature=6 3 5 4 10 5 6 15 15 15 15 15 14 14 5 5 5 0 13 10 5 10 5 5 9 21 15 13 13 21
split_gain=124248 22617 16846.8 3594.8 3500.65 2917.7 2219.77 994.523 912.362 837.92 810.937 764.234 694.56 633.589 622.7 600.311 555.74 512.92 547.961 499.43 496.323 460.924 608.578 455.925 424.661 418.446 417.326 634.445 601.331 494.719
threshold=47.642857142857146 79.500000000000014 26.500000000000004 62.500000000000007 101.73214285714288 35.500000000000007 15.928571428571431 21.500000000000004 16.500000000000004 20.500000000000004 18.500000000000004 15.500000000000002 4.5000000000000009 4.5000000000000009 96.500000000000014 117.50000000000001 72.500000000000014 81.500000000000014 1.5000000000000002 9.4821428571428594 114.50000000000001 123.83928571428574 123.50000000000001 53.500000000000007 4.9613893835683713 0 46.500000000000007 12.500000000000002 2.5000000000000004 1
decision_type=2 2 2 2 2 2 2 2 2 2 2 2 2 2 2 2 2 2 2 2 2 2 2 2 2 1 2 2 2 1
left_child=2 3 6 8 9 11 19 14 23 20 24 -4 -7 -8 -6 26 -12 -11 -19 -1 -3 -16 -23 -2 25 -5 27 28 -9 -28
right_child=1 4 5 10 7 12 13 15 -10 17 16 -13 -14 -15 21 -17 -18 18 -20 -21 -22 22 -24 -25 -26 -27 29 -29 -30 -31
leaf_value=-0.066920074768611948 0.0032166310154184419 0.070052959906636264 -0.023640951205750552 0.012727268663286094 0.033495597657852608 -0.0039876969088773005 -0.037040490616015137 0.24354264273634693 0.031991406308606793 0.072109545431452801 0.051455388193988656 -0.010404001179516521 0.0084297516013721128 -0.026798139491608995 0.10816315986657254 0.1802425100436916 0.074939085420043114 0.17959985539524354 0.098797467382049559 -0.046057084386602651 0.21286745909382312 0.094168966482463173 0.2219525902048623 0.021627320571016129 0.048098171921083351 0.042807612338687989 0.046445509880986183 0.19814082737644592 0.089056651529244538 0.136947080406984
leaf_weight=1146 1911 3161 7096 787 93 8779 10828 27 6073 702 2599 8789 7532 10926 1307 335 1396 79 1810 10558 22 60 77 3305 3047 950 128 155 142 180
leaf_count=1146 1911 3161 7096 787 93 8779 10828 27 6073 702 2599 8789 7532 10926 1307 335 1396 79 1810 10558 22 60 77 3305 3047 950 128 155 142 180
internal_value=5.14283e-06 0.0524963 -0.0226578 0.0352849 0.09422 -0.00716602 -0.0375652 0.123849 0.024087 0.0813683 0.0496835 -0.0163174 0.00174619 -0.0318965 0.108828 0.147708 0.0596639 0.0940426 0.102188 -0.0481007 0.0710477 0.113675 0.16612 0.0148829 0.0413475 0.0295018 0.130432 0.154251 0.113885 0.105325
internal_weight=94000 28346 65654 20068 8278 32196 33458 2504 11289 5774 8779 15885 16311 21754 1537 967 3995 2591 1889 11704 3183 1444 137 5216 4784 1737 632 324 169 308
internal_count=94000 28346 65654 20068 8278 32196 33458 2504 11289 5774 8779 15885 16311 21754 1537 967 3995 2591 1889 11704 3183 1444 137 5216 4784 1737 632 324 169 308
cat_boundaries=0 2 4
cat_threshold=948458648 23632 14680064 224
is_linear=0
shrinkage=0.03


Tree=96
num_leaves=31
num_cat=1
split_feature=4 5 10 10 6 10 4 16 15 15 0 14 15 16 15 10 11 13 15 5 16 5 16 15 16 11 1 16 4 21
split_gain=117057 21776.7 15514.7 4006.88 3211.61 2884.08 1625.39 1014.55 971.588 918.631 917.062 753.432 704.564 700.036 699.807 682.484 608.096 547.688 545.083 539.714 533.245 508.418 501.172 486.436 478.643 430.296 390.688 387.722 384.366 373.439
threshold=47.500000000000007 77.500000000000014 24.946428571428573 98.267857142857153 34.785714285714292 59.767857142857146 15.500000000000002 1.0000000180025095e-35 20.500000000000004 19.500000000000004 132.50000000000003 4.5000000000000009 21.500000000000004 1.0000000180025095e-35 17.500000000000004 113.87500000000001 6.420041371901787 1.5000000000000002 49.500000000000007 127.50000000000001 1.0000000180025095e-35 125.50000000000001 1.0000000180025095e-35 17.500000000000004 1.0000000180025095e-35 3.332539588034936 133.50000000000003 1.0000000180025095e-35 73.500000000000014 0
decision_type=2 2 2 2 2 2 2 2 2 2 2 2 2 2 2 2 2 2 2 2 2 2 2 2 2 2 2 2 2 1
left_child=2 5 6 8 13 14 24 10 16 27 12 -6 26 23 -2 -9 -3 -10 -17 -14 -8 -20 28 -4 -1 -13 -5 29 -11 -7
right_child=1 3 4 7 11 9 20 15 17 22 -12 25 19 -15 -16 18 -18 -19 21 -21 -22 -23 -24 -25 -26 -27 -28 -29 -30 -31
leaf_value=-0.051015131545547515 0.01281894291328017 0.04889490810231599 -0.026765858824849244 0.084577645090517364 -0.0055077747664776825 0.0401627540066486 -0.036011249522880942 0.12565984610422623 0.16008423010193445 0.042583994920310834 0.19417140520665527 0.0016771378971334151 0.1164810936591008 -0.0080400612854410382 0.02883270287026439 0.16405351033082974 0.073844730235978859 0.0858205145404589 0.38690930784878569 0.22570239098332043 -0.0252031528940251 0.17887632092199712 0.07210187192054858 -0.015091435170595531 -0.036543405050568877 0.015547436201125869 0.20672198007710244 0.049510359600110604 0.066863248607025944 0.021139890444599449
leaf_weight=7984 4881 1417 6673 1277 8507 1957 13680 630 93 2451 99 5105 803 5133 4946 221 2325 2394 21 43 5877 22 1072 6198 2775 3324 24 1345 773 1950
leaf_count=7984 4881 1417 6673 1277 8507 1957 13680 630 93 2451 99 5105 803 5133 4946 221 2325 2394 21 43 5877 22 1072 6198 2775 3324 24 1345 773 1950
internal_value=5.83234e-06 0.0504479 -0.0222129 0.0879986 -0.00858712 0.0322893 -0.0379168 0.115634 0.0740654 0.044032 0.104859 0.000790501 0.100731 -0.0174086 0.0208793 0.142687 0.0643992 0.0886051 0.183246 0.122062 -0.0327636 0.281205 0.0543228 -0.0211445 -0.0472832 0.0071474 0.0868489 0.035613 0.0484081 0.0308268
internal_weight=94000 28744 65256 9369 34940 19375 30316 3140 6229 9548 2246 16936 2147 18004 9827 894 3742 2487 264 846 19557 43 4296 12871 10759 8429 1301 5252 3224 3907
internal_count=94000 28744 65256 9369 34940 19375 30316 3140 6229 9548 2246 16936 2147 18004 9827 894 3742 2487 264 846 19557 43 4296 12871 10759 8429 1301 5252 3224 3907
cat_boundaries=0 2
cat_threshold=1623771248 26816
is_linear=0
shrinkage=0.03


Tree=97
num_leaves=31
num_cat=3
split_feature=5 5 4 10 10 10 10 12 12 12 12 12 12 6 15 15 15 12 12 12 12 8 12 21 12 9 21 21 4 15
split_gain=110246 19669.6 15369.2 3841.7 2927.21 2163.98 2036.37 1105.92 1016.26 891.516 905.316 876.905 978.23 876.162 849.576 728.467 726.868 630.359 736.328 605.25 632.914 591.067 556.764 538.791 531.757 517.614 514.056 490.108 552.027 489.956
threshold=53.500000000000007 31.500000000000004 85.500000000000014 21.482142857142861 67.946428571428584 43.482142857142868 111.44642857142858 3.5000000000000004 1.5000000000000002 3.5000000000000004 1.0000000180025095e-35 3.5000000000000004 1.0000000180025095e-35 11.928571428571431 18.500000000000004 18.500000000000004 19.500000000000004 3.5000000000000004 1.5000000000000002 5.5000000000000009 4.5000000000000009 92.107142857142875 4.5000000000000009 0 1.0000000180025095e-35 9.8276353854748582 1 2 104.50000000000001 19.500000000000004
decision_type=2 2 2 2 2 2 2 2 2 2 2 2 2 2 2 2 2 2 2 2 2 2 2 1 2 2 1 1 2 2
left_child=1 3 4 13 15 16 14 8 -6 10 -5 12 -7 -1 24 -2 -3 18 -8 20 -9 26 -15 -10 25 27 -16 -4 -29 -11
right_child=2 5 6 9 7 11 17 19 23 29 -12 -13 -14 22 21 -17 -18 -19 -20 -21 -22 -23 -24 -25 -26 -27 -28 28 -30 -31
leaf_value=-0.052004548031270061 0.023822370361269472 -0.010350942814793564 0.0322718161150609 -0.011375802240988305 0.062568538134067417 0.030808141884409324 0.14316201381607183 0.062568022927731656 0.01030480216873193 -0.021190310912315675 -0.031794068199561043 0.023230180063251657 -0.001255406246379448 -0.040441980673517078 0.11188078951980733 0.039956162408588534 0.00196905990173962 0.15537030145473424 0.082056724685178675 0.046029979872511409 0.093878909422515797 0.11313909780926927 -0.028794080523115249 0.042166200549824513 0.069536476609662098 0.25342809534784572 0.061198594866877329 0.096952407438844396 0.1848886528216063 -0.0068609612292868426
leaf_weight=4433 5609 10234 114 2478 1857 1057 350 1253 703 4823 9260 4014 4509 12969 370 4575 7445 532 362 744 1087 1411 5169 1653 2146 20 589 277 84 3873
leaf_count=4433 5609 10234 114 2478 1857 1057 350 1253 703 4823 9260 4014 4509 12969 370 4575 7445 532 362 744 1087 1411 5169 1653 2146 20 589 277 84 3873
internal_value=5.93658e-06 -0.0188772 0.0559045 -0.0315143 0.0414635 0.00105954 0.0962611 0.055967 0.0459702 -0.0220901 -0.027484 0.0125421 0.00483346 -0.040046 0.0877267 0.0310708 -0.00516258 0.130626 0.112115 0.0696205 0.0771175 0.100775 -0.0371229 0.032884 0.0760129 0.104065 0.0825701 0.0977175 0.114302 -0.0148088
internal_weight=94000 70264 23736 43005 17481 27259 6255 7297 4213 20434 11738 9580 5566 22571 5011 10184 17679 1244 712 3084 2340 2370 18138 2356 2641 495 959 475 361 8696
internal_count=94000 70264 23736 43005 17481 27259 6255 7297 4213 20434 11738 9580 5566 22571 5011 10184 17679 1244 712 3084 2340 2370 18138 2356 2641 495 959 475 361 8696
cat_boundaries=0 2 4 6
cat_threshold=2643000 34824 1624248448 16512 278937664 32
is_linear=0
shrinkage=0.03


Tree=98
num_leaves=31
num_cat=1
split_feature=8 0 3 6 8 11 4 12 12 12 3 15 12 12 12 12 3 12 12 12 12 21 12 15 17 17 12 12 5 12
split_gain=103838 19380.1 13846 2972.12 2778.79 2509.91 1891.34 1019.46 1666.61 970.313 765.083 748.899 742.558 741.727 1194.24 801.509 730.73 674.901 1044.42 648.142 860.427 755.482 681.212 645.502 582.258 536.806 536.584 513.759 501.485 491.604
threshold=53.892857142857146 29.500000000000004 85.500000000000014 20.071428571428573 40.964285714285722 5.5600973495205741 109.50000000000001 3.5000000000000004 1.5000000000000002 3.5000000000000004 92.500000000000014 20.500000000000004 1.5000000000000002 4.5000000000000009 1.0000000180025095e-35 5.5000000000000009 10.500000000000002 3.5000000000000004 1.0000000180025095e-35 3.5000000000000004 1.5000000000000002 0 5.5000000000000009 45.500000000000007 351.50000000000006 487.50000000000006 3.5000000000000004 1.0000000180025095e-35 115.50000000000001 4.5000000000000009
decision_type=2 2 2 2 2 2 2 2 2 2 2 2 2 2 2 2 2 2 2 2 2 1 2 2 2 2 2 2 2 2
left_child=1 3 5 16 17 7 11 8 -2 12 -8 -4 -5 14 -6 -15 -1 18 -3 20 -7 -22 29 25 -13 -12 27 -18 -25 -21
right_child=2 4 6 9 13 19 10 -9 -10 -11 23 24 -14 15 -16 -17 26 -19 -20 22 21 -23 -24 28 -26 -27 -28 -29 -30 -31
leaf_value=-0.054385714224391854 0.040325199835760148 0.0022095144754799728 0.073624839422153129 -0.020737989645702025 0.026820109228207194 0.064021640446466188 -0.048931896378854645 0.043194215764747537 0.0086426176572790246 -0.016525060610978269 0.10794126445534068 0.069355928983652226 -0.036723292926127707 0.034499606801974614 0.00042490390464382835 0.0072913546125630774 -0.030541549130205514 -0.00058236677406171041 -0.018689524391889086 0.061661174388305311 0.063601401656327924 0.022703935044931463 0.040846586845733002 0.11898504778544371 0.10715473807939208 0.2309547122367559 -0.031538495939309935 -0.046231044455603762 0.1808268367937769 0.090604327186000949
leaf_weight=2703 2921 2998 2607 4643 1918 1615 23 4360 3060 9424 1014 485 5994 1973 7884 1926 2529 6612 7625 1131 579 1465 688 211 1522 33 7463 7327 272 995
leaf_count=2703 2921 2998 2607 4643 1918 1615 23 4360 3060 9424 1014 485 5994 1973 7884 1926 2529 6612 7625 1131 579 1465 688 211 1522 33 7463 7327 272 995
internal_value=6.64188e-06 -0.0179297 0.0554358 -0.0316974 -9.09981e-05 0.0413324 0.0938862 0.0321608 0.0241167 -0.0235357 0.122532 0.0842414 -0.0297463 0.00999319 0.0055903 0.0210608 -0.0398747 -0.00810763 -0.0127912 0.0559834 0.0476526 0.0347151 0.0668128 0.125114 0.0980259 0.111843 -0.0376095 -0.0422059 0.153847 0.075212
internal_weight=94000 71019 22981 40083 30936 16814 6167 10341 5981 20061 1553 4614 10637 13701 9802 3899 20022 17235 10623 6473 3659 2044 2814 1530 2007 1047 17319 9856 483 2126
internal_count=94000 71019 22981 40083 30936 16814 6167 10341 5981 20061 1553 4614 10637 13701 9802 3899 20022 17235 10623 6473 3659 2044 2814 1530 2007 1047 17319 9856 483 2126
cat_boundaries=0 2
cat_threshold=3766495232 24608
is_linear=0
shrinkage=0.03


Tree=99
num_leaves=31
num_cat=2
split_feature=10 0 3 10 3 10 10 12 21 12 12 12 12 12 15 12 12 15 3 9 15 10 12 4 21 15 12 13 15 9
split_gain=97758.9 16756.2 14309.4 2804.52 2382.07 2270.23 2124.45 1016.74 814.533 769.807 1488.36 765.857 723.036 1274.93 717.002 714.601 780.149 670.507 605.478 601.49 581.08 556.946 556.335 566.338 544.663 463.886 455.593 454.983 493.173 442.303
threshold=52.339285714285715 29.500000000000004 81.500000000000014 19.232142857142861 100.50000000000001 40.839285714285715 66.625000000000014 3.5000000000000004 0 3.5000000000000004 1.5000000000000002 1.5000000000000002 3.5000000000000004 1.0000000180025095e-35 16.500000000000004 3.5000000000000004 1.0000000180025095e-35 24.500000000000004 10.500000000000002 6.6547512564869065 19.500000000000004 88.625000000000014 5.5000000000000009 71.500000000000014 1 9.5000000000000018 3.5000000000000004 16.500000000000004 45.500000000000007 7.607471746488863
decision_type=2 2 2 2 2 2 2 2 1 2 2 2 2 2 2 2 2 2 2 2 2 2 2 2 1 2 2 2 2 2
left_child=1 3 6 18 14 20 9 11 17 10 -2 -5 13 -7 25 16 -8 -6 -1 -19 -3 -10 23 -17 -16 -4 -22 28 -23 -26
right_child=2 5 4 7 8 12 15 -9 21 -11 -12 -13 -14 -15 24 22 -18 19 -20 -21 26 27 -24 -25 29 -27 -28 -29 -30 -31
leaf_value=-0.052754203212977843 0.035760623844440488 -0.013106746491242252 0.071465774403649193 -0.021160801484530166 0.10836293594343108 0.024520837291648129 0.067775849811131147 -0.016853052672818482 -0.06917545055184883 0.036997385417594952 0.0048854784761408381 -0.036436849720500063 0.016975775971611304 -0.0047983115097508244 0.10468663246892489 0.05118738435226388 0.034350294418347187 0.062526308634207647 -0.037321570922348148 0.15724184555929868 -0.0077559829520677977 0.087106519342487115 0.035868871438782167 0.080993777819062168 0.062345960575104539 0.043260390365829154 0.0074231441910374259 0.06361515956348282 0.15080359937171259 0.097279038378175947
leaf_weight=2703 2761 9398 1375 5308 1164 1773 777 10436 21 4224 2862 6665 5409 5400 890 1080 3295 68 14971 557 4626 395 664 1228 1168 851 2892 433 152 454
leaf_count=2703 2761 9398 1375 5308 1164 1773 777 10436 21 4224 2862 6665 5409 5400 890 1080 3295 68 14971 557 4626 395 664 1228 1168 851 2892 433 152 454
internal_value=6.76244e-06 -0.0181172 0.0516503 -0.0307465 0.0860503 -0.000955885 0.0363183 -0.0236986 0.108046 0.0273185 0.0200467 -0.029665 0.00869411 0.00244853 0.0730953 0.0488983 0.0407306 0.121177 -0.0396822 0.146953 -0.00813367 0.082532 0.0600863 0.0670504 0.0840871 0.0606866 -0.00191651 0.0866348 0.104836 0.0716891
internal_weight=94000 69581 24419 40083 7528 29498 16891 22409 2790 9847 5623 11973 12582 7173 4738 7044 4072 1789 17674 625 16916 1001 2972 2308 2512 2226 7518 980 547 1622
internal_count=94000 69581 24419 40083 7528 29498 16891 22409 2790 9847 5623 11973 12582 7173 4738 7044 4072 1789 17674 625 16916 1001 2972 2308 2512 2226 7518 980 547 1622
cat_boundaries=0 2 4
cat_threshold=3229646976 49280 543211616 16384
is_linear=0
shrinkage=0.03


Tree=100
num_leaves=31
num_cat=0
split_feature=6 0 6 3 4 10 6 16 16 4 15 15 15 15 9 9 13 3 9 1 16 2 11 6 1 15 15 0 6 1
split_gain=92054.3 16985.1 12616 2710.23 2671.25 2530.54 1302.97 1069.68 1034.06 712.895 695.184 691.603 604.175 584.239 544.719 568.045 548.766 540.372 538.113 529.834 522.83 512.254 489.901 517.9 488.154 485.009 568.537 543.197 463.514 463.153
threshold=47.642857142857146 78.500000000000014 24.785714285714288 100.50000000000001 35.500000000000007 59.767857142857146 15.928571428571431 1.0000000180025095e-35 1.0000000180025095e-35 116.50000000000001 16.500000000000004 19.500000000000004 21.500000000000004 15.500000000000002 6.7563563884945728 9.0508332443805166 4.5000000000000009 126.50000000000001 10.475638889657604 79.500000000000014 1.0000000180025095e-35 80.500000000000014 10.098194794630844 122.92857142857144 104.50000000000001 16.500000000000004 49.500000000000007 105.50000000000001 99.214285714285737 68.500000000000014
decision_type=2 2 2 2 2 2 2 2 2 2 2 2 2 2 2 2 2 2 2 2 2 2 2 2 2 2 2 2 2 2
left_child=2 5 6 8 11 10 -1 12 25 21 -2 -4 -7 -6 -11 16 -16 18 -17 -10 -8 -5 -19 -24 -18 -3 27 28 -27 -9
right_child=1 3 4 9 13 7 20 29 19 14 -12 -13 -14 -15 15 17 24 22 -20 -21 -22 -23 23 -25 -26 26 -28 -29 -30 -31
leaf_value=-0.041552977148334155 0.0096694744280498637 0.051740442779863983 -0.019857769539144934 -0.032242282322505186 -0.0044274967596579342 0.026965438754225416 -0.031952477612603239 0.045860481305854378 0.067454688919793379 0.022955250070383879 0.026044470784592825 -0.0084548125029335775 0.045087220036141559 0.0070833351542783536 0.071621489203937211 0.058625652563096098 0.074853627402988093 0.20370703046246225 0.14914937314534721 0.10851691665682223 -0.020805853411189679 0.096818616655596795 -0.033121211706702382 0.15693451462855298 0.19154150565619638 0.077814817740785081 0.042030593613955745 0.13485414147236435 0.012536644663350383 0.069480174894147609
leaf_weight=11704 4253 2130 10812 28 7383 4497 13280 2057 450 42 5172 8593 2623 8580 52 195 37 85 85 767 5302 1937 20 36 267 1711 479 143 104 1176
leaf_count=11704 4253 2130 10812 28 7383 4497 13280 2057 450 42 5172 8593 2623 8580 52 195 37 85 85 767 5302 1937 20 36 267 1711 479 143 104 1176
internal_value=6.94174e-06 0.0451887 -0.0195002 0.0804714 -0.00733071 0.0299035 -0.0337116 0.0401424 0.0687615 0.104795 0.0186558 -0.0148085 0.0336424 0.00175931 0.128335 0.134024 0.161964 0.110358 0.0861602 0.0933429 -0.0287723 0.0949765 0.158292 0.0890659 0.177379 0.0622086 0.0713543 0.0785239 0.0740769 0.0544549
internal_weight=94000 28346 65654 8568 35368 19778 30286 10353 5784 2784 9425 19405 7120 15963 819 777 356 421 280 1217 18582 1965 141 56 304 4567 2437 1958 1815 3233
internal_count=94000 28346 65654 8568 35368 19778 30286 10353 5784 2784 9425 19405 7120 15963 819 777 356 421 280 1217 18582 1965 141 56 304 4567 2437 1958 1815 3233
is_linear=0
shrinkage=0.03


Tree=101
num_leaves=31
num_cat=3
split_feature=4 5 10 10 5 10 5 12 12 12 12 15 12 12 14 2 12 12 3 3 21 13 15 9 12 15 21 12 21 12
split_gain=86703.5 16302.5 11599.9 2989.99 2411.78 2118.63 1240.63 938.107 1629.57 886.238 1108.09 800.123 765.667 863.766 667.002 657.111 616.77 1131.27 527.146 523.883 691.585 500.63 499.633 491.474 489.138 467.138 485.712 446.39 436.594 435.525
threshold=47.500000000000007 77.500000000000014 24.946428571428573 98.267857142857153 35.500000000000007 59.767857142857146 15.500000000000002 3.5000000000000004 1.5000000000000002 3.5000000000000004 1.0000000180025095e-35 20.500000000000004 3.5000000000000004 1.5000000000000002 4.5000000000000009 103.50000000000001 1.0000000180025095e-35 3.5000000000000004 131.50000000000003 104.50000000000001 0 1.5000000000000002 19.500000000000004 5.7708056458520316 5.5000000000000009 12.500000000000002 1 4.5000000000000009 2 3.5000000000000004
decision_type=2 2 2 2 2 2 2 2 2 2 2 2 2 2 2 2 2 2 2 2 1 2 2 2 2 2 1 2 1 2
left_child=2 5 6 11 12 16 -1 8 18 10 -7 23 13 -4 -6 19 -2 -18 -5 -9 -21 -13 -14 28 27 -12 -27 -11 -3 -8
right_child=1 3 4 7 14 9 29 15 -10 24 25 21 22 -15 -16 -17 17 -19 -20 20 -22 -23 -24 -25 -26 26 -28 -29 -30 -31
leaf_value=-0.040984607447732788 0.034286553128232269 0.011970016377413193 -0.010348248200045826 0.10817122106860937 -0.0045189654920815385 0.057233827765958332 -0.03214365180209134 0.12232000289200448 0.0573649948753139 0.0436726074310625 0.010412766026192332 0.14539551553434454 -0.014283444900572768 -0.027328483970400511 0.0077841565891669977 0.1359314823667391 0.0025759279950466714 0.025021054843827922 0.19900520667640695 0.0010035104315011193 0.10078415138352032 0.07440544018736843 0.00067885255852089053 0.062236859097905432 0.030173020997814062 0.013396353007635441 0.039897253057313196 0.066694967599909824 0.052086144083207199 -0.0231462295298741
leaf_weight=10579 1713 397 4879 823 8407 1076 11196 273 910 1631 1613 93 4473 6029 7507 805 3813 4301 62 111 156 2394 3645 2616 997 999 1812 1420 729 8541
leaf_count=10579 1713 397 4879 823 8407 1076 11196 273 910 1631 1613 93 4473 6029 7507 805 3813 4301 62 111 156 2394 3645 2616 997 999 1812 1420 729 8541
internal_value=6.79665e-06 0.043419 -0.0191154 0.075909 -0.00733344 0.0277076 -0.0326943 0.0997821 0.0855706 0.0377722 0.0299286 0.0638728 -0.0145419 -0.0197339 0.00128452 0.118738 0.0179282 0.014474 0.11456 0.0930816 0.0631403 0.077067 -0.00756505 0.0551011 0.0484275 0.0232856 0.0306706 0.0543905 0.038516 -0.0282504
internal_weight=94000 28744 65256 9369 34940 19375 30316 3140 1795 9548 5500 6229 19026 10908 15914 1345 9827 8114 885 540 267 2487 8118 3742 4048 4424 2811 3051 1126 19737
internal_count=94000 28744 65256 9369 34940 19375 30316 3140 1795 9548 5500 6229 19026 10908 15914 1345 9827 8114 885 540 267 2487 8118 3742 4048 4424 2811 3051 1126 19737
cat_boundaries=0 2 4 6
cat_threshold=2105568 49184 68473004 20516 3900704768 35024
is_linear=0
shrinkage=0.03


Tree=102
num_leaves=31
num_cat=0
split_feature=10 10 4 8 10 10 10 12 15 4 14 12 12 12 3 12 15 15 12 12 14 15 3 8 12 12 9 3 7 9
split_gain=81678 15280.2 11027.7 3183.69 2008.54 1531.19 1526.74 790.008 789.932 758.09 742.899 675.626 1351 617.656 684.158 605.495 579.254 530.18 523.263 606.11 517.27 488.633 431.239 424.387 421.225 834.902 397.378 380.597 390.907 445.228
threshold=53.982142857142868 32.339285714285715 85.500000000000014 22.250000000000004 72.410714285714292 113.87500000000001 43.910714285714299 3.5000000000000004 19.500000000000004 11.500000000000002 4.5000000000000009 3.5000000000000004 1.5000000000000002 4.5000000000000009 127.50000000000001 1.5000000000000002 17.500000000000004 50.500000000000007 3.5000000000000004 1.0000000180025095e-35 4.5000000000000009 49.500000000000007 120.50000000000001 124.3214285714286 3.5000000000000004 1.0000000180025095e-35 5.7071383872680386 114.50000000000001 7.1647284200681689 8.3076159947654933
decision_type=2 2 2 2 2 2 2 2 2 2 2 2 2 2 2 2 2 2 2 2 2 2 2 2 2 2 2 2 2 2
left_child=1 3 4 9 8 10 11 15 24 -1 26 12 -3 14 -7 -6 -5 27 19 -11 -8 22 -15 -16 25 -2 -4 -12 -29 -30
right_child=2 6 5 16 7 13 20 -9 -10 18 17 -13 -14 21 23 -17 -18 -19 -20 -21 -22 -23 -24 -25 -26 -27 -28 28 29 -31
leaf_value=-0.045997739934990282 0.040412499932298167 0.0030067306397273453 0.033965611639324725 -0.022979603475481874 0.057283867754481514 0.088734738314303882 0.0049400347789802963 0.065113931377144663 0.038268822221966529 -0.024116280348147459 0.090431431916764601 0.0037127884851847807 -0.019543785182051954 0.19613140108414406 0.22343068493027146 0.030397519527747417 -0.012880233989236817 0.056000577008976628 -0.026093438864072144 -0.039872098473235314 0.018947985947760666 0.25015418764281572 0.10817356930620016 0.11106109983694729 0.031227522172263558 0.007484269166440705 0.06988612072977568 0.23720903854681011 0.037175428962197832 0.15965362536038466
leaf_weight=3950 925 4707 315 10157 1305 545 4822 2251 5000 2958 2119 7212 4859 78 61 1788 10294 396 8746 8566 4672 43 143 61 2769 2764 2348 30 42 74
leaf_count=3950 925 4707 315 10157 1305 545 4822 2251 5000 2958 2119 7212 4859 78 61 1788 10294 396 8746 8566 4672 43 143 61 2769 2764 2348 30 42 74
internal_value=7.34734e-06 -0.0159351 0.04906 -0.0266125 0.0364004 0.0830641 0.00221981 0.0515894 0.0293157 -0.0339721 0.0768525 -0.00322022 -0.00844746 0.11857 0.103152 0.0417439 -0.0178963 0.0880698 -0.0316283 -0.0358284 0.0118338 0.15746 0.139306 0.167407 0.0223829 0.0157426 0.0656397 0.0936725 0.140598 0.115404
internal_weight=94000 70943 23057 44671 16802 6255 26272 5344 11458 24220 5324 16778 9566 931 667 3093 20451 2661 20270 11524 9494 264 221 122 6458 3689 2663 2265 146 116
internal_count=94000 70943 23057 44671 16802 6255 26272 5344 11458 24220 5324 16778 9566 931 667 3093 20451 2661 20270 11524 9494 264 221 122 6458 3689 2663 2265 146 116
is_linear=0
shrinkage=0.03


Tree=103
num_leaves=31
num_cat=1
split_feature=5 5 10 8 10 10 10 12 12 12 12 12 12 12 5 14 15 15 12 12 12 0 12 12 21 9 12 9 10 15
split_gain=76919.6 13784.4 10860.2 2706.16 2022.23 1507.47 1464.6 833.345 1696.88 729.005 725.656 845.54 681.972 779.752 670.041 597.62 589.118 578.791 545.024 651.902 536.08 733.581 501.655 520.895 471.933 660.177 518.439 462.285 451.917 401.762
threshold=53.500000000000007 31.500000000000004 84.767857142857153 21.392857142857146 67.946428571428584 43.482142857142868 111.44642857142858 3.5000000000000004 2.5000000000000004 1.0000000180025095e-35 3.5000000000000004 1.5000000000000002 3.5000000000000004 1.0000000180025095e-35 10.500000000000002 4.5000000000000009 19.500000000000004 19.500000000000004 5.5000000000000009 4.5000000000000009 3.5000000000000004 128.50000000000003 3.5000000000000004 1.0000000180025095e-35 0 8.5292000062874109 5.5000000000000009 9.8276353854748582 108.94642857142858 19.500000000000004
decision_type=2 2 2 2 2 2 2 2 2 2 2 2 2 2 2 2 2 2 2 2 2 2 2 2 1 2 2 2 2 2
left_child=1 3 4 14 15 17 7 8 9 27 11 -7 13 -5 -1 -2 -6 -3 19 -9 21 -8 23 -16 25 -22 -27 28 -4 -14
right_child=2 5 6 12 16 10 20 18 -10 -11 -12 -13 29 -15 22 -17 -18 -19 -20 -21 24 -23 -24 -25 -26 26 -28 -29 -30 -31
leaf_value=-0.047873011880888591 0.01889231031810391 -0.008898969754991045 0.088758549155088573 -0.0082060140116619103 0.039287734701671219 0.017113683436897426 0.074611890186662463 0.077613704941778647 0.023261165713493855 0.063768116405832603 0.020230530120679772 -0.0065433271349676914 -0.017935048586256309 -0.027164135838772974 -0.024809676994093952 0.03344518355636953 0.056668234087323383 0.0020947161684424509 0.065669210535942837 0.11756515823936907 0.15516298793962721 0.14460604976093336 -0.026177086948718575 -0.039554771562601135 0.15823723106241122 0.085406939713509447 -0.041449503819336514 0.1973689084834554 0.19665719751399161 -0.0050022515354435741
leaf_weight=2592 5326 10234 638 2474 4175 2362 531 737 736 1456 4014 3204 4794 9275 2897 4858 3033 7445 717 737 79 181 8578 8456 318 93 42 42 37 3939
leaf_count=2592 5326 10234 638 2474 4175 2362 531 737 736 1456 4014 3204 4794 9275 2897 4858 3033 7445 717 737 79 181 8578 8456 318 93 42 42 37 3939
internal_value=7.19876e-06 -0.0157657 0.0466987 -0.0263447 0.0344422 0.000924042 0.0802982 0.0731743 0.0626411 0.0759762 0.0105078 0.0034954 -0.0184526 -0.0231725 -0.0335214 0.0258349 0.0466022 -0.00426914 0.0871543 0.0975981 0.109494 0.0924274 -0.0316546 -0.0357927 0.132307 0.0824621 0.0459168 0.10075 0.0947057 -0.0121022
internal_weight=94000 70264 23736 43005 17392 27259 6344 5100 2909 2173 9580 5566 20482 11749 22523 10184 7208 17679 2191 1474 1244 712 19931 11353 532 214 135 717 675 8733
internal_count=94000 70264 23736 43005 17392 27259 6344 5100 2909 2173 9580 5566 20482 11749 22523 10184 7208 17679 2191 1474 1244 712 19931 11353 532 214 135 717 675 8733
cat_boundaries=0 2
cat_threshold=1077936320 192
is_linear=0
shrinkage=0.03


Tree=104
num_leaves=31
num_cat=0
split_feature=10 11 8 10 11 6 10 12 12 15 12 12 15 1 12 12 7 12 9 12 12 12 12 12 8 12 12 12 12 12
split_gain=72413.6 13579 9797.98 2389.35 2231.98 1744.94 1135.52 769.327 1319.87 768.188 676.967 1364.92 612.627 607.695 565.259 648.37 657.716 556.438 548.907 510.066 1110.87 462.198 452.754 847.962 451.339 435.955 864.574 583.715 567.921 424.792
threshold=53.982142857142868 2.2357721817477989 87.250000000000014 39.553571428571438 5.5600973495205741 17.357142857142858 113.87500000000001 3.5000000000000004 1.5000000000000002 20.500000000000004 3.5000000000000004 1.5000000000000002 18.500000000000004 82.500000000000014 4.5000000000000009 1.5000000000000002 5.8554004376911308 5.5000000000000009 5.1510161165509301 3.5000000000000004 1.5000000000000002 5.5000000000000009 3.5000000000000004 1.5000000000000002 8.8214285714285747 1.0000000180025095e-35 3.5000000000000004 5.5000000000000009 4.5000000000000009 2.5000000000000004
decision_type=2 2 2 2 2 2 2 2 2 2 2 2 2 2 2 2 2 2 2 2 2 2 2 2 2 2 2 2 2 2
left_child=1 5 4 19 9 24 7 8 -4 22 11 -5 -7 -9 15 16 -8 18 -15 20 -3 -16 23 -2 -1 -6 29 28 -28 -27
right_child=2 3 6 10 25 12 14 13 -10 -11 -12 -13 -14 17 21 -17 -18 -19 -20 -21 -22 -23 -24 -25 -26 26 27 -29 -30 -31
leaf_value=-0.058324350482707413 0.027518440897704041 -0.0031009306410877385 0.086346111917713284 0.013817604577016319 0.066690479213045897 -0.027026453006331105 -0.031393978257677445 0.039788099346389598 0.043202409560599599 0.03640631488085249 0.014499203959605333 -0.0095644197917567949 -0.01719084012920857 0.20946288243894298 0.18830013344759872 0.07305049050019069 0.14734628293716351 0.069877584146029126 0.10257850227008933 -0.0029407399724312214 -0.022945339700592756 0.10864249678571587 0.029498829361455155 -0.0013046605569958676 -0.034454710170165423 0.041924251226902513 0.049705654851927898 0.037929945399225021 0.080984411515091559 0.01806141369753465
leaf_weight=753 1838 5027 1255 4418 1001 12011 20 199 1300 4257 6747 4572 10853 45 133 405 242 540 1150 7848 5130 131 2588 1836 13584 1965 1039 1038 1054 1021
leaf_count=753 1838 5027 1255 4418 1001 12011 20 199 1300 4257 6747 4572 10853 45 133 405 242 540 1150 7848 5130 131 2588 1836 13584 1965 1039 1038 1054 1021
internal_value=7.53959e-06 -0.0150036 0.0461946 -0.00122213 0.0353528 -0.0275035 0.0814726 0.0752134 0.0643981 0.0265727 0.00731683 0.00192602 -0.0223579 0.0894959 0.111638 0.0968884 0.133684 0.0951929 0.106623 -0.00868564 -0.0131242 0.148841 0.0198866 0.0131143 -0.035709 0.048327 0.0453205 0.0563367 0.0654617 0.0337667
internal_weight=94000 70943 23057 33742 17637 37201 5420 4489 2555 10519 15737 8990 22864 1934 931 667 262 1735 1195 18005 10157 264 6262 3674 14337 7118 6117 3131 2093 2986
internal_count=94000 70943 23057 33742 17637 37201 5420 4489 2555 10519 15737 8990 22864 1934 931 667 262 1735 1195 18005 10157 264 6262 3674 14337 7118 6117 3131 2093 2986
is_linear=0
shrinkage=0.03


Tree=105
num_leaves=31
num_cat=4
split_feature=10 5 10 10 6 11 5 12 12 12 12 15 12 12 12 6 12 12 21 12 14 12 2 13 21 13 11 3 21 21
split_gain=68243.8 12637.4 9441.09 2395.15 1997.35 1664.59 995.249 806.88 1192.31 782.956 1381.52 700.377 691.229 601.386 1185.03 559.821 536.654 695.859 529.062 525.471 522.935 519.05 588.017 486.853 464.486 456.94 451.593 446.458 419.031 409.733
threshold=48.017857142857146 77.500000000000014 24.946428571428573 98.267857142857153 34.785714285714292 5.3297979349968223 15.500000000000002 4.5000000000000009 1.0000000180025095e-35 3.5000000000000004 1.5000000000000002 20.500000000000004 5.5000000000000009 1.0000000180025095e-35 3.5000000000000004 122.92857142857144 3.5000000000000004 1.0000000180025095e-35 0 5.5000000000000009 4.5000000000000009 4.5000000000000009 95.500000000000014 28.500000000000004 1 1.5000000000000002 6.420041371901787 131.50000000000003 2 3
decision_type=2 2 2 2 2 2 2 2 2 2 2 2 2 2 2 2 2 2 1 2 2 2 2 2 1 2 2 2 1 1
left_child=2 5 6 11 20 7 -1 8 24 10 27 26 -9 -6 -15 19 17 -7 -19 21 -4 -11 -23 -24 -2 -13 -3 -5 -21 -10
right_child=1 3 4 9 13 16 -8 12 29 15 -12 25 -14 14 -16 -17 -18 18 -20 28 -22 22 23 -25 -26 -27 -28 -29 -30 -31
leaf_value=-0.036483006424322541 0.01849508446780752 0.035107391955406617 -0.018146058739455115 0.096642872168656607 0.014843799891649266 0.063133737369422016 -0.025077323282912359 0.043465008742638707 0.016735293941347235 0.089217598169721218 0.049860267005378822 0.13429115391059285 0.0178984268079895 -0.0096865645353524359 0.0072114459386756523 0.16298056335900402 0.050346633775245161 0.039195419660749013 0.010891790758037364 0.11629944457667711 -0.0079101557316055837 0.05046180612148838 0.16334715463817917 0.036615373866502626 0.049201772898331421 0.066475496078406096 0.056606388234370218 0.18023367245992022 0.044168586768063629 0.0031713623919808901
leaf_weight=10579 822 1417 9385 823 2433 499 19737 1972 3940 404 910 93 1841 7472 7468 140 2254 1127 1302 125 8619 60 316 30 1077 2394 2325 62 270 4104
leaf_count=10579 822 1417 9385 823 2433 499 19737 1972 3940 404 910 93 1841 7472 7468 140 2254 1127 1302 125 8619 60 316 30 1077 2394 2325 62 270 4104
internal_value=7.36374e-06 0.0389478 -0.016772 0.0674465 -0.00624381 0.0248485 -0.0290576 0.0193889 0.0148887 0.0888134 0.0758304 0.0566738 0.0311225 0.00101267 -0.00123963 0.106131 0.0393403 0.0308652 0.0242325 0.0995108 -0.0132461 0.113357 0.137343 0.152381 0.0362698 0.0690179 0.0484672 0.102522 0.0710875 0.0098403
internal_weight=94000 28307 65693 9369 35377 18938 30316 13756 9943 3140 1795 6229 3813 17373 14940 1345 5182 2928 2429 1205 18004 810 406 346 1899 2487 3742 885 395 8044
internal_count=94000 28307 65693 9369 35377 18938 30316 13756 9943 3140 1795 6229 3813 17373 14940 1345 5182 2928 2429 1205 18004 810 406 346 1899 2487 3742 885 395 8044
cat_boundaries=0 2 4 6 8
cat_threshold=2698258512 60488 2388275336 173606 2155905024 24576 4037577842 28864
is_linear=0
shrinkage=0.03


Tree=106
num_leaves=31
num_cat=6
split_feature=6 11 3 5 11 8 5 16 15 16 21 15 0 3 14 15 21 15 15 21 8 21 0 21 6 7 13 16 16 21
split_gain=64262.2 12130.5 8736.72 2388.77 1664.12 1344.12 1117.65 771.185 747.191 708.036 691.825 650.82 587.977 580.888 536.958 502.537 665.362 497.963 493.874 615.033 462.331 455.209 771.222 412.382 407.373 386.662 382.024 376.318 372.742 377.277
threshold=53.785714285714292 2.5015867980017354 85.500000000000014 22.500000000000004 5.7416836569887115 43.392857142857146 114.50000000000001 1.0000000180025095e-35 45.500000000000007 1.0000000180025095e-35 0 20.500000000000004 14.500000000000002 67.500000000000014 4.5000000000000009 4.5000000000000009 1 19.500000000000004 49.500000000000007 2 110.60714285714288 3 113.50000000000001 4 104.78571428571429 9.7711918656932806 15.500000000000002 1.0000000180025095e-35 1.0000000180025095e-35 5
decision_type=2 2 2 2 2 2 2 2 2 2 1 2 2 2 2 2 1 2 2 1 2 1 2 1 2 2 2 2 2 1
left_child=1 3 4 9 7 17 11 10 -8 12 13 15 -1 -2 -5 16 -4 -3 -13 -20 24 22 26 -9 -18 -24 -17 -7 -6 -30
right_child=2 5 6 14 28 27 8 23 -10 -11 -12 18 -14 -15 -16 21 20 -19 19 -21 -22 -23 25 -25 -26 -27 -28 -29 29 -31
leaf_value=-0.04060335655895389 0.021897510612098527 -0.0079223223691854382 0.035972316703054258 -0.020754528686162097 0.041366200225826419 0.0064577047966137072 0.085426916918488041 0.05273772302465686 0.13963503376980238 -0.021685007073719696 0.012291417707425589 0.088347321401704343 -0.029234521397308286 0.046190144179120651 -0.010558290804696998 0.042104613379856562 0.10161548087255143 0.0024263776013749598 -0.010367907833128184 0.070232405087972863 0.19246307167466611 0.041774017753867097 0.26595428046485153 0.02951893764375044 -0.023245072654518945 0.09572859249907921 0.093944414406055957 0.019199071174040776 0.074948845770398051 0.040955897313907419
leaf_weight=6225 2681 10103 249 9667 4105 7349 768 1174 327 6655 4167 1689 11981 1324 8958 285 378 7143 108 464 48 1544 27 1988 25 22 233 2914 721 678
leaf_count=6225 2681 10103 249 9667 4105 7349 768 1174 327 6655 4167 1689 11981 1324 8958 285 378 7143 108 464 48 1544 27 1988 25 22 233 2914 721 678
internal_value=8.16207e-06 -0.0141117 0.0435831 -0.0239747 0.0323939 0.00147955 0.0741321 0.0258206 0.101629 -0.0300608 0.0209516 0.0681932 -0.0331221 0.0298555 -0.0158507 0.0585464 0.080586 -0.0036359 0.0801823 0.0560562 0.102136 0.0512332 0.0749167 0.0384022 0.0938585 0.189938 0.0654419 0.0100758 0.0459285 0.0593095
internal_weight=94000 70995 23005 43486 16838 27509 6167 11334 1095 24861 8172 5072 18206 4005 18625 2811 700 17246 2261 572 451 2111 567 3162 403 49 518 10263 5504 1399
internal_count=94000 70995 23005 43486 16838 27509 6167 11334 1095 24861 8172 5072 18206 4005 18625 2811 700 17246 2261 572 451 2111 567 3162 403 49 518 10263 5504 1399
cat_boundaries=0 2 4 6 8 10 12
cat_threshold=3498084464 28912 549470336 32912 276832256 192 1611677696 32896 1276673184 32780 811626680 8416
is_linear=0
shrinkage=0.03


Tree=107
num_leaves=31
num_cat=5
split_feature=10 0 10 10 3 6 12 12 12 6 12 15 21 12 12 12 12 12 15 21 14 21 21 12 12 12 12 21 4 17
split_gain=60530.2 12347.6 7578.16 1965.37 1816.55 1483.6 1038.62 1053.88 931.371 865.577 747.983 700.33 692.818 688.852 584.728 542.501 563.83 515.661 508.868 498.501 474.327 424.954 424.742 418.284 563.421 415.901 497.715 487.548 414.114 430.222
threshold=45.875000000000007 78.500000000000014 24.732142857142861 60.232142857142868 100.50000000000001 34.785714285714292 3.5000000000000004 1.0000000180025095e-35 3.5000000000000004 14.785714285714286 1.5000000000000002 18.500000000000004 0 5.5000000000000009 4.5000000000000009 4.5000000000000009 1.0000000180025095e-35 5.5000000000000009 21.500000000000004 1 3.5000000000000004 2 3 4.5000000000000009 1.0000000180025095e-35 5.5000000000000009 4.5000000000000009 4 93.500000000000014 347.50000000000006
decision_type=2 2 2 2 2 2 2 2 2 2 2 2 1 2 2 2 2 2 2 1 2 1 1 2 2 2 2 1 2 2
left_child=2 3 9 11 6 15 7 22 10 -1 -5 -2 -6 14 19 16 -4 -17 -14 -10 -7 -15 -3 24 -13 26 27 -8 -20 -30
right_child=1 4 5 8 12 20 25 -9 13 -11 -12 23 18 21 -16 17 -18 -19 28 -21 -22 -23 -24 -25 -26 -27 -28 -29 29 -31
leaf_value=-0.035128475922600086 0.0074946165375261338 0.033017099784025228 -0.0032787459267697187 0.037152799100607099 0.051750992082943731 -0.0067780139038057389 0.027005134056207671 0.037107058750074633 0.055020974173387131 -0.024089546225015569 0.014192059185930179 0.040451050254751833 0.081372679100983072 0.00068345381649116742 0.062223218389315403 0.0048114445975160824 -0.018911276066921789 -0.01398167190168534 0.024461876530657189 0.021050659983718658 0.0040221560493592318 0.035890911837935059 0.083197071924750191 0.035565915907580313 0.011505019557543411 0.052683706969726025 0.10268893885585487 0.082466022615580128 0.027555897019633135 0.12004347539818731
leaf_weight=9264 6051 244 2585 2222 551 5845 241 2761 751 20647 3004 750 1295 458 1685 2670 10567 2587 48 891 9789 988 796 1541 3137 599 618 525 48 842
leaf_count=9264 6051 244 2585 2222 551 5845 241 2761 751 20647 3004 750 1295 458 1685 2670 10567 2587 48 891 9789 988 796 1541 3137 599 618 525 48 842
internal_value=9.08729e-06 0.0351314 -0.0164916 0.0229842 0.0655806 -0.00681154 0.0559936 0.0468067 0.0327079 -0.0275087 0.0239556 0.0145138 0.0854947 0.0422895 0.0498042 -0.012583 -0.015839 -0.00443628 0.0931681 0.0370551 -1.54714e-05 0.0249953 0.0725486 0.0223377 0.0170918 0.0735981 0.0826433 0.0664555 0.110432 0.115062
internal_weight=94000 30046 63954 21478 8568 34043 5784 3801 9999 29911 5226 11479 2784 4773 3327 18409 13152 5257 2233 1642 15634 1446 1040 5428 3887 1983 1384 766 938 890
internal_count=94000 30046 63954 21478 8568 34043 5784 3801 9999 29911 5226 11479 2784 4773 3327 18409 13152 5257 2233 1642 15634 1446 1040 5428 3887 1983 1384 766 938 890
cat_boundaries=0 2 4 6 8 10
cat_threshold=543162400 96 2424360024 62496 1082392580 56496 411596800 2048 1342197904 12416
is_linear=0
shrinkage=0.03


Tree=108
num_leaves=31
num_cat=6
split_feature=5 11 5 5 0 6 5 12 12 14 12 12 12 14 21 14 12 12 14 12 3 21 21 21 12 12 21 21 0 8
split_gain=56986 10345.4 8202.71 1756.22 1423.02 1389.11 1167.13 666.177 722.372 664.656 610.981 598.393 1091.71 597.412 730.617 596.791 593.147 753.537 583.766 531.654 547.367 477.296 470.153 421.142 417.194 1035.77 454.674 453.872 491.822 412.824
threshold=53.500000000000007 2.2357721817477989 84.500000000000014 39.500000000000007 68.500000000000014 17.357142857142858 110.50000000000001 3.5000000000000004 2.5000000000000004 4.5000000000000009 5.5000000000000009 1.0000000180025095e-35 3.5000000000000004 5.5000000000000009 0 8.0000000000000018 3.5000000000000004 1.5000000000000002 4.5000000000000009 5.5000000000000009 91.500000000000014 1 2 3 5.5000000000000009 4.5000000000000009 4 5 112.50000000000001 8.8214285714285747
decision_type=2 2 2 2 2 2 2 2 2 2 2 2 2 2 1 2 2 2 2 2 2 1 1 1 2 2 1 1 2 2
left_child=1 5 4 16 7 29 13 8 22 -5 -9 -6 -13 24 15 -15 17 -3 -7 20 -14 -12 -2 -21 25 27 -26 -4 -29 -1
right_child=2 3 6 9 11 18 -8 10 -10 -11 21 12 19 14 -16 -17 -18 -19 -20 23 -22 -23 -24 -25 26 -27 -28 28 -30 -31
leaf_value=-0.05336786798546149 0.032100225887419259 -0.00333588669107343 0.072744047125431088 0.00010560770609964278 0.060558770551777934 -0.02460758257247132 0.091185943332787914 0.038035259144687902 -0.003921901524285956 0.012726890137621424 0.029773181830624513 0.024736607686607216 0.057441785852466599 0.11286849756442889 0.090563940378589156 0.040747269333177065 -0.0013951571142848567 -0.019671401791872118 -0.015018880950860774 -0.0075538658023170157 0.14973889304873547 -0.00036387310745865592 0.01129354500757327 0.045381537610783083 0.064185927221387995 0.099500076364762963 0.0088922720972312262 0.036486006399953488 0.10111735566386154 -0.030540070564511107
leaf_weight=753 1894 4586 610 7759 1073 11465 1531 3183 1375 7278 1072 3187 1593 121 1135 706 7738 5702 11399 206 60 849 2090 392 212 460 367 1506 114 13584
leaf_count=753 1894 4586 610 7759 1073 11465 1531 3183 1375 7278 1072 3187 1593 121 1135 706 7738 5702 11399 206 60 849 2090 392 212 460 367 1506 114 13584
internal_value=1.01072e-05 -0.0135661 0.0401988 -0.00135547 0.029067 -0.0244184 0.0681405 0.0222137 0.0148246 0.00621463 0.029971 0.0400789 0.0360364 0.0613935 0.0744869 0.0507025 -0.00767048 -0.01239 -0.0198273 0.0520316 0.0608026 0.0166061 0.0212953 0.0277755 0.053532 0.0585059 0.0304127 0.0500442 0.0407902 -0.0317396
internal_weight=94000 70264 23736 33063 16974 37201 6762 10463 5359 15037 5104 6511 5438 5231 1962 827 18026 10288 22864 2251 1653 1921 3984 598 3269 2690 579 2230 1620 14337
internal_count=94000 70264 23736 33063 16974 37201 6762 10463 5359 15037 5104 6511 5438 5231 1962 827 18026 10288 22864 2251 1653 1921 3984 598 3269 2690 579 2230 1620 14337
cat_boundaries=0 2 4 6 8 9 11
cat_threshold=813723664 4320 608203944 194812 1923124432 6360 1220542464 55344 4032860192 9453568 4320
is_linear=0
shrinkage=0.03


Tree=109
num_leaves=31
num_cat=2
split_feature=10 10 10 10 10 10 4 15 16 16 2 15 14 16 21 16 1 2 9 21 7 17 16 9 4 7 15 13 16 15
split_gain=53699.6 11105 6611.9 2070.28 1413.95 1265.91 773.539 674.187 673.325 628.108 772.204 559.724 490.026 483.423 470.608 468.132 449.936 441.7 419.181 396.084 626.026 389.458 376.123 348.647 453.769 420.309 339.626 338.264 323.955 323.404
threshold=45.517857142857146 75.982142857142875 24.732142857142861 97.053571428571445 57.410714285714299 34.517857142857146 15.500000000000002 15.500000000000002 1.0000000180025095e-35 1.0000000180025095e-35 103.50000000000001 21.500000000000004 4.5000000000000009 1.0000000180025095e-35 0 1.0000000180025095e-35 129.50000000000003 93.500000000000014 4.6486439000948847 1 9.4137690442801407 473.50000000000006 1.0000000180025095e-35 8.1208252006986523 110.50000000000001 7.6749437720911606 20.500000000000004 17.500000000000004 1.0000000180025095e-35 19.500000000000004
decision_type=2 2 2 2 2 2 2 2 2 2 2 2 2 2 1 2 2 2 2 1 2 2 2 2 2 2 2 2 2 2
left_child=2 4 6 8 15 12 22 -6 29 11 19 16 -4 -7 -10 -2 17 -5 -16 21 23 -11 -1 25 -25 27 -22 -21 -8 -3
right_child=1 3 5 9 7 13 28 -9 14 10 -12 -13 -14 -15 18 -17 -18 -19 -20 20 26 -23 -24 24 -26 -27 -28 -29 -30 -31
leaf_value=-0.035672552157284938 0.0077609307386981323 0.03546054915366862 -0.016880482258811395 0.10468389031630115 0.019350923642697599 -0.003711331501859521 -0.024867603616579831 0.034493472106802918 0.081583699619464017 0.11504762033821977 0.12318471896726507 0.08671765915568698 -0.0069081186399909981 0.0078595235302152521 0.12268762303936864 0.022320875115433132 0.12507011364760071 0.047907970100901351 0.043941416975891823 0.11868855784869238 -0.08770214632432273 -0.01005974216527673 -0.022845827857836589 0.20169590220575603 0.025607667740653536 -0.056738721808523823 0.052329730522583127 -0.0067977054065644143 -0.016353850646365943 0.051409780641405244
leaf_weight=7984 6969 2525 9170 137 4797 11395 13399 5907 833 210 516 1007 8591 4546 65 2781 84 1246 950 54 44 25 2775 33 22 30 24 30 5753 2098
leaf_count=7984 6969 2525 9170 137 4797 11395 13399 5907 833 210 516 1007 8591 4546 65 2781 84 1246 950 54 44 25 2775 33 22 30 24 30 5753 2098
internal_value=1.09536e-05 0.0328183 -0.0156606 0.0588431 0.0201797 -0.00654879 -0.0259272 0.0277079 0.0488225 0.0775702 0.0978057 0.0694843 -0.0120571 -0.000411378 0.0641334 0.0119144 0.0576475 0.0535415 0.0485208 0.0700342 0.0370059 0.0975765 -0.0323648 0.0694895 0.131489 0.0394619 -0.0382308 0.0738816 -0.0223104 0.0427002
internal_weight=94000 30387 63613 9933 20454 33702 29911 10704 6471 3462 988 2474 17761 15941 1848 9750 1467 1383 1015 472 237 235 10759 169 55 114 68 84 19152 4623
internal_count=94000 30387 63613 9933 20454 33702 29911 10704 6471 3462 988 2474 17761 15941 1848 9750 1467 1383 1015 472 237 235 10759 169 55 114 68 84 19152 4623
cat_boundaries=0 2 4
cat_threshold=3760246832 200 3233841184 8224
is_linear=0
shrinkage=0.03


Tree=110
num_leaves=31
num_cat=4
split_feature=6 5 4 6 4 4 8 21 14 16 15 14 15 15 0 1 21 17 16 13 17 2 15 5 15 21 7 21 7 6
split_gain=50533.9 9596.16 6962.3 2215.59 1287.02 1006.3 790.389 668.624 625.952 595.074 582.52 544.15 511.264 492.568 487.147 481.127 470.26 525.997 600.472 461.111 433.715 519.806 424.88 414.041 403.134 881.471 433.953 442.61 390.66 428.397
threshold=53.785714285714292 33.500000000000007 85.500000000000014 22.357142857142858 67.500000000000014 109.50000000000001 44.250000000000007 0 8.0000000000000018 1.0000000180025095e-35 20.500000000000004 1.5000000000000002 13.500000000000002 15.500000000000002 11.500000000000002 112.50000000000001 1 415.50000000000006 1.0000000180025095e-35 28.500000000000004 470.50000000000006 122.50000000000001 20.500000000000004 119.50000000000001 46.500000000000007 2 8.182443458550706 3 7.9970232557109133 112.64285714285715
decision_type=2 2 2 2 2 2 2 1 2 2 2 2 2 2 2 2 1 2 2 2 2 2 2 2 2 1 2 1 2 2
left_child=1 3 4 9 12 16 22 8 11 14 -6 -7 -2 -5 -1 28 17 -4 19 -19 21 -18 -3 -9 26 -26 27 -12 -13 -30
right_child=2 6 5 13 10 7 -8 23 -10 -11 24 15 -14 -15 -16 -17 20 18 -20 -21 -22 -23 -24 -25 25 -27 -28 -29 29 -31
leaf_value=-0.041241258335988018 0.011602676732477975 -0.0053141745610401593 0.052524715655446835 -0.018797117893916391 0.030624466242007081 0.12825121023282526 0.0097478218063033022 0.040897158879122535 0.13468465318801615 -0.019343410723132417 0.017088528277980658 0.14499126082453692 0.026381196694002344 -0.009664830008315653 -0.027521860225807191 0.032488235366695477 0.044165778372212569 0.062888481710037469 0.11197155723313919 0.13909173739718902 0.083217823873602492 -0.083635423478007925 0.0047986071611625224 0.098354125755505048 0.059299739012025329 0.012947134401722113 0.10284907463208709 0.060092581504403671 0.034797445583431542 0.13792035993125479
leaf_weight=2766 3371 9744 1131 9308 4554 187 8888 397 357 7014 295 90 5623 12399 14809 200 1804 1007 385 77 265 29 6067 158 734 772 170 1231 115 53
leaf_count=2766 3371 9744 1131 9308 4554 187 8888 397 357 7014 295 90 5623 12399 14809 200 1804 1007 385 77 265 29 6067 158 734 772 170 1231 115 53
internal_value=1.09294e-05 -0.0125102 0.0386522 -0.0205663 0.0285662 0.0656597 0.00259003 0.0865687 0.101769 -0.0267327 0.0375217 0.0851049 0.0208427 -0.013581 -0.0296814 0.0674577 0.0587277 0.0676598 0.0797667 0.0683165 0.0471072 0.0421377 -0.0014335 0.0562609 0.047329 0.0360228 0.0573641 0.0522886 0.0945311 0.0674108
internal_weight=94000 70995 23005 46296 16750 6255 24699 1557 1002 24589 7756 645 8994 21707 17575 458 4698 2600 1469 1084 2098 1833 15811 555 3202 1506 1696 1526 258 168
internal_count=94000 70995 23005 46296 16750 6255 24699 1557 1002 24589 7756 645 8994 21707 17575 458 4698 2600 1469 1084 2098 1833 15811 555 3202 1506 1696 1526 258 168
cat_boundaries=0 2 4 6 8
cat_threshold=3225452672 57344 3230683296 24768 3425733732 59416 1343225856 27648
is_linear=0
shrinkage=0.03


Tree=111
num_leaves=31
num_cat=4
split_feature=4 0 11 11 3 4 12 12 12 15 12 21 21 15 21 12 12 12 9 14 15 15 21 0 10 5 3 17 4 17
split_gain=47591.4 9252.67 6515.89 1436.57 1432.16 1348.67 896.403 994.066 790.55 756.984 687.868 682.879 640.562 510.342 472.683 465.915 459.391 587.47 444.942 505.06 440.815 431.126 425.355 498.756 408.07 396.176 393.593 377.73 372.879 388.145
threshold=47.500000000000007 78.500000000000014 1.9813949444585501 5.5600973495205741 100.50000000000001 35.500000000000007 3.5000000000000004 1.5000000000000002 4.5000000000000009 17.500000000000004 1.0000000180025095e-35 0 1 18.500000000000004 2 5.5000000000000009 3.5000000000000004 1.5000000000000002 4.8266658571630936 3.5000000000000004 21.500000000000004 50.500000000000007 3 104.50000000000001 14.160714285714286 60.500000000000007 60.500000000000007 436.50000000000006 93.500000000000014 347.50000000000006
decision_type=2 2 2 2 2 2 2 2 2 2 2 1 1 2 1 2 2 2 2 2 2 2 1 2 2 2 2 2 2 2
left_child=2 3 8 9 6 16 7 -3 10 25 -1 18 -6 -7 -5 -10 17 -4 -9 -20 27 -13 23 -8 -12 -2 -11 -14 -22 -30
right_child=1 4 5 14 12 13 22 11 15 26 24 21 20 -15 -16 -17 -18 -19 19 -21 28 -23 -24 -25 -26 -27 -28 -29 29 -31
leaf_value=-0.016519845593702717 0.0047093336306540659 0.055128556607631038 -0.0069249151602011425 0.049949408716899457 0.044017789929765273 -0.0037037660021100494 0.082727149046083581 -0.037312509248668912 -0.0097237007809000027 0.018420426250929274 -0.03788988221471918 0.014131561038320188 0.048324147381370419 0.0072217432783588838 0.028821047910490952 -0.023670382209241704 -0.0052416383839132474 -0.020881134468083269 0.020785439427763879 0.077016623536760101 0.017775915884674212 -0.062372631168440926 0.054436741711746346 0.2142855975009858 -0.027305883775780495 0.018286579984608271 0.032680645866476773 0.083271053734625261 0.020630432847120531 0.10846403010643912
leaf_weight=4282 4708 2090 4936 1485 551 8375 647 50 4386 4874 4362 979 407 7118 3112 4242 8284 6034 232 379 48 71 1309 27 13237 3284 2713 888 48 842
leaf_count=4282 4708 2090 4936 1485 551 8375 647 50 4386 4874 4362 979 407 7118 3112 4242 8284 6034 232 379 48 71 1309 27 13237 3284 2713 888 48 842
internal_value=1.11377e-05 0.0321742 -0.0141561 0.021082 0.0582935 -0.00527306 0.0497808 0.0412461 -0.0242729 0.016733 -0.0273056 0.0242846 0.0759757 0.0013156 0.0358192 -0.0165812 -0.0105748 -0.0146019 0.0479093 0.0556771 0.0832877 0.00886569 0.0661355 0.0867459 -0.0299296 0.0102889 0.0235204 0.0722946 0.0993401 0.103733
internal_weight=94000 28744 65256 20176 8568 34747 5784 3801 30509 15579 21881 1711 2784 15493 4597 8628 19254 10970 661 611 2233 1050 1983 674 17599 7992 7587 1295 938 890
internal_count=94000 28744 65256 20176 8568 34747 5784 3801 30509 15579 21881 1711 2784 15493 4597 8628 19254 10970 661 611 2233 1050 1983 674 17599 7992 7587 1295 938 890
cat_boundaries=0 2 4 6 8
cat_threshold=2823841792 24608 543162400 96 815810568 10280 1610653792 32784
is_linear=0
shrinkage=0.03


Tree=112
num_leaves=31
num_cat=0
split_feature=10 0 6 11 10 5 15 6 15 15 13 16 16 5 17 16 2 16 2 3 0 0 15 16 5 15 7 9 4 8
split_gain=44815.6 9357.15 5562.44 1538.24 1347.8 1039.48 847.458 697.295 576.639 533.271 479.118 469.109 461.687 431.386 417.914 387.007 372.123 449.694 644.295 592.941 435.802 415.095 371.36 362.881 362.694 344.227 343.926 421.585 448.013 341.108
threshold=45.517857142857146 78.500000000000014 24.785714285714288 5.3297979349968223 99.803571428571445 35.500000000000007 20.500000000000004 15.928571428571431 21.500000000000004 15.500000000000002 30.500000000000004 1.0000000180025095e-35 1.0000000180025095e-35 114.50000000000001 492.50000000000006 1.0000000180025095e-35 94.500000000000014 1.0000000180025095e-35 102.50000000000001 105.50000000000001 133.50000000000003 98.500000000000014 22.500000000000004 1.0000000180025095e-35 60.500000000000007 19.500000000000004 11.613825507746741 8.5292000062874109 122.50000000000001 8.8214285714285747
decision_type=2 2 2 2 2 2 2 2 2 2 2 2 2 2 2 2 2 2 2 2 2 2 2 2 2 2 2 2 2 2
left_child=2 3 7 6 11 9 24 29 14 -4 13 -3 -8 -10 16 -5 21 20 19 -19 -18 -6 -13 -9 -2 -7 27 28 -15 -1
right_child=1 4 5 15 8 25 12 23 10 -11 -12 22 -14 26 -16 -17 17 18 -20 -21 -22 -23 -24 -25 -26 -27 -28 -29 -30 -31
leaf_value=-0.048885266956279774 0.0048565009889734844 0.043436005557656851 -0.016238817980179211 0.027224080005425619 0.013831216611645438 -0.0036749782129843079 0.017917036777979928 -0.022647112056448742 0.07298017063423641 -0.0060945260077478807 0.23577165171281614 0.050292427694403626 0.035460745625817983 0.096760060743031368 0.18186555079345046 0.043574499614084834 0.04300734174344354 0.10427738989998304 0.10755710315444304 -0.027425638254280498 0.14763655280890167 0.13328093678367645 0.082139720144791303 -0.01336100231341523 0.017375688420653315 0.005771416335142051 0.17486940542255694 0.070798535138881277 0.20407684956039518 -0.028003452617756275
leaf_weight=753 6329 4389 8150 3880 34 8304 4635 13280 677 10907 20 789 1906 92 26 1964 1085 52 291 75 37 115 568 5302 3105 5966 66 195 57 10951
leaf_count=753 6329 4389 8150 3880 34 8304 4635 13280 677 10907 20 789 1906 92 26 1964 1085 52 291 75 37 115 568 5302 3105 5966 66 195 57 10951
internal_value=1.14007e-05 0.0299824 -0.0143053 0.0195499 0.0565485 -0.00584837 0.0147316 -0.0236112 0.0735302 -0.0104331 0.0904209 0.0482067 0.0230301 0.0877223 0.0626212 0.0327201 0.0607731 0.0563818 0.082954 0.026516 0.0464732 0.106072 0.06363 -0.0199978 0.00897738 0.000274172 0.112034 0.0999221 0.137944 -0.0293476
internal_weight=94000 30387 63613 21819 8568 33327 15975 30286 2822 19057 1107 5746 6541 1087 1715 5844 1689 1540 418 127 1122 149 1357 18582 9434 14270 410 344 149 11704
internal_count=94000 30387 63613 21819 8568 33327 15975 30286 2822 19057 1107 5746 6541 1087 1715 5844 1689 1540 418 127 1122 149 1357 18582 9434 14270 410 344 149 11704
is_linear=0
shrinkage=0.03


Tree=113
num_leaves=31
num_cat=3
split_feature=5 11 5 11 0 10 12 12 12 12 15 12 12 12 12 12 12 12 12 12 3 21 21 12 12 12 12 0 21 9
split_gain=42213.7 7783.57 6162.36 1623.88 1070.22 894.111 882.894 1486.78 719.672 657.128 617.228 581.634 695.435 574.748 573.156 966.942 522.93 611.326 541.828 496.829 490.712 449.403 445.895 442.679 428.489 508.186 408.489 585.662 522.353 597.043
threshold=53.500000000000007 2.5015867980017354 84.500000000000014 1.5735915849388873 68.500000000000014 111.44642857142858 3.5000000000000004 1.5000000000000002 5.5000000000000009 4.5000000000000009 21.500000000000004 3.5000000000000004 2.5000000000000004 5.5000000000000009 1.0000000180025095e-35 3.5000000000000004 4.5000000000000009 1.0000000180025095e-35 5.5000000000000009 5.5000000000000009 91.500000000000014 0 1 1.0000000180025095e-35 3.5000000000000004 1.0000000180025095e-35 3.5000000000000004 125.50000000000001 2 8.5292000062874109
decision_type=2 2 2 2 2 2 2 2 2 2 2 2 2 2 2 2 2 2 2 2 2 1 1 2 2 2 2 2 1 2
left_child=1 3 4 24 11 10 7 -3 9 -8 -4 12 21 -13 -6 -16 17 -5 -18 20 -17 23 -15 -2 25 -1 27 -7 29 -28
right_child=2 6 5 16 14 26 8 -9 -10 -11 -12 13 -14 22 15 19 18 -19 -20 -21 -22 -23 -24 -25 -26 -27 28 -29 -30 -31
leaf_value=-0.018574558491127956 0.048125621807147807 0.0062983432793874165 0.045934202059034888 -0.0056573234139643304 0.05454433745925711 0.046990348345559575 0.0039318841304922959 -0.012454116387778677 -0.0043336383318596447 0.02100206158886906 0.066722011039035745 0.034078448754205501 -0.0062891432869533019 0.027590966196027997 0.019911694355421887 0.050895823598920607 0.0010066649753324123 -0.019883046360237754 -0.015866708595140784 0.022152842924695181 0.13828178711756195 0.008168358051492958 -0.0012881717475317828 0.018397834187854845 -0.020793645083659097 -0.033477019191610086 0.12388621620353495 0.10413505408430906 0.12681329096913851 0.020038436120189865
leaf_weight=2731 686 7155 3474 3382 1073 464 4211 8127 3366 3919 2044 3183 1375 961 3187 1593 3479 13878 3373 598 60 1981 960 1317 8249 8394 79 248 318 135
leaf_count=2731 686 7155 3474 3382 1073 464 4211 8127 3366 3919 2044 3183 1375 961 3187 1593 3479 13878 3373 598 60 1981 960 1317 8249 8394 79 248 318 135
internal_value=1.11279e-05 -0.0116736 0.0346007 -0.019509 0.0249522 0.0588194 0.00105044 -0.00367407 0.00733112 0.0121609 0.0536361 0.0190089 0.0121046 0.0262571 0.0345021 0.030546 -0.014312 -0.0170958 -0.00729918 0.0455993 0.0540777 0.0184536 0.013295 0.0284406 -0.0259766 -0.0298192 0.0818022 0.0669107 0.10171 0.0558215
internal_weight=94000 70264 23736 43486 16974 6762 26778 15282 11496 8130 5518 10463 5359 5104 6511 5438 24112 17260 6852 2251 1653 3984 1921 2003 19374 11125 1244 712 532 214
internal_count=94000 70264 23736 43486 16974 6762 26778 15282 11496 8130 5518 10463 5359 5104 6511 5438 24112 17260 6852 2251 1653 3984 1921 2003 19374 11125 1244 712 532 214
cat_boundaries=0 2 4 6
cat_threshold=1923124944 6364 71333032 192764 1077936320 192
is_linear=0
shrinkage=0.03


Tree=114
num_leaves=31
num_cat=3
split_feature=10 5 11 10 11 5 12 12 12 12 12 1 12 12 12 12 2 7 13 12 21 7 9 21 9 3 12 12 21 13
split_gain=39863.6 8532.54 4744.99 1429.07 1248.58 860.752 728.077 1183.61 716.311 695.945 1426.53 734.361 688.932 665.096 682.837 609.985 439.143 430.269 445.877 426.418 406.117 491.803 397.672 476.88 475.868 436.344 394.158 576.329 516.051 392.143
threshold=44.910714285714299 77.500000000000014 1.9813949444585501 89.839285714285737 5.3297979349968223 33.500000000000007 4.5000000000000009 1.0000000180025095e-35 5.5000000000000009 3.5000000000000004 1.0000000180025095e-35 82.500000000000014 4.5000000000000009 5.5000000000000009 4.5000000000000009 1.0000000180025095e-35 103.50000000000001 7.9970232557109133 28.500000000000004 5.5000000000000009 0 7.9970232557109133 9.8276353854748582 1 9.0508332443805166 121.50000000000001 3.5000000000000004 1.0000000180025095e-35 2 7.5000000000000009
decision_type=2 2 2 2 2 2 2 2 2 2 2 2 2 2 2 2 2 2 2 2 1 2 2 1 2 2 2 2 1 2
left_child=2 4 12 -3 6 -4 7 -2 -8 10 22 -11 15 14 -13 -1 -16 -18 -19 -14 21 -15 23 24 25 -5 27 -6 -29 -22
right_child=1 3 5 9 26 -7 8 -9 -10 11 -12 13 19 20 16 -17 17 18 -20 -21 29 -23 -24 -25 -26 -27 -28 28 -30 -31
leaf_value=-0.014887337231345572 0.028954850182276545 0.039918135871853055 -0.010700383401230478 0.12076528104470857 0.052390554498793943 -0.00091955475173827444 0.035054717215598351 0.0049417890423369935 0.011368022192853811 -0.0034438781433422634 0.04082745939982927 0.071311851256562184 -0.0084723313359318705 0.043142618317658622 0.092800449674590432 -0.027515121575575216 0.18721890330391644 0.12978198885557876 -0.020846186458174862 -0.021814707135218776 0.087567470231353195 0.15271353744262747 0.15089234843833221 0.053492667498445341 0.025561049397746817 0.24676062686848885 0.039747426318573448 0.038287718953914314 0.0079084689480184416 0.023856469761737747
leaf_weight=4282 2285 4647 15927 173 500 16475 2374 9647 2228 98 2027 659 4386 66 364 17599 116 149 20 4242 115 84 88 337 40 29 2257 713 1716 357
leaf_count=4282 2285 4647 15927 173 500 16475 2374 9647 2228 98 2027 659 4386 66 364 17599 116 149 20 4242 115 84 88 337 40 29 2257 713 1716 357
internal_value=1.13455e-05 0.0278024 -0.0137223 0.0517323 0.0174798 -0.00572737 0.013451 0.00954079 0.0235883 0.0633571 0.0533564 0.0766373 -0.022213 0.0807051 0.0928552 -0.0250441 0.114712 0.142643 0.111937 -0.0150327 0.0551392 0.0980508 0.0914153 0.0823459 0.115495 0.138982 0.0303234 0.0230594 0.0170185 0.0385836
internal_weight=94000 31089 62911 9369 21720 32402 16534 11932 4602 4722 2694 2028 30509 1930 1308 21881 649 285 169 8628 622 150 667 579 242 202 5186 2929 2429 472
internal_count=94000 31089 62911 9369 21720 32402 16534 11932 4602 4722 2694 2028 30509 1930 1308 21881 649 285 169 8628 622 150 667 579 242 202 5186 2929 2429 472
cat_boundaries=0 1 3 5
cat_threshold=2155905024 2151678112 41024 2694064144 44032
is_linear=0
shrinkage=0.03


Tree=115
num_leaves=31
num_cat=4
split_feature=10 0 10 10 10 10 12 12 12 12 12 4 15 15 12 12 15 21 12 15 17 10 21 0 4 7 15 21 7 21
split_gain=37540.2 7160.93 5236.55 1356.2 1175.15 1044.66 667.367 1354.16 634.845 617.526 622.81 563.605 559.31 538.274 476.738 1054.68 408.408 401.538 399.879 404.143 494.266 398.901 387.708 512.004 395.798 385.5 375.383 354.89 340.562 357.474
threshold=53.982142857142868 29.500000000000004 89.839285714285737 72.410714285714292 19.410714285714288 40.839285714285715 3.5000000000000004 1.0000000180025095e-35 5.5000000000000009 3.5000000000000004 1.5000000000000002 109.50000000000001 19.500000000000004 20.500000000000004 3.5000000000000004 1.5000000000000002 50.500000000000007 0 2.5000000000000004 24.500000000000004 352.50000000000006 9.7321428571428594 1 95.500000000000014 97.500000000000014 7.6749437720911606 13.500000000000002 2 8.6175346157400448 3
decision_type=2 2 2 2 2 2 2 2 2 2 2 2 2 2 2 2 2 1 2 2 2 2 1 2 2 2 2 1 2 1
left_child=1 4 3 12 21 26 7 -4 11 10 -6 28 -2 -5 15 -7 -15 -18 -9 -20 -21 -1 23 -10 -24 -13 -3 -14 29 -8
right_child=2 5 6 13 9 14 8 18 22 -11 -12 25 27 16 -16 -17 17 -19 19 20 -22 -23 24 -25 -26 -27 -28 -29 -30 -31
leaf_value=-0.039177535501114809 0.01385828000107369 -0.010758518276353771 0.088700089586941686 0.02936449842690457 -0.011429184104746819 0.012447970017457179 0.028538697220499145 0.048883038973694636 0.0016490516002752979 -0.0091179184171879049 -0.025357805292243431 0.16880601048955932 0.01229470847980142 0.051267993704548043 0.01253836868392845 -0.009401995677135809 -0.0098173276540954677 0.045841627047404215 0.0038283048834299345 -0.065706524798030089 0.068332965675274193 -0.02343610211268642 0.10284701700020155 0.10727603031952153 0.019778458506807064 0.098756447374876558 -0.0015094205288169998 0.03160136251326702 0.049840530856377872 0.096228013702672505
leaf_weight=1589 6463 6284 667 3961 5180 3908 114 1349 53 10253 6537 101 1159 2439 5989 4047 216 242 445 28 208 16524 60 188 368 240 10632 3846 330 580
leaf_count=1589 6463 6284 667 3961 5180 3908 114 1349 53 10253 6537 101 1159 2439 5989 4047 216 242 445 28 208 16524 60 188 368 240 10632 3846 330 580
internal_value=1.1387e-05 -0.0107968 0.0332665 0.0260018 -0.0191599 6.57394e-05 0.0614052 0.0516123 0.0743855 -0.0144953 -0.0192005 0.086124 0.0196899 0.0365558 0.0061453 0.00133174 0.046386 0.0203754 0.0394211 0.0206691 0.0523962 -0.0248174 0.0504211 0.0807216 0.030734 0.119556 -0.00494552 0.0272192 0.0749772 0.0869166
internal_weight=94000 70943 23057 18326 40083 30860 4731 2697 2034 21970 11717 1365 11468 6858 13944 7955 2897 458 2030 681 236 18113 669 241 428 341 16916 5005 1024 694
internal_count=94000 70943 23057 18326 40083 30860 4731 2697 2034 21970 11717 1365 11468 6858 13944 7955 2897 458 2030 681 236 18113 669 241 428 341 16916 5005 1024 694
cat_boundaries=0 2 4 6 8
cat_threshold=413687832 55360 2155905024 40960 2449604626 136226 538968064 48
is_linear=0
shrinkage=0.03


Tree=116
num_leaves=31
num_cat=0
split_feature=11 0 5 12 12 3 12 5 12 0 12 12 12 12 2 7 15 11 4 14 12 7 12 12 15 1 18 3 0 15
split_gain=35410.8 6849.5 4891.7 1178.75 1364.12 1086.25 994.52 884.903 830.595 736.589 735.625 903.737 509.027 722.94 488.381 536.049 447.008 434.373 419.834 408.36 403.058 392.589 341.716 403.402 341.25 468.993 435.129 480.347 335.153 323.001
threshold=3.7451909198938007 78.500000000000014 26.500000000000004 3.5000000000000004 1.5000000000000002 100.50000000000001 5.5000000000000009 37.500000000000007 4.5000000000000009 16.500000000000004 3.5000000000000004 1.5000000000000002 1.0000000180025095e-35 3.5000000000000004 80.500000000000014 11.613825507746741 19.500000000000004 5.5600973495205741 63.500000000000007 4.5000000000000009 3.5000000000000004 6.827814263660561 5.5000000000000009 4.5000000000000009 21.500000000000004 129.50000000000003 6.5000000000000009 121.50000000000001 66.500000000000014 15.500000000000002
decision_type=2 2 2 2 2 2 2 2 2 2 2 2 2 2 2 2 2 2 2 2 2 2 2 2 2 2 2 2 2 2
left_child=2 3 9 4 28 10 8 16 -5 20 11 -3 -9 -14 -7 21 -4 -6 -10 -11 -1 -16 23 -12 25 26 27 -23 -2 -28
right_child=1 5 7 6 17 14 -8 12 18 19 22 -13 13 -15 15 -17 -18 -19 -20 -21 -22 24 -24 -25 -26 -27 29 -29 -30 -31
leaf_value=-0.030814670863384425 0.017582752438753704 0.048328107155162212 -0.012091416308643648 0.021768189959044015 -0.0027126312959405369 -0.058805448605920914 0.011595872942565848 0.015163371817183481 0.034194016023822493 -0.020978006557484812 0.051265569796133871 0.018919774501243859 -0.0084864132469328855 0.0068942397676355687 0.081857454869890239 0.11046650847499204 -0.0026976815277202225 0.01651797320047458 0.056192953214619396 -0.012525149983807604 -0.02017041353945773 0.014223588164236545 0.038685440424772351 0.083880197080586014 0.070941839636318449 0.12819531428365072 0.057295325689360431 -0.14232229896445772 0.034024071739122828 0.0093211956761886164
leaf_weight=6858 3377 2090 10496 3107 4527 28 2903 2243 1838 10148 766 1711 5307 5709 707 233 8062 1379 1360 10438 6012 144 599 618 753 57 687 20 1668 155
leaf_count=6858 3377 2090 10496 3107 4527 28 2903 2243 1838 10148 766 1711 5307 5709 707 233 8062 1379 1360 10438 6012 144 599 618 753 57 687 20 1668 155
internal_value=1.17366e-05 0.0277671 -0.0122035 0.0182165 0.0115638 0.050237 0.026128 -0.00378184 0.0328182 -0.0202125 0.0428232 0.0350917 0.00213699 -0.000515186 0.0656367 0.0669042 -0.00801077 0.00177724 0.0435518 -0.0166923 -0.0258428 0.0628758 0.0576387 0.0658362 0.0554802 0.0445191 0.0397627 -0.00492419 0.0230198 0.0484697
internal_weight=94000 28727 65273 20159 10951 8568 9208 31817 6305 33456 5784 3801 13259 11016 2784 2756 18558 5906 3198 20586 12870 2523 1983 1384 1816 1063 1006 164 5045 842
internal_count=94000 28727 65273 20159 10951 8568 9208 31817 6305 33456 5784 3801 13259 11016 2784 2756 18558 5906 3198 20586 12870 2523 1983 1384 1816 1063 1006 164 5045 842
is_linear=0
shrinkage=0.03


Tree=117
num_leaves=31
num_cat=5
split_feature=6 5 3 4 15 5 12 12 12 4 12 12 5 15 21 0 21 17 12 15 7 21 7 21 8 11 7 7 21 11
split_gain=33339.5 6928.04 4182.46 1196.12 1024.68 799.082 693.543 720.944 869.771 669.186 667.913 634.824 574.682 559.808 556.094 582.83 546.639 472.768 470.75 427.333 424.228 422.503 407.105 574.144 388.996 458.663 394.365 379.735 582.094 443.749
threshold=45.500000000000007 77.500000000000014 24.500000000000004 98.500000000000014 18.500000000000004 35.500000000000007 1.0000000180025095e-35 3.5000000000000004 5.5000000000000009 57.500000000000007 3.5000000000000004 1.5000000000000002 60.500000000000007 20.500000000000004 0 95.500000000000014 1 440.50000000000006 4.5000000000000009 15.500000000000002 7.8254773169497929 2 6.4512826336355369 3 92.107142857142875 8.779410130369989 6.2905825303725651 8.3978450500995958 4 8.3296419978818488
decision_type=2 2 2 2 2 2 2 2 2 2 2 2 2 2 1 2 1 2 2 2 2 1 2 1 2 2 2 2 1 2
left_child=2 4 10 13 12 19 -5 21 18 -6 11 -1 -2 27 15 17 24 -10 22 -4 -16 -8 -9 -24 -15 26 -26 29 -29 -3
right_child=1 3 5 6 9 -7 7 8 14 -11 -12 -13 -14 16 20 -17 -18 -19 -20 -21 -22 -23 23 -25 25 -27 -28 28 -30 -31
leaf_value=-0.018207794367712485 0.0036356391358956836 0.02524532442537647 -0.014184139073832881 0.092667208072642462 0.015063207874277843 0.00026659814258926266 0.015832886847221211 0.13779215009507906 0.061452604363163806 0.030573273096341249 -0.015337157238794518 -0.029829147010448597 0.01745072651565727 0.056545242784807027 0.052185360503779692 0.10526044534811076 0.036503450251021127 -0.11135873053408316 0.11278608332378426 -0.0052254680985549581 -0.011275961351625036 0.052991457732440891 -0.0085532277126900216 0.081664048100644551 0.054206743670879742 0.0096359405983360621 0.13746493522446904 0.11604023286601857 0.038321990495348394 0.076557248048321438
leaf_weight=7916 5931 2920 8374 558 4759 14325 480 57 40 5286 12749 9093 4991 844 187 201 1300 22 433 11207 192 746 104 165 73 46 174 105 562 160
leaf_count=7916 5931 2920 8374 558 4759 14325 480 57 40 5286 12749 9093 4991 844 187 201 1300 22 433 11207 192 746 104 165 73 46 174 105 562 160
internal_value=1.14137e-05 0.0258938 -0.0123216 0.047341 0.0163099 -0.00511774 0.0622797 0.0558207 0.0705259 0.0232256 -0.0205294 -0.0244209 0.00994906 0.0396456 0.0448043 0.0775214 0.0508409 3.56667e-06 0.0922698 -0.00905693 0.0195188 0.0390095 0.0649843 0.0495 0.0663222 0.0967089 0.112902 0.0323623 0.0528905 0.0279143
internal_weight=94000 30336 63664 9369 20967 33906 3185 2627 1401 10045 29758 17009 10922 6184 642 263 2437 62 759 19581 379 1226 326 269 1137 293 247 3747 667 3080
internal_count=94000 30336 63664 9369 20967 33906 3185 2627 1401 10045 29758 17009 10922 6184 642 263 2437 62 759 19581 379 1226 326 269 1137 293 247 3747 667 3080
cat_boundaries=0 2 4 6 8 10
cat_threshold=2155905024 57344 1618006048 24640 2696953888 8256 1077952640 192 7340064 128
is_linear=0
shrinkage=0.03


Tree=118
num_leaves=31
num_cat=6
split_feature=11 0 10 11 12 12 12 11 5 12 15 12 12 21 7 21 4 6 21 12 12 7 21 21 3 21 1 7 14 12
split_gain=31422.8 6591.69 3908.19 1138.27 1003.91 1576.64 915.886 878.932 875.937 791.309 790.11 556.732 737.017 515.066 521.266 504.914 514.144 503.82 492.571 479.045 907.07 450.031 445.989 435.191 398.196 392.548 386.743 553.653 383.945 366.664
threshold=3.6040835158772473 78.500000000000014 23.625000000000004 5.5600973495205741 3.5000000000000004 1.5000000000000002 5.5000000000000009 8.3296419978818488 35.500000000000007 4.5000000000000009 20.500000000000004 3.5000000000000004 1.5000000000000002 0 10.636863125135021 1 116.50000000000001 11.928571428571431 2 1.0000000180025095e-35 3.5000000000000004 7.403345447128844 3 4 82.500000000000014 5 91.500000000000014 7.5372092852409223 4.5000000000000009 1.0000000180025095e-35
decision_type=2 2 2 2 2 2 2 2 2 2 2 2 2 1 2 1 2 2 1 2 2 2 1 1 2 1 2 2 2 2
left_child=2 3 17 10 5 7 9 -3 11 18 19 12 -4 14 -8 -11 -17 -1 -6 23 -21 24 -5 -2 -15 -22 -20 -28 -19 -10
right_child=1 4 8 22 6 -7 13 -9 29 15 -12 -13 -14 21 -16 16 -18 28 26 20 25 -23 -24 -25 -26 -27 27 -29 -30 -31
leaf_value=-0.029799973789740457 0.043461996147392767 0.045511302234575779 -0.0054588228706086714 0.043192105770643002 0.072341422711418024 0.021083500193378811 0.056372089523727367 0.085559002349400226 0.010882356271508024 0.042528391675346978 0.020504209195576488 -0.0037466816543695485 -0.020165889109979056 -0.026316754095097806 0.16480049216297935 0.095494145737765074 0.17141788926772961 -0.022599629680027499 -0.00084953892727802948 -0.004833765570707165 0.022910321962692961 -0.0015200194947155691 0.022855468186031267 0.0094666975204388912 0.056325903422829351 0.0051365809447347964 0.10793363525631612 0.01545419663846052 -0.014860981314668585 -0.0019206009808144353
leaf_weight=4433 578 2375 5622 1486 594 2368 352 623 2424 206 7080 9232 6749 61 45 697 91 11622 208 4375 2319 339 3129 846 371 2191 102 136 11469 11877
leaf_count=4433 578 2375 5622 1486 594 2368 352 623 2424 206 7080 9232 6749 61 45 697 91 11622 208 4375 2319 339 3129 846 371 2191 102 136 11469 11877
internal_value=1.21824e-05 0.024996 -0.0120299 0.0163031 0.0473199 0.0393842 0.0606161 0.053837 -0.00550964 0.0727769 0.0127875 -0.00932215 -0.0134826 0.0394318 0.0670207 0.0919239 0.10298 -0.0205351 0.0544669 0.00748744 0.0048979 0.0240342 0.0295483 0.0236412 0.0446461 0.0143388 0.0283853 0.0551295 -0.0187562 0.000249334
internal_weight=94000 30572 63428 22004 8568 5366 3202 2998 35904 2034 17389 21603 12371 1168 397 994 788 27524 1040 10309 8885 771 4615 1424 432 4510 446 238 23091 14301
internal_count=94000 30572 63428 22004 8568 5366 3202 2998 35904 2034 17389 21603 12371 1168 397 994 788 27524 1040 10309 8885 771 4615 1424 432 4510 446 238 23091 14301
cat_boundaries=0 1 3 5 7 9 11
cat_threshold=3500179488 816840704 4128 2698027104 49168 815810568 10280 1612760112 186568 3595760705 159804
is_linear=0
shrinkage=0.03


Tree=119
num_leaves=31
num_cat=4
split_feature=10 11 10 11 15 12 12 12 12 11 6 15 17 15 12 15 21 21 13 13 17 10 21 1 12 12 17 1 21 15
split_gain=29672.9 6179.31 3803.79 1201.41 908.153 768.17 1461.74 623.581 681.396 590.135 588.332 555.266 506.156 453.2 446.729 410.436 409.931 396.903 562.477 595.313 421.942 369.821 366.383 365.51 373.278 627.355 610.986 427.044 423.621 381.766
threshold=55.910714285714299 2.5015867980017354 89.839285714285737 1.5735915849388873 19.500000000000004 1.0000000180025095e-35 3.5000000000000004 5.5000000000000009 4.5000000000000009 6.420041371901787 70.357142857142875 20.500000000000004 352.50000000000006 19.500000000000004 1.5000000000000002 50.500000000000007 0 1 12.500000000000002 13.500000000000002 458.50000000000006 8.946428571428573 2 129.50000000000003 1.0000000180025095e-35 3.5000000000000004 444.50000000000006 82.500000000000014 3 1.5000000000000002
decision_type=2 2 2 2 2 2 2 2 2 2 2 2 2 2 2 2 1 1 2 2 2 2 1 2 2 2 2 2 1 2
left_child=1 3 4 21 9 -3 14 8 -8 -2 -6 23 -13 -5 -7 -12 -17 20 22 -20 -14 -1 -19 24 -4 26 28 -27 -26 -29
right_child=2 5 11 13 10 6 7 -9 -10 -11 15 12 17 -15 -16 16 -18 18 19 -21 -22 -23 -24 -25 25 27 -28 29 -30 -31
leaf_value=-0.042393687878541433 0.013939561021633308 0.013669746259493024 0.070922639544014773 -0.015478491315335619 0.024343637753499396 0.00044987857658129797 0.0029035249165452622 -0.0027918467101721404 0.020003591530492124 0.032013200925728888 0.045552493746694407 0.022999378677557684 0.012848892370443237 -0.0071763588673117535 -0.011741070233618513 -0.015701552601973433 0.038565082180706471 0.011777749314933035 0.19811720111327952 0.089248477060286796 0.082792508872292878 -0.021079484673612908 0.070211179350548311 0.10681900001582056 0.025079532536345907 -0.020652339368733154 0.04368470923463199 0.12482394029254371 -0.028428705431263298 0.0542647897256755
leaf_weight=763 7330 4048 395 13678 4142 4015 4177 4093 4213 2090 2886 212 205 10434 8290 211 288 145 48 787 125 18611 438 86 265 64 603 74 248 1036
leaf_count=763 7330 4048 395 13678 4142 4015 4177 4093 4213 2090 2886 212 205 10434 8290 211 288 145 48 787 125 18611 438 86 265 64 603 74 248 1036
internal_value=1.26918e-05 -0.00921537 0.0307993 -0.0163562 0.024159 0.00155324 -0.000425374 0.00680745 0.0114907 0.0179501 0.0319287 0.054584 0.0668099 -0.0118861 -0.00776307 0.0412081 0.0160722 0.07212 0.0791781 0.0955334 0.0382113 -0.0219193 0.0570937 0.0459331 0.0439779 0.039326 0.0232131 0.0546371 -0.000847923 0.0589823
internal_weight=94000 72322 21678 43486 16947 28836 24788 12483 8390 9420 7527 4731 1960 24112 12305 3385 499 1748 1418 835 330 19374 583 2771 2685 2290 1116 1174 513 1110
internal_count=94000 72322 21678 43486 16947 28836 24788 12483 8390 9420 7527 4731 1960 24112 12305 3385 499 1748 1418 835 330 19374 583 2771 2685 2290 1116 1174 513 1110
cat_boundaries=0 2 4 6 8
cat_threshold=413679640 55360 805318720 32 32768 192 11583488 49344
is_linear=0
shrinkage=0.03


Tree=120
num_leaves=31
num_cat=4
split_feature=10 5 10 10 12 12 15 12 12 12 12 12 12 15 6 15 21 10 13 21 21 15 21 13 13 17 7 0 12 12
split_gain=28041 5968.25 3349.34 1015.17 932.94 1626.6 733.656 626.883 591.685 501.909 673.259 491.477 501.986 482.616 460.33 446.373 445.481 481.669 440.903 439.421 429.493 445.924 422.503 398.249 416.859 394.968 386.064 381.445 379.898 562.123
threshold=44.910714285714299 77.500000000000014 23.625000000000004 99.803571428571445 3.5000000000000004 1.5000000000000002 19.500000000000004 5.5000000000000009 4.5000000000000009 1.0000000180025095e-35 3.5000000000000004 3.5000000000000004 1.5000000000000002 21.500000000000004 10.785714285714286 20.500000000000004 0 57.946428571428577 30.500000000000004 1 2 49.500000000000007 3 12.500000000000002 13.500000000000002 492.50000000000006 9.4137690442801407 66.500000000000014 3.5000000000000004 1.5000000000000002
decision_type=2 2 2 2 2 2 2 2 2 2 2 2 2 2 2 2 1 2 2 1 1 2 1 2 2 2 2 2 2 2
left_child=2 4 14 15 5 22 9 8 -6 -4 -11 12 -8 25 -1 -3 17 -7 19 26 21 -17 27 -21 -25 -5 -15 -2 29 -16
right_child=1 3 6 13 7 16 11 -9 -10 10 -12 -13 -14 18 28 20 -18 -19 -20 23 -22 -23 -24 24 -26 -27 -28 -29 -30 -31
leaf_value=-0.030376866956558928 0.02247652390179606 0.030382633692135442 0.0024494785274755599 0.046598408056789074 0.018176261068402127 -0.0067904932045848203 0.0023230418859697846 0.009714543673617293 0.036181984699704697 -0.017044832134417723 -0.005176484966550327 0.0057128992805222274 -0.012095150325000754 0.060122691602643337 -0.015125332664846926 0.042138742621736898 -0.0094235296153699442 0.015444214015947219 0.21320517033616551 0.060453989767028302 0.055980970979350869 -0.0029896252518967869 0.014193488498295704 0.23519117277132437 0.10063369008364097 0.16428635631827102 -0.008095647585504814 0.048489371330882831 -0.013682623776588434 -0.027165888275222132
leaf_weight=3035 1550 3896 2866 1689 3399 1498 4199 2701 3181 8602 8607 6609 4504 347 6883 743 2992 2114 20 264 1639 268 3530 22 360 26 95 755 10523 7083
leaf_count=3035 1550 3896 2866 1689 3399 1498 4199 2701 3181 8602 8607 6609 4504 347 6883 743 2992 2114 20 264 1639 268 3530 22 360 26 95 755 10523 7083
internal_value=1.26764e-05 0.0233211 -0.0115057 0.0433348 0.0146879 0.00931675 -0.00540079 0.0218861 0.0268817 -0.00917333 -0.0111092 -0.00045454 -0.00513841 0.0583749 -0.0193546 0.0368474 -0.000880151 0.0062049 0.0738155 0.0712311 0.0463492 0.0298783 0.0208578 0.0874986 0.10845 0.0483938 0.0444497 0.0308661 -0.0179883 -0.0212322
internal_weight=94000 31089 62911 9369 21720 12439 35387 9281 6580 20075 17209 15312 8703 2823 27524 6546 6604 3612 1108 1088 2650 1011 5835 646 382 1715 442 2305 24489 13966
internal_count=94000 31089 62911 9369 21720 12439 35387 9281 6580 20075 17209 15312 8703 2823 27524 6546 6604 3612 1108 1088 2650 1011 5835 646 382 1715 442 2305 24489 13966
cat_boundaries=0 2 4 6 8
cat_threshold=3906512978 59600 543187040 96 277358680 39072 820265584 2762
is_linear=0
shrinkage=0.03


Tree=121
num_leaves=31
num_cat=4
split_feature=10 4 10 10 15 15 12 12 1 12 12 12 12 12 12 12 12 12 12 12 0 21 21 4 12 12 12 12 21 21
split_gain=26384.9 5638.27 3154.98 1413.81 754.372 696.486 541.327 1111.49 624.434 533.725 511.467 454.989 464.485 448.952 617.353 490.847 442.875 461.278 436.804 539.304 433.526 408.601 375.795 399.981 369.592 369.128 972.411 801.837 519.005 411.503
threshold=44.910714285714299 71.500000000000014 23.946428571428573 89.839285714285737 16.500000000000004 19.500000000000004 3.5000000000000004 1.0000000180025095e-35 82.500000000000014 5.5000000000000009 4.5000000000000009 4.5000000000000009 1.0000000180025095e-35 1.0000000180025095e-35 4.5000000000000009 5.5000000000000009 3.5000000000000004 1.0000000180025095e-35 3.5000000000000004 1.0000000180025095e-35 82.500000000000014 0 1 125.50000000000001 5.5000000000000009 3.5000000000000004 1.5000000000000002 5.5000000000000009 2 3
decision_type=2 2 2 2 2 2 2 2 2 2 2 2 2 2 2 2 2 2 2 2 2 1 1 2 2 2 2 2 1 1
left_child=2 4 11 25 -2 13 7 -5 -8 10 -10 12 -1 -4 -15 -16 17 -7 19 21 -21 -6 -12 -24 -13 26 -3 -27 -29 -28
right_child=1 3 5 6 18 16 8 -9 9 -11 22 24 -14 14 15 -17 -18 -19 -20 20 -22 -23 23 -25 -26 27 29 28 -30 -31
leaf_value=-0.011789614844252292 0.0063945422138944972 0.037296537064393065 0.0023148505654517295 0.076380226252189889 0.053383091693037239 0.0076613162402085549 -0.010546645438270103 0.031732661289624077 0.059262362835908231 0.044123330101723521 0.035901419607232622 -0.0062370861621516473 -0.023233340675386811 -0.014716880413279244 0.006337081382148467 -0.011410051595218251 0.0057134946009080728 -0.0086494746960465146 0.02554095316867723 0.0070789635391439549 0.10056964087248377 0.016815967620296694 0.10298786861610895 0.21765081212078172 -0.019082121178840204 0.051601374468440368 0.033485303803634417 0.040549377717461803 0.0033562773514203221 -0.00068892421302168703
leaf_weight=3973 9225 2286 2803 667 440 2058 98 2029 661 622 116 4096 16273 11214 2808 2802 6460 6452 4279 4434 45 796 507 29 3972 1756 407 632 731 1329
leaf_count=3973 9225 2286 2803 667 440 2058 98 2029 661 622 116 4096 16273 11214 2808 2802 6460 6452 4279 4434 45 796 507 29 3972 1756 407 632 731 1329
internal_value=1.25308e-05 0.0226222 -0.0111606 0.0388789 0.0125815 -0.00508275 0.051603 0.0427822 0.0632963 0.0670381 0.0778869 -0.0185869 -0.0209879 -0.00880017 -0.0106522 -0.00252651 -0.000208668 -0.00470459 0.018292 0.0128636 0.00802115 0.030407 0.096752 0.107236 -0.0125614 0.0304516 0.0244419 0.0381992 0.0209281 0.00751177
internal_weight=94000 31089 62911 11870 19219 34597 4729 2696 2033 1935 1313 28314 20246 19627 16824 5610 14970 8510 9994 5715 4479 1236 652 536 8068 7141 4022 3119 1363 1736
internal_count=94000 31089 62911 11870 19219 34597 4729 2696 2033 1935 1313 28314 20246 19627 16824 5610 14970 8510 9994 5715 4479 1236 652 536 8068 7141 4022 3119 1363 1736
cat_boundaries=0 2 4 6 8
cat_threshold=947964438 133140 548405248 32 3493354616 72 671096832 24736
is_linear=0
shrinkage=0.03


Tree=122
num_leaves=31
num_cat=5
split_feature=11 3 11 11 4 6 21 15 12 12 15 17 15 11 11 12 12 15 21 13 18 7 13 18 18 21 21 15 15 21
split_gain=24962.8 4760.87 3459.92 897.442 767.177 719.392 613.81 594.017 535.215 678.934 483.456 532.12 474.95 476.002 564.835 428.062 666.062 417.352 351.408 350.56 456.198 382.785 410.29 469.769 347.702 344.229 340.337 366.06 338.668 627.34
threshold=3.7451909198938007 79.500000000000014 2.0079208230769678 5.3297979349968223 109.50000000000001 36.214285714285722 0 20.500000000000004 3.5000000000000004 1.5000000000000002 45.500000000000007 487.50000000000006 5.5000000000000009 8.779410130369989 9.4591504782186515 1.0000000180025095e-35 3.5000000000000004 20.500000000000004 1 6.5000000000000009 6.5000000000000009 8.182443458550706 19.500000000000004 15.500000000000002 6.5000000000000009 2 3 1.5000000000000002 49.500000000000007 4
decision_type=2 2 2 2 2 2 1 2 2 2 2 2 2 2 2 2 2 2 1 2 2 2 2 2 2 1 1 2 2 1
left_child=2 3 8 7 17 -4 10 -2 9 -1 11 12 13 -6 -15 -7 -17 26 -5 -12 -21 -22 -23 -24 -14 -9 27 -3 -19 -30
right_child=1 4 5 18 6 15 -8 25 -10 -11 19 -13 24 14 -16 16 -18 28 -20 20 21 22 23 -25 -26 -27 -28 -29 29 -31
leaf_value=-0.014909938904262477 0.0063565360864628294 0.076820883462738548 -0.0074134077419118283 0.032872524687069804 0.16342724155640279 0.014045304889719629 0.034004696525964266 0.026382614462563018 -0.012912802534093236 -0.026608540552638844 0.01764140081223314 0.21184077294516901 -0.02551447024200168 -0.01524095223960048 0.11017048437724913 -0.0075434359763701221 0.0062704273288968614 0.052557398274164308 0.01816681260926099 0.052639957976043691 0.20739164498697127 0.067114407772812121 0.088241878829868961 0.26575967295473346 0.05204891689567278 0.011735095918059798 0.038901655900466341 0.016298068075567076 0.060366823815577342 0.0041422443391382338
leaf_weight=8799 8459 96 19387 2876 66 2068 555 2804 13384 9069 33 21 59 50 91 6326 6240 2188 3210 64 61 70 27 27 433 3100 2292 1414 311 420
leaf_count=8799 8459 96 19387 2876 66 2068 555 2804 13384 9069 33 21 59 50 91 6326 6240 2188 3210 64 61 70 27 27 433 3100 2292 1414 311 420
internal_value=1.27772e-05 0.0233165 -0.0102433 0.0155457 0.0425118 -0.00362325 0.0614911 0.0114542 -0.0174498 -0.0208479 0.0756138 0.0633007 0.0588041 0.0969363 0.0656978 0.00139774 -0.00068354 0.0381137 0.0252009 0.109688 0.121863 0.145753 0.115263 0.177383 0.0427382 0.0187571 0.0315592 0.0200201 0.0466487 0.0289541
internal_weight=94000 28727 65273 20449 8278 34021 1557 14363 31252 17868 1002 720 699 207 141 14634 12566 6721 6086 282 249 185 124 54 492 5904 3802 1510 2919 731
internal_count=94000 28727 65273 20449 8278 34021 1557 14363 31252 17868 1002 720 699 207 141 14634 12566 6721 6086 282 249 185 124 54 492 5904 3802 1510 2919 731
cat_boundaries=0 2 4 6 8 10
cat_threshold=3225452672 57344 2828028040 50408 1123860068 10816 138446976 61488 1074841824 8248
is_linear=0
shrinkage=0.03


Tree=123
num_leaves=31
num_cat=4
split_feature=10 11 10 11 15 11 15 17 10 11 14 13 15 21 13 13 0 3 21 11 8 15 21 15 21 4 1 4 1 1
split_gain=23516.7 5236.83 2795.91 973.221 690.892 687.012 468.929 453.213 436.66 431.609 394.676 392.291 391.246 358.827 501.094 533.628 406.199 372.499 361.185 353.468 339.136 335.791 460.074 335.444 725.256 491.341 529.845 405.374 380.429 359.868
threshold=57.410714285714299 2.5015867980017354 89.839285714285737 1.5735915849388873 19.500000000000004 3.6040835158772473 20.500000000000004 352.50000000000006 69.589285714285737 6.420041371901787 4.5000000000000009 1.5000000000000002 14.500000000000002 0 12.500000000000002 13.500000000000002 89.500000000000014 95.500000000000014 1 7.9365873011904506 9.3928571428571441 50.500000000000007 2 4.5000000000000009 3 119.50000000000001 110.50000000000001 131.50000000000003 86.500000000000014 128.50000000000003
decision_type=2 2 2 2 2 2 2 2 2 2 2 2 2 1 2 2 2 2 1 2 2 2 1 2 1 2 2 2 2 2
left_child=1 3 4 20 9 12 23 19 -6 -2 -5 -10 -3 16 18 -16 -9 -18 -15 -8 -1 -13 -23 24 28 26 -25 -26 -4 -30
right_child=2 5 6 10 8 -7 7 13 11 -11 -12 21 -14 14 15 -17 17 -19 -20 -21 -22 22 -24 25 27 -27 -28 -29 29 -31
leaf_value=-0.035465669608687599 0.012919699962344331 -0.006473137789687766 0.11948222618823177 -0.014315002830010555 0.022154302093548933 0.0080572019433380777 0.0041265321428972665 0.11268239179771104 0.094670907643657057 0.028542258450990024 -0.0066357626841357913 0.039332555426023354 0.0020809490122028328 0.022400705579362992 0.18400772595851683 0.080939594431566231 -0.035738288123308475 0.041397779583341107 0.072370423528225258 0.12404702880052455 -0.018602502888587617 -0.020181068592836231 0.036459481476975572 0.037097618140035177 0.081151824676014325 0.077075475937747065 -0.0043116203387715928 0.21387099068628715 0.004531544758653968 0.13029523959661501
leaf_weight=1141 6682 8350 34 12339 3746 10170 187 50 103 2090 11773 2773 11357 273 48 787 78 202 310 25 18233 216 296 1504 350 218 341 22 280 22
leaf_count=1141 6682 8350 34 12339 3746 10170 187 50 103 2090 11773 2773 11357 273 48 787 78 202 310 25 18233 216 296 1504 350 218 341 22 280 22
internal_value=1.3181e-05 -0.00794528 0.028305 -0.014589 0.0222822 0.00172456 0.0485526 0.0597878 0.0292159 0.0166425 -0.0105657 0.0370219 -0.00154334 0.0648123 0.0714759 0.0868894 0.0329924 0.0198941 0.0506095 0.0183341 -0.019596 0.0352106 0.012877 0.0406026 0.0584281 0.0344811 0.0294428 0.0867333 0.0237768 0.0137432
internal_weight=94000 73363 20637 43486 15906 29877 4731 1960 7134 8772 24112 3388 19707 1748 1418 835 330 280 583 212 19374 3285 512 2771 708 2063 1845 372 336 302
internal_count=94000 73363 20637 43486 15906 29877 4731 1960 7134 8772 24112 3388 19707 1748 1418 835 330 280 583 212 19374 3285 512 2771 708 2063 1845 372 336 302
cat_boundaries=0 2 4 6 8
cat_threshold=805318720 32 4243456 32960 413679640 55360 545284224 32976
is_linear=0
shrinkage=0.03


Tree=124
num_leaves=31
num_cat=0
split_feature=11 11 11 3 15 8 12 12 12 12 12 12 12 12 12 12 12 2 7 7 12 12 12 17 13 11 8 12 15 7
split_gain=22119.1 4630.12 2769.78 1215.04 784.828 615.228 564.45 1128.85 518.687 500.161 952.589 560.457 505.306 486.32 436.299 812.308 430.568 413.53 481.794 428.44 409.569 526.398 379.968 361.178 401.58 405.929 363.76 358.126 350.606 332.036
threshold=3.6040835158772473 5.5600973495205741 1.9813949444585501 100.50000000000001 20.500000000000004 86.321428571428598 1.0000000180025095e-35 3.5000000000000004 4.5000000000000009 3.5000000000000004 1.5000000000000002 5.5000000000000009 4.5000000000000009 1.0000000180025095e-35 1.0000000180025095e-35 3.5000000000000004 2.5000000000000004 80.500000000000014 11.613825507746741 6.827814263660561 5.5000000000000009 4.5000000000000009 5.5000000000000009 445.50000000000006 5.5000000000000009 8.3296419978818488 86.321428571428598 2.5000000000000004 46.500000000000007 4.561745697594719
decision_type=2 2 2 2 2 2 2 2 2 2 2 2 2 2 2 2 2 2 2 2 2 2 2 2 2 2 2 2 2 2
left_child=2 4 8 9 14 28 -4 16 13 10 -3 12 -11 -1 -2 27 -8 -5 19 -19 21 -9 -10 -14 26 29 -25 -16 -6 -26
right_child=1 3 6 17 5 -7 7 20 22 11 -12 -13 23 -15 15 -17 -18 18 -20 -21 -22 -23 -24 24 25 -27 -28 -29 -30 -31
leaf_value=-0.0099897410697534373 0.020932132573066333 0.037357828489311337 0.0056539156176282903 -0.05806054732233186 0.023825445421093945 0.13453329448717352 -0.0079088080801716139 -0.0031386504661905482 -0.004179308374669957 0.032787137545811675 0.012340392812262391 0.020676872171745436 0.049503002898061005 -0.021264802451929014 0.00053477683665922534 0.01248175633095046 -0.018986481311470828 0.070030313800993935 0.094925153667831469 0.042248645749826855 -0.0069747129221504342 0.010974116410907956 -0.016773537432083985 0.07717368435776123 -0.01623046902071432 0.19943487371967997 -0.078926081347775137 -0.017323058218617116 0.010593100797086358 0.09938107759047847
leaf_weight=4282 1521 2575 4631 30 4184 41 9395 4761 4386 1546 2928 1227 1140 17599 3043 4594 4758 690 234 1819 4621 4753 4242 32 25 33 23 1513 3168 206
leaf_count=4282 1521 2575 4631 30 4184 41 9395 4761 4386 1546 2928 1227 1140 17599 3043 4594 4758 690 234 1819 4621 4753 4242 32 25 33 23 1513 3168 206
internal_value=1.31983e-05 0.0209745 -0.01009 0.035005 0.0112592 0.018772 -0.00405467 -0.00564417 -0.016602 0.0300133 0.0240477 0.0377691 0.0447463 -0.0190585 0.00605384 0.0035801 -0.0116333 0.052526 0.0537386 0.0498926 0.000352371 0.00391153 -0.0103718 0.0574133 0.0856485 0.101009 0.0118164 -0.00539522 0.0181242 0.0868544
internal_weight=94000 30572 63428 12508 18064 7393 32919 28288 30509 9735 5503 4232 3005 21881 10671 9150 14153 2773 2743 2509 14135 9514 8628 1459 319 264 55 4556 7352 231
internal_count=94000 30572 63428 12508 18064 7393 32919 28288 30509 9735 5503 4232 3005 21881 10671 9150 14153 2773 2743 2509 14135 9514 8628 1459 319 264 55 4556 7352 231
is_linear=0
shrinkage=0.03


Tree=125
num_leaves=31
num_cat=6
split_feature=10 10 10 11 12 12 12 12 12 12 12 12 12 12 12 1 12 21 12 21 21 2 15 21 15 21 21 7 15 12
split_gain=20923.5 4684.23 2485.85 963.835 724.76 1580.45 660.798 1227.3 657.927 597.449 727.915 581.614 543.914 493.529 998.214 574.961 496.548 492.074 479.586 424.393 395.579 377.366 376.711 368.341 362.412 367.893 362.298 347.403 381.71 347.187
threshold=57.410714285714299 32.946428571428577 89.839285714285737 1.5735915849388873 3.5000000000000004 1.5000000000000002 1.0000000180025095e-35 3.5000000000000004 2.5000000000000004 5.5000000000000009 4.5000000000000009 5.5000000000000009 4.5000000000000009 1.0000000180025095e-35 3.5000000000000004 82.500000000000014 5.5000000000000009 0 4.5000000000000009 1 2 73.500000000000014 19.500000000000004 3 1.5000000000000002 4 5 7.9970232557109133 11.500000000000002 2.5000000000000004
decision_type=2 2 2 2 2 2 2 2 2 2 2 2 2 2 2 2 2 1 2 1 1 2 2 1 2 1 1 2 2 2
left_child=1 3 6 -1 5 -3 26 8 -8 10 17 12 -6 -4 29 -16 18 -9 -17 21 -12 -10 -5 -20 -18 27 -2 -26 -29 -15
right_child=2 4 13 22 11 -7 7 9 19 -11 20 -13 -14 14 15 16 24 -19 23 -21 -22 -23 -24 -25 25 -27 -28 28 -30 -31
leaf_value=-0.018511300128490945 0.047979469434561467 0.0075640680337930736 0.069718001031383411 -0.01277429881101437 0.0045424774604901075 -0.011328013378623804 0.016196668206868121 0.036066137302252214 -0.0079992402029365021 0.014811499291818733 0.060184867489974661 -0.0017432908302944764 0.02009551453073052 0.035789489743745254 -0.014138750700502221 0.052750019547787984 0.15485912270360178 0.0081263666611664405 0.10945856983233286 -0.012365896054635374 0.033748470216304984 0.034788555290496646 -0.0054705346709539252 0.055017751356075902 0.027374235177369709 0.018784000640367796 0.022947756220718374 0.038160134244865924 0.17291039209410758 0.009504484419189347
leaf_weight=19373 1149 7846 667 14967 4048 8099 4545 1111 342 2231 1001 3932 4048 1349 98 662 23 1190 377 1557 1293 405 11050 275 65 454 1082 31 49 681
leaf_count=19373 1149 7846 667 14967 4048 8099 4545 1111 342 2231 1001 3932 4048 1349 98 662 23 1190 377 1557 1293 405 11050 275 65 454 1082 31 49 681
internal_value=1.28303e-05 -0.00749402 0.0266992 -0.013445 0.00216222 -0.00203168 0.0210201 0.0185496 0.00957647 0.0275523 0.0337372 0.00772211 0.0123195 0.0457911 0.0418618 0.0567167 0.0603055 0.021811 0.0707623 -0.00348175 0.045697 0.0149958 -0.00967238 0.0890354 0.0382023 0.0336929 0.0361603 0.0739184 0.120845 0.0269741
internal_weight=94000 73363 20637 45390 27973 15945 15906 13675 6849 6826 4595 12028 8096 4731 4064 2034 1936 2301 1314 2304 2294 747 26017 652 622 599 2231 145 80 2030
internal_count=94000 73363 20637 45390 27973 15945 15906 13675 6849 6826 4595 12028 8096 4731 4064 2034 1936 2301 1314 2304 2294 747 26017 652 622 599 2231 145 80 2030
cat_boundaries=0 2 4 6 8 9 11
cat_threshold=277923944 62512 2826969088 24800 1746432000 33016 3225469024 24704 2155905024 2080408816 20696
is_linear=0
shrinkage=0.03


Tree=126
num_leaves=31
num_cat=6
split_feature=10 5 4 15 15 15 6 13 11 11 21 16 21 2 17 5 14 10 21 11 5 21 4 13 16 21 21 17 2 8
split_gain=19746.4 4230.04 2380.38 782.288 756.921 624.802 536.623 486.27 445.324 441.76 434.621 413.851 398.632 395.194 448.601 393.305 382.381 361.736 359.734 359.105 355.482 353.293 415.85 377.533 345.97 436.452 433.033 344.756 428.336 344.628
threshold=44.910714285714299 77.500000000000014 23.500000000000004 16.500000000000004 21.500000000000004 19.500000000000004 106.35714285714288 1.5000000000000002 5.3297979349968223 6.5605644033880521 0 1.0000000180025095e-35 1 98.500000000000014 464.50000000000006 96.500000000000014 10.500000000000002 12.482142857142859 2 3.332539588034936 60.500000000000007 3 126.50000000000001 6.5000000000000009 1.0000000180025095e-35 4 5 481.50000000000006 116.50000000000001 124.3214285714286
decision_type=2 2 2 2 2 2 2 2 2 2 1 2 1 2 2 2 2 2 1 2 2 1 2 2 2 1 1 2 2 2
left_child=2 3 11 20 9 -4 7 -6 24 18 -10 17 13 16 -15 -8 -9 -1 -3 -7 -2 23 27 29 26 -26 -5 28 -23 -17
right_child=1 4 5 8 6 19 15 12 10 -11 -12 -13 -14 14 -16 21 -18 -19 -20 -21 -22 22 -24 -25 25 -27 -28 -29 -30 -31
leaf_value=-0.026874396917510663 0.0014238196635177796 0.032263852254111068 -0.0080114800054976142 0.0010346670396807727 0.10373918539481837 -0.0018515490002743609 0.17927851360251471 0.069485044070422053 0.01640654270133797 0.035300006731196973 0.039965071679950635 -0.010200309955731447 0.047847372485876269 -0.037155764546438645 0.08294353906436662 0.070466845862678998 0.021437410630746171 -0.016571953564972219 0.0052375395734983819 0.01119595350408591 0.012671856397762721 0.08105978005952412 -0.068614606691389968 0.10079326184790789 0.0090434269187897477 0.035048441220627856 0.017241252646928568 -0.067568694862285492 0.0036205630281072486 -0.058378885751280835
leaf_weight=3779 5826 801 20003 2572 107 13211 28 192 1528 3965 1390 7378 1637 156 34 60 668 16323 1009 2217 4469 214 29 329 1053 1356 3526 21 92 27
leaf_count=3779 5826 801 20003 2572 107 13211 28 192 1528 3965 1390 7378 1637 156 34 60 668 16323 1009 2217 4469 214 29 329 1053 1356 3526 21 92 27
internal_value=1.37022e-05 0.0195734 -0.00965215 0.0123052 0.0364224 -0.00451278 0.0472334 0.0410249 0.0177099 0.0296931 0.0278239 -0.0162784 0.0385226 0.0233014 -0.0156162 0.0689048 0.0321746 -0.018509 0.0174078 2.324e-05 0.00630689 0.064875 0.0389592 0.0840743 0.01424 0.0238665 0.0104363 0.0497177 0.057796 0.0304247
internal_weight=94000 31089 62911 21720 9369 35431 3594 2794 11425 5775 2918 27480 2687 1050 190 800 860 20102 1810 15428 10295 772 356 416 8507 2409 6098 327 306 87
internal_count=94000 31089 62911 21720 9369 35431 3594 2794 11425 5775 2918 27480 2687 1050 190 800 860 20102 1810 15428 10295 772 356 416 8507 2409 6098 327 306 87
cat_boundaries=0 2 4 6 8 10 12
cat_threshold=1149014124 20564 277358680 39072 269525168 37096 2155905152 49152 4070607572 49682 72495274 189612
is_linear=0
shrinkage=0.03


Tree=127
num_leaves=31
num_cat=4
split_feature=10 11 5 0 12 12 12 4 15 12 12 12 12 21 12 21 15 1 14 5 12 21 21 0 14 17 11 12 1 2
split_gain=18599.9 3375.16 2872.5 790.268 688.758 1329.71 585.201 593.028 581.801 548.511 995.089 532.269 497.474 493.578 470.578 458.864 458.115 454.674 439.669 408.157 438.249 428.115 393.166 390.947 380.306 375.47 365.219 351.473 343.657 337.788
threshold=52.339285714285715 2.5015867980017354 84.500000000000014 16.500000000000004 1.0000000180025095e-35 3.5000000000000004 5.5000000000000009 71.500000000000014 21.500000000000004 1.0000000180025095e-35 3.5000000000000004 2.5000000000000004 5.5000000000000009 0 4.5000000000000009 1 1.5000000000000002 132.50000000000003 4.5000000000000009 127.50000000000001 3.5000000000000004 2 3 77.500000000000014 5.5000000000000009 446.50000000000006 6.5605644033880521 4.5000000000000009 81.500000000000014 108.50000000000001
decision_type=2 2 2 2 2 2 2 2 2 2 2 2 2 1 2 1 2 2 2 2 2 1 1 2 2 2 2 2 2 2
left_child=1 3 4 -1 13 11 7 22 16 -3 -11 -6 14 28 -12 23 -4 26 -5 20 21 -10 -7 -13 25 -23 -18 -24 -2 -22
right_child=2 9 8 18 5 6 -8 -9 19 10 12 15 -14 -15 -16 -17 17 -19 -20 -21 29 24 27 -25 -26 -27 -28 -29 -30 -31
leaf_value=-0.019247746459136079 0.04169213027701018 0.011402814330987403 0.070952698545676929 -0.013960737832067849 0.010914640054635653 0.030610514807457342 0.0097773175152530457 0.044609120212573482 0.060942893880799501 -0.0074868608667694909 0.0020394755519261838 0.0086606809555878558 -0.0038638228340245797 0.01718171029871023 0.016971649321722775 -0.011482538514765219 0.010382584323096192 0.12895953654807848 -0.0067697803197580312 0.10716644753593572 0.053457464804987954 0.17757639041150591 -0.0013403746433105703 0.079782430271379351 0.020071352178318066 0.0096882162442633885 0.033274885715790466 0.025698652095390746 0.10900951205379497 0.09452778255241133
leaf_weight=12870 1054 3662 258 15402 5135 2181 2181 1449 442 11130 3780 428 3704 1143 3819 2193 788 41 15214 109 869 28 923 83 894 21 3084 814 73 228
leaf_count=12870 1054 3662 258 15402 5135 2181 2181 1449 442 11130 3780 428 3704 1143 3819 2193 788 41 15214 109 869 28 923 83 894 21 3084 814 73 228
internal_value=1.39758e-05 -0.00789153 0.0225405 -0.0130098 0.0161726 0.0138963 0.0228838 0.028209 0.0391675 0.000637767 -0.00111945 0.00524182 0.00515026 0.0315997 0.0095444 -0.00552998 0.0322284 0.0296726 -0.0103875 0.0503354 0.0478341 0.0366049 0.022142 0.0198437 0.0242851 0.105852 0.0286172 0.0112649 0.0456594 0.0620041
internal_weight=94000 69581 24419 43486 17657 15387 7548 5367 6762 26095 22433 7839 11303 2270 7599 2704 4171 3913 30616 2591 2482 1385 3918 511 943 49 3872 1737 1127 1097
internal_count=94000 69581 24419 43486 17657 15387 7548 5367 6762 26095 22433 7839 11303 2270 7599 2704 4171 3913 30616 2591 2482 1385 3918 511 943 49 3872 1737 1127 1097
cat_boundaries=0 2 4 6 8
cat_threshold=1889846512 37064 2693267458 25088 6324384 16400 1453127684 62516
is_linear=0
shrinkage=0.03


Tree=128
num_leaves=31
num_cat=4
split_feature=10 11 11 4 15 12 8 15 12 2 7 21 11 12 12 21 12 21 12 12 12 12 12 12 12 7 2 12 21 7
split_gain=17551.5 3770.42 2132.83 1020.11 649.931 613.3 566.751 547.439 488.936 670.557 454.34 641.537 443.556 427.552 732.191 567.968 531.341 404.101 379.459 550.102 379.291 399.329 378.32 478.242 376.2 435.755 400.732 364.232 434.295 352.791
threshold=44.910714285714299 5.5600973495205741 1.8444826922789146 98.500000000000014 17.500000000000004 1.0000000180025095e-35 86.321428571428598 19.500000000000004 3.5000000000000004 96.500000000000014 6.4512826336355369 0 6.7273035993592911 3.5000000000000004 2.5000000000000004 1 5.5000000000000009 2 3.5000000000000004 1.5000000000000002 3.5000000000000004 1.5000000000000002 1.0000000180025095e-35 3.5000000000000004 1.5000000000000002 7.0440789049419426 112.50000000000001 4.5000000000000009 3 8.3978450500995958
decision_type=2 2 2 2 2 2 2 2 2 2 2 1 2 2 2 1 2 1 2 2 2 2 2 2 2 2 2 2 1 2
left_child=2 4 18 13 -2 -5 -6 22 17 -10 12 -12 -11 14 -3 -16 27 24 19 -1 21 -9 -4 -24 -7 26 -26 28 -15 -27
right_child=1 3 7 5 6 8 -8 20 9 10 11 -13 -14 16 15 -17 -18 -19 -20 -21 -22 -23 23 -25 25 29 -28 -29 -30 -31
leaf_value=-0.012836573080590366 0.0044631871790886705 0.027456736561873595 0.0024550498801491675 0.074604950671930681 0.015179742052124816 0.037434534048260887 0.12685181704750897 0.0024001662092300344 0.01963870313204779 0.033088927133357024 0.081158687061408941 0.024845659837038368 0.13328930083770102 0.010633964267588322 0.022590659271115938 -0.014749591175970116 0.016344546325434747 0.04223717490676146 -0.011373895052309207 -0.024194320934096031 0.0052835023508025422 -0.01030065921799287 -0.014236046944621501 -0.0043386944508231893 0.003685302155803765 -0.084689046840890583 0.14170413004516236 0.051396323018709333 0.043854962323461477 -0.0088037200232869688
leaf_weight=7576 9614 3828 2909 553 8926 230 41 4312 408 55 402 382 145 636 669 787 1158 640 11440 7783 6701 4609 8677 8904 63 78 27 1400 859 188
leaf_count=7576 9614 3828 2909 553 8926 230 41 4312 408 55 402 382 145 636 669 787 1158 640 11440 7783 6701 4609 8677 8904 63 78 27 1400 859 188
internal_value=1.39177e-05 0.0184545 -0.0090989 0.0311882 0.00988236 0.0458911 0.0156921 -0.00434028 0.0398221 0.0519916 0.0653998 0.0550829 0.105779 0.0261941 0.0205695 0.0024596 0.0335256 0.0259992 -0.0155111 -0.0185923 -0.000109827 -0.00416137 -0.0075655 -0.0092237 0.00740852 -0.0117789 0.0452356 0.0403962 0.0300903 -0.0310905
internal_weight=94000 31089 62911 12508 18581 3171 8967 36112 2618 1392 984 784 200 9337 5284 1456 4053 1226 26799 15359 15622 8921 20490 17581 586 356 90 2895 1495 266
internal_count=94000 31089 62911 12508 18581 3171 8967 36112 2618 1392 984 784 200 9337 5284 1456 4053 1226 26799 15359 15622 8921 20490 17581 586 356 90 2895 1495 266
cat_boundaries=0 2 4 6 8
cat_threshold=2155905088 49152 545290372 24808 2696953888 41024 1481127120 14464
is_linear=0
shrinkage=0.03


Tree=129
num_leaves=31
num_cat=0
split_feature=11 0 5 12 12 12 12 12 12 11 12 12 12 12 2 14 7 13 15 15 9 4 8 1 7 8 15 12 12 17
split_gain=16572.2 3496.98 2085.27 752.396 1085.08 826.389 689.126 1244.2 711.641 633.434 618.523 602.162 481.217 563.657 448.576 428.811 411.78 419.515 367.73 358.217 354.834 292.67 286.801 278.704 381.539 278.078 270.517 250.162 248.098 326.662
threshold=3.6040835158772473 78.500000000000014 26.500000000000004 3.5000000000000004 1.5000000000000002 5.5000000000000009 3.5000000000000004 1.5000000000000002 5.5000000000000009 8.3296419978818488 4.5000000000000009 4.5000000000000009 3.5000000000000004 1.5000000000000002 103.50000000000001 4.5000000000000009 7.9970232557109133 28.500000000000004 1.5000000000000002 20.500000000000004 4.4059151049569412 63.500000000000007 108.53571428571429 101.50000000000001 10.636863125135021 38.321428571428577 10.500000000000002 1.0000000180025095e-35 2.5000000000000004 441.50000000000006
decision_type=2 2 2 2 2 2 2 2 2 2 2 2 2 2 2 2 2 2 2 2 2 2 2 2 2 2 2 2 2 2
left_child=2 3 12 4 -2 11 7 9 10 27 23 26 13 -1 22 -4 -16 -18 -10 -20 -6 -13 -12 24 -8 -17 -5 -3 -9 -30
right_child=1 6 15 5 20 -7 8 28 18 -11 14 21 -14 -15 16 25 17 -19 19 -21 -22 -23 -24 -25 -26 -27 -28 -29 29 -31
leaf_value=-0.011498436314843839 0.016467023193873276 0.043035416680989029 -0.0064363503511512951 0.001324743802324994 -0.0099860165704218629 0.0052233591353004032 0.034140917274989038 0.020871265007405944 0.11078041008465041 0.067610939343737464 0.064022469631021164 0.025506000639153745 -0.0097196846479550292 -0.0218187883026549 0.14839457867450492 -0.0021949950284183835 0.092129849374323863 -0.053778951050185438 0.0076402716406395116 0.041627527963276248 0.0043114519264082791 0.043353745771200311 -0.035498128691791274 0.06321669838233171 -0.074961443001843764 0.0066523229122020314 0.020108021564616524 0.023538985412664221 -0.012312749181527922 0.020340838173419591
leaf_weight=8950 5553 1227 15564 966 2675 3169 689 1237 45 623 680 2101 14320 10186 116 9619 151 20 603 520 3755 1366 27 321 30 4789 2419 1148 655 476
leaf_count=8950 5553 1227 15564 966 2675 3169 689 1237 45 623 680 2101 14320 10186 116 9619 151 20 603 520 3755 1366 27 321 30 4789 2419 1148 655 476
internal_value=1.42071e-05 0.0181579 -0.00873095 0.0118263 0.00675279 0.0178927 0.0344179 0.0278432 0.0454338 0.0406818 0.0561527 0.0237516 -0.0138795 -0.0169922 0.0730793 -0.00298382 0.104732 0.0750255 0.0267619 0.0233829 -0.00163616 0.0325399 0.0602131 0.0399664 0.0295747 0.000745536 0.0147488 0.0336141 0.0115865 0.00142798
internal_weight=94000 30572 63428 22004 11983 10021 8568 5366 3202 2998 2034 6852 33456 19136 994 29972 287 171 1168 1123 6430 3467 707 1040 719 14408 3385 2375 2368 1131
internal_count=94000 30572 63428 22004 11983 10021 8568 5366 3202 2998 2034 6852 33456 19136 994 29972 287 171 1168 1123 6430 3467 707 1040 719 14408 3385 2375 2368 1131
is_linear=0
shrinkage=0.03


Tree=130
num_leaves=31
num_cat=3
split_feature=10 10 10 0 15 15 15 17 14 15 21 10 17 11 21 13 13 17 21 3 11 17 1 4 1 0 2 11 9 13
split_gain=15630.8 3552.51 1874.14 730.104 568.01 512.833 389.233 390.919 383.44 335.206 650.054 414.143 327.237 323.004 318.74 448.777 492.423 384.235 369.167 312.55 304.688 302.155 296.726 326.283 410.545 295.792 361.233 308.917 322.255 460.105
threshold=57.410714285714299 32.339285714285715 89.839285714285737 16.500000000000004 19.500000000000004 16.500000000000004 20.500000000000004 352.50000000000006 4.5000000000000009 50.500000000000007 0 70.517857142857153 492.50000000000006 7.9365873011904506 1 12.500000000000002 13.500000000000002 458.50000000000006 2 44.500000000000007 6.420041371901787 473.50000000000006 129.50000000000003 136.50000000000003 112.50000000000001 104.50000000000001 130.50000000000003 7.113869713732826 9.0508332443805166 3.5000000000000004
decision_type=2 2 2 2 2 2 2 2 2 2 1 2 2 2 1 2 2 2 1 2 2 2 2 2 2 2 2 2 2 2
left_child=1 3 4 -1 20 -3 12 13 -5 11 -11 -6 22 -8 17 18 -17 -9 21 -7 -2 -16 23 24 -4 -26 27 -27 29 -29
right_child=2 5 6 8 9 19 7 14 -10 10 -12 -13 -14 -15 15 16 -18 -19 -20 -21 -22 -23 -24 -25 25 26 -28 28 -30 -31
leaf_value=-0.017794317672775915 0.00990666815379267 -0.0024059320822745283 0.034209923159343653 -0.012586174923537504 0.019963162227369897 0.0020689138917881233 -0.0021500726725123646 0.00072343134752196386 -0.0059968449840452414 -0.025059456247734972 0.025211305206518021 0.0356501664264871 0.12219038693528425 0.11244942314833759 0.050815949740944229 0.16858049662655947 0.069589291998692709 0.067455894396745333 0.017671232949050097 0.010936359802111698 0.023032860124402966 0.12572595109450652 0.086394609296048711 0.1470044797263439 -0.041904554588371994 -0.081011544527945567 -0.072143186885922209 -0.062045072920910715 0.0030251836925209957 0.082318867260431583
leaf_weight=12870 6682 13792 2135 16062 3335 8931 187 205 15739 339 682 2778 36 25 192 48 787 125 326 5969 2090 65 85 21 101 23 38 23 167 142
leaf_count=12870 6682 13792 2135 16062 3335 8931 187 205 15739 339 682 2778 36 25 192 48 787 125 326 5969 2090 65 85 21 101 23 38 23 167 142
internal_value=1.38103e-05 -0.00647448 0.0230793 -0.0117652 0.0181482 0.00176268 0.0396566 0.0498921 -0.0093251 0.0244351 0.00851776 0.0270929 0.0324142 0.0113965 0.0545583 0.0607662 0.0753029 0.0252576 0.0409738 0.0056215 0.0130347 0.0672014 0.0312269 0.0294531 0.0285074 0.00385389 0.015629 0.0250504 0.0324293 0.0621518
internal_weight=94000 73363 20637 44671 15906 28692 4731 1960 31801 7134 1021 6113 2771 212 1748 1418 835 330 583 14900 8772 257 2735 2650 2629 494 393 355 332 165
internal_count=94000 73363 20637 44671 15906 28692 4731 1960 31801 7134 1021 6113 2771 212 1748 1418 835 330 583 14900 8772 257 2735 2650 2629 494 393 355 332 165
cat_boundaries=0 2 4 6
cat_threshold=808214548 6208 805318720 32 3231711264 24576
is_linear=0
shrinkage=0.03


Tree=131
num_leaves=31
num_cat=0
split_feature=11 0 11 12 12 12 12 12 12 12 12 11 12 12 14 2 15 12 12 15 9 12 9 0 1 6 8 1 9 11
split_gain=14729.2 2848.12 2094.62 708.32 942.38 715.047 639.509 1174.34 667.51 578.464 576.848 576.066 534.275 922.451 514.296 413.771 345.97 331.806 387.537 330.082 328.948 319.4 302.367 349.96 334.291 287.913 270.68 259.337 295.643 262.698
threshold=3.7451909198938007 78.500000000000014 2.2230157313430969 3.5000000000000004 1.5000000000000002 5.5000000000000009 3.5000000000000004 1.5000000000000002 5.5000000000000009 4.5000000000000009 4.5000000000000009 8.3296419978818488 1.0000000180025095e-35 3.5000000000000004 4.5000000000000009 103.50000000000001 1.5000000000000002 5.5000000000000009 4.5000000000000009 20.500000000000004 4.4059151049569412 2.5000000000000004 9.0508332443805166 101.50000000000001 107.50000000000001 13.071428571428573 108.53571428571429 101.50000000000001 9.0508332443805166 6.8168597403479438
decision_type=2 2 2 2 2 2 2 2 2 2 2 2 2 2 2 2 2 2 2 2 2 2 2 2 2 2 2 2 2 2
left_child=2 3 14 4 -2 9 7 11 10 -5 27 -3 -4 21 -1 26 -10 18 -15 -18 -6 -14 23 -17 -25 -16 -12 28 29 -8
right_child=1 6 12 5 20 -7 8 -9 16 -11 15 -13 13 17 25 22 19 -19 -20 -21 -22 -23 -24 24 -26 -27 -28 -29 -30 -31
leaf_value=-0.016059791546795474 0.016120258224770576 0.031802847533332332 0.0084016440235273326 0.014339542298548637 -0.01077769507769611 0.0055662659152571261 0.013953678223206241 0.010276404425476771 0.10642582719579768 0.032518426895158006 0.06108680509407538 0.06422388536497757 -0.005809167365231435 -0.00066203092805632588 -0.017380196976542556 0.06162388371739759 0.0065427571121357371 -0.0046880671580018024 0.012338187335913881 0.039167848335984794 0.0038879826914183084 -0.016101353465000131 0.061229457864210905 0.20973149876978434 0.10876998761324172 -0.0072594460006858942 -0.035593003690916343 0.060193039235464312 -0.03172303005002669 0.052131193249208702
leaf_weight=18796 5045 2375 4009 3107 2184 2903 310 2368 45 3198 680 623 8081 4131 3044 55 603 4009 4123 520 3722 4087 111 53 68 14993 27 321 68 341
leaf_count=18796 5045 2375 4009 3107 2184 2903 310 2368 45 3198 680 623 8081 4131 3044 55 603 4009 4123 520 3722 4087 111 53 68 14993 27 321 68 341
internal_value=1.3491e-05 0.0179141 -0.00786464 0.0117555 0.00659844 0.0178883 0.0324036 0.02607 0.0430156 0.023561 0.0533967 0.038543 -0.00174861 -0.00341436 -0.0125869 0.0697431 0.0249319 0.0023922 0.00583149 0.0216545 -0.00153487 -0.00926647 0.100143 0.124619 0.153154 -0.00896772 0.0573859 0.0377652 0.0277411 0.033961
internal_weight=94000 28727 65273 20159 10951 9208 8568 5366 3202 6305 2034 2998 28440 24431 36833 994 1168 12263 8254 1123 5906 12168 287 176 121 18037 707 1040 719 651
internal_count=94000 28727 65273 20159 10951 9208 8568 5366 3202 6305 2034 2998 28440 24431 36833 994 1168 12263 8254 1123 5906 12168 287 176 121 18037 707 1040 719 651
is_linear=0
shrinkage=0.03


Tree=132
num_leaves=31
num_cat=0
split_feature=10 5 10 11 12 12 0 12 15 12 12 12 12 1 12 15 12 0 12 12 12 12 12 9 4 17 15 10 17 13
split_gain=13910.6 3168.77 1662.6 713.018 543.914 948.892 530.209 525.637 485.439 431.268 570.396 403.74 765.096 511.123 402.777 400.756 395.893 358.441 354.172 572.485 321.417 525.732 361.368 315.206 340.27 531.413 308.847 305.209 295.332 440.101
threshold=57.410714285714299 33.500000000000007 89.839285714285737 1.5735915849388873 1.0000000180025095e-35 3.5000000000000004 95.500000000000014 2.5000000000000004 20.500000000000004 5.5000000000000009 4.5000000000000009 1.0000000180025095e-35 3.5000000000000004 82.500000000000014 5.5000000000000009 46.500000000000007 4.5000000000000009 80.500000000000014 3.5000000000000004 1.5000000000000002 1.0000000180025095e-35 3.5000000000000004 1.5000000000000002 9.8276353854748582 120.50000000000001 452.50000000000006 1.5000000000000002 8.946428571428573 442.50000000000006 23.500000000000004
decision_type=2 2 2 2 2 2 2 2 2 2 2 2 2 2 2 2 2 2 2 2 2 2 2 2 2 2 2 2 2 2
left_child=1 3 4 27 -2 7 9 -6 20 10 -7 23 28 -14 16 -10 -15 -12 19 -5 -3 22 -22 -4 -25 -26 -16 -1 -13 -30
right_child=2 8 11 18 5 6 -8 -9 15 -11 17 12 13 14 26 -17 -18 -19 -20 -21 21 -23 -24 24 25 -27 -28 -29 29 -31
leaf_value=-0.033862981346388613 0.030863839359535426 0.0084868790980768705 0.050960452279545258 -0.0044032625639400039 0.0129139088301609 0.017989320818666138 -0.1176499993400455 -0.0046752328265653453 0.012351439747608637 0.012433686424199132 0.035114324696535644 0.0086885420332568752 -0.019965057944571346 0.043274870283013828 0.13799821184053049 0.00066897711932829981 0.076240116500476643 0.07409766339117764 -0.0037611383059628686 -0.016042326247920621 0.00038602075378221882 0.0027130996487096568 -0.014127723825220272 0.17506112449360589 -0.0301791791700349 0.17339230530297578 0.026153300753433178 -0.014501180085966434 0.022542270232701195 0.072377985955203089
leaf_weight=763 2231 2599 579 7020 4545 2297 24 2304 5804 2217 2051 958 98 662 23 4853 652 237 11599 8303 2388 7057 4366 41 27 20 599 18611 877 195
leaf_count=763 2231 2599 579 7020 4545 2297 24 2304 5804 2217 2051 958 98 662 23 4853 652 237 11599 8303 2388 7057 4366 41 27 20 599 18611 877 195
internal_value=1.31224e-05 -0.00610774 0.0217724 -0.0108751 0.0171279 0.0148865 0.0228025 0.00699651 0.00204633 0.0233002 0.0285535 0.0373862 0.0338324 0.0468375 0.0502214 0.0070318 0.0596389 0.0391567 -0.00771649 -0.0107103 -0.00119118 -0.00301269 -0.00899575 0.0590264 0.111945 0.0565675 0.0303154 -0.015264 0.0207986 0.0316162
internal_weight=94000 73363 20637 46296 15906 13675 6826 6849 27067 6802 4585 4731 4064 2034 1936 10657 1314 2288 26922 15323 16410 13811 6754 667 88 47 622 19374 2030 1072
internal_count=94000 73363 20637 46296 15906 13675 6826 6849 27067 6802 4585 4731 4064 2034 1936 10657 1314 2288 26922 15323 16410 13811 6754 667 88 47 622 19374 2030 1072
is_linear=0
shrinkage=0.03


Tree=133
num_leaves=31
num_cat=7
split_feature=10 11 10 4 21 15 15 15 8 16 2 11 2 3 10 2 21 20 21 15 11 7 11 14 7 13 16 21 21 21
split_gain=13136.9 2865.35 1637.45 759.412 589.773 549.488 538.219 577.244 504.187 484.924 383.018 368.197 364.891 356.403 342.25 329.153 324.361 396.33 420.97 360.092 324.285 323.54 343.579 318.906 298.662 374.777 298.541 420.849 329.267 298.11
threshold=44.910714285714299 5.5600973495205741 23.303571428571434 98.500000000000014 0 17.500000000000004 1.5000000000000002 24.500000000000004 86.321428571428598 1.0000000180025095e-35 117.50000000000001 3.0435550780670098 123.50000000000001 92.500000000000014 9.9821428571428594 89.500000000000014 1 2 3 11.500000000000002 9.0823320517833874 6.2905825303725651 8.779410130369989 4.5000000000000009 9.4137690442801407 27.500000000000004 1.0000000180025095e-35 4 5 6
decision_type=2 2 2 2 1 2 2 2 2 2 2 2 2 2 2 2 1 1 1 2 2 2 2 2 2 2 2 1 1 1
left_child=2 5 14 16 10 15 12 13 26 11 24 -4 21 -8 -1 29 17 18 19 -3 -18 -6 -23 -16 25 -5 28 -28 -7 -2
right_child=1 3 9 4 6 8 7 -9 -10 -11 -12 -13 -14 -15 23 -17 20 -19 -20 -21 -22 22 -24 -25 -26 -27 27 -29 -30 -31
leaf_value=-0.025385497987116742 0.0096482126541867982 0.021627812808223627 -0.0079651597020182607 0.015115620313883027 0.032382526000546752 0.00092224486357428122 -0.013754106998792771 0.059973176739009003 0.11868010717586878 0.0017739265882905854 -0.098616735205006356 0.00031829045052402167 -0.0059450551834124236 0.035358659994501697 -0.01589318640460758 -0.086902808428140882 0.018485896875108099 0.022722531126136741 0.033608410161081521 0.10222249906927756 -0.040570378464271271 0.23899650489615501 0.1032667915816122 -0.0090672545992604835 -0.046383801350125042 0.14464964486894563 0.033905927688516649 0.0093596535394056719 0.015079023969594494 -0.00097689663315367824
leaf_weight=2020 4345 68 19476 224 21 2353 145 990 41 10339 31 6421 20 1587 12540 36 4950 3021 1024 189 85 32 36 12115 63 22 1301 1259 4013 5233
leaf_count=2020 4345 68 19476 224 21 2353 145 990 41 10339 31 6421 20 1587 12540 36 4950 3021 1024 189 85 32 36 12115 63 22 1301 1259 4013 5233
internal_value=1.27618e-05 0.0159665 -0.00787115 0.0270672 0.0397532 0.00849372 0.0441628 0.0416963 0.0138357 -0.00371838 0.00167772 -0.00591122 0.109684 0.0312447 -0.0135122 0.00351086 0.0227582 0.0288585 0.0430358 0.0778964 0.0174529 0.135679 0.167441 -0.0125392 0.0118323 0.0267662 0.0133524 0.0220052 0.0098721 0.00385191
internal_weight=94000 31089 62911 12508 3171 18581 2831 2722 8967 36236 340 25897 109 1732 26675 9614 9337 4302 1281 257 5035 89 68 24655 309 246 8926 2560 6366 9578
internal_count=94000 31089 62911 12508 3171 18581 2831 2722 8967 36236 340 25897 109 1732 26675 9614 9337 4302 1281 257 5035 89 68 24655 309 246 8926 2560 6366 9578
cat_boundaries=0 2 4 5 7 9 11 13
cat_threshold=536887296 64 546359456 16616 8 8405120 192 207254690 178380 72491146 189612 3499131504 28860
is_linear=0
shrinkage=0.03


Tree=134
num_leaves=31
num_cat=7
split_feature=11 4 11 4 21 12 12 12 12 12 12 14 21 12 21 5 2 12 21 12 12 21 13 12 21 9 4 21 12 12
split_gain=12374 2639.11 1589.36 633.965 543.504 502.105 637.213 606.634 495.978 817.275 784.34 468.528 464.339 456.275 434.557 543.574 360.453 355.035 454.095 346.184 543.587 459.655 434.822 345.225 403.308 341.488 320.589 316.904 315.204 326.813
threshold=3.6040835158772473 71.500000000000014 1.7921049666914393 98.500000000000014 0 3.5000000000000004 5.5000000000000009 1.5000000000000002 4.5000000000000009 1.0000000180025095e-35 5.5000000000000009 4.5000000000000009 1 1.0000000180025095e-35 2 109.50000000000001 117.50000000000001 1.0000000180025095e-35 3 3.5000000000000004 5.5000000000000009 4 7.5000000000000009 3.5000000000000004 5 4.8663453850390885 133.50000000000003 6 4.5000000000000009 1.0000000180025095e-35
decision_type=2 2 2 2 1 2 2 2 2 2 2 2 1 2 1 2 2 2 1 2 2 1 2 2 1 2 2 1 2 2
left_child=2 11 28 5 16 7 -7 -3 9 -4 -10 17 -8 -6 15 25 -5 18 -2 -15 -21 22 -22 24 -19 -9 -23 -25 29 -1
right_child=1 3 8 4 13 6 12 14 10 -11 -12 -13 -14 19 -16 -17 -18 23 -20 20 21 26 -24 27 -26 -27 -28 -29 -30 -31
leaf_value=-0.0073031861944259126 -0.00082292883031851686 0.026240571421648949 0.004662546466619461 0.011478386470652991 0.068674728075468414 0.040324369682346872 -0.0080980544700917281 -0.030168232452946753 0.0097052605966283564 -0.0084017044119629909 -0.0064341957136183469 0.013488932879082796 0.027760458674135697 0.0248279111064247 -0.0074042179217970383 0.16942538485999145 -0.095667745976969365 0.0043721573005853906 0.036108986747005037 0.065959292270323697 0.063622757994406753 0.042099621371513095 -0.02873480116921168 0.016618327653954258 -0.014261864328023387 0.021725503757075208 0.15823608492876029 -7.5353307057997364e-05 -0.0080383347357489161 -0.017455530447605061
leaf_weight=3548 561 2594 5365 309 497 2358 511 129 5501 21902 5341 9216 877 1109 1202 21 31 2249 644 680 61 297 184 1965 1939 982 23 2133 7160 14611
leaf_count=3548 561 2594 5365 309 497 2358 511 129 5501 21902 5341 9216 877 1109 1202 21 31 2249 644 680 61 297 184 1965 1939 982 23 2133 7160 14611
internal_value=1.28045e-05 0.0156908 -0.00754388 0.0267586 0.0381933 0.0225512 0.0308308 0.0162563 -0.00367296 -0.00583109 0.00175436 0.00867077 0.0146988 0.0423984 0.00515793 0.0184019 0.00162726 0.00399181 0.0192066 0.0370268 0.0478879 0.0261252 -0.00548697 0.00177861 -0.00427823 0.0156952 0.0489732 0.00796915 -0.0133701 -0.0154721
internal_weight=94000 30572 63428 11865 3191 8674 3746 4928 38109 27267 10842 18707 1388 2851 2334 1132 340 9491 1205 2354 1245 565 245 8286 4188 1111 320 4098 25319 18159
internal_count=94000 30572 63428 11865 3191 8674 3746 4928 38109 27267 10842 18707 1388 2851 2334 1132 340 9491 1205 2354 1245 565 245 8286 4188 1111 320 4098 25319 18159
cat_boundaries=0 2 4 6 8 10 12 14
cat_threshold=536887296 64 679477248 63664 679501952 59616 2589078094 42548 1080041664 160 2696474204 12998 3662860289 250940
is_linear=0
shrinkage=0.03


Tree=135
num_leaves=31
num_cat=4
split_feature=10 11 6 10 12 12 12 12 12 12 12 12 21 14 1 1 21 9 12 9 6 12 21 12 6 21 1 7 0 1
split_gain=11687.1 2551.58 1457.88 645.468 504.51 1043.14 432.849 871.491 452.651 450.936 391.521 672.584 487.034 466.216 438.086 432.604 407.586 604.87 378.432 372.629 475.059 372.054 333.628 332.168 363.453 365.014 345.066 325.559 414.372 375.104
threshold=44.910714285714299 5.5600973495205741 23.214285714285719 89.839285714285737 1.0000000180025095e-35 3.5000000000000004 1.0000000180025095e-35 3.5000000000000004 5.5000000000000009 4.5000000000000009 1.0000000180025095e-35 3.5000000000000004 0 8.0000000000000018 81.500000000000014 121.50000000000001 1 9.8276353854748582 2.5000000000000004 6.1142959843809503 98.214285714285737 2.5000000000000004 2 5.5000000000000009 86.642857142857153 3 64.500000000000014 7.6749437720911606 108.50000000000001 120.50000000000001
decision_type=2 2 2 2 2 2 2 2 2 2 2 2 1 2 2 2 1 2 2 2 2 2 1 2 2 1 2 2 2 2
left_child=2 4 -1 -3 -2 21 -4 18 9 -9 16 -12 27 14 -14 -15 19 -18 -8 20 -5 -6 -23 24 25 -7 -27 28 -13 -29
right_child=1 3 6 10 5 23 7 8 -10 -11 11 12 13 15 -16 -17 17 -19 -20 -21 -22 22 -24 -25 -26 26 -28 29 -30 -31
leaf_value=-0.012750302861861226 0.020231650205484369 0.020249450716226528 0.0046065118728366404 0.25979950765678783 0.002980218481870074 0.006071764391084508 -0.0065203687747226778 -0.002472194898804837 -0.0071566292092258045 0.0099638244469276195 0.018572051200338495 0.031566894436624811 -0.066852184961463099 0.073439305106665756 0.047960944787531282 0.18180816486759005 0.011922744189162211 0.1368758912425386 -0.016416156734771949 0.067895539602053454 0.06443489057677132 0.0015946700543254322 -0.019740045537306971 0.004892336815834294 0.1342806606421332 0.0186663938509373 0.04299811611144521 0.014303751009682269 0.11579789935102786 -0.10087940034336269
leaf_weight=26652 2612 7811 5086 22 5365 1737 10345 5249 5091 5247 2019 345 31 321 778 37 268 40 5241 308 23 1152 1542 2573 24 2937 639 416 62 27
leaf_count=26652 2612 7811 5086 22 5365 1737 10345 5249 5091 5247 2019 345 31 321 778 37 268 40 5241 308 23 1152 1542 2573 24 2937 639 416 62 27
internal_value=1.26154e-05 0.0150603 -0.00742353 0.0255356 0.0080085 0.00600889 -0.00350801 -0.00483203 0.000183695 0.00374438 0.034325 0.0308167 0.0430705 0.0557036 0.04355 0.0846955 0.0557341 0.0273128 -0.00984824 0.0775396 0.160377 -0.00158705 -0.0106835 0.0137482 0.018017 0.0174887 0.022952 0.0247712 0.0444308 0.00725561
internal_weight=94000 31089 62911 12508 18581 15969 36259 31173 15587 10496 4697 4036 2017 1167 809 358 661 308 15586 353 45 8059 2694 7910 5337 5313 3576 850 407 443
internal_count=94000 31089 62911 12508 18581 15969 36259 31173 15587 10496 4697 4036 2017 1167 809 358 661 308 15586 353 45 8059 2694 7910 5337 5313 3576 850 407 443
cat_boundaries=0 2 4 6 8
cat_threshold=811606208 240 3227525280 41024 2833957458 145920 2690654862 2642
is_linear=0
shrinkage=0.03


Tree=136
num_leaves=31
num_cat=5
split_feature=5 11 5 15 6 12 12 12 15 3 21 15 21 9 3 12 21 4 14 21 7 11 3 5 3 12 21 14 15 13
split_gain=11005.6 2172.61 1641.37 536.998 523.547 506.356 818.026 586.602 476.685 443.446 395.38 384.696 876.63 520.524 401.86 370.091 428.529 371.135 358.63 356.814 340.848 333.883 329.993 328.582 348.564 426.546 341.054 1147.31 461.665 400.387
threshold=53.500000000000007 2.5015867980017354 84.500000000000014 14.500000000000002 15.928571428571431 1.0000000180025095e-35 3.5000000000000004 5.5000000000000009 21.500000000000004 91.500000000000014 0 4.5000000000000009 1 5.0076863996184562 123.50000000000001 2.5000000000000004 2 74.500000000000014 4.5000000000000009 3 3.4086724129853527 5.682517513479767 86.500000000000014 127.50000000000001 135.50000000000003 1.0000000180025095e-35 4 8.0000000000000018 24.500000000000004 15.500000000000002
decision_type=2 2 2 2 2 2 2 2 2 2 1 2 1 2 2 2 1 2 2 1 2 2 2 2 2 2 1 2 2 2
left_child=1 4 5 -3 -1 10 15 9 11 -8 -2 12 13 -4 -15 -7 17 -17 -6 -13 -21 -5 -12 26 25 -25 27 29 -28 -10
right_child=2 3 8 21 18 6 7 -9 23 -11 22 19 -14 14 -16 16 -18 -19 -20 20 -22 -23 -24 24 -26 -27 28 -29 -30 -31
leaf_value=-0.015518233929836443 0.010377523279588758 -0.0043565110045585883 -0.069356291992631963 0.0040283919281104219 -0.011244642005955777 0.0080837033714951673 0.02266524558695656 0.0058385409962910112 0.05273415572572749 0.10402127706965526 0.032158153705720824 0.03317207816513891 0.01389388812651488 0.070233870741176888 0.16807000005365549 0.0036428339921965283 -0.012689478288473484 0.06551007906233032 -0.0048700722795117181 -0.071874577058716888 0.013347377721583563 0.07670634287290419 0.098454080909364847 0.23581183491159952 -0.01524119625803572 0.080463143631522849 0.010778778352252535 0.0089760890378855276 0.05533428331681698 0.14231565325447681
leaf_weight=11704 1005 10906 22 15815 16082 4813 4775 2519 103 61 1394 1037 555 380 42 327 1890 119 15700 43 2092 57 71 21 22 66 253 828 1218 80
leaf_count=11704 1005 10906 22 15815 16082 4813 4775 2519 103 61 1394 1037 555 380 42 327 1890 119 15700 43 2092 57 71 21 22 66 253 828 1218 80
internal_value=1.22456e-05 -0.00595398 0.0176737 0.000768419 -0.0100936 0.012694 0.0105553 0.0175794 0.030173 0.0236942 0.0252508 0.0238923 0.0401294 0.0709951 0.0800157 0.00332814 -0.00646867 0.0197255 -0.00809579 0.0187764 0.0115721 0.00429007 0.0351398 0.0402812 0.0912687 0.118223 0.0380373 0.0237738 0.0473525 0.0919682
internal_weight=94000 70264 23736 26778 43486 16974 14504 7355 6762 4836 2470 4171 999 444 422 7149 2336 446 31782 3172 2135 15872 1465 2591 109 87 2482 1011 1471 183
internal_count=94000 70264 23736 26778 43486 16974 14504 7355 6762 4836 2470 4171 999 444 422 7149 2336 446 31782 3172 2135 15872 1465 2591 109 87 2482 1011 1471 183
cat_boundaries=0 2 4 6 8 10
cat_threshold=2249865226 157238 3224408160 24576 2692743168 24608 545308800 4224 813723664 4320
is_linear=0
shrinkage=0.03


Tree=137
num_leaves=31
num_cat=5
split_feature=10 10 5 10 15 12 12 12 15 14 21 12 11 15 1 14 3 21 10 21 3 5 15 21 7 12 5 5 21 11
split_gain=10403.9 2424.3 1217.99 531.405 507.203 496.093 1158.15 453.693 448.354 424.615 788.112 392.206 383.469 369.113 399.532 353.612 319.368 298.961 278.984 278.433 310.319 483.769 306.389 519.393 305.496 303.458 277.825 341.549 276.336 272.294
threshold=57.410714285714299 32.946428571428577 84.500000000000014 16.053571428571434 19.500000000000004 3.5000000000000004 1.5000000000000002 5.5000000000000009 21.500000000000004 11.500000000000002 0 4.5000000000000009 8.3296419978818488 1.5000000000000002 132.50000000000003 4.5000000000000009 122.50000000000001 1 89.839285714285737 2 120.50000000000001 120.50000000000001 46.500000000000007 3 3.4086724129853527 3.5000000000000004 122.50000000000001 127.50000000000001 4 6.5605644033880521
decision_type=2 2 2 2 2 2 2 2 2 2 1 2 2 2 2 2 2 1 2 1 2 2 2 1 2 2 2 2 1 2
left_child=1 3 4 -1 -2 6 -3 11 13 12 -11 -7 18 -4 29 -5 19 -13 -6 -10 21 22 24 25 -21 -24 -23 -28 -26 -15
right_child=2 5 8 15 9 7 -8 -9 16 10 -12 17 -14 14 -16 -17 -18 -19 -20 20 -22 26 23 -25 28 -27 27 -29 -30 -31
leaf_value=-0.01507551840102281 0.0084952442915927993 0.0064098563373873318 0.057936403902434451 -0.010646365573848553 0.023502815644493 0.0037216764394928563 -0.0097624039057377619 -0.0020945678604308415 0.053019639832619196 -0.014309464813134864 0.025310351477727207 0.008456909724702413 0.1468984082070264 0.004152169905189562 0.11394865349261429 -0.0044981337306118597 0.07299341799082959 0.024900722548048378 0.093359290391721556 0.14945564141521206 -0.053418080091309224 0.19324224911726912 -0.035935806633417902 0.035008448641653943 0.011866825332712966 0.018550843408646392 -0.01373320064727696 0.1459954821148354 0.052418858547931525 0.023917545668868015
leaf_weight=11686 7556 7846 258 17283 4432 4048 8099 3932 643 806 1006 1983 23 788 41 16421 228 2065 52 23 40 23 206 509 258 166 24 24 447 3084
leaf_count=11686 7556 7846 258 17283 4432 4048 8099 3932 643 806 1006 1983 23 788 41 16421 228 2065 52 23 40 23 206 509 258 166 24 24 447 3084
internal_value=1.20699e-05 -0.00528138 0.01883 -0.00956258 0.0137415 0.00166536 -0.0018044 0.0062653 0.0292703 0.0200139 0.0077462 0.0103258 0.0249451 0.023179 0.0208852 -0.00765098 0.0390736 0.0169289 0.0243157 0.0357966 0.0288774 0.0310135 0.027625 0.0157165 0.042028 -0.0113114 0.107615 0.0662063 0.0384983 0.019896
internal_weight=94000 73363 20637 45390 13875 27973 15945 12028 6762 6319 1812 8096 4507 4171 3913 33704 2591 4048 4484 2363 1720 1680 1609 881 728 372 71 48 705 3872
internal_count=94000 73363 20637 45390 13875 27973 15945 12028 6762 6319 1812 8096 4507 4171 3913 33704 2591 4048 4484 2363 1720 1680 1609 881 728 372 71 48 705 3872
cat_boundaries=0 2 4 6 8 10
cat_threshold=810311832 39108 3076859490 34515 3226468384 16400 813711360 224 270573648 12288
is_linear=0
shrinkage=0.03


Tree=138
num_leaves=31
num_cat=8
split_feature=11 11 11 4 15 21 15 15 16 15 21 21 6 0 2 3 0 2 10 14 21 21 15 9 21 14 21 21 10 16
split_gain=9823.28 2093.71 1272.68 558.392 549.442 502.724 484.608 485.137 430.295 372.829 1070.99 604.918 623.962 342.115 332.886 326.824 407.797 321.108 297.507 292.581 622.023 543.232 417.461 614.93 485.328 417.442 437.514 404.389 300.139 286.559
threshold=3.6040835158772473 5.5600973495205741 1.7921049666914393 98.500000000000014 20.500000000000004 0 1.5000000000000002 24.500000000000004 1.0000000180025095e-35 46.500000000000007 1 2 85.214285714285737 124.50000000000001 117.50000000000001 92.500000000000014 99.500000000000014 89.500000000000014 8.946428571428573 5.5000000000000009 3 4 13.500000000000002 7.607471746488863 5 8.0000000000000018 6 7 77.196428571428584 1.0000000180025095e-35
decision_type=2 2 2 2 2 1 2 2 2 2 1 1 2 2 2 2 2 2 2 2 1 1 2 2 1 2 1 1 2 2
left_child=2 4 18 19 17 14 13 15 -4 11 -11 -6 -13 -7 -5 16 -8 -2 -1 21 -21 22 -3 24 -24 26 -22 -27 -28 -20
right_child=1 3 8 5 9 6 7 -9 -10 10 -12 12 -14 -15 -16 -17 -18 -19 29 20 25 -23 23 -25 -26 27 28 -29 -30 -31
leaf_value=-0.030384228306147204 0.0033962291354799946 0.01633810382861341 -0.005266824852114398 0.008681231621114718 0.0044955791508823123 0.12722316010469137 0.017075153963936197 0.05276791672564049 0.0017985128849390508 0.025738273517803653 -0.0092417561109399936 0.027019607040466184 0.19084542010067765 -0.0050281489111179672 -0.094287090529582895 0.030371091133941677 -0.091562054700439099 -0.086225998664992004 -0.013395259833063404 0.041550579600526931 -0.014302715809343503 0.0082609735646068088 0.00049361324887875154 0.083802060451699772 0.04961620933610579 -0.0066278672678016515 0.035842583483329908 0.024340486407005289 0.094281244974391526 -0.0061974349188497532
leaf_weight=763 10635 1378 27267 309 1541 87 100 990 10842 1384 1804 2643 21 22 31 1587 45 36 17614 1455 101 3583 329 239 410 803 203 706 130 6942
leaf_count=763 10635 1378 27267 309 1541 87 100 990 10842 1384 1804 2643 21 22 31 1587 45 36 17614 1455 101 3583 329 239 410 803 203 706 130 6942
internal_value=1.23826e-05 0.0139813 -0.00672056 0.0234162 0.00744815 0.0342945 0.0383655 0.0360127 -0.00325666 0.0137341 0.00599519 0.0196004 0.0282134 0.100523 -0.000702542 0.0264313 -0.016659 0.00309279 -0.0119341 0.0197211 0.0267433 0.0157024 0.0268682 0.0419734 0.0284321 0.015359 0.0413651 0.00797701 0.0569764 -0.0113606
internal_weight=94000 30572 63428 12508 18064 3171 2831 2722 38109 7393 3188 4205 2664 109 340 1732 145 10671 25319 9337 3398 5939 2356 978 739 1943 434 1509 333 24556
internal_count=94000 30572 63428 12508 18064 3171 2831 2722 38109 7393 3188 4205 2664 109 340 1732 145 10671 25319 9337 3398 5939 2356 978 739 1943 434 1509 333 24556
cat_boundaries=0 2 4 6 8 10 12 14 16
cat_threshold=536887296 64 3358596708 26136 3306162368 26426 3893397664 57384 548432000 4292 11536512 4 2097216 16 277372944 4292
is_linear=0
shrinkage=0.03


Tree=139
num_leaves=31
num_cat=9
split_feature=5 4 10 12 12 12 11 15 12 2 21 21 9 12 12 12 21 12 7 13 21 3 21 21 21 15 21 14 21 12
split_gain=9289.74 2015.96 1165.59 511.047 1237.22 952.305 499.562 481.68 474.496 481.413 465.901 388.788 385.415 381.104 575.715 453.204 447.645 418.876 369.408 392.474 358.21 336.431 331.932 318.224 307.315 306.812 624.449 293.398 290.585 271.37
threshold=45.500000000000007 71.500000000000014 23.303571428571434 3.5000000000000004 1.5000000000000002 5.5000000000000009 8.3296419978818488 20.500000000000004 4.5000000000000009 103.50000000000001 0 1 10.475638889657604 1.0000000180025095e-35 3.5000000000000004 5.5000000000000009 2 2.5000000000000004 7.9970232557109133 28.500000000000004 3 103.50000000000001 4 5 6 46.500000000000007 7 4.5000000000000009 8 4.5000000000000009
decision_type=2 2 2 2 2 2 2 2 2 2 1 1 2 2 2 2 1 2 2 2 1 2 1 1 1 2 1 2 1 2
left_child=2 13 27 4 6 8 -3 -4 20 11 12 21 -7 23 17 28 -17 24 -11 -20 -5 -10 -19 -2 -15 -9 -27 -1 29 -16
right_child=1 3 7 5 -6 10 -8 25 9 18 -12 -13 -14 14 15 16 -18 22 19 -21 -22 -23 -24 -25 -26 26 -28 -29 -30 -31
leaf_value=-0.014464378055346366 0.028459133566276929 0.024507598322966482 -0.0059892669084957214 0.042658215829532581 0.0037810282204892775 0.02632327828596568 0.05398356197261759 0.0048376085770122784 0.02721657509949834 0.1282682571169326 0.001013606398921016 0.055160330741521407 0.12771891288777701 -0.0035023149348541991 -0.00075122922962335794 0.014425192632793198 -0.0092406041484595722 0.013931588585726129 0.075354428793285785 -0.065751055585804269 0.012290856924949694 -0.075044754254377163 -0.014348015185968215 0.0080229890143640875 0.01090724127695604 -0.013696485293513347 0.0049882190682873501 -0.0081697115772371535 0.02304866049157292 0.018530526067788468
leaf_weight=13593 1301 2993 21427 734 3099 888 626 8363 418 116 1109 937 35 2314 1288 1317 1561 441 151 20 713 31 2242 1496 3122 3050 3390 13082 2803 1340
leaf_count=13593 1301 2993 21427 734 3099 888 626 8363 418 116 1109 937 35 2314 1288 1317 1561 441 151 20 713 31 2242 1496 3122 3050 3390 13082 2803 1340
internal_value=1.24309e-05 0.0134264 -0.00661827 0.0231478 0.017695 0.0302569 0.0296084 -0.00311411 0.0406662 0.0515493 0.0142714 0.0442159 0.0298614 0.00742391 0.00568071 0.0112321 0.00160618 -3.43034e-07 0.0869258 0.0588045 0.0280786 0.0196958 -0.00969983 0.0176609 0.00478649 0.00104743 -0.00387403 -0.0113775 0.0163325 0.00904518
internal_weight=94000 31095 62905 11870 6718 5152 3619 36230 3120 1673 2032 1386 923 19225 16428 8309 2878 8119 287 171 1447 449 2683 2797 5436 14803 6440 26675 5431 2628
internal_count=94000 31095 62905 11870 6718 5152 3619 36230 3120 1673 2032 1386 923 19225 16428 8309 2878 8119 287 171 1447 449 2683 2797 5436 14803 6440 26675 5431 2628
cat_boundaries=0 2 4 6 8 10 12 14 16 18
cat_threshold=3501775928 8 14682264 49152 608249002 179692 2693834848 49176 2692874818 2560 1921370740 133326 511890118 164908 835478300 236742 2724734714 133834
is_linear=0
shrinkage=0.03


Tree=140
num_leaves=31
num_cat=3
split_feature=10 11 5 4 21 15 15 15 8 15 2 2 3 0 7 0 2 16 7 21 7 0 15 2 21 8 3 5 17 17
split_gain=8757.57 1977.68 1061.26 499.611 471.327 468.421 454.791 457.171 415.026 397.581 336.129 311.029 305.367 385.994 304.274 429.219 301.388 290.85 281.706 402.003 454.132 418.688 395.48 328.019 320.331 345.501 303.609 423.788 293.889 535.888
threshold=44.375000000000007 5.5600973495205741 22.500000000000004 98.500000000000014 0 17.500000000000004 1.5000000000000002 24.500000000000004 86.321428571428598 15.500000000000002 123.50000000000001 117.50000000000001 92.500000000000014 97.500000000000014 6.2905825303725651 121.50000000000001 89.500000000000014 1.0000000180025095e-35 8.6175346157400448 1 10.16295794961853 93.500000000000014 5.5000000000000009 129.50000000000003 2 110.60714285714288 124.50000000000001 114.50000000000001 458.50000000000006 436.50000000000006
decision_type=2 2 2 2 1 2 2 2 2 2 2 2 2 2 2 2 2 2 2 1 2 2 2 2 1 2 2 2 2 2
left_child=2 5 17 -3 11 16 10 12 -7 -4 14 -5 13 -8 -6 -16 -2 -1 23 22 -21 -22 -20 24 -14 -26 27 -23 29 -24
right_child=1 3 9 4 6 8 7 -9 -10 -11 -12 -13 18 -15 15 -17 -18 -19 19 20 21 26 28 -25 25 -27 -28 -29 -30 -31
leaf_value=-0.01327886417719408 0.002578278779585851 0.018615785917137438 -0.0067397588067874825 0.0076073353513183423 0.021396098464586157 0.011196907486220337 0.021346210080749883 0.050325780386789865 0.10674973856086713 -0.00051259843412621389 -0.014387541644608795 -0.091922371304111836 0.063114033247279572 -0.07944232326237563 0.20088928994852387 0.035125531847797216 -0.08425965263655312 -0.0059567219031890876 0.09033275515083769 -0.040578102629984174 0.15306694748277347 -0.015949208913125543 -0.0084101679930264055 -0.078732769293571578 0.035886620848097593 -0.039649131788361457 -0.098232997900514457 0.10382651528383377 -0.01436144998559616 0.08800317043991765
leaf_weight=18283 9909 9337 16841 309 21 9304 90 990 41 20414 20 31 392 55 48 20 36 6664 92 187 21 72 98 20 334 65 20 42 134 110
leaf_count=18283 9909 9337 16841 309 21 9304 90 990 41 20414 20 31 392 55 48 20 36 6664 92 187 21 72 98 20 334 65 20 42 134 110
internal_value=1.2639e-05 0.0128198 -0.0065344 0.022111 0.0324009 0.0067949 0.0363429 0.0340608 0.0116176 -0.00332766 0.0965542 -0.00144061 0.0247597 -0.0168917 0.121507 0.152302 0.00226279 -0.0113231 0.028568 0.0156373 -0.00884912 0.028842 0.0343501 0.0409335 0.0439726 0.0229909 0.00925186 0.0282047 0.0202638 0.042581
internal_weight=94000 31798 62202 12508 3171 19290 2831 2722 9345 37255 109 340 1732 145 89 68 9945 24947 1587 776 342 155 434 811 791 399 134 114 342 208
internal_count=94000 31798 62202 12508 3171 19290 2831 2722 9345 37255 109 340 1732 145 89 68 9945 24947 1587 776 342 155 434 811 791 399 134 114 342 208
cat_boundaries=0 2 4 6
cat_threshold=536887296 64 3221258240 24704 1082163392 32768
is_linear=0
shrinkage=0.03


Tree=141
num_leaves=31
num_cat=7
split_feature=10 10 5 12 12 12 12 12 12 12 15 12 15 21 9 3 12 12 21 21 12 3 12 21 15 12 21 21 9 21
split_gain=8271.18 1965.19 976.025 491.298 677.129 487.743 808.142 415.668 818.341 393.217 388.599 343.587 336.25 804.22 467.99 361.055 331.747 362.123 330.172 326.623 311.617 389.012 310.578 297.187 318.461 291.42 397.429 329.084 300.192 281.093
threshold=57.410714285714299 34.517857142857146 84.500000000000014 1.0000000180025095e-35 3.5000000000000004 3.5000000000000004 1.5000000000000002 1.0000000180025095e-35 3.5000000000000004 5.5000000000000009 21.500000000000004 4.5000000000000009 4.5000000000000009 0 5.0076863996184562 123.50000000000001 5.5000000000000009 4.5000000000000009 1 2 5.5000000000000009 91.500000000000014 1.5000000000000002 3 21.500000000000004 4.5000000000000009 4 5 6.7563563884945728 6
decision_type=2 2 2 2 2 2 2 2 2 2 2 2 2 1 2 2 2 2 1 1 2 2 2 1 2 2 1 1 2 1
left_child=1 5 3 18 23 6 -1 -3 22 11 12 -10 13 14 -4 -16 17 -7 -2 -14 21 25 -9 -5 -25 26 -6 28 -27 -11
right_child=2 7 10 4 20 16 -8 8 9 29 -12 -13 19 -15 15 -17 -18 -19 -20 -21 -22 -23 -24 24 -26 27 -28 -29 -30 -31
leaf_value=-0.005698865174346702 0.039421803926754942 0.011420011928910078 -0.067939364187318274 -0.008065494805588944 0.026950087493058356 -0.0070196543342322696 -0.016047724130144134 0.0018992012508016372 0.0037012162218602244 -0.011878041033691295 0.035263711180476422 0.016601609136112302 0.029435227001446101 0.01063862567717894 0.06441668057548515 0.15714968666186524 -0.010299153635599021 0.0026973859448016393 0.012780996944825401 0.0088223271662320139 0.0062772521023295846 0.096810817611929639 -0.0088352189785631131 0.00058589014541814534 0.016620870642368162 0.050590582312392322 0.0013141574367938776 0.017681739590909157 0.00080392042807449497 0.0050905572161471192
leaf_weight=13392 919 3609 22 1572 991 6902 13781 3598 3714 1485 2591 3720 1037 555 380 42 6693 6904 824 2135 1648 61 7443 2785 1859 739 1208 1141 128 2122
leaf_count=13392 919 3609 22 1572 991 6902 13781 3598 3714 1485 2591 3720 1037 555 380 42 6693 6904 824 2135 1648 61 7443 2785 1859 739 1208 1141 128 2122
internal_value=1.24746e-05 -0.00470732 0.0167911 0.0122359 0.0100956 -0.00831181 -0.0109475 0.00198104 0.00043819 0.00621352 0.0261371 0.0101572 0.0204662 0.0356463 0.0651824 0.0736882 -0.0048178 -0.00216023 0.0271301 0.0156834 0.0173606 0.0216393 -0.00533687 0.00318064 0.00699053 0.0205463 0.0129978 0.0288103 0.0427517 -0.00191353
internal_weight=94000 73363 20637 13875 12132 47672 27173 25691 22082 11041 6762 7434 4171 999 444 422 20499 13806 1743 3172 5916 4268 11041 6216 4644 4207 2199 2008 867 3607
internal_count=94000 73363 20637 13875 12132 47672 27173 25691 22082 11041 6762 7434 4171 999 444 422 20499 13806 1743 3172 5916 4268 11041 6216 4644 4207 2199 2008 867 3607
cat_boundaries=0 2 4 6 8 10 12 14
cat_threshold=3224408160 24576 4238394608 4168 545308800 4224 68436108 36900 277923944 62496 1209561124 35000 1757285149 98819
is_linear=0
shrinkage=0.03


Tree=142
num_leaves=31
num_cat=0
split_feature=11 11 0 12 12 12 12 2 12 15 12 12 9 8 12 12 12 15 15 2 0 0 2 1 12 12 15 9 7 0
split_gain=7798.71 1662.82 1042.88 489.074 764.22 601.879 543.337 512.502 496.77 484.029 424.904 478.122 388.49 372.301 328.095 532.132 491.481 320.315 298.232 287.351 282.885 276.453 297.458 255.72 255.669 423.592 246.65 242.069 396.6 290.535
threshold=3.6040835158772473 5.5600973495205741 26.500000000000004 1.0000000180025095e-35 3.5000000000000004 5.5000000000000009 4.5000000000000009 96.500000000000014 2.5000000000000004 20.500000000000004 3.5000000000000004 1.0000000180025095e-35 8.3076159947654933 86.321428571428598 4.5000000000000009 1.0000000180025095e-35 5.5000000000000009 46.500000000000007 1.5000000000000002 89.500000000000014 93.500000000000014 80.500000000000014 90.500000000000014 91.500000000000014 1.0000000180025095e-35 3.5000000000000004 21.500000000000004 9.3658838461610383 10.16295794961853 120.50000000000001
decision_type=2 2 2 2 2 2 2 2 2 2 2 2 2 2 2 2 2 2 2 2 2 2 2 2 2 2 2 2 2 2
left_child=2 9 10 12 8 6 23 20 -5 19 11 -1 -3 17 15 -4 -16 -11 -7 24 21 22 -8 -6 -2 -26 -20 29 -29 -9
right_child=1 3 14 4 5 18 7 27 -10 13 -12 -13 -14 -15 16 -17 -18 -19 26 -21 -22 -23 -24 -25 25 -27 -28 28 -30 -31
leaf_value=-0.0037459635296486753 0.014243847736062477 0.028350317668664537 0.0052135875328567678 0.016956520835223275 0.014106607175444924 0.077843191351450222 0.033708600234456945 0.079341165463747337 -0.0024143647385930396 0.017481769248653547 -0.0058751587177827188 -0.015205609848864125 0.063249265617106878 0.10258871101658709 0.011217463466414539 -0.0062302546175551903 -0.0038612204138191433 0.0048348806355124974 0.00099320999147172427 -0.081944808590114937 -0.018035778375694145 0.062194951070917895 -0.073016568306076071 0.038329133263484742 -0.005561197185739641 0.0073703297332438772 0.02430515926514833 -0.016934887318096066 0.08908054205105724 0.19245961925967245
leaf_weight=4242 1516 1392 4671 3504 1246 60 937 290 1805 4184 15474 14412 362 41 3772 16840 4017 3168 1075 36 82 350 24 573 4535 4584 659 61 66 22
leaf_count=4242 1516 1392 4671 3504 1246 60 937 290 1805 4184 15474 14412 362 41 3772 16840 4017 3168 1075 36 82 350 24 573 4535 4584 659 61 66 22
internal_value=1.2551e-05 0.0124591 -0.00598657 0.0208672 0.0184705 0.0263676 0.0333597 0.0448933 0.0103702 0.0066368 -0.00955091 -0.0125998 0.0355579 0.0125367 -0.00183479 -0.00374513 0.00344064 0.0120327 0.0121352 0.00254891 0.0359768 0.0393586 0.0310328 0.0217402 0.00283597 0.00093899 0.00985545 0.073165 0.0381629 0.0873862
internal_weight=94000 30572 63428 12508 10754 5445 3651 1832 5309 18064 34128 18654 1754 7393 29300 21511 7789 7352 1794 10671 1393 1311 961 1819 10635 9119 1734 439 127 312
internal_count=94000 30572 63428 12508 10754 5445 3651 1832 5309 18064 34128 18654 1754 7393 29300 21511 7789 7352 1794 10671 1393 1311 961 1819 10635 9119 1734 439 127 312
is_linear=0
shrinkage=0.03


Tree=143
num_leaves=31
num_cat=5
split_feature=10 11 5 15 15 21 10 15 1 14 15 21 15 21 9 3 4 1 1 21 2 7 11 17 17 15 3 7 21 17
split_gain=7367.74 1442.93 1134.86 448.911 516.915 481.862 412.549 378.417 359.838 359.485 356.406 330.82 312.429 757.29 435.762 337.783 308.325 486.957 337.743 517.252 544.959 517.836 449.983 437.715 381.082 312.293 309.874 307.626 282.041 384.188
threshold=52.339285714285715 2.5015867980017354 84.500000000000014 19.500000000000004 50.500000000000007 0 12.303571428571431 14.500000000000002 81.500000000000014 4.5000000000000009 21.500000000000004 1 4.5000000000000009 2 5.0076863996184562 123.50000000000001 119.50000000000001 110.50000000000001 102.50000000000001 3 107.50000000000001 5.1316014394468583 7.4657507221160229 473.50000000000006 465.50000000000006 17.500000000000004 107.50000000000001 8.6175346157400448 4 373.50000000000006
decision_type=2 2 2 2 2 1 2 2 2 2 2 1 2 1 2 2 2 2 2 1 2 2 2 2 2 2 2 2 1 2
left_child=1 6 3 -2 8 -6 -1 -3 11 -8 12 -5 13 14 -4 -16 17 18 -14 21 22 -20 -21 -23 26 -18 27 -22 -10 -30
right_child=2 7 10 4 5 -7 9 -9 28 -11 -12 -13 16 -15 15 -17 25 -19 19 20 24 23 -24 -25 -26 -27 -28 -29 29 -31
leaf_value=-0.016549028204512362 0.0059231566752254014 -0.003709117073736664 -0.065964741046072653 0.023609146704040743 0.015977834650073301 -0.022702035608803652 -0.010114528229695273 0.0036327867334315926 0.014211654999933035 -0.0043248807146652598 0.033381408183913948 0.009231390457304204 0.011776923805665741 0.0096069864721733417 0.061728609942168805 0.15142362386342181 0.059763872529981187 -0.020762801964425797 -0.13602186506252154 0.024954066439571539 0.083054106606973849 0.0036600791767639786 0.15209436070236693 0.14612010798842656 -0.085279290331648536 -0.064188112999076258 0.12818717950503294 -0.078939189078966007 0.034508985401466775 0.091637571102991783
leaf_weight=4859 9840 10731 22 2789 579 561 19671 15364 329 18956 2591 3068 2169 555 380 42 203 358 21 35 21 160 89 22 23 20 30 21 336 155
leaf_count=4859 9840 10731 22 2789 579 561 19671 15364 329 18956 2591 3068 2169 555 380 42 203 358 21 35 21 160 89 22 23 20 30 21 336 155
internal_value=1.22029e-05 -0.00496334 0.0141899 0.0101872 0.0155543 -0.0031134 -0.00830992 0.000613471 0.018742 -0.00727338 0.024641 0.0161347 0.0192101 0.0338425 0.0624976 0.0706965 0.0145998 0.0120254 0.0165576 0.0411134 0.0716098 0.00443534 0.116281 0.0209678 0.0207393 0.0486099 0.0547193 0.00199109 0.0373572 0.0515156
internal_weight=94000 69581 24419 17657 7817 1140 43486 26095 6677 38627 6762 5857 4171 999 444 422 3172 2949 2591 422 219 203 124 182 95 223 72 42 820 491
internal_count=94000 69581 24419 17657 7817 1140 43486 26095 6677 38627 6762 5857 4171 999 444 422 3172 2949 2591 422 219 203 124 182 95 223 72 42 820 491
cat_boundaries=0 2 4 6 8 10
cat_threshold=3368164578 156220 850719798 43520 3224408160 24576 2130016 57408 2159024312 6176
is_linear=0
shrinkage=0.03


Tree=144
num_leaves=31
num_cat=7
split_feature=9 11 10 12 12 12 12 12 12 12 21 12 12 21 3 21 7 12 12 21 1 7 21 9 21 9 8 3 5 21
split_gain=6970.05 1650.37 880.785 556.499 788.316 428.062 734.581 369.132 364.617 812.139 427.09 417.867 321.422 315.99 309.721 298.211 295.078 288.539 507.559 434.879 461.777 332.175 332.1 401.466 327.286 294.615 305.867 433.56 289.641 288.005
threshold=4.445024382187623 2.5015867980017354 89.839285714285737 1.0000000180025095e-35 3.5000000000000004 3.5000000000000004 1.5000000000000002 5.5000000000000009 4.5000000000000009 5.5000000000000009 0 1.0000000180025095e-35 2.5000000000000004 1 83.500000000000014 2 8.3978450500995958 1.0000000180025095e-35 3.5000000000000004 3 79.500000000000014 7.6749437720911606 4 9.8276353854748582 5 7.7629721282338009 92.107142857142875 98.500000000000014 131.50000000000003 6
decision_type=2 2 2 2 2 2 2 2 2 2 1 2 2 1 2 1 2 2 2 1 2 2 1 2 1 2 2 2 2 1
left_child=1 5 8 -3 12 6 -1 14 11 10 -10 13 -5 16 -6 -9 -2 22 24 21 -21 25 -4 28 -19 26 -20 -28 -24 -11
right_child=2 3 17 4 7 -7 -8 15 9 29 -12 -13 -14 -15 -16 -17 -18 18 19 20 -22 -23 23 -25 -26 -27 27 -29 -30 -31
leaf_value=-0.005401507520999385 0.034439867760853414 0.011207977140351433 0.072589313280654127 -0.0024506786198849467 0.0079881405306370425 -0.0046182472483825877 -0.0157127031561691 -0.01139273950159379 0.043047915782439314 0.018275144999657697 0.016888732863641759 0.006319394139929573 -0.012534214258776983 0.013874554395134867 0.12590086209017837 0.0046515510784094693 0.11529664516448974 0.026000258723513251 0.093338651092272448 -0.098511342695399892 0.046333389222086074 -0.0078761359638083624 0.0090639256575564767 0.10671785244149362 0.001699004838958132 0.082645005816366621 -0.045080867127457742 0.044077190457711218 0.11887792057805247 -0.0031321775086789981
leaf_weight=12254 525 4214 246 8485 8578 18605 12627 1889 1291 1003 1072 9195 4281 1646 20 2304 44 932 40 20 1354 324 339 50 1077 86 92 105 23 1279
leaf_count=12254 525 4214 246 8485 8578 18605 12627 1889 1291 1003 1072 9195 4281 1646 20 2304 44 932 40 20 1354 324 339 50 1077 86 92 105 23 1279
internal_value=1.20216e-05 -0.00433492 0.015364 0.00110708 -0.000558342 -0.00806063 -0.0106346 0.00470522 0.012023 0.0191093 0.0314366 0.00913779 -0.00583244 0.0208355 0.00826423 -0.00259207 0.0400137 0.0268046 0.0237945 0.0344102 0.0438964 0.0133717 0.0452292 0.0264682 0.0131128 0.0351042 0.0178129 0.00242296 0.0160802 0.00634234
internal_weight=94000 73257 20743 29771 25557 43486 24881 12791 16055 4645 2363 11410 12766 2215 8598 4193 569 4688 4030 2021 1374 647 658 412 2009 323 237 197 362 2282
internal_count=94000 73257 20743 29771 25557 43486 24881 12791 16055 4645 2363 11410 12766 2215 8598 4193 569 4688 4030 2021 1374 647 658 412 2009 323 237 197 362 2282
cat_boundaries=0 2 4 6 8 10 12 14
cat_threshold=2015031296 59576 541327568 4232 1371412605 33411 807411840 240 3221233824 8256 3195008 16608 3559036014 8392
is_linear=0
shrinkage=0.03


Tree=145
num_leaves=31
num_cat=7
split_feature=5 4 11 15 17 21 15 21 17 8 6 21 15 15 17 6 21 5 8 21 15 13 21 1 7 15 21 0 13 17
split_gain=6579.85 1442.5 884.764 424.356 415.795 329.404 317.403 302.887 431.443 272.348 263.87 306.915 263.615 434.719 460.414 445.28 405.019 373.424 363.278 357.054 353.755 347.58 304.003 265.62 301.292 260.335 418.587 284.599 258.019 462.752
threshold=45.500000000000007 71.500000000000014 1.7921049666914393 14.500000000000002 441.50000000000006 0 18.500000000000004 1 371.50000000000006 8.8214285714285747 95.214285714285737 2 24.500000000000004 9.5000000000000018 450.50000000000006 104.78571428571429 3 98.500000000000014 106.39285714285715 4 23.500000000000004 4.5000000000000009 5 105.50000000000001 5.1869800370506791 50.500000000000007 6 85.500000000000014 6.5000000000000009 464.50000000000006
decision_type=2 2 2 2 2 1 2 1 2 2 2 1 2 2 2 2 1 2 2 1 2 2 1 2 2 2 1 2 2 2
left_child=2 6 9 -4 7 -6 -2 8 -3 -1 -9 -12 13 -7 16 19 -15 -17 -19 -16 23 -20 -14 24 -21 27 -27 -8 -23 -30
right_child=1 4 3 -5 5 12 25 10 -10 -11 11 -13 22 14 15 17 -18 18 21 20 -22 28 -24 -25 -26 26 -28 -29 29 -31
leaf_value=-0.027675945889607853 0.002715240539242525 0.014439429684405102 -0.0064751804279415109 6.9164029383784143e-06 0.014606516850950761 0.045137919107754318 0.012184412441516624 0.011559810932401608 0.034378420932692902 -0.0093580798176961574 0.004848649646676936 -0.046789774279634253 0.068020300537454753 0.09394675610909474 -0.003377893004583854 -0.12898990582581943 0.01581211548727653 0.070346605912270141 -0.098166860734631198 -0.015943478774767931 -0.051684022442686238 0.078721562823944394 0.027987179660938961 0.11424597477149635 0.05589146430500018 -0.031665302284247535 0.0081887113035290279 0.1154611301422119 0.029132896253755577 -0.083227167770431834
leaf_weight=753 10515 3444 15394 22192 1340 772 7503 2489 1364 24566 294 150 366 106 332 28 154 39 50 69 34 26 413 49 219 315 868 24 69 63
leaf_count=753 10515 3444 15394 22192 1340 772 7503 2489 1364 24566 294 150 366 106 332 28 154 39 50 69 34 26 413 49 219 315 868 24 69 63
internal_value=1.22783e-05 0.0113015 -0.00556812 -0.00264787 0.0195248 0.0272138 0.00622398 0.0154228 0.0200555 -0.00990309 0.00773231 -0.013541 0.0330982 0.027469 0.0164457 0.00700691 0.0519223 -0.0253477 -0.0135392 0.0196695 0.0393287 -0.0293084 0.0480385 0.0496992 0.038671 0.0104594 -0.00262098 0.0125156 -0.00745046 -0.0244932
internal_weight=94000 31095 62905 37586 11870 4129 19225 7741 4808 25319 2933 444 2789 2010 1238 978 260 275 247 703 371 208 779 337 288 8710 1183 7527 158 132
internal_count=94000 31095 62905 37586 11870 4129 19225 7741 4808 25319 2933 444 2789 2010 1238 978 260 275 247 703 371 208 779 337 288 8710 1183 7527 158 132
cat_boundaries=0 2 4 6 8 10 12 14
cat_threshold=606620684 15496 1621150880 57480 2151677952 64 1082138864 16 1343225888 16432 3229647072 16400 2953338896 6272
is_linear=0
shrinkage=0.03


Tree=146
num_leaves=31
num_cat=3
split_feature=0 4 5 12 12 12 21 12 2 14 1 8 21 21 12 12 12 7 13 13 7 14 7 1 4 7 4 12 7 1
split_gain=6211.97 1536.43 700.425 429.041 1064.63 816.471 426.933 401.107 399.266 390.903 386.747 479.51 363.854 347.218 346.167 583.594 467.075 334.606 370.096 333.631 412.287 637.567 329.264 323.764 581.743 369.309 332.697 317.644 299.196 431.621
threshold=42.500000000000007 71.500000000000014 22.500000000000004 3.5000000000000004 1.5000000000000002 5.5000000000000009 0 4.5000000000000009 103.50000000000001 3.5000000000000004 118.50000000000001 124.3214285714286 1 2 3.5000000000000004 1.5000000000000002 5.5000000000000009 7.9970232557109133 28.500000000000004 24.500000000000004 8.3978450500995958 4.5000000000000009 10.636863125135021 111.50000000000001 110.50000000000001 8.858678822273097 121.50000000000001 4.5000000000000009 5.0332229568471467 106.50000000000001
decision_type=2 2 2 2 2 2 1 2 2 2 2 2 1 1 2 2 2 2 2 2 2 2 2 2 2 2 2 2 2 2
left_child=2 9 -1 4 10 7 22 13 12 -2 23 19 -9 -5 15 -4 27 -10 -19 20 21 -12 -7 24 -3 28 -27 -16 -26 -30
right_child=1 3 14 5 -6 6 -8 8 17 -11 11 -13 -14 -15 16 -17 -18 18 -20 -21 -22 -23 -24 -25 25 26 -28 -29 29 -31
leaf_value=-0.0096495703250829932 0.00046027150295050947 0.021375911211772087 -0.00040726426588319969 0.037308663841394453 0.0010405670238651363 0.022171395352936444 -0.0013378730406715326 0.014988247050336833 0.11666046852520269 0.0086667881422710334 0.034724921130200717 -0.012314767353413789 0.048964311137941773 0.0075672978815343531 -0.0015299734508857213 -0.010905785214809215 -0.0069247902616620905 0.06663470364850653 -0.070380565114875338 0.17292821962542088 0.034167728171459966 0.24111803183610411 0.10217946297646539 -0.015674924203889152 0.020441059487304465 0.064986178546562121 -0.081254200795248366 0.0089546509338898489 0.07881275809453632 0.21427557034955189
leaf_weight=24947 8377 2984 9295 761 3099 821 1162 449 116 13882 28 63 937 686 4996 9780 5430 151 20 31 117 26 49 191 26 46 20 5423 50 37
leaf_count=24947 8377 2984 9295 761 3099 821 1162 449 116 13882 28 63 937 686 4996 9780 5430 151 20 31 117 26 49 191 26 46 20 5423 50 37
internal_value=1.24114e-05 0.010227 -0.00581027 0.0189436 0.0139475 0.0254573 0.0106559 0.0350956 0.0451015 0.00557848 0.0249987 0.0598906 0.0384231 0.0235224 -0.00306767 -0.00579018 0.00020883 0.0773185 0.0505602 0.0824199 0.0659029 0.134417 0.026389 0.0222393 0.0245301 0.0770536 0.0205696 0.00392693 0.10997 0.136638
internal_weight=94000 34129 59871 11870 6718 5152 2032 3120 1673 22259 3619 265 1386 1447 34924 19075 15849 287 171 202 171 54 870 3354 3163 179 66 10419 113 87
internal_count=94000 34129 59871 11870 6718 5152 2032 3120 1673 22259 3619 265 1386 1447 34924 19075 15849 287 171 202 171 54 870 3354 3163 179 66 10419 113 87
cat_boundaries=0 2 4 6
cat_threshold=3500727352 8 14682264 49152 2693834848 53272
is_linear=0
shrinkage=0.03


Tree=147
num_leaves=31
num_cat=0
split_feature=9 0 4 15 16 15 15 1 7 1 15 8 3 16 14 7 7 14 4 7 7 11 7 15 0 1 6 18 17 9
split_gain=5884.77 1412.24 747.165 517.752 411.819 318.26 416.232 344.974 326.27 438.649 348.576 315.995 312.695 278.3 250.964 239.993 227.661 214.027 225.806 206.605 316.517 300.884 352.096 320.015 316.79 271.835 352.382 227.935 337.572 230.996
threshold=4.445024382187623 31.500000000000004 88.500000000000014 20.500000000000004 1.0000000180025095e-35 1.5000000000000002 24.500000000000004 133.50000000000003 11.613825507746741 128.50000000000003 50.500000000000007 12.678571428571429 60.500000000000007 1.0000000180025095e-35 11.500000000000002 4.2314018840996432 2.2990681342044463 8.0000000000000018 102.50000000000001 6.827814263660561 6.6296591882525275 7.4657507221160229 8.3978450500995958 17.500000000000004 76.500000000000014 82.500000000000014 93.928571428571445 17.500000000000004 350.50000000000006 8.5292000062874109
decision_type=2 2 2 2 2 2 2 2 2 2 2 2 2 2 2 2 2 2 2 2 2 2 2 2 2 2 2 2 2 2
left_child=1 4 13 -3 11 -4 7 19 10 -10 15 -1 14 16 -5 -8 -2 18 -17 20 -7 22 -21 -24 -23 -26 27 28 -27 -30
right_child=2 3 5 12 -6 6 8 -9 9 -11 -12 -13 -14 -15 -16 17 -18 -19 -20 21 -22 24 23 -25 25 26 -28 -29 29 -31
leaf_value=-0.017089700061120018 -0.058249062554438048 -0.0022763210420537732 0.060082403848019869 0.0074053051933887781 -0.0029170735149583512 0.020321181719990911 0.092179690429566141 0.11695629408193188 0.12025949153033171 -0.026191608068606664 0.0053828709270072796 -0.0081140362436339947 0.022486125488286095 0.017290288039789863 -0.0021947857593693936 0.11616685995553204 0.0085498580515378109 0.031786821482020833 -0.0016513948476136618 -0.03131102691751099 0.076706569952155482 0.12121743826870898 0.0017473263942373661 0.10329971386836126 -0.040070547585407006 -0.019798350498594082 0.011668038560601416 -0.013997524760160415 0.14123570224814988 0.050048126613766682
leaf_weight=4070 46 17291 209 7838 12908 1043 69 30 78 24 386 26654 931 4259 3565 54 11100 1235 20 301 98 25 137 35 80 26 1355 31 57 45
leaf_count=4070 46 17291 209 7838 12908 1043 69 30 78 24 386 26654 931 4259 3565 54 11100 1235 20 301 98 25 137 35 80 26 1355 31 57 45
internal_value=1.2427e-05 -0.00398178 0.0141186 0.00107317 -0.00741401 0.0237915 0.022311 0.0158456 0.0336136 0.0857791 0.0305908 -0.00930319 0.00576902 0.0107666 0.00440371 0.0376489 0.00827339 0.0347654 0.0843243 0.0149029 0.025173 0.00929906 -0.0117446 0.0224775 0.0154493 0.0137811 0.016631 0.0588728 0.0765417 0.101124
internal_weight=94000 73257 20743 29625 43632 5338 5129 3263 1866 102 1764 30724 12334 15405 11403 1378 11146 1309 74 3233 1141 2092 473 172 1619 1594 1514 159 128 102
internal_count=94000 73257 20743 29625 43632 5338 5129 3263 1866 102 1764 30724 12334 15405 11403 1378 11146 1309 74 3233 1141 2092 473 172 1619 1594 1514 159 128 102
is_linear=0
shrinkage=0.03


Tree=148
num_leaves=31
num_cat=7
split_feature=5 5 5 12 12 12 12 15 21 21 12 15 3 21 15 21 1 12 15 21 3 21 6 12 21 14 13 15 12 1
split_gain=5550.06 1286.33 685.177 389.179 648.385 387.877 509.952 379.061 365.679 350.4 315.711 314.946 313.855 298.627 297.056 300.584 287.145 286.198 277.431 711.145 355.829 296.189 276.712 268.505 266.784 661.004 445.746 337.173 340.97 483.085
threshold=56.500000000000007 33.500000000000007 84.500000000000014 3.5000000000000004 1.0000000180025095e-35 1.0000000180025095e-35 3.5000000000000004 20.500000000000004 0 1 5.5000000000000009 21.500000000000004 86.500000000000014 2 50.500000000000007 3 93.500000000000014 2.5000000000000004 4.5000000000000009 4 123.50000000000001 5 63.500000000000007 4.5000000000000009 6 8.0000000000000018 11.500000000000002 24.500000000000004 1.5000000000000002 108.50000000000001
decision_type=2 2 2 2 2 2 2 2 1 1 2 2 2 1 2 1 2 2 2 1 2 1 2 2 1 2 2 2 2 2
left_child=1 3 5 4 -1 9 13 22 16 12 23 18 -2 -7 -9 -16 -8 -6 19 20 -4 -20 -3 -5 27 26 -26 28 -13 -30
right_child=2 7 11 10 17 6 8 14 -10 -11 -12 24 -14 -15 15 -17 -18 -19 21 -21 -22 -23 -24 -25 25 -27 -28 -29 29 -31
leaf_value=-0.00074111807824484173 0.029389403727963583 -0.0018478398437053857 0.050440789306668059 -0.0053606515034997975 -0.0093121543553306256 -0.006887535693197909 0.020243419065735926 0.0078326161487953239 0.0064341838672646945 0.0085392308990215465 -0.0095515862200236112 0.060714103607091612 0.098787756902008236 0.0067526427130369764 0.0069824903611088287 -0.018865383176908817 0.13132117374248414 -0.016786214507942439 0.024970866371692935 0.0067475131513451353 0.14223261325861239 0.0054013406081567291 0.066116159955476886 0.0029857209307070885 0.015521974637035547 0.0095563232198888626 0.10065472999387741 0.046349982378695351 0.004156737850031629 -0.1403379220577825
leaf_weight=6083 1077 15633 400 7127 13305 2322 3142 9040 3164 1036 5963 68 62 3787 792 812 21 7060 1037 557 42 2135 54 6758 94 1063 135 1084 122 25
leaf_count=6083 1077 15633 400 7127 13305 2322 3142 9040 3164 1036 5963 68 62 3787 792 812 21 7060 1037 557 42 2135 54 6758 94 1063 135 1084 122 25
internal_value=1.20887e-05 -0.00394236 0.0134497 -0.00695337 -0.00933624 0.00979505 0.00775038 0.00135158 0.0137198 0.0214836 -0.00377795 0.0213458 0.0328893 0.00156734 0.00572139 -0.00617516 0.0209198 -0.0119034 0.0162406 0.0300289 0.0578906 0.0118963 -0.00161327 -0.00129816 0.029562 0.0193721 0.0657445 0.0392412 0.00520542 -0.0204755
internal_weight=94000 72627 21373 46296 26448 14611 12436 26331 6327 2175 19848 6762 1139 6109 10644 1604 3163 20365 4171 999 442 3172 15687 13885 2591 1292 229 1299 215 147
internal_count=94000 72627 21373 46296 26448 14611 12436 26331 6327 2175 19848 6762 1139 6109 10644 1604 3163 20365 4171 999 442 3172 15687 13885 2591 1292 229 1299 215 147
cat_boundaries=0 2 4 6 8 10 12 14
cat_threshold=336755756 189612 1889845492 39112 336904332 37492 1082103533 24889 3224408128 24608 545308800 4224 3228598432 49168
is_linear=0
shrinkage=0.03


Tree=149
num_leaves=31
num_cat=9
split_feature=9 10 10 12 12 14 12 12 12 12 21 12 21 21 21 21 21 2 1 1 2 12 12 21 21 9 1 21 17 13
split_gain=5241.04 1254.66 666.102 502.924 731.383 396.331 346.619 310.742 306.575 749.244 392.651 356.008 295.427 277.772 276.045 273.976 265.727 278.69 263.899 261.125 334.124 259.669 445.472 396.129 355.268 505.615 334.874 301.03 273.304 311.073
threshold=4.445024382187623 34.517857142857146 89.839285714285737 1.0000000180025095e-35 3.5000000000000004 4.5000000000000009 1.5000000000000002 5.5000000000000009 4.5000000000000009 5.5000000000000009 0 1.0000000180025095e-35 1 2 3 4 5 81.500000000000014 60.500000000000007 90.500000000000014 80.500000000000014 1.0000000180025095e-35 3.5000000000000004 6 7 9.8276353854748582 79.500000000000014 8 440.50000000000006 13.500000000000002
decision_type=2 2 2 2 2 2 2 2 2 2 1 2 1 1 1 1 1 2 2 2 2 2 2 1 1 2 2 1 2 2
left_child=1 5 8 -3 6 -1 -5 -6 11 10 -10 12 -2 -13 -9 18 17 -11 -8 -14 -21 24 27 -24 -4 -26 -25 -23 29 -29
right_child=2 3 21 4 7 -7 15 14 9 16 -12 13 19 -15 -16 -17 -18 -19 -20 20 -22 22 23 26 25 -27 -28 28 -30 -31
leaf_value=-0.0093013833239463887 0.041572103964327228 0.011936328422781682 0.060710370927952902 0.0020624922879523863 0.0089344510339480106 -0.0038281171169451201 -0.0134037491305016 0.0072943657942682646 0.039876875566283845 0.010838366330189857 0.014849529979561512 0.012114888318154035 0.015127721946798301 0.0012505429952150667 -0.0094324398998243408 -0.0044156695361852469 -0.0044283564769603745 0.062267055790537824 -0.04406758931671402 -0.14154053368719455 0.014362738707311636 0.022769501157549422 0.006970929513404593 -0.070376808536480137 0.00040342962096731952 0.11474653947234451 0.040109815394393018 0.033755090239856324 0.013155946143887289 -0.028563496597812828
leaf_weight=24438 404 3635 354 3622 7336 23227 2770 1614 1291 897 1072 3306 1761 5889 1950 4387 1279 106 278 22 28 932 513 25 264 40 1483 88 593 396
leaf_count=24438 404 3635 354 3622 7336 23227 2770 1614 1291 897 1072 3306 1761 5889 1950 4387 1279 106 278 22 28 932 513 25 264 40 1483 88 593 396
internal_value=1.18859e-05 -0.00375753 0.0133242 0.00160044 -0.00011059 -0.00663436 -0.00554698 0.00540383 0.0104188 0.0169166 0.0287569 0.00777313 0.0185703 0.0051717 -0.00186267 -0.00925436 0.00465406 0.0161214 -0.0161499 0.0131333 -0.0543204 0.0232734 0.020418 0.0303631 0.0407514 0.014998 0.0380195 0.010411 -0.00048881 -0.017222
internal_weight=94000 73257 20743 25592 21957 47665 11057 10900 16055 4645 2363 11410 2215 9195 3564 7435 2282 1003 3048 1811 50 4688 4030 2021 658 304 1508 2009 1077 484
internal_count=94000 73257 20743 25592 21957 47665 11057 10900 16055 4645 2363 11410 2215 9195 3564 7435 2282 1003 3048 1811 50 4688 4030 2021 658 304 1508 2009 1077 484
cat_boundaries=0 2 4 6 8 10 12 14 16 18
cat_threshold=2015031296 59576 536871056 4232 813705794 63010 776037506 212348 317616640 214317 3559036014 8392 538976384 112 3227525280 41024 3195008 16608
is_linear=0
shrinkage=0.03


Tree=150
num_leaves=31
num_cat=3
split_feature=10 0 10 10 16 14 21 14 3 0 16 0 13 0 8 16 17 21 7 2 5 21 17 4 9 2 0 17 9 9
split_gain=4963.08 1189.13 567.67 327.295 324.927 323.127 290.29 602.19 313.83 303.479 283.581 257.971 266.593 255.207 332.183 242.758 427.014 470.349 334.299 300.776 292.799 331.735 308.736 412.421 410.799 342.736 321.531 291.023 274.512 270.569
threshold=57.410714285714299 29.500000000000004 89.839285714285737 10.660714285714286 1.0000000180025095e-35 3.5000000000000004 0 1.5000000000000002 89.500000000000014 68.500000000000014 1.0000000180025095e-35 132.50000000000003 7.5000000000000009 137.50000000000003 124.3214285714286 1.0000000180025095e-35 337.50000000000006 1 9.7711918656932806 85.500000000000014 135.50000000000003 2 457.50000000000006 118.50000000000001 8.5292000062874109 109.50000000000001 110.50000000000001 431.50000000000006 7.458677371482656 7.9279031194456069
decision_type=2 2 2 2 2 2 1 2 2 2 2 2 2 2 2 2 2 1 2 2 2 1 2 2 2 2 2 2 2 2
left_child=1 3 5 -1 -3 6 7 -2 9 -8 -5 15 -13 14 -14 -4 -17 18 19 -18 21 22 23 26 -24 -25 27 -19 -23 -21
right_child=2 4 11 10 -6 -7 8 -9 -10 -11 -12 12 13 -15 -16 16 17 20 -20 29 -22 28 24 25 -26 -27 -28 -29 -30 -31
leaf_value=-0.017007268213437253 0.032780134697320433 -0.0012619544518809192 0.016668788785118887 -0.0080827170299918732 0.0054032114211575192 0.013702945099304186 -0.006960080869714909 0.0020827730643938908 -0.046271691807272988 0.010738967814936034 -0.0023580668001647646 -0.019374831953236669 0.19638221342847278 0.022339441321559784 0.043608979582786554 -0.049964422708387385 0.10656979558239894 0.0602638579511501 -0.10472776419814975 -0.024744517255278226 -0.048008651399236178 0.058476008681930168 0.1167653793656928 0.08791015830744936 -0.0080835060157625847 0.23073196193029644 -0.031983851476328991 0.15873961829753577 0.019204782151363422 0.057569975778615404
leaf_weight=2805 881 24244 3281 26192 9036 9728 1896 1657 130 1614 11086 24 31 29 22 55 25 101 26 142 30 255 35 30 73 31 24 37 432 48
leaf_count=2805 881 24244 3281 26192 9036 9728 1896 1657 130 1614 11086 24 31 29 22 55 25 101 26 142 30 255 35 30 73 31 24 37 432 48
internal_value=1.21491e-05 -0.00364392 0.0130093 -0.00712415 0.000547655 0.0102953 0.00492882 0.0126906 -0.000515928 0.00117768 -0.00638037 0.0221331 0.0684014 0.0941209 0.133225 0.0210706 0.031812 0.0353072 -0.00319623 0.00896244 0.0437767 0.0469189 0.0719628 0.0943028 0.0324196 0.1608 0.0691617 0.0867843 0.0333074 -0.00391415
internal_weight=94000 73363 20637 40083 33280 15906 6178 2538 3640 3510 37278 4731 106 82 53 4625 1344 1289 241 215 1048 1018 331 223 108 61 162 138 687 190
internal_count=94000 73363 20637 40083 33280 15906 6178 2538 3640 3510 37278 4731 106 82 53 4625 1344 1289 241 215 1048 1018 331 223 108 61 162 138 687 190
cat_boundaries=0 2 4 6
cat_threshold=1345356896 28696 538976256 112 3221258240 128
is_linear=0
shrinkage=0.03


Tree=151
num_leaves=31
num_cat=0
split_feature=10 10 0 15 15 12 12 12 12 12 12 12 12 9 1 1 7 2 12 5 12 12 12 12 1 4 8 5 9 4
split_gain=4694.34 1098.78 616.784 418.011 401.039 357.533 613.954 351.5 441.695 342.836 573.631 383.492 355.51 339.301 337.597 740.093 397.62 355.291 316.564 307.849 302.037 262.672 260.533 258.713 256.491 238.724 233.565 426.481 431.675 447.615
threshold=43.910714285714299 72.410714285714292 20.500000000000004 20.500000000000004 50.500000000000007 1.0000000180025095e-35 3.5000000000000004 3.5000000000000004 1.5000000000000002 1.0000000180025095e-35 3.5000000000000004 5.5000000000000009 4.5000000000000009 4.6029135541320771 116.50000000000001 131.50000000000003 8.182443458550706 110.50000000000001 2.5000000000000004 120.50000000000001 2.5000000000000004 5.5000000000000009 3.5000000000000004 4.5000000000000009 129.50000000000003 113.50000000000001 102.17857142857143 96.500000000000014 8.5292000062874109 120.50000000000001
decision_type=2 2 2 2 2 2 2 2 2 2 2 2 2 2 2 2 2 2 2 2 2 2 2 2 2 2 2 2 2 2
left_child=2 5 22 24 7 -2 20 8 14 -4 18 12 -12 -10 17 16 -16 -5 -11 -6 -7 23 -1 -8 -3 -26 -9 -28 29 -29
right_child=1 3 9 4 19 6 21 26 13 10 11 -13 -14 -15 15 -17 -18 -19 -20 -21 -22 -23 -24 -25 25 -27 27 28 -30 -31
leaf_value=-0.012081066551095494 0.014817487728881494 0.01112812365647551 0.0038739798533943982 0.031308189438445391 -0.0012764525284179934 0.0019162735535007865 0.0064541894847433097 0.031879262051140313 -0.075729196613045141 -0.0048491649655597723 -0.0019737109004594848 -0.0062294708041661373 0.0087901076474443812 0.0099964997566188655 0.2056464026687301 -0.072943871274792751 0.07368765598730459 -0.063358060870209149 -0.013461156912360857 0.064438705579530492 -0.0097058097685246373 0.0017241541833969208 -0.005399564409070497 0.018850582536558271 0.15099481000154505 0.03466889107419599 0.18696979988754064 0.057222083735419323 0.017351348728805092 0.17451387856774928
leaf_weight=11449 2944 6646 6081 926 756 5980 3033 1411 43 11809 5558 5660 5488 1154 32 22 58 37 5695 70 3033 2942 9709 3030 21 65 22 118 169 39
leaf_count=11449 2944 6646 6081 926 756 5980 3033 1411 43 11809 5558 5660 5488 1154 32 22 58 37 5695 70 3033 2942 9709 3030 21 65 22 118 169 39
internal_value=1.18163e-05 0.00922311 -0.00486758 0.0166361 0.0233446 0.00512458 0.0035406 0.0272469 0.0194478 -0.00268944 -0.00385621 0.000120045 0.00337385 0.00690839 0.0334056 0.082698 0.120816 0.0276616 -0.00765135 0.00429612 -0.00199445 0.00908085 -0.00901524 0.01265 0.0117954 0.0632513 0.037317 0.0593409 0.050664 0.0864699
internal_weight=94000 32551 61449 11589 4857 20962 18018 4031 2272 40291 34210 16706 11046 1197 1075 112 90 963 17504 826 9013 9005 21158 6063 6732 86 1759 348 326 157
internal_count=94000 32551 61449 11589 4857 20962 18018 4031 2272 40291 34210 16706 11046 1197 1075 112 90 963 17504 826 9013 9005 21158 6063 6732 86 1759 348 326 157
is_linear=0
shrinkage=0.03


Tree=152
num_leaves=31
num_cat=8
split_feature=11 11 11 15 15 21 21 8 12 12 12 21 12 12 2 21 21 21 21 12 12 12 3 3 13 9 21 2 11 13
split_gain=4427.03 1125.15 555.157 415.441 398.219 984.802 620.132 590.291 379.589 560.222 524.071 456.445 432.177 422.512 390.917 375.399 351.209 348.974 321.426 317.121 535.891 530.64 311.138 312.986 303.085 295.017 291.507 288.151 282.931 264.549
threshold=3.3774853674601544 5.5600973495205741 1.5735915849388873 20.500000000000004 46.500000000000007 0 1 83.964285714285737 1.0000000180025095e-35 3.5000000000000004 5.5000000000000009 2 2.5000000000000004 4.5000000000000009 103.50000000000001 3 4 5 6 4.5000000000000009 5.5000000000000009 1.0000000180025095e-35 102.50000000000001 99.500000000000014 28.500000000000004 10.475638889657604 7 89.500000000000014 9.0823320517833874 11.500000000000002
decision_type=2 2 2 2 2 1 1 2 2 2 2 1 2 2 2 1 1 1 1 2 2 2 2 2 2 2 1 2 2 2
left_child=2 3 -1 27 6 -6 -5 -8 17 12 13 25 18 15 16 -11 -15 28 -10 21 -21 -4 23 -18 -16 -12 -14 -2 -3 -30
right_child=1 8 19 4 5 -7 7 -9 9 10 11 -13 26 14 24 -17 22 -19 -20 20 -22 -23 -24 -25 -26 -27 -28 -29 29 -31
leaf_value=-0.009058184742147285 0.001257583738015442 0.0073424960803166591 0.0036217576953417696 0.0035371991182516511 0.018214899956160848 -0.012074188704437322 0.023759583596652249 0.1794847719863529 0.022651653663594753 0.00032367111559727035 0.020454718014120243 -0.0062321801127820271 0.0076519410780018556 0.048654725575204824 0.079984636988780333 0.028067689545361978 0.019376785302245562 0.040019493762321799 0.0043765874980965817 0.0076442010734660629 -0.0052427683013296705 -0.0065661180900452344 -0.04944377809364528 0.10325491186558775 -0.022218952897897697 0.10946729744346732 -0.016392006677496056 -0.083620415334060907 0.16523145962339728 0.026116503880959801
leaf_weight=19374 12581 680 5728 2259 1827 2028 2635 22 1624 752 753 1006 848 621 255 1067 829 1022 1880 5900 5719 23383 56 42 29 35 957 36 20 32
leaf_count=19374 12581 680 5728 2259 1827 2028 2635 22 1624 752 753 1006 848 621 255 1067 829 1022 1880 5900 5719 23383 56 42 29 35 957 36 20 32
internal_value=1.14962e-05 0.00868096 -0.00487765 0.00450087 0.00951556 0.00229597 0.0151762 0.0249629 0.0158283 0.0137169 0.0204783 0.00719817 0.0067815 0.0270027 0.0371732 0.0167563 0.0312302 0.0287704 0.0129249 -0.00288901 0.00130084 -0.0045614 0.0188225 0.0234363 0.0695336 0.0241195 -0.00514297 0.0010145 0.0123422 0.0798943
internal_weight=94000 33896 60104 21388 8771 3855 4916 2657 12508 10754 5445 1794 5309 3651 1832 1819 1548 1754 3504 40730 11619 29111 927 871 284 788 1805 12617 732 52
internal_count=94000 33896 60104 21388 8771 3855 4916 2657 12508 10754 5445 1794 5309 3651 1832 1819 1548 1754 3504 40730 11619 29111 927 871 284 788 1805 12617 732 52
cat_boundaries=0 2 4 6 8 10 12 14 16
cat_threshold=3459357796 26392 3608153793 59194 3500709944 8232 1476932752 30912 2013319200 2256 277380108 51312 15772836 18560 1612740612 30952
is_linear=0
shrinkage=0.03


Tree=153
num_leaves=31
num_cat=7
split_feature=10 11 15 21 14 15 21 14 18 21 21 10 5 3 17 2 15 15 21 21 15 3 15 15 21 13 13 17 11 11
split_gain=4183.56 1128.06 469.61 476.938 1578.64 613.829 674.754 420.608 380.412 375.69 329.136 321.481 317.992 331.254 313.367 311.303 298.733 293.545 1242.96 799.535 985.268 464.7 284.041 287.668 295.156 257.199 676.505 308.488 254.738 244.498
threshold=59.767857142857146 2.6765689163593214 21.500000000000004 0 8.0000000000000018 24.500000000000004 1 4.5000000000000009 16.500000000000004 2 3 77.196428571428584 127.50000000000001 135.50000000000003 472.50000000000006 110.50000000000001 50.500000000000007 4.5000000000000009 4 5 13.500000000000002 123.50000000000001 20.500000000000004 50.500000000000007 6 12.500000000000002 10.500000000000002 471.50000000000006 7.6084313436699329 7.4657507221160229
decision_type=2 2 2 1 2 2 1 2 2 1 1 2 2 2 2 2 2 2 1 1 2 2 2 2 1 2 2 2 2 2
left_child=1 7 17 5 9 6 15 -1 12 -5 -6 -11 16 -14 -13 28 -7 18 -2 20 -19 -20 -3 -24 -25 26 27 -10 -4 -21
right_child=2 22 3 4 10 8 -8 -9 25 11 -12 14 13 -15 -16 -17 -18 19 21 29 -22 -23 23 24 -26 -27 -28 -29 -30 -31
leaf_value=-0.0087783616896520908 -0.0064324894639525955 -0.00084568627564577466 0.031204581597604922 0.011912664292868663 0.016662049849774568 0.031179396939532519 -0.023385933631306977 -0.003112054189437787 0.013559053715668208 0.043076197107203749 -0.007780722004716867 0.10238133157415806 0.12284005333740396 -0.015682430888804215 -0.012502959239532343 -0.05221063434313504 0.0077681449606045172 0.0041387347007791203 0.032722402262604547 -0.0011684517032476496 0.049026225424660577 0.13385867326673023 0.0072985718543873892 -0.023533728840069965 0.0033325524173136172 0.077948332396517134 -0.11771645004818547 0.11045307230477952 0.10888544934313922 0.012379043219875711
leaf_weight=23990 1114 16791 278 229 660 2140 429 23189 67 363 1897 190 59 21 24 35 637 980 1462 5605 799 42 9536 571 1002 244 24 53 44 1525
leaf_count=23990 1114 16791 278 229 660 2140 429 23189 67 363 1897 190 59 21 24 35 637 980 1462 5605 799 42 9536 571 1002 244 24 53 44 1525
internal_value=1.16285e-05 -0.00316553 0.0126188 0.0185203 0.0100739 0.0254776 0.00174976 -0.00599339 0.0313023 0.0467109 -0.00143537 0.0592784 0.0275132 0.0864663 0.0894833 0.0317277 0.0258108 0.00883287 0.0176648 0.00623702 0.0241665 0.0353226 0.00161628 0.00533773 -0.00654731 0.0591809 0.0273276 0.0564352 0.0418592 0.00172645
internal_weight=94000 75079 18921 7394 3363 4031 786 47179 3245 806 2557 577 2857 80 214 357 2777 11527 2618 8909 1779 1504 27900 11109 1573 388 144 120 322 7130
internal_count=94000 75079 18921 7394 3363 4031 786 47179 3245 806 2557 577 2857 80 214 357 2777 11527 2618 8909 1779 1504 27900 11109 1573 388 144 120 322 7130
cat_boundaries=0 2 4 6 8 10 12 14
cat_threshold=3371207840 57368 2294286464 32768 4160 4128 67113028 32 751591572 36996 545800208 4224 3112198416 202982
is_linear=0
shrinkage=0.03


Tree=154
num_leaves=31
num_cat=8
split_feature=10 10 0 12 12 12 21 12 21 21 12 21 21 17 13 12 12 12 12 12 12 12 6 12 21 21 7 21 17 0
split_gain=3948.35 922.384 534.816 342.414 689.312 461.781 449.741 380.409 417.471 392.001 379.889 442.491 372.406 366.456 410.028 332.426 571.043 307.237 520.027 348.406 311.323 298.289 286.551 281.616 318.294 276.988 274.98 273.15 253.713 269.867
threshold=43.910714285714299 72.410714285714292 20.500000000000004 1.0000000180025095e-35 3.5000000000000004 5.5000000000000009 0 4.5000000000000009 1 2 2.5000000000000004 3 4 358.50000000000006 28.500000000000004 1.0000000180025095e-35 3.5000000000000004 1.0000000180025095e-35 3.5000000000000004 5.5000000000000009 4.5000000000000009 2.5000000000000004 122.92857142857144 2.5000000000000004 5 6 6.7259270913454854 7 473.50000000000006 124.50000000000001
decision_type=2 2 2 2 2 2 1 2 1 1 2 1 1 2 2 2 2 2 2 2 2 2 2 2 1 1 2 1 2 2
left_child=2 15 -1 12 10 7 -7 8 -6 13 27 -12 -3 26 -15 -2 23 -4 21 20 -20 -19 -14 25 -25 -17 -9 -5 29 -13
right_child=1 3 17 4 5 6 -8 9 -10 -11 11 28 22 14 -16 16 -18 18 19 -21 -22 -23 -24 24 -26 -27 -28 -29 -30 -31
leaf_value=-0.0083259486486075857 0.014050152875254136 0.044416377552733054 0.0037778590658054082 0.018825928882817575 -0.0037340580710303185 0.025409910595353195 -0.0061568357971261379 0.05938562559819071 0.027905282865214927 0.026336512902225339 0.010532636992650689 -0.027248530544678365 0.012600156254508331 0.09199821441481365 -0.02278517611779967 -0.0091904652794978989 0.0085195785230157209 -0.0044333764815599509 -0.0016568694887490862 -0.0058061605900183123 0.0084157921763839821 -0.012793072433084444 0.12714988374888006 0.00041262333856105152 -0.019026123078095595 0.0054571550592711644 -0.0038313156634733072 0.0014164193727633828 0.038617155981507709 0.083967368051187305
leaf_weight=21158 2944 701 6081 1842 568 723 907 143 1109 1107 763 838 904 283 31 1566 9005 11809 5558 5660 5488 5695 20 1479 1554 4414 109 1460 61 20
leaf_count=21158 2944 701 6081 1842 568 723 907 143 1109 1107 763 838 904 283 31 1566 9005 11809 5558 5660 5488 5695 20 1479 1554 4414 109 1460 61 20
internal_value=1.12127e-05 0.00845896 -0.00446372 0.0152509 0.0131676 0.0210615 0.00796183 0.0274341 0.0173318 0.037557 0.00527915 -0.00632421 0.0280217 0.0579989 0.0806529 0.00470379 0.00317643 -0.00243546 -0.00354 0.000245911 0.0033473 -0.00715347 0.0149347 -0.00216168 -0.00960777 0.00161451 0.0320392 0.0111907 -0.0202171 -0.0246431
internal_weight=94000 32551 61449 11589 9964 4980 1630 3350 1677 1673 4984 1682 1625 566 314 20962 18018 40291 34210 16706 11046 17504 924 9013 3033 5980 252 3302 919 858
internal_count=94000 32551 61449 11589 9964 4980 1630 3350 1677 1673 4984 1682 1625 566 314 20962 18018 40291 34210 16706 11046 17504 924 9013 3033 5980 252 3302 919 858
cat_boundaries=0 2 4 6 8 10 12 14 16
cat_threshold=4037578808 8200 1476931712 10432 3221278720 2240 1746950144 28904 3225419952 45184 2732245722 174608 2617376903 163876 15763632 51376
is_linear=0
shrinkage=0.03


Tree=155
num_leaves=31
num_cat=7
split_feature=10 11 0 12 12 12 12 12 21 12 12 21 3 21 21 12 12 12 7 12 21 21 21 12 17 2 12 7 1 3
split_gain=3726.85 1102.66 412.126 360.371 800.282 335.396 491.884 470.377 402.637 382.404 377.22 365.15 380.676 340.126 319.579 318.017 545.925 332.184 309.274 299.707 422.235 338.145 291.742 291.533 291.243 289.837 285.353 278.727 276.245 267.23
threshold=40.089285714285715 5.5600973495205741 15.500000000000002 3.5000000000000004 1.5000000000000002 1.0000000180025095e-35 3.5000000000000004 5.5000000000000009 0 2.5000000000000004 4.5000000000000009 1 100.50000000000001 2 3 1.0000000180025095e-35 3.5000000000000004 5.5000000000000009 9.1182705127045125 5.5000000000000009 4 5 6 2.5000000000000004 441.50000000000006 84.500000000000014 4.5000000000000009 10.636863125135021 65.500000000000014 110.50000000000001
decision_type=2 2 2 2 2 2 2 2 1 2 2 1 2 1 1 2 2 2 2 2 1 1 1 2 2 2 2 2 2 2
left_child=2 3 -1 4 25 14 9 10 27 22 13 12 -12 -8 -3 -4 23 26 -14 20 -5 -21 -7 -17 -13 -2 -18 -9 -22 -26
right_child=1 5 15 19 -6 6 7 8 -10 -11 11 24 18 -15 -16 16 17 -19 -20 21 28 -23 -24 -25 29 -27 -28 -29 -30 -31
leaf_value=-0.010150227852884358 0.0081878824430842954 0.011019623937311668 0.0024213955160389536 0.0031727913187120449 -0.006291042801838927 0.0012933940880109239 -0.00041740841989970493 0.018504366085565948 -0.0056202081080762032 -0.0051566492121935831 0.038676374041275746 0.0098660147646312969 0.12177714588895057 0.026026459141778969 0.037466889453647421 -0.0056545080767714615 -0.0027495877837579105 -0.0066851932417243678 0.04651889589160009 0.012912956171682873 0.014801537334411086 -0.006262755960069471 0.018959464856329999 -0.013469451578867178 0.052185181952918422 -0.068951001510936374 0.006291446234819525 0.092509904576051988 0.038665255808703405 -0.028908326450708136
leaf_weight=10924 7187 732 6614 3272 7454 1424 741 690 1055 1805 620 642 105 1078 1022 13052 6308 6305 93 1285 3602 2283 2080 6406 331 44 6259 49 497 41
leaf_count=10924 7187 732 6614 3272 7454 1424 741 690 1055 1805 620 642 105 1078 1022 13052 6308 6305 93 1285 3602 2283 2080 6406 331 44 6259 49 497 41
internal_value=1.12889e-05 0.00724176 -0.00492373 0.00367733 0.000606487 0.0145435 0.0125588 0.0188944 0.00631292 0.00606012 0.0250755 0.0346855 0.0496545 0.0153938 0.026709 -0.0036533 -0.00470159 -0.00106595 0.086485 0.00779945 0.0112543 0.000661261 0.011839 -0.00822757 0.0218976 0.00771714 0.00175308 0.0231145 0.0176535 0.043234
internal_weight=94000 38132 55868 25624 14685 12508 10754 5445 1794 5309 3651 1832 818 1819 1754 44944 38330 18872 198 10939 7371 3568 3504 19458 1014 7231 12567 739 4099 372
internal_count=94000 38132 55868 25624 14685 12508 10754 5445 1794 5309 3651 1832 818 1819 1754 44944 38330 18872 198 10939 7371 3568 3504 19458 1014 7231 12567 739 4099 372
cat_boundaries=0 2 4 6 8 10 12 14
cat_threshold=3500709944 8200 3623931904 51344 1476931728 30912 277380108 51312 2774886026 101075 71394466 170444 4227862616 12404
is_linear=0
shrinkage=0.03


Tree=156
num_leaves=31
num_cat=8
split_feature=9 11 15 10 14 5 16 0 21 9 21 14 1 21 21 0 1 21 16 21 0 13 0 17 5 2 21 21 8 14
split_gain=3547.94 866.965 457.676 455.403 323.246 274.045 250.66 445.09 314.789 263.186 317.07 284.737 281.247 264.663 238.242 281.412 230.846 228.799 221.598 288.128 274.265 271.12 295.817 261.619 247.189 225.652 318.551 305.293 300.524 321.089
threshold=4.445024382187623 2.5015867980017354 14.500000000000002 89.839285714285737 4.5000000000000009 69.500000000000014 1.0000000180025095e-35 95.500000000000014 0 7.607471746488863 1 3.5000000000000004 77.500000000000014 2 3 61.500000000000007 82.500000000000014 4 1.0000000180025095e-35 5 132.50000000000003 7.5000000000000009 137.50000000000003 337.50000000000006 133.50000000000003 117.50000000000001 6 7 115.17857142857143 4.5000000000000009
decision_type=2 2 2 2 2 2 2 2 1 2 1 2 2 1 1 2 2 1 2 1 2 2 2 2 2 2 1 1 2 2
left_child=1 4 14 6 -1 -4 9 8 -8 13 11 -11 -12 -2 -3 -16 -5 -7 20 -20 25 -22 -23 -21 -25 27 -27 28 29 -18
right_child=3 2 5 16 -6 17 7 -9 -10 10 12 -13 -14 -15 15 -17 18 -19 19 23 21 22 -24 24 -26 26 -28 -29 -30 -31
leaf_value=-0.0083272877876326024 0.011212715543423376 0.0015792154043959416 0.0034745346759443622 -0.022033495456766177 -0.0031529788661832864 -0.0092767701841200076 0.024030052494786895 -0.12641646220612882 0.0081318447435896838 0.0078330453862727693 0.042245033232276949 0.058038203555383222 -0.014641061544539705 0.00132969302334178 -0.0053997560940521024 -0.029638587845823284 0.011713746895592538 0.043985599559279831 0.0017304401567470086 -0.032218717579831038 -0.027335733420034335 0.13749993486643583 0.016005665242057487 0.045028115979005974 -0.027671085317448083 -0.042146181308407957 0.0099323354206548933 0.0066198505746784108 0.092119922486048389 0.04042181703704012
leaf_weight=22165 3809 4992 16876 119 21321 101 1992 20 2633 158 110 286 270 6777 7085 459 778 258 257 45 22 48 29 918 44 129 431 1167 62 639
leaf_count=22165 3809 4992 16876 119 21321 101 1992 20 2633 158 110 286 270 6777 7085 459 778 258 257 45 22 48 29 918 44 129 431 1167 62 639
internal_value=1.12832e-05 -0.00309008 0.000854184 0.0109643 -0.00579043 0.00402658 0.00856188 0.0144373 0.0150498 0.00616962 0.0225006 0.0393 0.00177808 0.00489796 -0.00350711 -0.00686619 0.0191909 0.0299607 0.0202657 0.0309518 0.0161771 0.065342 0.0918614 0.038011 0.0416973 0.014656 -0.00263949 0.0183175 0.027315 0.0246638
internal_weight=94000 73257 29771 20743 43486 17235 16055 4645 4625 11410 824 444 380 10586 12536 7544 4688 359 4569 1264 3305 99 77 1007 962 3206 560 2646 1479 1417
internal_count=94000 73257 29771 20743 43486 17235 16055 4645 4625 11410 824 444 380 10586 12536 7544 4688 359 4569 1264 3305 99 77 1007 962 3206 560 2646 1479 1417
cat_boundaries=0 2 4 6 8 10 12 14 16
cat_threshold=1882353700 8872 3500159040 16560 549456466 63010 1645317299 78220 1073741904 10272 544210944 96 2151694336 64 3236970496 49248
is_linear=0
shrinkage=0.03


Tree=157
num_leaves=31
num_cat=3
split_feature=9 0 4 15 12 12 21 14 15 5 0 17 0 7 21 4 5 21 4 17 17 14 14 5 4 7 10 13 11 9
split_gain=3338.36 820.347 429.213 417.64 335.226 446.74 299.011 341.037 381.243 466.466 315.612 340.224 313.688 315.783 527.759 462.708 406.888 368.283 458.4 358.502 339.137 326.304 626.1 316.818 701.77 292.981 285.238 406.226 269.668 265.563
threshold=4.445024382187623 31.500000000000004 88.500000000000014 14.500000000000002 3.5000000000000004 1.0000000180025095e-35 0 3.5000000000000004 46.500000000000007 127.50000000000001 116.50000000000001 479.50000000000006 132.50000000000003 7.5372092852409223 1 91.500000000000014 97.500000000000014 2 122.50000000000001 455.50000000000006 441.50000000000006 2.5000000000000004 10.500000000000002 132.50000000000003 128.50000000000003 7.403345447128844 103.58928571428574 12.500000000000002 9.4591504782186515 8.7907605661320307
decision_type=2 2 2 2 2 2 1 2 2 2 2 2 2 2 1 2 2 1 2 2 2 2 2 2 2 2 2 2 2 2
left_child=1 4 -2 -3 5 -1 7 10 26 -10 11 -4 13 17 15 -15 -17 18 25 23 -18 -21 -23 24 -16 28 -9 -28 29 -8
right_child=2 3 6 -5 -6 -7 12 8 9 -11 -12 -13 -14 14 19 16 20 -19 -20 21 -22 22 -24 -25 -26 -27 27 -29 -30 -31
leaf_value=-0.00054859677050771497 0.0080950295998220984 -0.0033382630539716559 -0.013060527688189752 0.0038808410363529396 -0.0026960063271330658 -0.010230576740643435 0.036220127401929161 0.023455267814323527 -0.012768878605440197 0.13230069494925403 -0.096253387966567294 0.072151532514816777 0.077151426177726704 -0.10084659831997263 0.031361763873567206 0.039838948524854076 -0.056626461421256359 0.017259239620632486 0.13917081224812636 0.045515163265467708 0.002439023108164521 -0.039043630487272621 0.043046687164771592 -0.059507771541025031 0.17203371342395368 0.13566193239279487 0.014713548073649652 0.13371007841976887 -0.043052148174215876 0.11410308757509302
leaf_weight=5586 15405 12415 494 17210 19562 18484 632 426 365 21 37 46 92 48 907 141 141 944 45 117 230 252 125 32 33 28 48 56 36 42
leaf_count=5586 15405 12415 494 17210 19562 18484 632 426 365 21 37 46 92 48 907 141 141 944 45 117 230 252 125 32 33 28 48 56 36 42
internal_value=1.11397e-05 -0.00299723 0.0106357 0.000855416 -0.00561314 -0.00798379 0.0179672 0.00641192 0.0178351 -0.0048365 -0.0116063 -0.00578415 0.0223781 0.0210922 0.0130543 -0.0116738 -0.00351787 0.0305188 0.0456929 0.022429 -0.0200102 0.00176496 -0.0118132 0.0331575 0.0363212 0.0405899 0.0343504 0.0788843 0.0368178 0.041094
internal_weight=94000 73257 20743 29625 43632 24070 5338 1493 916 386 577 540 3845 3753 2026 560 512 1727 783 1466 371 494 377 972 940 738 530 104 710 674
internal_count=94000 73257 20743 29625 43632 24070 5338 1493 916 386 577 540 3845 3753 2026 560 512 1727 783 1466 371 494 377 972 940 738 530 104 710 674
cat_boundaries=0 2 4 6
cat_threshold=819994624 80 16448 36896 1073762368 37024
is_linear=0
shrinkage=0.03


Tree=158
num_leaves=31
num_cat=0
split_feature=10 11 12 12 12 12 1 14 12 12 12 9 7 17 7 9 11 14 14 10 0 18 3 13 3 14 7 11 12 12
split_gain=3160.59 881.099 410.748 713.086 518.318 445.011 437.993 367.923 319.842 449.768 311.674 308.495 280.108 251.592 291.356 307.987 245.117 272.734 306.081 403.596 379.452 303.113 261.556 235.836 332.773 248.658 235.391 268.612 233.715 281.77
threshold=60.660714285714299 2.6765689163593214 1.0000000180025095e-35 3.5000000000000004 5.5000000000000009 2.5000000000000004 91.500000000000014 4.5000000000000009 1.0000000180025095e-35 3.5000000000000004 4.5000000000000009 8.3076159947654933 7.9970232557109133 460.50000000000006 10.636863125135021 8.1208252006986523 7.9365873011904506 11.500000000000002 3.5000000000000004 101.73214285714288 90.500000000000014 12.500000000000002 98.500000000000014 7.5000000000000009 100.50000000000001 10.500000000000002 5.2915026221292605 7.223702533190127 5.5000000000000009 4.5000000000000009
decision_type=2 2 2 2 2 2 2 2 2 2 2 2 2 2 2 2 2 2 2 2 2 2 2 2 2 2 2 2 2 2
left_child=1 7 11 5 6 -4 10 -1 -3 -10 -5 -2 16 -7 15 -15 17 18 26 20 -20 -19 -22 24 -18 -25 -8 -28 29 -11
right_child=2 8 3 4 -6 13 12 -9 9 28 -12 -13 -14 14 -16 -17 23 21 19 -21 22 -23 -24 25 -26 -27 27 -29 -30 -31
leaf_value=-0.0078110619355166245 0.01813164085850065 0.0093297555958382194 0.0080983805484404221 0.0084241307462232205 0.0047484059242355213 -0.010768126704829416 -0.046474243386415134 -0.0025115077211445985 -0.0039014418567694764 0.0015602954761227104 0.02485141721147769 0.048022066288640794 0.023174921762046195 0.025313778811889513 0.11906036180335205 -0.039827041775843577 0.11904971473694387 -0.06619503965216407 0.12700231551797719 0.18338381236319651 -0.032813013875878601 0.06550090358551755 0.092281625518551125 0.074776161073560249 -0.027981180839461453 0.16093353686324 0.081954009987009385 -0.028779037097140997 -0.0017008545134523313 0.012592999250801375
leaf_weight=23990 2202 4005 5198 2059 2568 2270 37 23189 12197 4160 2101 362 566 261 23 87 22 42 41 28 43 25 23 116 37 41 57 30 4045 4175
leaf_count=23990 2202 4005 5198 2059 2568 2270 37 23189 12197 4160 2101 362 566 261 23 87 22 42 41 28 43 25 23 116 37 41 57 30 4045 4175
internal_value=1.0892e-05 -0.00268818 0.0112224 0.00940115 0.0158011 0.00300318 0.0211881 -0.00520635 0.00146834 0.00018711 0.0167218 0.0223546 0.0379513 -0.00702394 0.0158739 0.00901319 0.0533693 0.0369112 0.0508664 0.0821121 0.0554366 -0.0169857 0.0108088 0.0781665 0.0269018 0.0973831 0.0167859 0.0437466 0.00421547 0.00708702
internal_weight=94000 75761 18239 15675 7836 7839 5268 47179 28582 24577 4160 2564 1108 2641 371 348 542 326 259 135 107 67 66 216 59 157 124 87 12380 8335
internal_count=94000 75761 18239 15675 7836 7839 5268 47179 28582 24577 4160 2564 1108 2641 371 348 542 326 259 135 107 67 66 216 59 157 124 87 12380 8335
is_linear=0
shrinkage=0.03


Tree=159
num_leaves=31
num_cat=9
split_feature=10 11 10 15 15 21 8 21 12 12 12 21 12 12 21 21 21 3 15 21 2 17 17 21 7 15 3 15 21 3
split_gain=2981.82 899.771 361.534 351.536 354.285 1095.25 492.456 431.078 294.045 417.537 423.074 378.358 338.23 330.964 344.94 319.334 300.425 290.25 284.309 276.716 273.652 306.617 268.31 261.163 256.698 251.69 315.342 251.325 271.109 250.28
threshold=39.553571428571438 5.5600973495205741 14.946428571428573 20.500000000000004 46.500000000000007 0 86.321428571428598 1 1.0000000180025095e-35 3.5000000000000004 5.5000000000000009 2 2.5000000000000004 4.5000000000000009 3 4 5 102.50000000000001 19.500000000000004 6 88.500000000000014 448.50000000000006 468.50000000000006 7 9.4137690442801407 19.500000000000004 115.50000000000001 48.500000000000007 8 62.500000000000007
decision_type=2 2 2 2 2 1 2 1 2 2 2 1 2 2 1 1 1 2 2 1 2 2 2 1 2 2 2 2 1 2
left_child=2 3 -1 20 6 -6 7 -5 16 12 13 24 19 15 17 -11 -3 -15 -4 -10 -2 -22 -19 -14 -12 -26 -27 -20 -29 -25
right_child=1 8 18 4 5 -7 -8 -9 9 10 11 -13 23 14 -16 -17 -18 22 27 -21 21 -23 -24 29 25 26 -28 28 -30 -31
leaf_value=-0.0097435482798134618 0.00055460464427160372 0.0092355703757170983 -0.0054215077093201832 0.0027283097444394922 0.016264300264958263 -0.010847482354992128 0.15740881311384985 0.019725924178807908 0.017676429844165033 -0.0015188738047896091 0.013813968576371939 -0.0071580468750703698 0.011498784584501561 0.04272116803166081 0.022842544002887898 0.024075512264066651 0.03480979548200349 0.074424292150638449 0.0013634268778174566 0.00055096185420950401 -0.13763932337620163 0.017019348682752296 0.19790014997347075 0.025924812683738335 0.027425114784865652 0.038215630729616527 0.20286057260787879 -0.013916438944658088 5.7339350141831308e-05 -0.017746518141702361
leaf_weight=9671 15478 732 25853 2435 2519 2845 21 3021 2043 741 678 1006 561 440 1295 1078 1022 77 14578 1461 27 20 20 132 68 21 21 2318 2706 1112
leaf_count=9671 15478 732 25853 2435 2519 2845 21 3021 2043 741 678 1006 561 440 1295 1078 1022 77 14578 1461 27 20 20 132 68 21 21 2318 2706 1112
internal_value=1.06029e-05 0.0063734 -0.00447629 0.00322961 0.00737499 0.00189415 0.0127421 0.0121818 0.013 0.0111416 0.0169788 0.00504672 0.00515412 0.0228408 0.0318423 0.0137721 0.0243908 0.0521358 -0.00335555 0.010589 0.000334702 -0.071867 0.100092 -0.00539487 0.0204619 0.0632185 0.120896 -0.000630593 -0.00641709 -0.0130039
internal_weight=94000 38874 55126 26366 10841 5364 5477 5456 12508 10754 5445 1794 5309 3651 1832 1819 1754 537 45455 3504 15525 47 97 1805 788 110 42 19602 5024 1244
internal_count=94000 38874 55126 26366 10841 5364 5477 5456 12508 10754 5445 1794 5309 3651 1832 1819 1754 537 45455 3504 15525 47 97 1805 788 110 42 19602 5024 1244
cat_boundaries=0 2 4 6 8 10 12 14 16 18
cat_threshold=3459292261 26392 3341815521 222778 3500709944 8232 1476448256 2192 1476931728 30912 277380108 51312 15789220 51336 1610614788 26856 827089692 203974
is_linear=0
shrinkage=0.03


Tree=160
num_leaves=31
num_cat=7
split_feature=9 0 15 5 12 12 14 21 1 12 12 21 15 21 15 0 21 3 21 1 7 14 21 1 0 12 21 1 12 0
split_gain=2816.58 697.992 386.014 371.331 290.015 410.048 274.311 623.931 266.942 263.384 251.03 239.711 227.765 466.191 291.355 382.974 324.408 257.221 252.013 247.283 259.598 244.872 224.89 351.361 223.54 215.667 205.369 204.597 199.958 208.888
threshold=4.445024382187623 29.500000000000004 20.500000000000004 84.500000000000014 3.5000000000000004 1.5000000000000002 11.500000000000002 0 94.500000000000014 3.5000000000000004 1.0000000180025095e-35 1 50.500000000000007 2 19.500000000000004 92.500000000000014 3 89.500000000000014 4 86.500000000000014 8.6175346157400448 2.5000000000000004 5 58.500000000000007 70.500000000000014 5.5000000000000009 6 45.500000000000007 1.0000000180025095e-35 89.500000000000014
decision_type=2 2 2 2 2 2 2 1 2 2 2 1 2 1 2 2 1 2 1 2 2 2 1 2 2 2 1 2 2 2
left_child=1 4 11 8 5 -1 9 -8 12 10 22 -3 14 -14 15 18 17 24 19 28 -21 -17 -4 -24 -16 -6 -11 -28 -2 -30
right_child=3 2 6 -5 25 -7 7 -9 -10 26 -12 -13 13 -15 16 21 -18 -19 -20 20 -22 -23 23 -25 -26 -27 27 -29 29 -31
leaf_value=-0.0033451486927739927 0.028669288282139264 0.0010325605512899888 -0.0011471003277152981 0.015602428795646849 -0.00037307134457670722 -0.011547645930989702 0.0090567816475804405 -0.013713245140107095 0.041154301542138054 0.0049645469372373054 -0.00081384672847356154 -0.0056413625148057688 -0.035974159208431646 0.0096067983358405582 -0.0036509240963222638 0.0016934839244137441 0.01802010368786611 -0.077052307804772971 -0.0013032747469877602 -0.0094953963854395845 -0.11302185242686325 -0.1307516124844551 0.017676842865317691 0.086826266050597081 0.019564763773863587 -0.0074391208068518211 0.013281767743185267 0.033175730076732933 0.0077152955274051938 0.098258958134751814
leaf_weight=10274 502 9798 569 6667 12364 11771 2228 2089 203 1658 4126 9567 327 498 1152 21 3580 36 3724 112 27 31 805 72 552 5671 1610 655 3288 23
leaf_count=10274 502 9798 569 6667 12364 11771 2228 2089 203 1658 4126 9567 327 498 1152 21 3580 36 3724 112 27 31 805 72 552 5671 1610 655 3288 23
internal_value=1.07245e-05 -0.00275256 0.000465964 0.00976977 -0.00541682 -0.00772507 0.00429766 -0.00197181 0.00700687 0.00714845 0.00295517 -0.00226683 0.00650669 -0.00877794 0.0074734 0.00375329 0.0128766 0.00217581 0.0043038 0.00956714 -0.0296932 -0.077306 0.013711 0.0231031 0.0038686 -0.00259514 0.0131034 0.0189536 0.011025 0.00834812
internal_weight=94000 73257 33177 20743 40080 22045 13812 4317 14076 9495 5572 19365 13873 825 13048 7728 5320 1740 7676 3952 139 52 1446 877 1704 18035 3923 2265 3813 3311
internal_count=94000 73257 33177 20743 40080 22045 13812 4317 14076 9495 5572 19365 13873 825 13048 7728 5320 1740 7676 3952 139 52 1446 877 1704 18035 3923 2265 3813 3311
cat_boundaries=0 2 4 6 8 10 12 14
cat_threshold=3459484899 25401 3817467577 137356 940105756 53440 3289257152 132150 2081964656 22248 2775580905 71246 4051897942 66587
is_linear=0
shrinkage=0.03


Tree=161
num_leaves=31
num_cat=6
split_feature=10 10 15 15 21 21 14 10 5 5 14 11 15 21 21 15 3 21 11 21 15 1 3 4 15 1 14 11 2 0
split_gain=2660.79 746.253 392.636 449.258 610.513 315.997 656.495 312.213 289.995 334.477 289.941 283.975 271.148 1110.53 717.792 934.406 400.8 264.093 312.473 259.19 251.964 249.121 415.826 245.819 525.858 269.01 294.589 280.202 276.024 656.763
threshold=60.660714285714299 36.446428571428577 21.500000000000004 50.500000000000007 0 1 8.0000000000000018 9.9821428571428594 127.50000000000001 125.50000000000001 4.5000000000000009 9.4591504782186515 4.5000000000000009 2 3 13.500000000000002 123.50000000000001 4 6.8168597403479438 5 18.500000000000004 128.50000000000003 123.50000000000001 119.50000000000001 16.500000000000004 110.50000000000001 4.5000000000000009 8.3296419978818488 101.50000000000001 96.500000000000014
decision_type=2 2 2 2 1 1 2 2 2 2 2 2 2 1 1 2 2 1 2 1 2 2 2 2 2 2 2 2 2 2
left_child=1 7 12 5 -5 6 17 -1 9 -7 -9 -6 13 21 15 -14 -15 -4 -19 -8 -3 22 -2 25 -25 27 -27 28 -16 -30
right_child=2 20 3 4 11 8 19 10 -10 -11 -12 -13 14 16 23 -17 -18 18 -20 -21 -22 -23 -24 24 -26 26 -28 -29 29 -31
leaf_value=-0.016096527699430929 -0.0066003007244911597 -0.0010036553826709685 -0.0032402279237972809 -0.025514227034072169 0.013277409801946711 0.024058676152228196 0.010889088642591882 -0.0063281960342515178 0.091518990354393912 -0.09297526477284021 -0.0017132434585496695 0.11050428653102752 0.0011961878795026465 0.029623523069105137 -0.00046207574707026909 0.044199195131978022 0.12356632390030771 0.031415330221372252 0.086750708824705119 -0.014963221397349742 0.0050706909063956166 0.087505248530895377 -0.11309783891892153 0.049769132633293779 -0.099433600487056115 -0.019054005135422405 -0.11688004518820158 0.022053693403334504 0.023434521174307041 -0.078488637787346466
leaf_weight=2020 1026 13252 124 508 724 3782 705 24946 57 22 24083 28 989 1444 5583 842 42 298 133 672 11460 24 34 180 24 256 31 480 101 130
leaf_count=2020 1026 13252 124 508 724 3782 705 24946 57 22 24083 28 989 1444 5583 842 42 298 133 672 11460 24 34 180 24 256 31 480 101 130
internal_value=1.03543e-05 -0.00246613 0.0102973 0.0158408 -0.000391698 0.0193719 0.00929782 -0.00453772 0.0243247 0.0233786 -0.0040614 0.0166938 0.00680155 0.0153539 0.00425003 0.0208605 0.032073 0.0368887 0.0474143 -0.00175487 0.00181316 -0.00778752 -0.0100294 -0.000262632 0.0321611 -0.00126904 -0.0296681 2.59007e-05 -0.00179253 -0.033921
internal_weight=94000 75761 18239 7053 1260 5793 1932 51049 3861 3804 49029 752 11186 2570 8616 1831 1486 555 431 1377 24712 1084 1060 6785 204 6581 287 6294 5814 231
internal_count=94000 75761 18239 7053 1260 5793 1932 51049 3861 3804 49029 752 11186 2570 8616 1831 1486 555 431 1377 24712 1084 1060 6785 204 6581 287 6294 5814 231
cat_boundaries=0 2 4 6 8 10 12
cat_threshold=816607260 38976 873201752 7348 751591572 36996 545800208 6272 64 16 335806544 1072
is_linear=0
shrinkage=0.03


Tree=162
num_leaves=31
num_cat=6
split_feature=11 11 12 12 12 15 15 21 21 8 14 21 14 1 21 15 15 21 11 21 13 0 2 15 12 1 6 7 14 13
split_gain=2511.61 645.843 385.525 594.161 576.027 305.405 342.678 833.11 547.295 516.257 284.15 629.829 737.597 351.994 324.135 755.643 389.408 439.079 418.557 407.145 328.217 814.09 409.456 298.619 373.522 275.579 269.25 310.194 281.198 243.275
threshold=3.3774853674601544 5.5600973495205741 4.5000000000000009 1.0000000180025095e-35 5.5000000000000009 20.500000000000004 46.500000000000007 0 1 83.964285714285737 5.5000000000000009 2 8.0000000000000018 133.50000000000003 3 10.500000000000002 9.5000000000000018 4 9.4591504782186515 5 17.500000000000004 89.500000000000014 102.50000000000001 1.5000000000000002 1.5000000000000002 88.500000000000014 79.928571428571445 4.7207747548167296 2.5000000000000004 7.5000000000000009
decision_type=2 2 2 2 2 2 2 1 1 2 2 1 2 2 1 2 2 1 2 1 2 2 2 2 2 2 2 2 2 2
left_child=2 5 3 -1 -4 26 8 -8 -7 -10 13 12 -12 14 15 -3 19 18 -18 23 22 -22 -17 25 -25 -16 -2 29 -29 -28
right_child=1 10 4 -5 -6 6 7 -9 9 -11 11 -13 -14 -15 16 20 17 -19 -20 -21 21 -23 -24 24 -26 -27 27 28 -30 -31
leaf_value=0.0019393879207850577 0.00089623808309960027 -0.0039132076856701944 0.0055636387741481042 -0.0069309864949920344 -0.0054549965934263343 0.0020027421799921051 0.016484111351215233 -0.01150166588841629 0.020986156615820938 0.16661814389725077 0.041620321703574249 0.02628718278828255 -0.0062085851260845724 0.1075873122816888 0.046327132395584211 0.034500069598574906 0.018541853808998254 -0.0068964148416614775 -0.085259774264536403 0.0057959939342715179 0.035064343762473936 0.14023644244727276 -0.08390452051592856 0.057474015119846816 0.013432004580617754 0.17620351271195844 -0.065265006909213691 -0.03951088722099081 -0.1520440901145074 0.050357148009500682
leaf_weight=8459 12447 510 8675 34561 8409 2259 1717 2138 2635 22 365 2930 1414 32 41 271 1102 2806 36 1787 219 95 29 243 605 23 25 70 28 47
leaf_count=8459 12447 510 8675 34561 8409 2259 1717 2138 2635 22 365 2930 1414 32 41 271 1102 2806 36 1787 219 95 29 243 605 23 25 70 28 47
internal_value=9.94393e-06 0.00653993 -0.00367264 -0.00518674 0.000139926 0.00337292 0.0076725 0.000975326 0.0129235 0.0221161 0.011955 0.0177747 0.00358449 0.00844058 0.00803033 0.0228677 0.00547641 -0.000523287 0.0151155 0.0142647 0.0454868 0.066928 0.0230202 0.0304555 0.0260614 0.0932503 0.000383692 -0.0371045 -0.071816 0.0101341
internal_weight=94000 33896 60104 43020 17084 21388 8771 3855 4916 2657 12508 4709 1779 7799 7767 1124 6643 3944 1138 2699 614 314 300 912 848 64 12617 170 98 72
internal_count=94000 33896 60104 43020 17084 21388 8771 3855 4916 2657 12508 4709 1779 7799 7767 1124 6643 3944 1138 2699 614 314 300 912 848 64 12617 170 98 72
cat_boundaries=0 2 4 6 8 10 12
cat_threshold=3459259492 26392 3608153793 59194 872968272 6340 536887296 4228 277358740 96 1076920424 2056
is_linear=0
shrinkage=0.03


Tree=163
num_leaves=31
num_cat=9
split_feature=10 11 10 12 12 21 12 21 21 12 12 12 21 12 12 21 21 17 21 17 12 12 12 12 6 21 12 21 0 9
split_gain=2376.87 714.865 325.199 306.421 607.753 305.381 285.318 387.342 320.737 268.734 397.371 399.966 352.422 314.972 310.968 322.316 307.55 301.198 285.052 268.959 267.196 476.695 305.586 281.529 266.658 258.217 257.796 328.327 255.343 281.227
threshold=39.553571428571438 5.5600973495205741 14.553571428571431 1.0000000180025095e-35 3.5000000000000004 0 5.5000000000000009 1 2 1.0000000180025095e-35 3.5000000000000004 5.5000000000000009 3 2.5000000000000004 4.5000000000000009 4 5 373.50000000000006 6 441.50000000000006 1.0000000180025095e-35 3.5000000000000004 5.5000000000000009 2.5000000000000004 122.92857142857144 7 2.5000000000000004 8 91.500000000000014 8.1208252006986523
decision_type=2 2 2 2 2 1 2 1 1 2 2 2 1 2 2 1 1 2 1 2 2 2 2 2 2 1 2 1 2 2
left_child=2 3 -1 5 26 -2 7 -6 -8 18 13 14 -13 25 16 17 -12 -16 24 -17 -4 23 -23 -22 -3 -11 27 -5 29 -21
right_child=1 9 20 4 6 -7 8 -9 -10 10 11 12 -14 -15 15 19 -18 -19 -20 28 21 22 -24 -25 -26 -27 -28 -29 -30 -31
leaf_value=-0.0094415245684859143 0.00092494651150453497 0.0033497947347727358 0.002588943972654017 0.0068739557376134072 0.0021948713427481785 0.018346309367321109 0.011419997376073932 0.015862825961192165 -0.0070006382469457182 0.017937258188456314 -0.00039075730357505776 0.018797716525588204 -0.0078518818282946531 -0.0062003306866415973 0.027051062573859995 0.0064247626864685362 0.024286587994569151 0.06352146057198664 0.031851127099199739 0.041190999408804337 -0.0046761172940345801 0.0019042968991584968 -0.005982603214964884 -0.012192946468812868 0.11431663542541104 0.0015918260477363372 -0.009649961605838888 -0.005672033322786315 0.0071823430686961606 0.12359110217185537
leaf_weight=8372 1597 646 6567 3369 3354 2107 1322 4235 2344 1624 884 788 1006 1805 427 642 935 391 1088 181 13324 13536 6566 6761 20 1880 3824 4214 144 47
leaf_count=8372 1597 646 6567 3369 3354 2107 1322 4235 2344 1624 884 788 1006 1805 427 642 935 391 1088 181 13324 13536 6566 6761 20 1880 3824 4214 144 47
internal_value=9.77196e-06 0.00569059 -0.0039962 0.00288837 0.00158068 0.0108881 0.00652668 0.0098465 -0.000344951 0.0115972 0.0098206 0.015515 0.00391347 0.00397954 0.0212146 0.0299399 0.0124242 0.0439557 0.0224866 0.018016 -0.00302105 -0.00393787 -0.000671702 -0.00720663 0.00660415 0.00922433 -0.00329916 -9.60626e-05 0.0384891 0.0582369
internal_weight=94000 38874 55126 26366 22662 3704 11255 7589 3666 12508 10754 5445 1794 5309 3651 1832 1819 818 1754 1014 46754 40187 20102 20085 666 3504 11407 7583 372 228
internal_count=94000 38874 55126 26366 22662 3704 11255 7589 3666 12508 10754 5445 1794 5309 3651 1832 1819 818 1754 1014 46754 40187 20102 20085 666 3504 11407 7583 372 228
cat_boundaries=0 2 4 6 8 10 12 14 16 18
cat_threshold=2373598601 202496 2774886026 101075 71394466 170444 3500709944 8232 3623931904 51344 1476931824 30912 277412876 18480 15772836 18560 1689062968 71570
is_linear=0
shrinkage=0.03


Tree=164
num_leaves=31
num_cat=5
split_feature=9 0 15 16 21 5 8 4 7 1 1 4 0 17 21 14 21 13 13 0 15 21 5 8 21 1 6 8 15 18
split_gain=2250.73 580.032 380.019 319.975 412.133 366.246 604.628 340.05 319.714 305.984 344.219 384.65 276.959 276.224 273.747 261.054 617.998 260.796 253.781 285.524 245.392 446.592 298.371 241.268 227.991 244.202 206.982 202.775 194.153 276.026
threshold=4.445024382187623 26.500000000000004 20.500000000000004 1.0000000180025095e-35 0 133.50000000000003 112.8214285714286 118.50000000000001 2.2990681342044463 107.50000000000001 102.50000000000001 117.50000000000001 132.50000000000003 455.50000000000006 1 11.500000000000002 2 10.500000000000002 7.5000000000000009 137.50000000000003 13.500000000000002 3 62.500000000000007 8.8214285714285747 4 133.50000000000003 106.35714285714288 66.464285714285737 14.500000000000002 17.500000000000004
decision_type=2 2 2 2 1 2 2 2 2 2 2 2 2 2 1 2 1 2 2 2 2 1 2 2 1 2 2 2 2 2
left_child=1 23 14 8 5 6 9 -8 -2 10 11 17 24 -9 20 -4 27 -5 -14 -20 -3 -22 -23 -1 -10 -26 -12 -17 29 -6
right_child=3 2 15 4 28 -7 7 13 12 -11 26 -13 18 -15 -16 16 -18 -19 19 -21 21 22 -24 -25 25 -27 -28 -29 -30 -31
leaf_value=-0.0221115641728095 -0.069291362421598265 -0.0014102545077091029 0.0060825782047666576 0.040290839071867222 -0.0019421964079499607 -0.092574391274096127 0.014754199683666227 0.18045524504018012 0.011011548907066846 -0.070033428507985787 0.029976442566303788 -0.10800160162039657 -0.033041878299475795 0.070606056949953089 -0.0045181779593769043 0.0069809406575445741 -0.012537433575250823 0.015387487830579725 0.12709943827745077 0.0077783199407390714 -0.010278865961653429 0.017072789120258267 0.086387887184929721 -0.0049394248214188622 0.002984475273886583 0.080115330449413422 0.14602461576461792 0.058038541045913092 0.014816222236204707 0.041960018900655836
leaf_weight=753 50 4257 11231 579 1610 23 35 42 5624 31 24 20 22 41 16409 2437 2539 1095 48 29 631 1493 58 33377 8947 37 33 72 2313 140
leaf_count=753 50 4257 11231 579 1610 23 35 42 5624 31 24 20 22 41 16409 2437 2539 1095 48 29 631 1493 58 33377 8947 37 33 72 2313 140
internal_value=9.91569e-06 -0.00246025 3.28526e-05 0.00873377 0.0145844 0.0260089 0.0275876 0.0933357 0.00636026 0.0232272 0.0248839 0.0224381 0.00661813 0.126379 -0.00246267 0.00353556 -0.00213057 0.0240047 0.0566055 0.0822676 0.00277777 0.0109623 0.0195462 -0.00531844 0.00627877 0.00329968 0.0973528 0.00841603 0.00908961 0.00157046
internal_weight=94000 73257 39127 20743 5986 1923 1900 118 14757 1782 1751 1694 14707 83 22848 16279 5048 1674 99 77 6439 2182 1551 34130 14608 8984 57 2509 4063 1750
internal_count=94000 73257 39127 20743 5986 1923 1900 118 14757 1782 1751 1694 14707 83 22848 16279 5048 1674 99 77 6439 2182 1551 34130 14608 8984 57 2509 4063 1750
cat_boundaries=0 2 4 6 8 10
cat_threshold=3221409824 8840 587736624 135308 3727920353 25369 33555488 8 548407890 62498
is_linear=0
shrinkage=0.03


Tree=165
num_leaves=31
num_cat=4
split_feature=10 11 15 15 21 15 21 14 17 4 17 11 14 3 4 15 21 21 15 3 4 3 5 5 3 13 4 4 17 7
split_gain=2128.51 621.889 339.997 416.679 560.399 286.499 286.015 539.409 440.301 514.25 325.186 258.573 257.862 254.256 316.644 250.655 1027.87 653.307 720.513 358.991 264.327 230.014 224.372 314.815 233.326 330.85 269.487 227.06 272.856 226.873
threshold=60.660714285714299 2.2357721817477989 21.500000000000004 50.500000000000007 0 14.500000000000002 1 8.0000000000000018 450.50000000000006 87.500000000000014 436.50000000000006 9.4591504782186515 4.5000000000000009 116.50000000000001 102.50000000000001 4.5000000000000009 2 3 14.500000000000002 123.50000000000001 121.50000000000001 115.50000000000001 127.50000000000001 125.50000000000001 122.50000000000001 9.5000000000000018 121.50000000000001 116.50000000000001 458.50000000000006 8.182443458550706
decision_type=2 2 2 2 1 2 1 2 2 2 2 2 2 2 2 2 1 1 2 2 2 2 2 2 2 2 2 2 2 2
left_child=1 12 15 6 -5 -3 7 8 9 10 -4 -6 -1 14 -9 16 -2 18 20 -18 -17 -20 23 24 26 -26 27 -8 -29 -27
right_child=2 5 3 4 11 -7 22 13 -10 -11 -12 -13 -14 -15 -16 17 19 -19 21 -21 -22 -23 -24 -25 25 29 -28 28 -30 -31
leaf_value=-0.0074193926637584565 -0.0080748451469695413 -0.0026452802344524846 0.026982234924512863 -0.025875214505499119 0.011535981586893174 0.0026147137910613955 0.020120244621225233 -0.0083266532664483025 -0.01330228286144974 0.18259118558249016 0.13335708420376302 0.10427820067812962 -0.0024226281724612246 -0.095818670114164242 0.073281910119458477 0.0017533789514907723 0.027947607707767816 -0.0013877727467028792 0.040892596045624736 0.11685687517610127 0.094744424976912253 -0.061745043868449194 0.079344324924354323 -0.09244973243024554 -0.0024845075828206502 0.19389172867162904 -0.040541358969178619 0.1406673897922614 0.013681522812756192 0.068734676086996488
leaf_weight=18984 1084 15764 155 494 738 22796 4270 834 100 28 31 28 18217 28 45 1318 1444 6386 864 42 28 20 59 22 37 20 65 31 30 38
leaf_count=18984 1084 15764 155 494 738 22796 4270 834 100 28 31 28 18217 28 45 1318 1444 6386 864 42 28 20 59 22 37 20 65 31 30 38
internal_value=9.58867e-06 -0.00220538 0.00921023 0.0143688 -0.001264 0.000464257 0.0177695 0.0047103 0.0386329 0.0629106 0.0447896 0.0147506 -0.00497262 -0.00698132 -0.00413747 0.00595726 0.01418 0.00350406 0.0174415 0.0302666 0.00369694 0.0385604 0.0211996 0.020484 0.02104 0.0675483 0.0200327 0.0209434 0.078389 0.112203
internal_weight=94000 75761 18239 7053 1260 38560 5793 1221 314 214 186 766 37201 907 879 11186 2570 8616 2230 1486 1346 884 4572 4513 4491 95 4396 4331 61 58
internal_count=94000 75761 18239 7053 1260 38560 5793 1221 314 214 186 766 37201 907 879 11186 2570 8616 2230 1486 1346 884 4572 4513 4491 95 4396 4331 61 58
cat_boundaries=0 2 4 6 8
cat_threshold=816607260 35904 67895304 7348 751591572 36996 545800208 39040
is_linear=0
shrinkage=0.03


Tree=166
num_leaves=31
num_cat=8
split_feature=10 11 8 12 12 21 12 21 21 12 12 12 12 12 12 21 12 12 21 7 21 7 15 21 12 11 5 21 2 4
split_gain=2019.14 607.802 293.559 289.931 564.975 290.997 270.545 361.237 301.985 262.674 487.671 284.409 255.424 363.255 381.42 326.518 294.355 282.41 297.018 353.196 292.001 278.429 294.409 268.581 254.479 244.861 330.374 244.588 248.033 258.468
threshold=39.553571428571438 5.5600973495205741 12.678571428571429 1.0000000180025095e-35 3.5000000000000004 0 5.5000000000000009 1 2 1.0000000180025095e-35 3.5000000000000004 5.5000000000000009 1.0000000180025095e-35 3.5000000000000004 5.5000000000000009 3 2.5000000000000004 4.5000000000000009 4 3.3094381626464568 5 10.16295794961853 12.500000000000002 6 2.5000000000000004 9.0823320517833874 103.50000000000001 7 120.50000000000001 95.500000000000014
decision_type=2 2 2 2 2 1 2 1 1 2 2 2 2 2 2 1 2 2 1 2 1 2 2 1 2 2 2 1 2 2
left_child=2 3 -1 5 -5 -2 7 -6 -8 -4 24 -12 23 16 17 21 -14 20 -19 -20 -15 -16 -23 25 -11 26 -3 28 29 -18
right_child=1 12 9 4 6 -7 8 -9 -10 10 11 -13 13 14 15 -17 27 18 19 -21 -22 22 -24 -25 -26 -27 -28 -29 -30 -31
leaf_value=-0.010129761625329543 6.7717764889759497e-05 0.010275013443069039 0.0024705718391005052 -0.0033157554984091209 0.0020022230991294898 0.017259573543976149 0.010883579853772932 0.015200676956927724 -0.0069905306531463634 -0.0046984580980504514 0.0018062771062077772 -0.0055956816496008071 0.0084450481212366754 -0.00060400744768769621 0.01400382196253522 -0.0066662694112162371 0.014673895574337816 0.044836290086897754 -0.099741273206823008 0.021300635036032925 0.023421613784696788 -0.0092422230830833084 0.13337403418079541 0.030395252272203337 -0.011648286425917347 0.071197649905624605 -0.050510752144848424 -0.014375592772644514 0.092918934342869103 -0.03464668892596931
leaf_weight=5700 1479 523 6942 11407 3354 2225 1322 4235 2344 14087 14311 6936 3504 905 600 1137 469 638 22 1172 914 20 37 1088 7150 48 95 1186 30 120
leaf_count=5700 1479 523 6942 11407 3354 2225 1322 4235 2344 14087 14311 6936 3504 905 600 1137 469 638 22 1172 914 20 37 1088 7150 48 95 1186 30 120
internal_value=9.22307e-06 0.00524511 -0.003683 0.00266123 0.00138921 0.0104427 0.00615798 0.00939071 -0.000533371 -0.00293945 -0.00382354 -0.000609937 0.0106915 0.00895946 0.014404 0.00307465 0.00337476 0.0199698 0.0282848 0.0189014 0.0115926 0.0197363 0.0833522 0.0213077 -0.00703849 0.00591021 0.000919409 -0.00646631 0.00877335 0.00461629
internal_weight=94000 38874 55126 26366 22662 3704 11255 7589 3666 49426 42484 21247 12508 10754 5445 1794 5309 3651 1832 1194 1819 657 57 1754 21237 666 618 1805 619 589
internal_count=94000 38874 55126 26366 22662 3704 11255 7589 3666 49426 42484 21247 12508 10754 5445 1794 5309 3651 1832 1194 1819 657 57 1754 21237 666 618 1805 619 589
cat_boundaries=0 2 4 6 8 10 12 14 16
cat_threshold=2373596297 202496 2774886026 101075 71394466 170444 2426968120 8200 1476448256 34960 1481126096 30912 277412876 18480 1610622980 26856
is_linear=0
shrinkage=0.03


Tree=167
num_leaves=31
num_cat=7
split_feature=9 11 12 12 12 12 12 12 21 12 21 9 21 2 0 17 4 2 12 11 1 21 21 1 21 2 21 12 4 4
split_gain=1901.75 516.232 387.108 609.624 371.063 324.893 289.521 808.884 415.639 404.145 319.42 317.691 314.079 455.847 316.783 405.133 314.758 306.683 276.961 241.48 229.224 226.97 225.898 250.688 223.525 222.273 250.73 212.49 235.164 254.419
threshold=4.445024382187623 1.7921049666914393 1.0000000180025095e-35 3.5000000000000004 2.5000000000000004 5.5000000000000009 4.5000000000000009 5.5000000000000009 0 1.0000000180025095e-35 1 8.3076159947654933 2 98.500000000000014 99.500000000000014 433.50000000000006 111.50000000000001 96.500000000000014 4.5000000000000009 4.8034103845862672 129.50000000000003 3 4 109.50000000000001 5 55.500000000000007 6 3.5000000000000004 109.50000000000001 118.50000000000001
decision_type=2 2 2 2 2 2 2 2 1 2 1 2 1 2 2 2 2 2 2 2 2 1 1 2 1 2 1 2 2 2
left_child=1 -1 25 4 21 18 9 8 17 11 27 12 16 14 -14 -16 -2 -8 -5 -6 -12 -4 23 -9 -20 -3 -27 -11 -29 -30
right_child=6 2 3 5 19 -7 7 22 -10 10 20 -13 13 -15 15 -17 -18 -19 24 -21 -22 -23 -24 -25 -26 26 -28 28 29 -31
leaf_value=-0.0057265295891184009 0.019940927912864326 0.0047848404096726251 -0.0075176280776998337 0.00051343720581576195 -0.0099946202937154505 -0.0032798996713855446 0.029678377215727428 0.010584419818941607 0.013262125908483221 0.0051512194896796799 -0.0019395249638770047 0.042141854815194127 0.0014136733701870434 -0.077735047770151194 0.012524963804622232 0.14997375423726053 0.099042957580772931 0.065442468816269139 0.0026492975885953106 -0.04822414218894476 0.051137485838370772 0.00056241448907262659 -0.0035796914907433425 0.079457666028923957 0.013594751256914233 0.065192324410926566 0.012433818748389043 0.015686058833099054 0.10944106878723928 -0.0060903631039391989
leaf_weight=25319 1188 6342 4842 6930 6770 6734 1230 948 1550 4180 6217 362 1130 62 54 30 47 262 2921 152 74 8811 1946 50 3999 105 332 1337 50 26
leaf_count=25319 1188 6342 4842 6930 6770 6734 1230 948 1550 4180 6217 362 1130 62 54 30 47 262 2921 152 74 8811 1946 50 3999 105 332 1337 50 26
internal_value=9.32678e-06 -0.00226127 -0.00043098 -0.00152512 -0.00517702 0.00212504 0.00802839 0.0135936 0.0244424 0.00577064 0.0033292 0.015868 0.0120775 0.00152792 0.00559707 0.0617694 0.0227771 0.0357252 0.0047532 -0.0108352 -0.00131182 -0.00230806 0.00238228 0.0139063 0.00899858 0.00621162 0.0269052 0.00853697 0.0186101 0.0699217
internal_weight=94000 73257 47938 41159 20575 20584 20743 5986 3042 14757 11884 2873 2511 1276 1214 84 1235 1492 13850 6922 6291 13653 2944 998 6920 6779 437 5593 1413 76
internal_count=94000 73257 47938 41159 20575 20584 20743 5986 3042 14757 11884 2873 2511 1276 1214 84 1235 1492 13850 6922 6291 13653 2944 998 6920 6779 437 5593 1413 76
cat_boundaries=0 2 4 6 8 10 12 14
cat_threshold=3356684320 59528 816892482 63010 2823028980 15592 146936259 191524 2426573870 8200 4251288082 50705 142640160 24584
is_linear=0
shrinkage=0.03


Tree=168
num_leaves=31
num_cat=6
split_feature=10 9 12 12 12 21 13 3 15 15 21 21 21 10 5 10 21 4 9 11 3 3 4 15 17 21 11 13 4 14
split_gain=1810.35 574.839 331.611 354.592 484.084 359.95 332.802 360.985 330.242 320.871 388.508 305.506 289.175 571.624 280.859 263.964 260.317 407.436 374.206 263.685 329.221 328.55 254.482 252.598 248.114 242.293 239.325 249.47 234.011 233.923
threshold=37.875000000000007 5.7071383872680386 1.0000000180025095e-35 4.5000000000000009 5.5000000000000009 0 14.500000000000002 126.50000000000001 20.500000000000004 50.500000000000007 1 2 3 80.303571428571445 101.50000000000001 9.7321428571428594 4 100.50000000000001 9.3658838461610383 6.9119557462782693 95.500000000000014 108.50000000000001 116.50000000000001 15.500000000000002 446.50000000000006 5 9.0823320517833874 8.5000000000000018 125.50000000000001 3.5000000000000004
decision_type=2 2 2 2 2 1 2 2 2 2 1 1 1 2 2 2 1 2 2 2 2 2 2 2 2 1 2 2 2 2
left_child=15 8 25 16 11 6 -6 -8 -2 12 -11 24 13 -10 -15 -1 17 -4 19 -19 -21 -22 -13 -17 -5 29 28 -28 -27 -3
right_child=1 2 3 4 5 -7 7 -9 9 10 -12 22 -14 14 -16 23 -18 18 -20 20 21 -23 -24 -25 -26 26 27 -29 -30 -31
leaf_value=-0.015669168515435223 -5.4026259765923108e-05 0.070133415467608914 0.025458594950234854 0.031358720884846834 0.042896179741727145 -0.0073990933732095455 -0.0078268873387210298 0.10424855006653219 0.012469717317475185 -0.019645927879779222 0.0075119379858454485 0.010005137711914167 0.0042696593731266566 0.088997132760987294 -0.018851334466331301 -0.005615741943517806 0.0015346800034250873 0.039129924801504838 0.042008305317386571 -0.17008825059995611 0.021690426549178889 -0.10143950143869776 0.069673705653270204 -0.0013942118974504102 0.068778358644230736 0.014088269523763798 0.14611544014754632 0.031387799831513824 -0.076846966825682553 0.025259286657086186
leaf_weight=1589 17488 174 941 590 333 930 325 28 3968 861 1033 786 5880 130 26 22816 5281 23 54 24 37 41 70 28939 219 1042 24 59 26 263
leaf_count=1589 17488 174 941 590 333 930 325 28 3968 861 1033 786 5880 130 26 22816 5281 23 54 24 37 41 70 28939 219 1042 24 59 26 263
internal_value=9.3872e-06 0.00477832 0.0105386 0.00845387 0.0164731 0.00477365 0.0210797 0.00108146 0.00256903 0.00642468 -0.00489671 0.0278255 0.00856842 0.0146507 0.0710026 -0.00362519 0.00434272 0.01741 -0.023903 -0.0524115 -0.0731006 -0.0430403 0.0147237 -0.00325532 0.0409927 0.023246 0.01555 0.0647341 0.0118647 0.0421806
internal_weight=94000 40656 11270 9682 3281 1616 686 353 29386 11898 1894 1665 10004 4124 156 53344 6401 1120 179 125 102 78 856 51755 809 1588 1151 83 1068 437
internal_count=94000 40656 11270 9682 3281 1616 686 353 29386 11898 1894 1665 10004 4124 156 53344 6401 1120 179 125 102 78 856 51755 809 1588 1151 83 1068 437
cat_boundaries=0 2 4 6 8 10 12
cat_threshold=2424871032 24584 3106693526 202916 1610666096 18648 1580311590 39744 545540096 2080 3221225616 12416
is_linear=0
shrinkage=0.03


Tree=169
num_leaves=31
num_cat=3
split_feature=5 5 15 15 21 14 21 15 15 1 9 1 17 0 4 1 4 5 9 0 11 5 17 17 9 8 10 21 6 7
split_gain=1704.94 515.894 311.122 285.408 801.836 468.747 322.372 696.484 556.617 359.39 395.423 412.761 328.56 387.814 337.716 290.704 316.042 287.188 571.703 279.033 264.062 318.777 243.81 290.785 310.455 283.922 448.536 248.286 245.157 300.297
threshold=39.500000000000007 77.500000000000014 19.500000000000004 24.500000000000004 0 8.0000000000000018 1 9.5000000000000018 15.500000000000002 128.50000000000003 9.0508332443805166 120.50000000000001 448.50000000000006 88.500000000000014 109.50000000000001 110.50000000000001 107.50000000000001 127.50000000000001 8.3076159947654933 76.500000000000014 7.223702533190127 127.50000000000001 444.50000000000006 465.50000000000006 8.7907605661320307 112.8214285714286 101.73214285714288 2 82.928571428571445 8.3978450500995958
decision_type=2 2 2 2 1 2 1 2 2 2 2 2 2 2 2 2 2 2 2 2 2 2 2 2 2 2 2 1 2 2
left_child=2 -2 -1 6 -5 -6 8 -8 9 10 22 -12 13 19 -15 -14 -17 -7 -19 -10 -9 -22 28 24 27 26 -25 -24 29 -3
right_child=1 3 -4 4 5 17 7 20 12 -11 11 -13 15 14 -16 16 -18 18 -20 -21 21 -23 23 25 -26 -27 -28 -29 -30 -31
leaf_value=-0.0053632768923453011 0.0028737117936315135 0.00775400241147714 -0.00081896399875890655 0.035979535215583391 0.069757220988002522 -0.0021657254015705475 0.015801668334678758 -0.022617054648427906 0.066425062856492301 0.12943479408858724 -0.019717559861162078 -0.15967141980808491 0.024219438866519848 0.1011633773285459 0.0020483913102487877 -0.13941052269342258 0.017661574450765903 0.19001952135591144 0.0091570032704711528 0.0055750495984409907 0.0020355974286321169 -0.088532983170321766 0.067430625372061195 0.01108102327307103 0.14974345877573086 0.11040041227838886 -0.096156618500973429 0.011668482032085892 -0.013993379482686582 0.083957460922494731
leaf_weight=31105 29485 438 24041 1319 94 1501 1709 875 110 21 189 21 259 168 38 22 24 21 62 177 1123 36 121 211 23 20 42 193 500 52
leaf_count=31105 29485 438 24041 1319 94 1501 1709 875 110 21 189 21 259 168 38 22 24 21 62 177 1123 36 121 211 23 20 42 193 500 52
internal_value=9.08322e-06 0.0048225 -0.00338223 0.0109551 0.0185905 0.00467641 0.00736312 0.00167903 0.0153893 0.00633209 0.0048951 -0.0337966 0.0363567 0.0514974 0.0829045 0.0118647 -0.0575342 0.000837757 0.0551271 0.0289228 -0.0101775 -0.000782384 0.00997705 0.0248945 0.0435334 0.00186766 -0.00674038 0.0356989 0.000780854 0.0158625
internal_weight=94000 38854 55146 9369 2997 1678 6372 3743 2629 1831 1810 210 798 493 206 305 46 1584 83 287 2034 1159 1600 610 337 273 253 314 990 490
internal_count=94000 38854 55146 9369 2997 1678 6372 3743 2629 1831 1810 210 798 493 206 305 46 1584 83 287 2034 1159 1600 610 337 273 253 314 990 490
cat_boundaries=0 2 4 6
cat_threshold=3361771616 24600 806375568 37096 268451968 4160
is_linear=0
shrinkage=0.03


Tree=170
num_leaves=31
num_cat=7
split_feature=4 10 15 21 14 15 21 12 21 1 5 1 12 12 12 12 12 18 21 15 6 5 15 21 21 15 3 13 21 0
split_gain=1614.74 473.455 333.421 412.551 1170.5 461.158 511.088 440.707 385.25 335.571 321.775 315.279 303.612 581.3 342.553 320.918 307.701 297.329 275.45 268.658 275.671 364.096 258.361 962.248 597.777 835.413 320.466 242.576 231.958 282.487
threshold=59.500000000000007 22.839285714285719 21.500000000000004 0 8.0000000000000018 24.500000000000004 1 1.5000000000000002 2 79.500000000000014 91.500000000000014 110.50000000000001 1.0000000180025095e-35 3.5000000000000004 2.5000000000000004 5.5000000000000009 4.5000000000000009 12.500000000000002 3 50.500000000000007 125.50000000000001 128.50000000000003 4.5000000000000009 4 5 14.500000000000002 123.50000000000001 28.500000000000004 6 63.500000000000007
decision_type=2 2 2 1 2 2 1 2 1 2 2 2 2 2 2 2 2 2 1 2 2 2 2 1 1 2 2 2 1 2
left_child=1 -1 22 5 8 6 27 10 -5 -10 -8 -9 -3 14 28 16 -15 19 -6 20 21 -7 23 -2 25 -24 -25 -4 -14 -30
right_child=2 12 3 4 18 17 7 11 9 -11 -12 -13 13 15 -16 -17 -18 -19 -20 -21 -22 -23 24 26 -26 -27 -28 -29 29 -31
leaf_value=-0.0053050348191982953 -0.0087980904415931004 0.0057014694180441416 -0.01803476719034381 0.0016314474937231538 0.0096623372794202612 0.024788509842972737 0.040542506779057574 0.0097518652437747211 0.031539080951906051 0.077912063357727462 0.15055010896020379 -0.10321711806835475 -0.0061804206731712894 0.00055097474577192249 -0.0098727759640327428 -0.0031686888325539826 0.0092368612656930169 0.040264702513970047 -0.011259791778672553 0.00072100208288356329 -0.037462380916096161 0.11739169908301604 0.0010683994176198105 0.026250316540656748 -0.0019286262753000366 0.040230929908428192 0.11024402800938579 -0.089268713864737642 0.00079419664517783742 0.046237585403168087
leaf_weight=25371 1064 6644 307 223 818 1738 105 287 362 230 31 24 6365 7505 7424 6588 7186 804 1791 548 62 39 1242 1457 6994 810 42 50 7764 125
leaf_count=25371 1064 6644 307 223 818 1738 105 287 362 230 31 24 6365 7505 7424 6588 7186 804 1791 548 62 39 1242 1457 6994 810 42 50 7764 125
internal_value=9.20562e-06 -0.00197164 0.00781402 0.0127818 0.005083 0.0193181 -0.000935811 0.0202545 0.0364792 0.0487475 0.065732 0.000993983 -0.000266529 -0.00118966 -0.00464726 0.00233264 0.00479985 0.0244826 -0.00470493 0.0191641 0.024658 0.0268291 0.0046389 0.0130469 0.0022562 0.0164498 0.0284233 -0.0272782 -0.00192536 0.00151328
internal_weight=94000 74972 19028 7419 3424 3995 804 447 815 592 136 311 49601 42957 21678 21279 14691 3191 2609 2387 1839 1777 11609 2563 9046 2052 1499 357 14254 7889
internal_count=94000 74972 19028 7419 3424 3995 804 447 815 592 136 311 49601 42957 21678 21279 14691 3191 2609 2387 1839 1777 11609 2563 9046 2052 1499 357 14254 7889
cat_boundaries=0 2 4 6 8 10 12 14
cat_threshold=3371207840 57368 1075871776 24584 4160 4128 67113036 1056 751591576 36996 546062352 6276 415928775 190516
is_linear=0
shrinkage=0.03


Tree=171
num_leaves=31
num_cat=4
split_feature=10 9 15 12 12 12 21 7 1 1 21 15 21 1 2 11 5 9 13 21 4 0 0 13 3 6 11 5 15 12
split_gain=1534.78 491.344 308.713 307.918 332.802 455.275 344.609 371.756 459.78 372.927 287.331 287.777 279.618 253.318 253.1 383.562 248.746 248.399 286.449 247.042 284.446 352.474 279.916 341.962 363.595 248.543 245.346 244.845 244.818 239.387
threshold=37.875000000000007 5.7071383872680386 14.500000000000002 1.0000000180025095e-35 4.5000000000000009 5.5000000000000009 0 7.5372092852409223 105.50000000000001 113.50000000000001 1 4.5000000000000009 2 67.500000000000014 108.50000000000001 8.3296419978818488 10.500000000000002 5.5216855206550566 5.5000000000000009 3 120.50000000000001 110.50000000000001 101.50000000000001 4.5000000000000009 98.500000000000014 101.21428571428574 6.0206874398758075 90.500000000000014 47.500000000000007 3.5000000000000004
decision_type=2 2 2 2 2 2 1 2 2 2 1 2 1 2 2 2 2 2 2 1 2 2 2 2 2 2 2 2 2 2
left_child=16 2 10 -3 19 12 -7 8 -8 -9 11 27 13 -6 -14 -16 -1 -13 -19 20 21 22 -5 -24 25 -25 -15 -2 -23 -4
right_child=1 3 29 4 5 6 7 9 -10 -11 -12 17 14 26 15 -17 -18 18 -20 -21 -22 28 23 24 -26 -27 -28 -29 -30 -31
leaf_value=-0.01240277022176346 0.014499905250595201 0.021970484206315977 0.0019250028768714308 0.015895224952293389 0.004629564930581683 0.021474185635851795 0.002209493840801761 -0.020653844048796378 0.12077750299521199 -0.13036176879045575 -0.004590302215662148 0.0016411854089805229 0.010056505136397413 0.10733012231187693 0.16477031224743457 0.027508882622194666 -0.0028745857235471764 0.033694987871495614 -0.06948836641838893 0.00016544882022140304 -0.052872704344796621 0.081788983313780872 -0.14223935376352337 -0.012313440825439925 0.0354902886359783 -0.13616435916537781 0.043217341284411584 0.099690869674805269 -0.013438379696519428 0.0091977721133769796
leaf_weight=2592 1313 1588 9476 1355 138 621 551 383 31 30 8055 3242 848 60 24 77 50752 33 90 4695 56 111 20 35 73 25 518 31 31 7146
leaf_count=2592 1313 1588 9476 1355 138 621 551 383 31 30 8055 3242 848 60 24 77 50752 33 90 4695 56 111 20 35 73 25 518 31 31 7146
internal_value=8.89763e-06 0.0043999 0.00235734 0.00972546 0.00771657 0.0154855 0.00413948 -0.00682474 0.00854979 -0.0286598 -0.00115141 0.00473003 0.0264949 0.0406098 0.0152506 0.0602858 -0.00333764 5.20904e-05 -0.0417758 0.00373375 0.0134716 0.0158099 0.0115503 -0.0268948 -0.00943341 -0.0641086 0.0498953 0.0164744 0.060984 0.00505187
internal_weight=94000 40656 29386 11270 9682 3281 1616 995 582 413 12764 4709 1665 716 949 101 53344 3365 123 6401 1706 1650 1508 153 133 60 578 1344 142 16622
internal_count=94000 40656 29386 11270 9682 3281 1616 995 582 413 12764 4709 1665 716 949 101 53344 3365 123 6401 1706 1650 1508 153 133 60 578 1344 142 16622
cat_boundaries=0 2 4 6 8
cat_threshold=2424870968 24584 1175486707 24860 1610666032 18640 547638272 34848
is_linear=0
shrinkage=0.03


Tree=172
num_leaves=31
num_cat=6
split_feature=5 10 15 15 21 12 12 12 12 21 3 6 3 13 9 13 12 17 21 18 7 10 21 15 21 21 8 6 9 7
split_gain=1447.28 465.57 342.958 374.363 569.047 288.524 631.785 460.265 261.662 258.604 243.382 243.153 324.109 453.531 401.217 319.451 248.116 248.11 236.9 233.27 228.016 207.704 201.571 357.723 185.019 183.672 179.632 178.206 176.771 169.612
threshold=63.500000000000007 28.160714285714288 21.500000000000004 50.500000000000007 0 4.5000000000000009 5.5000000000000009 1.5000000000000002 3.5000000000000004 1 123.50000000000001 125.50000000000001 107.50000000000001 15.500000000000002 6.8680659337494081 28.500000000000004 2.5000000000000004 445.50000000000006 2 16.500000000000004 8.3978450500995958 8.946428571428573 3 44.500000000000007 4 5 99.250000000000014 88.928571428571445 6.5536668705809005 7.6749437720911606
decision_type=2 2 2 2 1 2 2 2 2 1 2 2 2 2 2 2 2 2 1 2 2 2 1 2 1 1 2 2 2 2
left_child=1 21 -2 11 10 7 18 24 -9 -10 -5 12 22 26 -15 16 -16 -17 -7 -6 -18 -1 23 28 -3 -8 -14 -25 -4 -13
right_child=2 5 3 4 19 6 25 8 9 -11 -12 29 13 14 15 17 20 -19 -20 -21 -22 -23 -24 27 -26 -27 -28 -29 -30 -31
leaf_value=-0.019638511133827526 0.0046676392839235812 -0.00089126459312869255 0.017883533882015978 -0.030295958667371507 0.0095374153818213684 0.017872846676598428 0.0031274527847548824 -0.0065367151606390275 -0.0073131178669961841 0.0055633664999660964 0.073763516678064342 0.028328866608002601 0.093652463854458926 -0.032704097068515313 0.079324778522846209 -0.03398670745307001 0.08553577683977226 0.10097541560842233 0.0057038612367352713 0.060970849311696995 0.21341441112705783 -0.0038220335309332269 0.017465056162936983 -0.010089787026751635 0.0070192318136649444 -0.0080834411008295845 0.013240762654394686 -0.071222217198301963 0.090778155913503147 -0.073093711385078017
leaf_weight=763 10323 4498 141 485 540 2725 2443 12097 2149 4003 21 22 27 26 62 26 20 23 3112 93 35 36234 3989 343 6510 2831 327 49 38 45
leaf_count=763 10323 4498 141 485 540 2725 2443 12097 2149 4003 21 22 27 26 62 26 20 23 3112 93 35 36234 3989 343 6510 2831 327 49 38 45
internal_value=8.69981e-06 -0.0017174 0.00803646 0.0135454 -0.00202231 0.000510493 0.00462611 -0.00105241 -0.00397492 0.00106201 -0.0254547 0.0169736 0.0177194 0.0395644 0.0766845 0.093845 0.12077 0.0293784 0.0114261 0.0168412 0.167207 -0.00414835 0.0151022 -0.00167579 0.00379222 -0.00289925 0.019407 -0.0177552 0.0334172 -0.0397535
internal_weight=94000 77365 16635 6312 1139 40368 11111 29257 18249 6152 506 5173 5106 546 192 166 117 49 5837 633 55 36997 4560 571 11008 5274 354 392 179 67
internal_count=94000 77365 16635 6312 1139 40368 11111 29257 18249 6152 506 5173 5106 546 192 166 117 49 5837 633 55 36997 4560 571 11008 5274 354 392 179 67
cat_boundaries=0 2 4 6 8 10 12
cat_threshold=950558744 55360 2164476304 93129 1219647549 221612 786440 5252 256913863 243744 105072263 162292
is_linear=0
shrinkage=0.03


Tree=173
num_leaves=31
num_cat=7
split_feature=11 15 15 21 10 12 12 12 5 1 12 21 12 12 21 12 21 17 21 5 4 15 4 5 21 6 0 15 12 21
split_gain=1377.94 401.61 411 491.841 367.793 317.764 459.781 446.161 254.405 276.304 248.82 544.948 307.66 460.227 386.626 315.793 392.056 371.943 313.02 357.595 301.105 371.392 326.191 286.829 284.09 242.77 482.742 236.029 232.401 380.198
threshold=3.3774853674601544 20.500000000000004 50.500000000000007 0 70.517857142857153 4.5000000000000009 1.0000000180025095e-35 5.5000000000000009 120.50000000000001 113.50000000000001 1.0000000180025095e-35 1 3.5000000000000004 2.5000000000000004 2 5.5000000000000009 3 283.50000000000006 4 123.50000000000001 110.50000000000001 5.5000000000000009 119.50000000000001 120.50000000000001 5 125.50000000000001 132.50000000000003 6.5000000000000009 3.5000000000000004 6
decision_type=2 2 2 1 2 2 2 2 2 2 2 1 2 2 1 2 1 2 1 2 2 2 2 2 1 2 2 2 2 1
left_child=5 10 4 -4 -3 6 -1 -7 9 -5 11 -2 13 18 -15 16 17 -14 19 -12 27 -22 -23 -18 -17 26 28 -20 29 -6
right_child=1 2 3 8 25 7 -8 -9 -10 -11 12 -13 15 14 -16 24 23 -19 20 -21 21 22 -24 -25 -26 -27 -28 -29 -30 -31
leaf_value=0.0021749972303131207 0.023391428421932377 0.0070004946987765222 0.010786953079213964 -0.01855779501158554 0.027974877385002431 0.0055155917146434714 -0.0056280651354805944 -0.0041816921177174424 0.068803526285997382 -0.11752133893512788 0.0091779950180023162 -0.0028903643812255185 0.00082651218071307401 -0.024850298301357796 -0.0025660404000970782 0.009101799600199887 0.00059780475757162854 0.024755696661619198 0.009433546445981749 0.10857255945392966 0.0097251653413692376 -0.16699904683223304 -0.015593007290250318 0.11159556534053025 -0.010388138083803454 -0.038561532807532266 0.15881206856324123 -0.0076986640479939916 0.026283319687809951 0.0026094339039611503
leaf_weight=8459 1418 7754 1043 959 830 8675 34561 8409 29 26 2092 1414 857 1336 1483 1046 3013 1841 1046 33 43 33 21 21 1850 67 22 2348 1798 1473
leaf_count=8459 1418 7754 1043 959 830 8675 34561 8409 29 26 2092 1414 857 1336 1483 1046 3013 1841 1046 33 43 33 21 21 1850 67 22 2348 1798 1473
internal_value=8.59385e-06 0.00484532 0.00873799 -0.00364648 0.0108711 -0.00271906 -0.00409368 0.000742272 -0.01842 -0.0211847 0.00210569 0.0103408 0.00073866 -0.00333531 -0.013226 0.00472183 0.00880149 0.0170928 0.00162901 0.0106777 -0.00389773 -0.0559992 -0.108312 0.00136622 -0.00335194 0.018033 0.0189543 -0.00241767 0.0181995 0.011886
internal_weight=94000 33896 14001 2057 11944 60104 43020 17084 1014 985 19895 2832 17063 8435 2819 8628 5732 2698 5616 2125 3491 97 54 3034 2896 4190 4123 3394 4101 2303
internal_count=94000 33896 14001 2057 11944 60104 43020 17084 1014 985 19895 2832 17063 8435 2819 8628 5732 2698 5616 2125 3491 97 54 3034 2896 4190 4123 3394 4101 2303
cat_boundaries=0 2 4 6 8 10 12 14
cat_threshold=3293682920 24636 1610654898 195787 1349950644 18714 1892995137 245908 20490904 37825 2415965344 131197 148897840 49288
is_linear=0
shrinkage=0.03


Tree=174
num_leaves=31
num_cat=7
split_feature=10 11 15 15 21 21 14 15 12 12 12 21 12 21 17 2 17 2 17 2 6 21 2 3 3 2 21 1 21 7
split_gain=1304.2 415.42 241.275 255.996 860.034 365.852 280.577 235.416 231.727 394.248 445.604 340.468 241.374 237.775 266.886 411.426 379.522 325.582 296.607 243.192 321.467 234.742 247.917 234.652 229.675 218.607 218.3 213.733 303.983 260.371
threshold=37.875000000000007 5.3297979349968223 20.500000000000004 46.500000000000007 0 1 10.500000000000002 19.500000000000004 1.0000000180025095e-35 3.5000000000000004 5.5000000000000009 2 2.5000000000000004 3 431.50000000000006 118.50000000000001 455.50000000000006 125.50000000000001 435.50000000000006 122.50000000000001 111.35714285714288 4 120.50000000000001 63.500000000000007 84.500000000000014 89.500000000000014 5 91.500000000000014 6 7.9970232557109133
decision_type=2 2 2 2 1 1 2 2 2 2 2 1 2 1 2 2 2 2 2 2 2 1 2 2 2 2 1 2 1 2
left_child=7 2 25 5 -5 6 -4 -1 26 12 27 -12 13 -10 19 18 17 -17 -16 20 -15 22 -14 -23 -7 -2 -3 28 -11 -29
right_child=1 8 3 4 -6 24 -8 -9 9 10 11 -13 21 14 15 16 -18 -19 -20 -21 -22 23 -24 -25 -26 -27 -28 29 -30 -31
leaf_value=-0.0048161616267450337 -0.00037294762945892492 0.030429361541517503 -0.0070498356806294781 0.012968315405509127 -0.011277963170316353 0.01552637319576344 0.014833301918247549 -0.00079321274168668457 -0.002548390649747699 0.0021709609366959565 0.012497442925307269 -0.012122030590712703 0.0012761838551263089 0.0041853137959483137 0.11964804549744186 -0.040884474347239012 -0.065728302733121968 0.082537214737765638 0.032088201552895788 -0.090104084667823131 0.12222037825821701 0.014878606666673141 0.088864096102128393 -0.022611275429124934 0.11485016185878577 -0.092729680604942424 0.0096089429445899467 0.043909062366363848 0.021662627561943773 0.014775764643356289
leaf_weight=30275 15766 752 1514 2556 2694 3293 809 23069 1798 1250 1024 979 865 1324 37 34 75 44 579 24 21 179 30 931 21 23 1203 540 1725 566
leaf_count=30275 15766 752 1514 2556 2694 3293 809 23069 1798 1250 1024 979 865 1324 37 34 75 44 579 24 21 179 30 931 21 23 1203 540 1725 566
internal_value=8.45409e-06 0.0040562 0.00186073 0.00529663 0.000529181 0.00973616 0.000567686 -0.00307647 0.00824523 0.00668738 0.0120552 0.000464632 0.00118974 0.00550599 0.0122354 0.0264345 -0.0175733 0.0287161 0.0373709 0.00434527 0.00603942 -0.00728181 0.00417836 -0.0164142 0.0161115 -0.000508261 0.0178251 0.0177431 0.0135543 0.0290054
internal_weight=94000 40656 26676 10887 5250 5637 2323 53344 13980 12025 6084 2003 5941 3936 2138 769 153 78 616 1369 1345 2005 895 1110 3314 15789 1955 4081 2975 1106
internal_count=94000 40656 26676 10887 5250 5637 2323 53344 13980 12025 6084 2003 5941 3936 2138 769 153 78 616 1369 1345 2005 895 1110 3314 15789 1955 4081 2975 1106
cat_boundaries=0 2 4 6 8 10 12 14
cat_threshold=3459488869 26392 3272608997 91962 4037595304 8204 4228403292 12376 1747990528 28904 3959423152 12480 1422663780 26692
is_linear=0
shrinkage=0.03


Tree=175
num_leaves=31
num_cat=0
split_feature=9 15 14 12 12 6 1 12 12 12 1 12 12 12 9 2 13 15 7 9 1 0 15 7 11 7 3 2 3 15
split_gain=1229.58 421.68 275.269 265.636 264.118 391.189 271.693 261.081 316.631 277.159 240.41 233.29 661.04 334.531 301.616 266.247 276.674 241.976 277.77 224.776 285.789 410.795 243.331 223.693 383.202 342.741 220.956 337.16 213.598 427.95
threshold=4.445024382187623 20.500000000000004 11.500000000000002 3.5000000000000004 1.5000000000000002 60.071428571428577 72.500000000000014 1.0000000180025095e-35 3.5000000000000004 1.5000000000000002 45.500000000000007 4.5000000000000009 5.5000000000000009 1.5000000000000002 8.3076159947654933 103.50000000000001 28.500000000000004 1.5000000000000002 6.9247657687737716 9.3658838461610383 106.50000000000001 101.50000000000001 19.500000000000004 7.5372092852409223 8.1424974393772391 5.8554004376911308 121.50000000000001 111.50000000000001 110.50000000000001 45.500000000000007
decision_type=2 2 2 2 2 2 2 2 2 2 2 2 2 2 2 2 2 2 2 2 2 2 2 2 2 2 2 2 2 2
left_child=1 7 3 4 5 -3 -6 -1 9 -9 -5 13 15 14 28 -13 19 18 -14 20 21 -17 -21 24 -16 -26 27 -22 -2 -30
right_child=11 2 -4 10 6 -7 -8 8 -10 -11 -12 12 17 -15 23 16 -18 -19 -20 22 26 -23 -24 -25 25 -27 -28 -29 29 -31
leaf_value=0.0019836419897691702 0.008594784114432031 0.0032387058154621502 -0.0035533044142734577 0.0048453017548741725 -0.0038897641944551516 0.051557194391766294 -0.080365737510973367 -0.0022360206688697283 -0.0018607190927937272 -0.0099471845990672936 0.019650990247855066 0.01839715073590675 0.011960503896583692 0.00081882115611072435 -0.0042264648789535897 0.047394887288005984 -0.038858360598996736 -0.00036119261802104318 0.11473361213747252 -0.01974514976446818 0.086212283945702878 0.17388179375294996 0.083504141614156174 0.020571238561648976 0.0033429360745381984 0.14253336964684846 0.10902505160090457 -0.067291588383851589 -0.061822748171810556 0.048121334631117202
leaf_weight=6268 4902 5456 8612 7907 6154 155 42 6300 18673 12562 1128 2756 73 9004 46 44 29 2836 35 54 23 49 33 576 22 58 25 29 103 46
leaf_count=6268 4902 5456 8612 7907 6154 155 42 6300 18673 12562 1128 2756 73 9004 46 44 29 2836 35 54 23 49 33 576 22 58 25 29 103 46
internal_value=8.42153e-06 -0.00181732 0.00095827 0.00282262 -0.000139846 0.0045749 -0.00440993 -0.00368374 -0.00463023 -0.0073718 0.00669429 0.00645641 0.011452 0.00442973 0.0100805 0.0212593 0.0488135 0.0013169 0.0453697 0.0587294 0.0787981 0.114186 0.0194348 0.0285064 0.0647124 0.104345 0.0359254 0.00058193 0.00751855 -0.0278506
internal_weight=94000 73257 29454 20842 11807 5611 6196 43803 37535 18862 9035 20743 5986 14757 5753 3042 286 2944 108 257 170 93 87 702 126 80 77 52 5051 149
internal_count=94000 73257 29454 20842 11807 5611 6196 43803 37535 18862 9035 20743 5986 14757 5753 3042 286 2944 108 257 170 93 87 702 126 80 77 52 5051 149
is_linear=0
shrinkage=0.03


Tree=176
num_leaves=31
num_cat=6
split_feature=5 12 12 12 12 4 9 21 9 21 3 9 9 6 17 17 21 0 3 17 8 2 2 9 14 21 17 12 21 21
split_gain=1171.6 384.766 642.559 531.81 482.343 403.476 402.015 337.101 420.555 278.335 263.588 445.791 362.494 361.816 262.766 317.314 279.234 281.213 312.692 263.771 308.143 285.478 334.194 263.184 260.936 259.76 244.681 241.494 319.53 260.547
threshold=39.500000000000007 1.0000000180025095e-35 3.5000000000000004 5.5000000000000009 2.5000000000000004 88.500000000000014 5.1510161165509301 0 6.0478858353083238 1 120.50000000000001 9.3658838461610383 8.1208252006986523 112.64285714285715 457.50000000000006 444.50000000000006 2 83.500000000000014 94.500000000000014 473.50000000000006 112.8214285714286 92.500000000000014 104.50000000000001 9.3658838461610383 4.5000000000000009 3 423.50000000000006 4.5000000000000009 4 5
decision_type=2 2 2 2 2 2 2 1 2 1 2 2 2 2 2 2 1 2 2 2 2 2 2 2 2 1 2 2 1 1
left_child=24 9 4 5 25 27 -7 8 -8 -2 13 12 -12 -11 15 16 17 -9 -19 23 21 -21 -23 -16 -1 -3 -27 29 -29 -4
right_child=1 2 3 -5 -6 6 7 14 -10 10 11 -13 -14 -15 19 -17 -18 18 -20 20 -22 22 -24 -25 -26 26 -28 28 -30 -31
leaf_value=-0.004839726527120781 0.025852199716097916 -0.0033089708291539986 0.012308642225515844 -0.00029121185039013715 -0.0089880318092741933 0.11328297186246922 -0.14032412097051547 0.06737439144707659 0.0014071473788678005 0.0077149521576848181 0.0134424848698858 -0.0091162905596687393 0.17455532160224363 -0.10881209213518503 0.0068444549794350268 0.073332080710457159 0.036815216120028887 -0.11820607342424884 -0.00025062794247305539 0.11150101796014986 0.11803316889282985 -0.091422258474898099 0.043927950640299307 -0.065548427243796045 -0.00071196533512809016 0.0026376851960900663 0.016322752189119646 0.02490790116021856 0.0081135920901495798 -0.0021809189529506815
leaf_weight=27936 955 4647 1876 6022 5260 46 23 28 102 4767 20 50 34 24 182 176 520 31 58 20 35 30 36 60 27210 4722 1566 1481 3347 2736
leaf_count=27936 955 4647 1876 6022 5260 46 23 28 102 4767 20 50 34 24 182 176 520 31 58 20 35 30 36 60 27210 4722 1566 1481 3347 2736
internal_value=8.19555e-06 0.00399835 0.00274132 0.00685013 -0.0015231 0.0108371 0.0261974 0.0231075 -0.0229076 0.0110894 0.00813875 0.0553872 0.115074 0.00712834 0.0279597 0.0376731 0.027806 -0.0141428 -0.0414565 0.00696238 0.0431142 0.0124873 -0.0175947 -0.0111115 -0.00280308 0.0020675 0.00603698 0.00864478 0.0133347 0.00373437
internal_weight=94000 38854 33004 16809 16195 10787 1347 1301 125 5850 4895 104 54 4791 1176 813 637 117 89 363 121 86 66 242 55146 10935 6288 9440 4828 4612
internal_count=94000 38854 33004 16809 16195 10787 1347 1301 125 5850 4895 104 54 4791 1176 813 637 117 89 363 121 86 66 242 55146 10935 6288 9440 4828 4612
cat_boundaries=0 2 4 5 7 9 11
cat_threshold=538968064 32 1610875024 129 1056960 3724955919 176172 135942149 207272 277974629 54576
is_linear=0
shrinkage=0.03


Tree=177
num_leaves=31
num_cat=8
split_feature=1 11 15 15 21 12 21 1 12 21 21 2 12 12 12 12 12 21 2 8 21 9 3 15 21 21 15 8 0 1
split_gain=1113.47 404.211 277.637 323.961 517.039 342.48 360.921 348.905 306.124 354.081 332.289 263.378 259.605 461.323 330.795 296.421 322.591 259.104 250.897 297.794 233.73 231.565 231.255 226.542 982.991 485.159 689.736 324.051 289.084 374.676
threshold=62.500000000000007 1.7101471207481478 21.500000000000004 50.500000000000007 0 3.5000000000000004 1 121.50000000000001 1.0000000180025095e-35 2 3 75.500000000000014 1.0000000180025095e-35 3.5000000000000004 2.5000000000000004 5.5000000000000009 4.5000000000000009 4 94.500000000000014 95.464285714285737 5 9.3658838461610383 70.500000000000014 4.5000000000000009 6 7 13.500000000000002 108.53571428571429 110.50000000000001 108.50000000000001
decision_type=2 2 2 2 1 2 1 2 2 1 1 2 2 2 2 2 2 1 2 2 1 2 2 2 1 1 2 2 2 2
left_child=1 -1 23 5 -5 8 7 -7 9 11 -10 -4 20 14 -14 16 -15 22 19 -13 -3 -12 -18 24 -2 26 28 -28 -25 -30
right_child=2 12 3 4 -6 6 -8 -9 10 -11 21 18 13 15 -16 -17 17 -19 -20 -21 -22 -23 -24 25 -26 -27 27 -29 29 -31
leaf_value=-0.004838631869189973 0.029868831721946706 0.012715925756257365 0.023615282710370632 -0.027738089444080148 0.012850446863890636 0.036732253228686514 0.014076958588757725 0.16037201292989375 -0.0065211662468121524 0.010263884058794186 0.012216342986564278 0.081869153005872816 -0.0013781462320658516 1.7030583161945912e-05 -0.0090306838527865023 -0.0027960445999514667 0.0030133172682822507 0.013239526412673128 0.033495137357406744 0.21036344103998952 0.0014263359500625863 0.076791042612289973 -0.094332002776240861 -0.0062824936685858613 -0.0097358877751905527 -0.0042603683809816694 0.029342353372149129 -0.079479251967008363 0.11953112242024715 0.0077834607800018642
leaf_weight=23101 1250 2421 114 445 735 815 1373 21 1343 493 1244 56 14680 7992 7778 7924 3520 4551 50 23 5171 52 22 1411 1017 4954 1288 25 38 93
leaf_count=23101 1250 2421 114 445 735 815 1373 21 1343 493 1244 56 14680 7992 7778 7924 3520 4551 50 23 5171 52 22 1411 1017 4954 1288 25 38 93
internal_value=8.2904e-06 -0.00151704 0.00699741 0.011699 -0.00258091 0.0147172 0.0239012 0.0393893 0.00870463 0.0258126 0.00393141 0.0546577 -9.75598e-05 -0.000937947 -0.00402865 0.00195298 0.00429269 0.00851457 0.0862615 0.119535 0.0050456 0.0147019 0.00239842 0.00384083 0.0121896 0.00141663 0.0112438 0.0272622 -0.0023218 0.0402881
internal_weight=94000 77160 16840 6764 1180 5584 2209 836 3375 736 2639 243 54059 46467 22458 24009 16085 8093 129 79 7592 1296 3542 10076 2267 7809 2855 1313 1542 131
internal_count=94000 77160 16840 6764 1180 5584 2209 836 3375 736 2639 243 54059 46467 22458 24009 16085 8093 129 79 7592 1296 3542 10076 2267 7809 2855 1313 1542 131
cat_boundaries=0 2 4 6 8 10 12 14 16
cat_threshold=950558748 34880 2148592676 41024 2422210688 41008 2486466752 36976 3049621026 38451 1888305424 149665 3492846696 25704 612909200 39104
is_linear=0
shrinkage=0.03


Tree=178
num_leaves=31
num_cat=5
split_feature=10 15 15 21 10 7 6 0 5 1 10 21 15 21 9 15 21 21 15 0 1 17 9 4 6 7 4 11 11 1
split_gain=1062.64 355.91 410.879 529.427 349.8 249.964 235.329 454.039 234.308 260.17 221.814 218.98 351.038 499.348 270.013 263.81 914.46 425.476 346.974 311.624 509.157 213.777 207.922 201.9 271.459 434.899 244.788 348.692 201.231 281.639
threshold=37.875000000000007 20.500000000000004 50.500000000000007 0 70.517857142857153 7.1647284200681689 125.50000000000001 132.50000000000003 120.50000000000001 113.50000000000001 10.660714285714286 1 4.5000000000000009 2 7.607471746488863 12.500000000000002 3 4 8.5000000000000018 113.50000000000001 116.50000000000001 441.50000000000006 7.9279031194456069 119.50000000000001 116.50000000000001 7.5372092852409223 114.50000000000001 9.4591504782186515 8.3296419978818488 113.50000000000001
decision_type=2 2 2 1 2 2 2 2 2 2 2 1 2 1 2 2 1 1 2 2 2 2 2 2 2 2 2 2 2 2
left_child=10 11 4 8 5 -3 7 -6 9 -4 -1 15 13 14 -13 17 -17 18 19 -2 -21 -5 -19 26 25 -25 28 -28 29 -14
right_child=1 2 3 21 6 -7 -8 -9 -10 -11 -12 12 23 -15 -16 16 -18 22 -20 20 -22 -23 -24 24 -26 -27 27 -29 -30 -31
leaf_value=-0.010987996940278065 0.01962555407662997 0.0067579799228546433 -0.018458849276490569 0.0049695070805595275 0.016505312678261174 -0.023386244105247707 -0.039390516588811368 0.15287239980070569 0.065572500192012981 -0.11427515788153671 -0.0023205587713702345 0.015433164206359299 -0.0033751899955417699 -0.0038106086796585031 0.061918676863614464 -0.011860584150296703 0.025152012073747374 -0.0032178431597070919 -0.0062161047909251536 0.17187710499295294 0.023335267974731115 0.045884539594402585 -0.035574056414223544 0.18738487126222297 -0.027768685188401053 0.027862486925860935 -0.014693447486006258 -0.1396306779715514 0.016022451181924153 -0.10603442208648223
leaf_weight=2805 863 9591 1154 1302 4101 254 67 22 29 26 50539 1784 12457 1776 120 888 1827 2772 476 33 56 126 191 20 42 66 71 28 490 24
leaf_count=2805 863 9591 1154 1302 4101 254 67 22 29 26 50539 1784 12457 1776 120 888 1827 2772 476 33 56 126 191 20 42 66 71 28 490 24
internal_value=8.21728e-06 0.00366193 0.00702859 -0.00383563 0.00907007 0.00597973 0.0163302 0.0172374 -0.018356 -0.0205821 -0.0027764 0.00132152 -0.000539583 0.00765322 0.0182716 0.00573502 0.0130941 0.00119701 0.0145891 0.0251476 0.0785773 0.00852502 -0.00528788 -0.00282466 0.0346533 0.0651701 -0.00319219 -0.0501647 -0.00283306 -0.00357368
internal_weight=94000 40656 16672 2637 14035 9845 4190 4123 1209 1180 53344 23984 16878 3680 1904 7106 2715 4391 1428 952 89 1428 2963 13198 128 86 13070 99 12971 12481
internal_count=94000 40656 16672 2637 14035 9845 4190 4123 1209 1180 53344 23984 16878 3680 1904 7106 2715 4391 1428 952 89 1428 2963 13198 128 86 13070 99 12971 12481
cat_boundaries=0 2 4 6 7 8
cat_threshold=1001152790 235716 1879622192 135300 2251365443 25400 1073774624 1073774624
is_linear=0
shrinkage=0.03


Tree=179
num_leaves=31
num_cat=5
split_feature=11 12 12 12 12 4 9 21 9 12 12 12 9 21 12 21 21 7 11 21 2 10 0 18 3 5 5 5 7 13
split_gain=1004.09 354.151 532.669 446.019 421.396 393.285 376.201 314.721 390.801 267.587 390.625 336.317 252.627 247.284 234.518 250.24 247.991 230.3 278.173 214.959 290.064 417.907 373.169 211.564 319.039 238.062 222.026 428.978 210.572 209.642
threshold=3.0435550780670098 1.0000000180025095e-35 3.5000000000000004 5.5000000000000009 2.5000000000000004 88.500000000000014 5.1510161165509301 0 6.0478858353083238 4.5000000000000009 5.5000000000000009 1.0000000180025095e-35 8.3076159947654933 1 4.5000000000000009 2 3 7.9970232557109133 7.0150065901834049 4 117.50000000000001 118.12500000000001 120.50000000000001 5.5000000000000009 90.500000000000014 87.500000000000014 99.500000000000014 92.500000000000014 9.1182705127045125 26.500000000000004
decision_type=2 2 2 2 2 2 2 1 2 2 2 2 2 1 2 1 1 2 2 1 2 2 2 2 2 2 2 2 2 2
left_child=9 12 4 5 19 14 -7 8 -8 11 -11 -1 -2 -5 15 -4 -16 18 23 20 22 28 -3 -9 25 -25 27 -26 -22 -10
right_child=1 2 3 13 -6 6 7 17 29 10 -12 -13 -14 -15 16 -17 -18 -19 -20 -21 21 -23 -24 24 26 -27 -28 -29 -30 -31
leaf_value=0.001679170439096389 0.0089496625184470619 -0.0018617109078845817 0.0090634449146673336 -0.0081815053035264838 -0.0078948726927134793 0.10906325729959795 -0.13581674089485948 -0.034073167534338103 0.022752278017571469 0.0054181970575742124 -0.0041567869880037318 -0.0053517234791637478 0.034865989571394022 0.0045473161301009049 0.018806502750931892 -0.0042050410687047559 0.0054588617877843557 0.013927950238109617 0.055900926106301312 0.0059904247013853416 -0.15478863053811642 0.006994865788641759 0.10074257488005629 0.024048461167223419 0.032169613634166552 0.15268576130215972 0.054186650150352046 -0.14680375447487945 -0.042623625598529689 -0.08339977307342239
leaf_weight=7615 5223 5153 2815 2327 5743 46 23 62 81 7791 7551 31240 362 3322 2521 2331 2538 609 369 5966 33 62 32 25 28 27 35 21 28 21
leaf_count=7615 5223 5153 2815 2327 5743 46 23 62 81 7791 7551 31240 362 3322 2521 2331 2538 609 369 5966 33 62 32 25 28 27 35 21 28 21
internal_value=8.00804e-06 0.00362607 0.00248268 0.00620565 -0.00128037 0.00958379 0.0248202 0.0218311 -0.0225899 -0.00264909 0.000705405 -0.0039737 0.0106306 -0.000702038 0.00757215 0.00306207 0.0121591 0.0265234 0.0405093 0.00208884 -0.00230281 -0.0478217 -0.00122596 0.0117961 0.0327389 0.0910633 -0.00339645 -0.0446149 -0.103506 0.000807782
internal_weight=94000 39803 34218 17201 17017 11552 1347 1301 125 54197 15342 38855 5585 5649 10205 5146 5059 1176 567 11274 5308 123 5185 198 136 52 84 49 61 102
internal_count=94000 39803 34218 17201 17017 11552 1347 1301 125 54197 15342 38855 5585 5649 10205 5146 5059 1176 567 11274 5308 123 5185 198 136 52 84 49 61 102
cat_boundaries=0 2 4 6 8 10
cat_threshold=538968064 32 1209928533 53043 854629485 54326 138311685 240124 2655145999 258156
is_linear=0
shrinkage=0.03


Tree=180
num_leaves=31
num_cat=6
split_feature=17 21 15 12 12 12 15 21 15 21 1 9 9 9 12 21 14 1 15 7 7 4 6 21 5 15 1 7 21 5
split_gain=966.845 392.961 261.513 249.891 354.071 363.576 298.752 545.406 381.745 543.304 346.464 241.257 283.634 245.688 238.176 236.058 227.01 306.104 222.059 200.802 195.783 207.189 307.045 188.634 244.842 183.949 330.884 206.41 222.701 199.363
threshold=245.50000000000003 0 19.500000000000004 1.0000000180025095e-35 3.5000000000000004 2.5000000000000004 50.500000000000007 1 24.500000000000004 2 121.50000000000001 8.5292000062874109 8.1208252006986523 9.0508332443805166 5.5000000000000009 3 3.5000000000000004 88.500000000000014 1.5000000000000002 11.613825507746741 10.16295794961853 99.500000000000014 81.642857142857153 4 120.50000000000001 44.500000000000007 88.500000000000014 5.9281411203561545 5 106.50000000000001
decision_type=2 1 2 2 2 2 2 1 2 1 2 2 2 2 2 1 2 2 2 2 2 2 2 1 2 2 2 2 1 2
left_child=2 3 -1 19 5 -5 8 -8 14 11 25 12 -10 -13 23 16 -16 -18 -17 -2 21 22 -9 24 -6 26 -11 -27 -29 -30
right_child=1 -3 -4 4 6 -7 7 20 9 10 -12 13 -14 -15 15 18 17 -19 -20 -21 -22 -23 -24 -25 -26 27 -28 28 29 -31
leaf_value=-0.0043939100566050913 0.014361845366932937 0.00082443898991001229 -0.00021339282917197391 0.0055132927479843415 0.0017661933155588071 -0.0082202187464643344 -0.04655764575940563 -0.013642028716060845 0.0013781810895393076 0.035095523127598408 0.15080248884953462 -0.11657675516466762 0.087316641544074702 -0.0041901128974493216 -0.0038284189108459864 0.050327498216597537 0.019527810753518959 0.11386461790530912 -0.013775288430929691 0.075641215579876353 0.10842178131166792 -0.04828452278328061 0.075860866376293232 0.017285654809217222 0.098195867851314692 0.041064070015614421 0.11452364992367509 -0.022391611527087289 0.038592563059723577 -0.017843450642153924
leaf_weight=30839 2509 21168 23910 5158 1428 2614 216 72 507 173 23 30 37 42 429 51 339 34 1003 49 21 40 66 2255 24 464 65 116 245 73
leaf_count=30839 2509 21168 23910 5158 1428 2614 216 72 507 173 23 30 37 42 429 51 339 34 1003 49 21 40 66 2255 24 464 65 116 245 73
internal_value=7.87523e-06 0.00360124 -0.00256825 0.00684734 0.00541925 0.000893792 0.00995534 -0.0148022 0.0113561 0.0234702 0.0354195 0.000399232 0.00724375 -0.0511562 0.00748992 -0.00128138 0.0109123 0.0281631 -0.010566 0.0155398 0.0209436 0.0117271 0.0291659 0.0118822 0.00334575 0.0333795 0.0568397 0.0271528 0.012267 0.0248451
internal_weight=94000 39251 54749 18083 15525 7772 7753 415 7338 1775 1159 616 544 72 5563 1856 802 373 1054 2558 199 178 138 3707 1452 1136 238 898 434 318
internal_count=94000 39251 54749 18083 15525 7772 7753 415 7338 1775 1159 616 544 72 5563 1856 802 373 1054 2558 199 178 138 3707 1452 1136 238 898 434 318
cat_boundaries=0 2 4 6 8 10 12
cat_threshold=4042319088 61648 811623632 4160 813695120 4240 2961188016 4096 2149590240 8256 2153775104 32768
is_linear=0
shrinkage=0.03


Tree=181
num_leaves=31
num_cat=7
split_feature=17 21 15 15 21 15 21 14 21 13 21 17 21 15 15 13 0 0 17 17 21 15 0 6 11 13 0 7 12 9
split_gain=910.689 354.036 244.224 232.951 414.321 293.367 562.025 514.065 446.717 396.105 305.63 257.868 255.585 1469.65 1085.73 369.483 633.383 413.123 375.85 314.462 312.357 433.042 360.615 350.863 543.718 524.941 410.347 632.956 359.19 319.369
threshold=274.50000000000006 0 19.500000000000004 50.500000000000007 1 23.500000000000004 2 8.0000000000000018 3 17.500000000000004 4 455.50000000000006 5 13.500000000000002 9.5000000000000018 17.500000000000004 88.500000000000014 104.50000000000001 448.50000000000006 454.50000000000006 6 15.500000000000002 106.50000000000001 107.92857142857144 8.3296419978818488 4.5000000000000009 111.50000000000001 8.3978450500995958 4.5000000000000009 8.5292000062874109
decision_type=2 1 2 2 1 2 1 2 1 2 1 2 1 2 2 2 2 2 2 2 1 2 2 2 2 2 2 2 2 2
left_child=2 3 -1 5 -5 12 -7 8 9 -8 -9 -6 13 -2 19 17 -17 -15 -18 -14 23 -22 -23 24 -16 -25 27 29 -29 -26
right_child=1 -3 -4 4 11 6 7 10 -10 -11 -12 -13 14 15 20 16 18 -19 -20 -21 21 22 -24 25 26 -27 -28 28 -30 -31
leaf_value=-0.0039517847559695221 -0.0038986159507867473 0.0011691875860565892 -6.0619186497918817e-05 0.016749774700815623 -0.028779840712608598 0.027585865995116077 -0.049508703301446758 0.025119093956521125 0.049033020923970216 0.085233698950345771 -0.0086457725444180431 0.075848044615525453 0.012980217705005175 0.022571487257000637 -0.0023678465742485548 0.032951953501691583 0.12979884927366767 -0.068018900765058635 0.021132259479797709 0.045020030191068899 -0.0009712883614592879 -0.026768031882588462 -0.10576303736159676 -0.15826130444241551 0.028603372293360088 -0.016513571530417104 0.13996206331440783 -0.065790632159707763 0.049815035864814526 0.18040466335630909
leaf_weight=33430 2700 19554 25662 371 516 1781 90 281 346 25 1404 22 1920 1183 1405 706 109 47 39 322 751 942 55 29 22 123 38 55 43 29
leaf_count=33430 2700 19554 25662 371 516 1781 90 281 346 25 1404 22 1920 1183 1405 706 109 47 39 322 751 942 55 29 22 123 38 55 43 29
internal_value=7.5064e-06 0.00384942 -0.00226201 0.00725709 -0.00746639 0.00818889 0.0151861 0.00474258 0.032833 -0.0185321 -0.00291426 -0.0240358 0.00557599 0.0106864 0.00129075 0.0296345 0.0447965 0.0191022 0.101218 0.017585 -0.00916643 -0.018077 -0.031139 -0.000128759 0.00402762 -0.0436635 0.0520707 0.0295565 -0.015036 0.115165
internal_weight=94000 34908 59092 15354 909 14445 3927 2146 461 115 1685 538 10518 4784 5734 2084 854 1230 148 2242 3492 1748 997 1744 1592 152 187 149 98 51
internal_count=94000 34908 59092 15354 909 14445 3927 2146 461 115 1685 538 10518 4784 5734 2084 854 1230 148 2242 3492 1748 997 1744 1592 152 187 149 98 51
cat_boundaries=0 2 4 6 8 9 11 13
cat_threshold=4038648048 61664 3222306912 8352 1085309088 57344 2147483712 32 2147483712 814243856 4288 2149580992 32800
is_linear=0
shrinkage=0.03


Tree=182
num_leaves=31
num_cat=0
split_feature=10 12 12 12 12 12 0 9 10 13 13 0 13 17 17 2 17 8 4 10 8 2 13 4 1 1 2 5 15 10
split_gain=864.688 317.76 596.332 366.517 364.452 381.567 312.938 226.621 209.27 189.965 297.574 238.549 215.494 186.527 257.698 184.992 206.961 270.321 181.473 433.366 381.208 352.011 281.679 289.86 269.586 314.872 230.205 193.411 178.314 174.113
threshold=37.875000000000007 1.0000000180025095e-35 3.5000000000000004 2.5000000000000004 5.5000000000000009 4.5000000000000009 80.500000000000014 8.3076159947654933 9.7321428571428594 11.500000000000002 14.500000000000002 132.50000000000003 26.500000000000004 461.50000000000006 463.50000000000006 84.500000000000014 446.50000000000006 87.250000000000014 87.500000000000014 108.94642857142858 120.03571428571429 125.50000000000001 18.500000000000004 108.50000000000001 108.50000000000001 105.50000000000001 101.50000000000001 82.500000000000014 15.500000000000002 113.87500000000001
decision_type=2 2 2 2 2 2 2 2 2 2 2 2 2 2 2 2 2 2 2 2 2 2 2 2 2 2 2 2 2 2
left_child=8 7 3 -3 5 -4 15 -2 -1 -9 -11 12 29 18 -15 -7 17 -17 26 24 21 22 -21 -24 25 27 -5 -20 -10 -12
right_child=1 2 4 13 -6 6 -8 9 28 10 11 -13 -14 14 -16 16 -18 -19 19 20 -22 -23 23 -25 -26 -27 -28 -29 -30 -31
leaf_value=-0.013228026924930046 0.0083084547045322241 0.0014082716368603542 0.0037695868593983347 -0.0082100870856276365 -5.8503680784283011e-05 0.012562462506744332 0.030885634238971376 0.059114357223500003 -0.0041580978996844228 -0.082229863901537248 -0.014080053310081123 0.12542185637933104 0.087460271342390983 0.067311472658634963 0.0016687228847512921 -0.014799630554884273 0.043691823573603579 -0.12870186412471463 0.019489262527371994 0.089613328039454487 -0.052487329001912102 0.15154544294267505 -0.094579665578644848 0.049686893924637938 -0.12919314939828164 0.072659108405469228 0.068890215718848069 -0.053646931198440752 -0.00061122225494771314 0.079479785000825934
leaf_weight=1589 5349 11598 5874 4827 5718 4850 898 147 22816 25 118 20 31 61 453 67 30 26 37 31 50 23 26 24 31 22 35 264 28939 21
leaf_count=1589 5349 11598 5874 4827 5718 4850 898 147 22816 25 118 20 31 61 453 67 30 26 37 31 50 23 26 24 31 22 35 264 28939 21
internal_value=7.65032e-06 0.00330353 0.00223121 -0.0016855 0.00615234 0.00917629 0.0145851 0.00986424 -0.00250424 0.032836 0.0148359 0.02766 0.016074 -0.00778408 0.00947642 0.0116405 -0.0246714 -0.0467795 -0.00943691 -0.0264992 0.0154898 0.048219 0.0186917 -0.0253109 -0.0447734 -0.0366244 -0.00765304 -0.0446433 -0.00217491 8.0296e-05
internal_weight=94000 40656 34945 17482 17463 11745 5871 5711 53344 362 215 190 170 5884 514 4973 123 93 5370 508 154 104 81 50 354 323 4862 301 51755 139
internal_count=94000 40656 34945 17482 17463 11745 5871 5711 53344 362 215 190 170 5884 514 4973 123 93 5370 508 154 104 81 50 354 323 4862 301 51755 139
is_linear=0
shrinkage=0.03


Tree=183
num_leaves=31
num_cat=2
split_feature=17 21 12 12 12 12 12 12 12 3 0 18 1 13 0 9 6 17 8 17 9 0 1 8 21 9 3 3 17 14
split_gain=826.158 342.808 221.84 312.711 326.414 258.144 221.7 402.824 321.32 207.141 328.169 315.341 261.248 315.215 301.992 248.761 269.807 210.043 263.928 423.671 354.783 239.817 230.458 248.786 222.201 239.059 222.695 340.676 215.404 210.866
threshold=245.50000000000003 0 1.0000000180025095e-35 3.5000000000000004 2.5000000000000004 5.5000000000000009 4.5000000000000009 5.5000000000000009 1.0000000180025095e-35 91.500000000000014 97.500000000000014 12.500000000000002 91.500000000000014 6.5000000000000009 93.500000000000014 5.1510161165509301 88.928571428571445 457.50000000000006 112.8214285714286 472.50000000000006 9.3658838461610383 116.50000000000001 89.500000000000014 97.964285714285737 1 6.6547512564869065 103.50000000000001 96.500000000000014 450.50000000000006 10.500000000000002
decision_type=2 1 2 2 2 2 2 2 2 2 2 2 2 2 2 2 2 2 2 2 2 2 2 2 1 2 2 2 2 2
left_child=6 2 -2 4 -4 9 8 -8 -1 10 12 -12 14 -14 -5 -11 -17 24 20 21 22 -20 -19 -24 25 -18 27 -27 -26 -21
right_child=1 -3 3 5 -6 -7 7 -9 -10 15 11 -13 13 -15 -16 16 17 18 19 29 -22 -23 23 -25 28 26 -28 -29 -30 -31
leaf_value=0.0019271638606482193 0.01455097720737524 0.00073556568685331054 0.0051394705330296891 0.010174599819249362 -0.0078732505746874556 0.0014483106776702311 0.0053944395967039311 -0.0042479063630439292 -0.0049205776596716738 0.10454197904974484 -0.12778302601801597 0.023485859234892357 -0.051098805559621305 0.066733128870951966 -0.086821805963811186 0.10057196945186674 -0.082277299462140005 -0.081155707752365233 0.031046940477246744 0.1857161611229626 -0.10089897708937995 -0.086883259023881068 0.094993445889206385 -0.0036573481368712885 0.030439424602689866 -0.014276206897593091 -0.036542464119389162 0.14578841631229109 0.086889750681147931 0.04755307296096388
leaf_weight=7669 2558 21168 5158 3883 2614 2546 7925 7676 31479 34 30 21 24 134 29 38 30 28 52 20 38 22 27 152 467 26 40 22 70 20
leaf_count=7669 2558 21168 5158 3883 2614 2546 7925 7676 31479 34 30 21 24 134 29 38 30 28 52 20 38 22 27 152 467 26 40 22 70 20
internal_value=7.4367e-06 0.0033291 0.00636098 0.00501536 0.000762399 0.00927829 -0.0023739 0.000650026 -0.00357904 0.0131061 0.0100328 -0.0655131 0.0109818 0.0487946 0.00945259 0.0247636 0.0221727 0.0192221 0.000769843 0.0384675 -0.0167674 -0.00404284 -0.00126719 0.0112509 0.0293293 -0.00855257 0.0156409 0.0591749 0.0371271 0.117
internal_weight=94000 39251 18083 15525 7772 7753 54749 15601 39148 5207 4121 51 4070 158 3912 1086 1052 1014 359 114 245 74 207 179 655 118 88 48 537 40
internal_count=94000 39251 18083 15525 7772 7753 54749 15601 39148 5207 4121 51 4070 158 3912 1086 1052 1014 359 114 245 74 207 179 655 118 88 48 537 40
cat_boundaries=0 2 3
cat_threshold=4042319088 61648 538976416
is_linear=0
shrinkage=0.03


Tree=184
num_leaves=31
num_cat=6
split_feature=9 12 12 12 12 12 7 11 21 10 21 9 21 12 12 21 3 10 12 21 9 17 3 5 21 4 4 3 14 13
split_gain=783.203 325.169 616.614 308.431 285.83 254.237 226.545 222.043 202.258 217.161 186.603 183.731 172.842 163.229 496.431 356.306 297.373 290.089 242.61 329.223 240.108 403.451 375.844 302.419 251.181 349.606 312.096 385.17 337.853 673.639
threshold=4.445024382187623 1.0000000180025095e-35 3.5000000000000004 2.5000000000000004 5.5000000000000009 4.5000000000000009 2.2990681342044463 4.8034103845862672 0 54.517857142857146 1 5.3560072056347448 2 4.5000000000000009 5.5000000000000009 3 100.50000000000001 101.73214285714288 1.5000000000000002 4 9.8276353854748582 447.50000000000006 131.50000000000003 122.50000000000001 5 118.50000000000001 117.50000000000001 109.50000000000001 1.5000000000000002 8.5000000000000018
decision_type=2 2 2 2 2 2 2 2 1 2 1 2 1 2 2 1 2 2 2 1 2 2 2 2 1 2 2 2 2 2
left_child=1 8 3 10 5 -4 11 12 9 -1 -3 -2 -5 18 15 16 17 -15 20 -20 22 23 24 -22 25 -8 27 -26 -28 -30
right_child=6 2 4 7 -6 -7 13 -9 -10 -11 -12 -13 -14 14 -16 -17 -18 -19 19 -21 21 -23 -24 -25 26 -27 28 -29 29 -31
leaf_value=0.0062811211216017718 -0.016479038468922923 -0.0060695235661250247 -0.00057566510262008869 -0.0043682082439104953 -0.0033930209244511962 0.0060039706662441371 0.0017871887366448743 -0.045386533171629176 -0.00013400418251870071 0.02965250276400596 -0.00039955907323329585 -0.12650301762481231 -0.012204040313384961 0.027853334338232678 0.00072358322413318627 0.0098055048828022042 0.069917536923538914 -0.079698550112835762 0.0082232061701826235 -0.0037467898546944874 0.032502926259839068 0.085746744052288243 0.12089121957619983 -0.084468185916489982 0.013214632633548676 -0.064772674316583678 -0.042599305323700397 -0.043759533530964602 -0.019813913941065183 0.16659089565018509
leaf_weight=3999 43 10009 10582 4463 10256 10558 2499 152 5935 393 10934 20 5976 970 2940 1884 156 23 3214 5757 68 94 26 28 2743 73 20 111 28 46
leaf_count=3999 43 10009 10582 4463 10256 10558 2499 152 5935 393 10934 20 5976 970 2940 1884 156 23 3214 5757 68 94 26 28 2743 73 20 111 28 46
internal_value=7.22835e-06 -0.0014499 -0.0022596 -0.00522271 0.000716446 0.00271029 0.00515341 -0.00939499 0.0034839 0.0083547 -0.00311258 -0.0516 -0.00887021 0.00532669 0.00950924 0.0180242 0.0311393 0.0253514 0.00362777 0.000546346 0.00844644 0.0416026 0.00730927 -0.00163483 0.00677156 -0.000102831 0.0127272 0.0109962 0.0665337 0.0960873
internal_weight=94000 73257 62930 31534 31396 21140 20743 10591 10327 4392 20943 63 10439 20680 5973 3033 1149 993 14707 8971 5736 190 5546 96 5520 2572 2948 2854 94 74
internal_count=94000 73257 62930 31534 31396 21140 20743 10591 10327 4392 20943 63 10439 20680 5973 3033 1149 993 14707 8971 5736 190 5546 96 5520 2572 2948 2854 94 74
cat_boundaries=0 2 4 6 8 10 12
cat_threshold=1890374704 194808 163779523 256039 3020476158 45204 3356684288 10376 848300610 62498 3330735110 155700
is_linear=0
shrinkage=0.03


Tree=185
num_leaves=31
num_cat=5
split_feature=1 1 15 21 14 15 21 3 18 21 7 15 6 3 6 12 12 12 12 12 21 3 4 13 13 1 12 1 0 21
split_gain=744.895 312.314 235.769 273.25 862.608 345.053 608.27 291.668 271.538 268.884 344.787 242.069 236.174 277.096 230.884 221.102 408.995 269.458 239.485 272.326 229.394 223.871 211.695 203.428 418.673 346.13 201.517 346.294 298.924 199.399
threshold=62.500000000000007 19.500000000000004 21.500000000000004 0 8.0000000000000018 24.500000000000004 1 110.50000000000001 12.500000000000002 2 7.9970232557109133 50.500000000000007 125.50000000000001 129.50000000000003 119.64285714285715 1.0000000180025095e-35 3.5000000000000004 2.5000000000000004 5.5000000000000009 4.5000000000000009 3 70.500000000000014 64.500000000000014 12.500000000000002 9.5000000000000018 102.50000000000001 1.5000000000000002 110.50000000000001 105.50000000000001 4
decision_type=2 2 2 1 2 2 1 2 2 1 2 2 2 2 2 2 2 2 2 2 1 2 2 2 2 2 2 2 2 1
left_child=1 -1 -2 4 7 6 -5 9 11 -4 -11 12 13 -7 -6 29 17 -17 19 22 21 -21 -18 24 -10 -25 28 -28 -8 -3
right_child=2 15 3 5 14 8 26 -9 23 10 -12 -13 -14 -15 -16 16 18 -19 -20 20 -22 -23 -24 25 -26 -27 27 -29 -30 -31
leaf_value=-0.0045724587587602887 0.0028146481429526461 0.012079562656910899 -0.016317137362786251 -0.033776072683620824 -0.0060747699735560039 0.019784804171777356 0.02978566097713645 0.13657683508736745 0.036359967555112838 0.026997603685018908 0.094593237564250282 -0.002957329779290134 -0.03807830983565913 0.10614528934277398 -0.10826622446971153 -0.0013930310823698374 0.00056462315564356411 -0.0079923034152808523 -0.0024027667084214194 0.0025914791792486431 0.012028641504856767 -0.093178869499340317 -0.044449254092921976 0.033217877872925856 -0.04050083488841829 0.094394611901235853 0.016076854155472921 -0.1023774994656258 0.14665187991011686 0.0015488377107209332
leaf_weight=19064 10076 2220 103 323 2025 1787 109 23 238 484 79 564 62 34 20 16563 8347 8390 8151 3625 4744 22 95 389 87 106 283 24 24 5939
leaf_count=19064 10076 2220 103 323 2025 1787 109 23 238 484 79 564 62 34 20 16563 8347 8390 8151 3625 4744 22 95 389 87 106 283 24 24 5939
internal_value=6.98008e-06 -0.0012406 0.00572349 0.0100561 0.00268946 0.0150089 -0.0031147 0.0317288 0.0192884 0.0280835 0.0358661 0.0142786 0.0194426 0.0214046 -0.00708091 -0.000147208 -0.000895346 -0.00361206 0.00181788 0.00386182 0.00768916 0.0020049 5.71945e-05 0.0342312 0.0157696 0.0463408 0.0197089 0.00677649 0.0509912 0.00443135
internal_weight=94000 77160 16840 6764 2734 4030 763 689 3267 666 563 2447 1883 1821 2045 58096 49937 24953 24984 16833 8391 3647 8442 820 325 495 440 307 133 8159
internal_count=94000 77160 16840 6764 2734 4030 763 689 3267 666 563 2447 1883 1821 2045 58096 49937 24953 24984 16833 8391 3647 8442 820 325 495 440 307 133 8159
cat_boundaries=0 2 4 5 7 9
cat_threshold=873222236 7392 1075871776 24592 4160 3049621026 38451 1619869968 149633
is_linear=0
shrinkage=0.03


Tree=186
num_leaves=31
num_cat=4
split_feature=17 21 17 13 21 21 9 7 7 10 13 17 2 4 7 14 12 0 13 8 3 1 13 9 17 11 14 21 7 13
split_gain=721.718 291.215 210.85 403.057 442.847 333.179 320.714 369.489 325.702 345.164 316.289 311.536 260.356 255.244 620.38 379.072 306.212 303.234 250.475 250.273 253.957 522.051 456.009 370.051 278.014 253.173 244.015 233.392 273.864 241.745
threshold=245.50000000000003 0 441.50000000000006 12.500000000000002 1 2 9.0508332443805166 10.636863125135021 5.1869800370506791 113.87500000000001 1.5000000000000002 464.50000000000006 133.50000000000003 100.50000000000001 6.2144225491228893 8.0000000000000018 4.5000000000000009 104.50000000000001 11.500000000000002 75.392857142857153 101.50000000000001 106.50000000000001 3.5000000000000004 7.7629721282338009 470.50000000000006 9.4591504782186515 4.5000000000000009 3 4.3094580368566113 7.5000000000000009
decision_type=2 1 2 2 1 1 2 2 2 2 2 2 2 2 2 2 2 2 2 2 2 2 2 2 2 2 2 1 2 2
left_child=-1 2 -2 4 19 -5 8 11 26 13 -6 -8 18 17 -15 16 -16 -10 27 -4 25 23 -23 -22 -25 -21 -7 -12 29 -29
right_child=1 -3 3 5 10 6 7 -9 9 -11 12 -13 -14 14 15 -17 -18 -19 -20 20 21 22 -24 24 -26 -27 -28 28 -30 -31
leaf_value=-0.0022190241042391668 0.0043134838379178756 0.00072084595877690207 0.11029681140203568 0.0075954980534390084 0.04233152964841163 -0.046273677754364195 0.0014143159934726232 0.052724276616023878 0.060237599409692928 0.12513352594186555 -0.019210605911140433 -0.10738760501146316 -0.10185146029653221 0.16550144146015117 -0.075229969729403948 0.067338863569590568 0.050740488663748577 0.17586203810843554 -0.047667756711786538 0.014382095269884617 0.20495995765663239 -0.082436386116963328 0.042710410841501047 0.12976023980832188 -0.010300938276829067 -0.072550266987351911 0.0428018453554979 0.0043175032245579047 0.003186512277890539 0.14696660281001747
leaf_weight=54749 14554 21168 31 610 122 47 127 111 181 68 463 29 26 23 62 45 24 23 120 260 25 34 113 27 24 34 67 20 790 23
leaf_count=54749 14554 21168 31 610 122 47 127 111 181 68 463 29 26 23 62 45 24 23 120 260 25 34 113 27 24 34 67 20 790 23
internal_value=6.70321e-06 0.00311132 0.00590576 0.0124881 0.00418141 0.0248656 0.0373567 0.010904 0.0511177 0.0631687 -0.00400083 -0.0188483 -0.00795325 0.0513588 0.0221553 -0.00309651 -0.0400225 0.0733682 -0.00621994 0.0271139 0.0226243 0.0467602 0.0137081 0.110549 0.0638992 0.00429724 0.00604306 -0.00237649 0.00712297 0.0808517
internal_weight=94000 39251 18083 3529 2112 1417 807 267 540 426 1564 156 1442 358 154 131 86 204 1416 548 517 223 147 76 51 294 114 1296 833 43
internal_count=94000 39251 18083 3529 2112 1417 807 267 540 426 1564 156 1442 358 154 131 86 204 1416 548 517 223 147 76 51 294 114 1296 833 43
cat_boundaries=0 2 4 6 8
cat_threshold=4042319088 61648 3489669184 4096 1889542192 12288 2114560 8384
is_linear=0
shrinkage=0.03


Tree=187
num_leaves=31
num_cat=0
split_feature=11 12 12 12 12 1 1 9 12 12 12 12 15 3 1 9 3 5 1 2 13 13 0 14 15 14 15 0 6 6
split_gain=680.354 268.551 407.025 345.867 325.447 284.397 230.833 225.314 218.671 310.824 270.297 216.88 198.809 238.089 234.421 196.43 192.409 404.984 376.74 384.201 175.773 282.377 288.244 209.174 174.342 255.781 167.155 225.366 165.878 165.2
threshold=3.0435550780670098 1.0000000180025095e-35 3.5000000000000004 5.5000000000000009 2.5000000000000004 91.500000000000014 92.500000000000014 5.1510161165509301 4.5000000000000009 5.5000000000000009 1.0000000180025095e-35 4.5000000000000009 50.500000000000007 93.500000000000014 82.500000000000014 8.3076159947654933 120.50000000000001 112.50000000000001 121.50000000000001 119.50000000000001 11.500000000000002 26.500000000000004 126.50000000000001 1.5000000000000002 12.500000000000002 4.5000000000000009 1.5000000000000002 83.500000000000014 97.214285714285737 109.50000000000001
decision_type=2 2 2 2 2 2 2 2 2 2 2 2 2 2 2 2 2 2 2 2 2 2 2 2 2 2 2 2 2 2
left_child=8 15 4 5 -3 11 -7 -8 10 -10 -1 12 13 -4 -14 -2 17 -6 19 -19 29 22 23 -22 -25 -26 27 -5 -13 -17
right_child=1 2 3 26 16 6 7 -9 9 -11 -12 28 14 -15 -16 20 -18 18 -20 -21 21 -23 -24 24 25 -27 -28 -29 -30 -31
leaf_value=0.0016895910947720533 0.0076019944805674625 0.001660505856463165 0.0043395150069310152 0.011220560136033775 -0.0076954055024494403 0.074981471332505281 0.097344941104126864 0.016574708298956908 0.005055657707892779 -0.0034854397050355776 -0.0046135245811597331 0.010496157297498197 -0.012947164688062448 -0.076391216587173974 -0.10541776001233456 0.079599576730530516 -0.080365446705684476 0.03235212228226899 -0.024237452205096446 0.1916954639945847 -0.10724917371618262 0.092333757819667933 0.066998669557503457 0.057066742470583957 -0.095145407299572063 0.011017172770465119 -0.0017600916269198926 0.097271937490427257 0.071761225519929445 0.013274543875312735
leaf_weight=7615 5223 11274 4829 140 5624 71 32 1005 7791 7551 31240 5237 278 33 27 94 32 30 32 25 22 34 42 29 32 56 5475 34 40 53
leaf_count=7615 5223 11274 4829 140 5624 71 32 1005 7791 7551 31240 5237 278 33 27 94 32 30 32 25 22 34 42 29 32 56 5475 34 40 53
internal_value=6.50527e-06 0.00298474 0.00198907 0.00524347 -0.00130036 0.00821827 0.0226705 0.0190792 -0.00218069 0.000851724 -0.00337813 0.00668454 0.00231483 0.00378939 -0.0211748 0.0090843 -0.00711325 -0.00670088 0.0574895 0.105052 0.030455 0.0131407 -0.00176159 -0.0225929 -0.00657098 -0.0276175 -0.000839373 0.0280986 0.0109625 0.0557321
internal_weight=94000 39803 34218 17201 17017 11552 1108 1037 54197 15342 38855 10444 5167 4862 305 5585 5743 5711 87 55 362 215 181 139 117 88 5649 174 5277 147
internal_count=94000 39803 34218 17201 17017 11552 1108 1037 54197 15342 38855 10444 5167 4862 305 5585 5743 5711 87 55 362 215 181 139 117 88 5649 174 5277 147
is_linear=0
shrinkage=0.03


Tree=188
num_leaves=31
num_cat=8
split_feature=17 21 15 14 21 14 15 21 15 21 14 21 13 21 21 15 15 13 0 0 17 3 21 6 13 0 5 3 15 0
split_gain=654.143 258.492 221.509 213.36 387.851 174.385 159.991 381.145 303.651 480.968 425.363 423.941 371.095 301.278 271.512 1391.56 1164 370.616 494.717 397.029 350.756 338.934 299.944 338.38 481.675 407.741 371.513 340.573 313.965 363.799
threshold=274.50000000000006 0 19.500000000000004 11.500000000000002 1 4.5000000000000009 50.500000000000007 2 23.500000000000004 3 8.0000000000000018 4 17.500000000000004 5 6 13.500000000000002 9.5000000000000018 17.500000000000004 88.500000000000014 104.50000000000001 448.50000000000006 122.50000000000001 7 107.92857142857144 4.5000000000000009 111.50000000000001 111.50000000000001 109.50000000000001 15.500000000000002 106.50000000000001
decision_type=2 1 2 2 1 2 2 1 2 1 2 1 2 1 1 2 2 2 2 2 2 2 1 2 2 2 2 2 2 2
left_child=2 6 -1 -4 -5 -3 8 -8 14 -10 11 12 -11 -12 15 21 -16 19 -19 -17 -20 -2 23 25 -25 26 -18 -28 -24 -30
right_child=1 5 3 4 -6 -7 7 -9 9 10 13 -13 -14 -15 16 17 22 18 20 -21 -22 -23 28 24 -26 -27 27 -29 29 -31
leaf_value=-0.0035264093849009326 -0.0036985974150075432 -0.0018007441788870744 0.0018610334291590299 0.0033602356545170686 -0.010755163978556534 0.0038665349408525734 -0.028913741688039545 0.010172897328492754 0.024532325928340121 -0.049060925019038769 0.013628747823707349 0.047692665640650667 0.081357212185384734 -0.013730791579275894 0.016474117138391697 0.022191176904215106 -0.0021723676485020335 0.033895348447653524 0.12373036786984093 -0.066813972759398682 0.018369740753832374 -0.11039580716555628 -0.004417116257215855 -0.15346524269310469 -0.017678681758968546 0.089162145213624783 0.14988807217506325 -0.011893874798248062 -0.024445185022237855 -0.10345118799464889
leaf_weight=33430 2402 9984 18623 3239 3800 9570 372 537 1960 90 561 307 25 983 2430 1060 1496 622 106 47 39 27 877 29 123 48 28 20 1110 55
leaf_count=33430 2402 9984 18623 3239 3800 9570 372 537 1960 90 561 307 25 983 2430 1060 1496 622 106 47 39 27 877 29 123 48 28 20 1110 55
internal_value=6.33134e-06 0.00326244 -0.00191713 0.000179163 -0.00427008 0.000972256 0.00617422 -0.00602722 0.00694656 0.0140665 0.00348785 0.0301943 -0.0189874 -0.0037884 0.00428879 0.0100703 0.00026936 0.0295162 0.045546 0.0184039 0.0954449 -0.00489034 -0.0101301 -0.000931347 -0.0436889 0.00314579 0.00046416 0.082532 -0.0178924 -0.0281862
internal_weight=94000 34908 59092 25662 7039 19554 15354 909 14445 3926 1966 422 115 1544 10519 4303 6216 1874 767 1107 145 2429 3786 1744 152 1592 1544 48 2042 1165
internal_count=94000 34908 59092 25662 7039 19554 15354 909 14445 3926 1966 422 115 1544 10519 4303 6216 1874 767 1107 145 2429 3786 1744 152 1592 1544 48 2042 1165
cat_boundaries=0 2 4 6 8 10 12 14 16
cat_threshold=3770213616 61664 3329395939 58136 545808400 36928 1085310112 57344 2147483712 32 2147491904 32 545808400 4288 2149580992 32800
is_linear=0
shrinkage=0.03


Tree=189
num_leaves=31
num_cat=6
split_feature=17 12 12 12 21 17 21 21 0 11 2 1 1 4 3 17 11 2 21 14 15 21 21 17 3 1 2 4 14 1
split_gain=617.91 249.914 743.597 316.602 302.969 307.714 280.496 263.461 254.192 295.529 220.268 425.065 444.909 230.818 265.668 218.656 217.126 318.078 215.86 203.517 287.69 260.293 260.037 255.821 210.329 200.756 569.602 308.076 292.561 259.569
threshold=243.50000000000003 3.5000000000000004 1.5000000000000002 5.5000000000000009 0 485.50000000000006 1 2 125.50000000000001 9.0823320517833874 117.50000000000001 119.50000000000001 111.50000000000001 110.50000000000001 113.50000000000001 481.50000000000006 10.098194794630844 125.50000000000001 3 3.5000000000000004 46.500000000000007 4 5 442.50000000000006 107.50000000000001 116.50000000000001 126.50000000000001 114.50000000000001 1.5000000000000002 114.50000000000001
decision_type=2 2 2 2 1 2 1 1 2 2 2 2 2 2 2 2 2 2 1 2 2 1 1 2 2 2 2 2 2 2
left_child=18 2 4 6 5 15 -3 8 9 -4 11 12 13 14 -6 -2 -11 -18 -1 24 21 -21 -22 -24 -8 26 29 28 -27 -9
right_child=1 3 7 -5 10 -7 19 25 -10 16 -12 -13 -14 -15 -16 -17 17 -19 -20 20 22 -23 23 -25 -26 27 -28 -29 -30 -31
leaf_value=5.5772381499287287e-05 0.013406673272649749 0.013479546148841457 -0.0087995434198174134 -0.00026867215270126322 0.0032854486069966351 0.095399982736167233 -0.0038062314428141332 -0.0004496189153414458 0.0608343000551625 -0.083310134024154409 -0.071957937049814777 0.087161382332636997 -0.06846484366418 0.057304708393062724 -0.10592173189147194 -0.083458744870825385 0.087934099551457062 -0.067236735296925323 -0.0037636122150834805 0.02536785259006203 -0.021170351881195194 0.006283457970947386 -1.7419098967099562e-06 0.054171136499859725 0.075997836030400875 0.092877134821975404 0.15259351215750921 -0.11178679653151874 -0.037367322647139961 0.087874734524476569
leaf_weight=23772 3323 5304 5348 5621 7595 41 2357 5840 46 84 35 54 78 71 20 21 20 29 30283 1025 475 1761 498 93 30 20 22 36 68 30
leaf_count=23772 3323 5304 5348 5621 7595 41 2357 5840 46 84 35 54 78 71 20 21 20 29 30283 1025 475 1761 498 93 30 20 22 36 68 30
internal_value=6.28734e-06 0.00283579 0.000775915 0.00556959 0.00626911 0.0137586 0.00841283 -0.00457189 -0.00929221 -0.00989935 0.00301894 0.00335976 0.00277541 0.00349965 0.00299685 0.012795 -0.0540608 -0.0037905 -0.00208458 0.00407667 0.0083486 0.0134202 -0.00490317 0.00838374 -0.00279885 -0.000218858 0.000575606 -0.0379806 -0.00766043 2.76147e-06
internal_weight=94000 39945 22781 17164 11238 3385 11543 11543 5527 5481 7853 7818 7764 7686 7615 3344 133 49 54055 6239 3852 2786 1066 591 2387 6016 5892 124 88 5870
internal_count=94000 39945 22781 17164 11238 3385 11543 11543 5527 5481 7853 7818 7764 7686 7615 3344 133 49 54055 6239 3852 2786 1066 591 2387 6016 5892 124 88 5870
cat_boundaries=0 2 4 6 8 10 12
cat_threshold=2423029936 39104 3532707940 192700 2416956340 230733 4042834160 61640 688398984 1088 695009298 65600
is_linear=0
shrinkage=0.03


Tree=190
num_leaves=31
num_cat=8
split_feature=17 21 15 15 21 4 10 4 7 15 17 21 15 21 15 21 13 21 21 15 15 13 0 4 17 3 3 21 6 11
split_gain=583.107 237.172 208.5 200.332 363.349 184.209 371.649 166.915 182.058 149.285 368.039 389.356 287.515 452.866 398.27 398.939 348.821 282.104 256.193 1299.83 1093.04 349.035 465.921 397.382 329.131 317.227 289.161 281.502 316.974 475.13
threshold=274.50000000000006 0 19.500000000000004 48.500000000000007 1 109.50000000000001 111.44642857142858 114.50000000000001 8.6175346157400448 50.500000000000007 458.50000000000006 2 23.500000000000004 3 34.500000000000007 4 17.500000000000004 5 6 13.500000000000002 9.5000000000000018 17.500000000000004 88.500000000000014 103.50000000000001 448.50000000000006 122.50000000000001 106.50000000000001 7 107.92857142857144 8.3296419978818488
decision_type=2 1 2 2 1 2 2 2 2 2 2 1 2 1 2 1 2 1 1 2 2 2 2 2 2 2 2 1 2 2
left_child=2 9 -1 -4 -5 6 -3 -7 -9 12 11 -11 18 -14 15 16 -15 -16 19 25 -20 23 -23 -21 -24 -2 -25 28 29 -22
right_child=1 5 3 4 -6 7 -8 8 -10 10 -12 -13 13 14 17 -17 -18 -19 20 21 27 22 24 26 -26 -27 -28 -29 -30 -31
leaf_value=-0.0033711581198936991 -0.0036609767845369925 0.00086999927357598488 0.0018536678206893119 0.0032978198057216934 -0.010364266998376738 0.10955796080716382 -0.10831049170994674 -0.041888898733493198 0.08036051356080752 0.014806486546034149 0.11229038313224718 -0.025254109967736242 0.0236989817238175 -0.047739457544104739 0.013094176047335154 0.046099188468448085 0.07870322029429129 -0.013381095976048189 0.015828234775272676 0.022111103673842419 -0.0030722184675150061 0.032688639043519541 0.11982015161821574 -0.10921126891178583 0.017756255892536522 -0.10688509026164278 0.019691841328289782 -0.017472343854130528 -0.042422963632105376 0.047817181209505462
leaf_weight=33430 2402 19456 18623 3239 3800 26 28 24 20 362 23 524 1960 90 561 307 25 983 2430 1043 1405 622 106 37 39 27 27 2042 152 187
leaf_count=33430 2402 19456 18623 3239 3800 26 28 24 20 362 23 524 1960 90 561 307 25 983 2430 1043 1405 622 106 37 39 27 27 2042 152 187
internal_value=6.17122e-06 0.00308041 -0.00180985 0.000223953 -0.0040873 0.000886749 0.000712389 0.049432 0.0136672 0.00586951 -0.00591664 -0.00900093 0.0066155 0.0135437 0.00327994 0.0291215 -0.0185681 -0.00376121 0.0040293 0.00964531 0.000125357 0.0284391 0.0439953 0.0176551 0.0924203 -0.00481397 -0.0548376 -0.00995238 -0.00103912 0.00290611
internal_weight=94000 34908 59092 25662 7039 19554 19484 70 44 15354 909 886 14445 3926 1966 422 115 1544 10519 4303 6216 1874 767 1107 145 2429 64 3786 1744 1592
internal_count=94000 34908 59092 25662 7039 19554 19484 70 44 15354 909 886 14445 3926 1966 422 115 1544 10519 4303 6216 1874 767 1107 145 2429 64 3786 1744 1592
cat_boundaries=0 2 4 6 8 10 12 14 16
cat_threshold=3770213616 61664 3329395939 58136 3222307872 8352 1085310112 57344 2147483712 32 2147491904 32 545808400 4288 2149580992 32800
is_linear=0
shrinkage=0.03


Tree=191
num_leaves=31
num_cat=0
split_feature=10 15 15 10 7 6 0 10 9 17 12 12 9 17 17 15 6 13 5 9 6 9 6 17 13 7 6 0 3 5
split_gain=556.221 279.771 318.508 208.923 244.559 222.826 399.171 192.996 188.613 170.777 163.924 239.051 334.869 264.56 199.3 196.793 183.892 306.303 176.559 422.361 288.527 237.784 199.722 236.311 173.451 379.253 221.595 333.803 198.033 199.514
threshold=37.875000000000007 20.500000000000004 50.500000000000007 70.517857142857153 7.1647284200681689 125.50000000000001 132.50000000000003 8.946428571428573 9.8276353854748582 281.50000000000006 3.5000000000000004 1.5000000000000002 4.8266658571630936 487.50000000000006 472.50000000000006 46.500000000000007 122.92857142857144 12.500000000000002 106.50000000000001 6.9813330131567168 106.35714285714288 9.3658838461610383 114.35714285714288 450.50000000000006 12.500000000000002 7.5372092852409223 111.35714285714288 99.500000000000014 94.500000000000014 87.500000000000014
decision_type=2 2 2 2 2 2 2 2 2 2 2 2 2 2 2 2 2 2 2 2 2 2 2 2 2 2 2 2 2 2
left_child=7 -2 3 4 -3 6 9 -1 -4 -5 11 14 -13 15 18 24 -12 -18 20 -20 -11 22 23 -21 25 -14 27 28 29 -26
right_child=1 2 8 5 -6 -7 -8 -9 -10 10 16 12 13 -15 -16 -17 17 -19 19 21 -22 -23 -24 -25 26 -27 -28 -29 -30 -31
leaf_value=-0.016987742932981761 0.0005744983138129227 0.0058132293350093298 -0.0052281501639923102 0.067756218484834332 -0.024003608648895058 -0.041178206936723451 0.14109898255286712 -0.0017910614613932474 0.045718327479550812 0.015313521951636313 0.017912789049728386 -0.060857846706499304 0.024522810422998972 -0.10557749621903718 0.057154497609452994 -0.011665339657504331 -4.5458885715968563e-05 0.16563179282999749 -0.14237376422043097 -0.065862959628086165 0.12518129443690787 -0.064643474468464246 0.098999451583601877 0.070339519031239903 0.0397611980053992 -0.044754713191933151 0.11414033639983114 -0.037773060940435803 0.11186354483679944 -0.03177376424473425
leaf_weight=763 23984 9591 2570 51 254 67 22 52581 67 826 1735 81 181 20 103 427 20 20 21 25 22 31 27 21 210 117 25 68 28 42
leaf_count=763 23984 9591 2570 51 254 67 22 52581 67 826 1735 81 181 20 103 427 20 20 21 25 22 31 27 21 210 117 25 68 28 42
internal_value=6.10736e-06 0.00264953 0.00563442 0.00743185 0.00504342 0.0130428 0.0139257 -0.00200851 -0.0039309 0.0132393 0.0125504 0.0072166 -0.00199362 0.00227352 0.0174817 0.00425019 0.0193841 0.0829248 0.0132735 -0.0199889 0.0181818 0.00480765 0.0343897 -0.00360079 0.014383 -0.00267258 0.0280142 0.0217873 0.036271 0.0278189
internal_weight=94000 40656 16672 14035 9845 4190 4123 53344 2637 4101 4050 2275 1199 1118 1076 1098 1775 40 973 125 848 104 73 46 671 298 373 348 280 252
internal_count=94000 40656 16672 14035 9845 4190 4123 53344 2637 4101 4050 2275 1199 1118 1076 1098 1775 40 973 125 848 104 73 46 671 298 373 348 280 252
is_linear=0
shrinkage=0.03


Tree=192
num_leaves=31
num_cat=0
split_feature=17 12 12 12 12 4 9 17 3 6 4 1 3 17 3 7 9 7 13 0 8 2 1 1 7 1 17 17 17 1
split_gain=527.607 234.069 484.474 367.4 296.91 235.731 321.818 194.284 242.3 400.11 397.962 363.861 363.971 233.068 232.269 190.236 356.549 190.112 207.4 195.459 288.792 373.988 348.376 306.896 192.476 184.379 181.902 248.363 247.801 229.197
threshold=243.50000000000003 1.0000000180025095e-35 3.5000000000000004 2.5000000000000004 5.5000000000000009 88.500000000000014 5.1510161165509301 461.50000000000006 120.50000000000001 111.35714285714288 87.500000000000014 119.50000000000001 108.50000000000001 463.50000000000006 87.500000000000014 10.636863125135021 9.3658838461610383 7.8254773169497929 28.500000000000004 122.50000000000001 108.53571428571429 108.50000000000001 103.50000000000001 98.500000000000014 6.2144225491228893 11.500000000000002 457.50000000000006 441.50000000000006 487.50000000000006 121.50000000000001
decision_type=2 2 2 2 2 2 2 2 2 2 2 2 2 2 2 2 2 2 2 2 2 2 2 2 2 2 2 2 2 2
left_child=25 17 3 -3 5 -4 -7 8 9 10 14 12 -11 -9 -5 16 -15 19 -19 20 22 -22 23 -2 -24 -1 27 -8 29 -28
right_child=1 2 4 7 -6 6 26 13 -10 11 -12 -13 -14 15 -16 -17 -18 18 -20 -21 21 -23 24 -25 -26 -27 28 -29 -30 -31
leaf_value=-0.0080992545554336541 0.0061034943128790023 0.001254357922132318 0.0064489960517480792 -0.0089998503565239217 -0.00039934918554941873 0.097717216353289726 0.014469199548381287 0.062864965997322497 -0.10278976792833246 0.18832828027793611 -0.039496225039371335 -0.011760308966217582 0.024647941318537678 0.004051551802676529 0.038115463252562126 0.092177212629745237 -0.11695366814539029 0.01985735029978997 0.092350359420607403 -0.077061431073097597 0.16659980620656695 -0.0081588477800242712 -0.14658522226917209 0.075467419263469157 -0.019232204045568191 -0.0014287306629385474 -0.012459833410483821 0.049346162329439704 0.078051804751376241 0.083136190002884608
leaf_weight=4030 4883 11378 10196 4641 5621 46 628 64 25 25 392 42 24 427 96 20 23 533 38 25 23 21 20 58 23 50025 355 260 34 24
leaf_count=4030 4883 11378 10196 4641 5621 46 628 64 25 25 392 42 24 427 96 20 23 533 38 25 23 21 20 58 23 50025 355 260 34 24
internal_value=5.93838e-06 0.00262053 0.00169079 -0.00187412 0.00525441 0.00800782 0.0198036 -0.00803406 -0.00978949 -0.00934155 -0.0104488 0.0529742 0.108433 0.00920089 -0.00804359 0.00187524 -0.0021511 0.00829369 0.0247023 0.00643844 0.00685573 0.0832949 0.00617865 0.00691984 -0.0787384 -0.00192611 0.0170392 0.0246887 0.000582575 -0.00637801
internal_weight=94000 39945 34321 17157 17164 11543 1347 5779 5245 5220 5129 91 49 534 4737 470 450 5624 571 5053 5028 44 4984 4941 43 54055 1301 888 413 379
internal_count=94000 39945 34321 17157 17164 11543 1347 5779 5245 5220 5129 91 49 534 4737 470 450 5624 571 5053 5028 44 4984 4941 43 54055 1301 888 413 379
is_linear=0
shrinkage=0.03


Tree=193
num_leaves=31
num_cat=0
split_feature=11 12 12 12 12 12 0 12 12 9 4 17 1 2 17 18 17 3 0 11 4 5 15 17 2 1 13 6 17 4
split_gain=502.346 267.583 381.071 278.934 255.244 303.383 257.497 187.833 339.259 180.174 278.221 429.815 210.925 178.215 190.672 188.46 174.917 235.287 366.132 424.937 303.15 313.446 283.19 223.525 197.339 183.177 179.614 171.965 325.065 202.098
threshold=2.695037571765472 1.0000000180025095e-35 3.5000000000000004 2.5000000000000004 5.5000000000000009 4.5000000000000009 80.500000000000014 3.5000000000000004 1.5000000000000002 9.8276353854748582 120.50000000000001 452.50000000000006 98.500000000000014 84.500000000000014 446.50000000000006 5.5000000000000009 461.50000000000006 120.50000000000001 112.50000000000001 9.0823320517833874 86.500000000000014 112.50000000000001 24.500000000000004 463.50000000000006 101.50000000000001 108.50000000000001 24.500000000000004 116.50000000000001 444.50000000000006 124.50000000000001
decision_type=2 2 2 2 2 2 2 2 2 2 2 2 2 2 2 2 2 2 2 2 2 2 2 2 2 2 2 2 2 2
left_child=7 9 3 -3 5 -4 13 8 -1 27 12 -12 -11 -7 15 -15 17 18 20 -20 24 22 25 -18 -5 -22 -24 29 -29 -2
right_child=1 2 4 16 -6 6 -8 -9 -10 10 11 -13 -14 14 -16 -17 23 -19 19 -21 21 -23 26 -25 -26 -27 -28 28 -30 -31
leaf_value=-0.00038795193906379676 0.0070879769659618272 0.00089322785374226245 0.0020776312553735026 -0.0068331593344226399 -0.00062595695456962842 0.0095483985070013641 0.026035738545852068 1.906174134000575e-05 -0.0070885861164601419 0.032025886890176047 -0.08148392815431546 0.10159541494365948 0.15699951151321673 -0.00099116610093241339 0.038689326313246918 -0.086843579995305578 0.062947456209659108 -0.099718362335189881 0.14018359102935435 -0.024603372223348727 -0.047070262851073796 0.058817625625111225 0.018101742135418521 0.00274928900151576 0.075842232909695856 -0.11967549590192673 -0.048569485521475712 0.14925809098584619 0.0044644569740520694 -0.083781562056476702
leaf_weight=13388 6340 13177 6736 5594 6573 5733 898 20337 13823 23 27 20 26 42 30 51 63 25 32 25 241 32 100 463 26 36 57 22 38 22
leaf_count=13388 6340 13177 6736 5594 6573 5733 898 20337 13823 23 27 20 26 42 30 51 63 25 32 25 241 32 100 463 26 36 57 22 38 22
internal_value=5.78155e-06 0.00222464 0.00130465 -0.00163994 0.0042212 0.00658319 0.0110762 -0.00216186 -0.00379195 0.00786056 0.0486404 -0.00346383 0.0985842 0.00878128 -0.0269284 -0.0481465 -0.00662681 -0.00804327 -0.00766808 0.0679396 -0.0083778 -0.0316289 -0.0383167 0.00997563 -0.0064488 -0.0565569 -0.00610015 0.00724975 0.0577654 0.00677196
internal_weight=94000 46452 39934 19871 20063 13490 6754 47548 27211 6518 96 47 49 5856 123 93 6694 6168 6143 57 6086 466 434 526 5620 277 157 6422 60 6362
internal_count=94000 46452 39934 19871 20063 13490 6754 47548 27211 6518 96 47 49 5856 123 93 6694 6168 6143 57 6086 466 434 526 5620 277 157 6422 60 6362
is_linear=0
shrinkage=0.03


Tree=194
num_leaves=31
num_cat=0
split_feature=17 15 15 11 1 2 2 1 18 3 9 15 12 12 1 1 2 1 17 13 14 1 4 3 1 2 12 9 0 4
split_gain=477.44 203.501 221.532 205.704 284.186 365.396 232.178 227.807 210.096 208.071 211.975 193.937 190.39 304.96 293.102 594.458 350.127 238.667 227.617 273.434 187.708 177.43 243.922 186.459 219.497 179.965 170.715 160.111 157.177 287.808
threshold=274.50000000000006 18.500000000000004 50.500000000000007 9.4591504782186515 113.50000000000001 111.50000000000001 122.50000000000001 102.50000000000001 6.5000000000000009 105.50000000000001 9.0508332443805166 19.500000000000004 3.5000000000000004 1.5000000000000002 116.50000000000001 131.50000000000003 110.50000000000001 60.500000000000007 433.50000000000006 9.5000000000000018 11.500000000000002 129.50000000000003 113.50000000000001 126.50000000000001 133.50000000000003 130.50000000000003 1.0000000180025095e-35 8.3076159947654933 116.50000000000001 109.50000000000001
decision_type=2 2 2 2 2 2 2 2 2 2 2 2 2 2 2 2 2 2 2 2 2 2 2 2 2 2 2 2 2 2
left_child=11 21 12 4 7 -6 -7 9 -9 10 -4 26 13 14 16 18 28 -14 -16 -20 -13 25 -23 24 -24 -2 -1 -10 29 -3
right_child=1 2 3 -5 5 6 -8 8 27 -11 -12 20 17 -15 15 -17 -18 -19 19 -21 -22 22 23 -25 -26 -27 -28 -29 -30 -31
leaf_value=0.0021052852053864649 0.00061184504336329198 0.0088573978108580954 -0.0054063537862073475 0.054340116486879392 -0.15668499134213801 0.055388271025133343 -0.083726889988257405 -0.0074629220723213992 0.13193677680401189 -0.08385655112787338 0.092553539854377059 0.0019013865693765404 0.0051945671765017288 -0.0020680111602270289 0.0035187054462562316 -0.084143262877723196 -0.076843128648268935 0.017124144992886108 0.062887658556821505 0.17959166295339013 -0.0038493428525462892 0.13227255423345835 -0.092945624767844334 0.090781169942955459 0.040064225935366043 -0.056322841601457424 -0.0040190317627635478 0.022120126084693801 -0.052274414707386911 0.08685136674866599
leaf_weight=4779 18585 3620 1801 53 25 22 21 40 28 30 20 18623 3339 4170 22 22 43 2756 42 32 7039 21 20 20 25 50 28651 21 37 43
leaf_count=4779 18585 3620 1801 53 25 22 21 40 28 30 20 18623 3339 4170 22 22 43 2756 42 32 7039 21 20 20 25 50 28651 21 37 43
internal_value=5.62087e-06 0.0027874 0.00525075 -0.00393631 -0.00547861 -0.0657173 -0.0125187 -0.00336232 0.0434893 -0.0056189 -0.00432379 -0.00163764 0.00659138 0.00355661 0.00963205 0.0561699 0.00816266 0.0105895 0.0884103 0.113569 0.000323855 0.000657306 0.0436244 0.0147789 -0.0190598 0.00045862 -0.00314343 0.0850745 0.00915342 0.00977613
internal_weight=94000 34908 16187 2061 2008 68 43 1940 89 1851 1821 59092 14126 8031 3861 118 3743 6095 96 74 25662 18721 86 65 45 18635 33430 49 3700 3663
internal_count=94000 34908 16187 2061 2008 68 43 1940 89 1851 1821 59092 14126 8031 3861 118 3743 6095 96 74 25662 18721 86 65 45 18635 33430 49 3700 3663
is_linear=0
shrinkage=0.03


Tree=195
num_leaves=31
num_cat=0
split_feature=7 9 17 1 17 7 15 14 1 11 1 9 9 4 8 17 14 15 4 10 17 6 12 5 6 10 4 8 15 0
split_gain=462.481 352.465 264.364 263.372 214.592 327.222 201.196 484.376 230.477 255.904 257.258 211.546 194.534 461.819 235.318 252.996 226.899 519.3 338.085 290.857 265.887 242.626 210.508 220.557 194.33 298.542 391.364 290.119 255.478 194.66
threshold=2.4784787961282393 5.6490785011440741 444.50000000000006 134.50000000000003 450.50000000000006 10.16295794961853 20.500000000000004 11.500000000000002 113.50000000000001 8.1424974393772391 123.50000000000001 9.0508332443805166 9.0508332443805166 134.50000000000003 110.60714285714288 457.50000000000006 2.5000000000000004 11.500000000000002 113.50000000000001 118.12500000000001 468.50000000000006 88.071428571428584 2.5000000000000004 116.50000000000001 125.50000000000001 118.12500000000001 121.50000000000001 102.17857142857143 47.500000000000007 96.500000000000014
decision_type=2 2 2 2 2 2 2 2 2 2 2 2 2 2 2 2 2 2 2 2 2 2 2 2 2 2 2 2 2 2
left_child=1 -1 3 6 5 -4 8 24 -2 -10 11 -11 14 16 -6 22 19 18 -18 21 -21 -14 -16 -24 25 26 27 29 -29 -8
right_child=2 -3 4 -5 12 -7 7 -9 9 10 -12 -13 13 -15 15 -17 17 -19 -20 20 -22 -23 23 -25 -26 -27 -28 28 -30 -31
leaf_value=-0.0021096082617658952 -0.00040544591063909987 -0.12475410552103937 0.014855231203439966 0.094654202905528229 0.005471374608685603 0.07513781829299479 0.0069893861238496035 -0.00405684484460897 -0.11306197894251997 0.0038370437377290212 0.040293427351155105 -0.08523570062286201 -0.048177297850707901 0.09907131149509521 0.021560201157410717 0.016374491702605212 -0.042625154814768848 -0.009163600262692936 -0.15242054283618928 -0.09758241894562078 0.038672464780897885 0.059977337915475694 0.17428888295189482 0.044256959606968391 -0.08199665060814687 0.085857050739003987 -0.11660479372197931 0.061815351597774765 -0.034209792454822904 -0.019707086117250517
leaf_weight=45490 24302 21 1018 27 4572 88 11576 5227 31 43 46 54 23 33 36 249 66 344 41 33 21 97 27 21 22 43 23 145 30 251
leaf_count=45490 24302 21 1018 27 4572 88 11576 5227 31 43 46 54 23 33 36 249 66 344 41 33 21 97 27 21 22 43 23 145 30 251
internal_value=5.46496e-06 -0.00216654 0.00204414 0.00115946 0.00759123 0.0196607 0.00109876 0.00357342 -0.000651973 -0.0350464 -0.0180458 -0.0457557 0.00519079 -0.0101231 0.00724591 0.0315919 -0.0159083 -0.0271363 -0.0848273 0.0131758 -0.0445654 0.0391999 0.0765918 0.117673 0.00687255 0.00703549 0.00675267 0.00699028 0.0453266 0.0064224
internal_weight=94000 45511 48489 41820 6669 1106 41793 17317 24476 174 143 97 5563 658 4905 333 625 451 107 174 54 120 84 48 12090 12068 12025 12002 175 11827
internal_count=94000 45511 48489 41820 6669 1106 41793 17317 24476 174 143 97 5563 658 4905 333 625 451 107 174 54 120 84 48 12090 12068 12025 12002 175 11827
is_linear=0
shrinkage=0.03


Tree=196
num_leaves=31
num_cat=10
split_feature=11 15 15 21 21 14 14 21 21 3 21 4 2 21 15 21 15 21 4 21 15 9 7 11 3 10 2 21 17 11
split_gain=441.097 275.741 297.922 1004.3 408.745 568.661 378.752 301.559 301.126 314.394 273.307 269.706 257.701 222.605 174.915 318.746 165.929 710.147 275.617 258.435 258.564 240.68 183.694 179.283 175.635 161.152 159.252 156.14 152.644 151.135
threshold=5.3297979349968223 20.500000000000004 46.500000000000007 0 1 8.0000000000000018 8.0000000000000018 2 3 32.500000000000007 4 72.500000000000014 86.500000000000014 5 5.5000000000000009 6 13.500000000000002 7 61.500000000000007 8 8.5000000000000018 5.5845154836220212 2.3804761428477028 3.8668308667927609 61.500000000000007 51.053571428571438 51.500000000000007 9 251.50000000000003 5.1243789144889336
decision_type=2 2 2 1 1 2 2 1 1 2 1 2 2 1 2 1 2 1 2 1 2 2 2 2 2 2 2 1 2 2
left_child=1 10 4 -4 6 13 8 11 -3 -10 16 -8 14 -6 15 -12 19 24 21 20 23 22 25 -1 -18 -19 -15 -7 -29 -5
right_child=-2 2 3 29 5 27 7 -9 9 -11 12 -13 -14 26 -16 -17 17 18 -20 -21 -22 -23 -24 -25 -26 -27 -28 28 -30 -31
leaf_value=0.007441739863836473 0.0049219711164024257 0.0011856313596700528 0.0059567333530661628 -0.0094019957425909174 -0.00023520788820575639 -0.0012372271440675086 0.016312497223687467 -0.0042894566295131132 0.0099772177895256376 0.026499409952759109 0.0066970986097725322 0.12577322064559041 -0.10203743912928827 -0.0091675782640746051 -0.0051845061575160811 -0.0055784145015883614 -0.0086303893194314123 0.0054524101370174169 0.043334411852795296 -0.0044690864378404546 -0.005041942077494704 -0.08896007921361275 0.017824713609977377 0.028829447697852988 -0.048090084089133393 -0.07784464328774908 -0.030159627105067602 0.0083222887459634652 0.024530917802755063 -0.040143201132257486
leaf_weight=1572 13980 1436 7120 6854 3070 888 517 2541 2376 1840 3502 21 24 2645 23327 4147 1681 2203 233 7574 1264 22 1672 455 108 21 371 1615 774 147
leaf_count=1572 13980 1436 7120 6854 3070 888 517 2541 2376 1840 3502 21 24 2645 23327 4147 1681 2203 233 7574 1264 22 1672 455 108 21 371 1615 774 147
internal_value=5.29816e-06 -0.000853643 0.00129156 -0.00197401 0.00384025 -0.000517364 0.00850444 4.74731e-05 0.0131259 0.0171485 -0.00229932 0.0202372 -0.00396873 -0.00594336 -0.0038936 4.28617e-05 0.000781943 0.00481415 0.0116098 -0.00142153 0.00558781 0.00975099 0.0103114 0.0122453 -0.0109555 0.00466107 -0.0117129 0.0095571 0.0135191 -0.0100341
internal_weight=94000 80020 32215 14121 18094 9363 8731 3079 5652 4216 47805 538 31000 6086 30976 7649 16805 5940 4151 10865 3291 3918 3896 2027 1789 2224 3016 3277 2389 7001
internal_count=94000 80020 32215 14121 18094 9363 8731 3079 5652 4216 47805 538 31000 6086 30976 7649 16805 5940 4151 10865 3291 3918 3896 2027 1789 2224 3016 3277 2389 7001
cat_boundaries=0 2 4 6 8 10 12 14 16 18 20
cat_threshold=3459357799 25401 971825820 170182 140541952 32768 140542084 32768 1879623224 145548 67309890 67105 2251360451 16688 1073775648 8200 1073775648 8200 2147483904 82977
is_linear=0
shrinkage=0.03


Tree=197
num_leaves=31
num_cat=0
split_feature=5 12 12 12 12 15 15 18 6 4 12 2 5 4 7 3 13 11 1 3 2 4 11 3 6 12 12 9 2 8
split_gain=423.292 254.29 614.903 281.528 280.776 189.65 198.099 198.919 195.03 188.252 186.713 218.136 347.529 301.04 245.539 184.914 299.211 451.354 331.066 272.714 218.832 197.309 188.046 185.546 179.702 177.009 174.039 198.3 242.14 183.363
threshold=63.500000000000007 3.5000000000000004 1.5000000000000002 5.5000000000000009 4.5000000000000009 21.500000000000004 50.500000000000007 16.500000000000004 125.50000000000001 63.500000000000007 1.0000000180025095e-35 92.500000000000014 100.50000000000001 79.500000000000014 9.7711918656932806 105.50000000000001 12.500000000000002 8.3296419978818488 114.50000000000001 109.50000000000001 99.500000000000014 107.50000000000001 9.0823320517833874 125.50000000000001 114.35714285714288 1.0000000180025095e-35 1.5000000000000002 9.8276353854748582 88.500000000000014 86.321428571428598
decision_type=2 2 2 2 2 2 2 2 2 2 2 2 2 2 2 2 2 2 2 2 2 2 2 2 2 2 2 2 2 2
left_child=1 2 -1 4 -3 -2 8 26 15 -6 -9 13 -13 -12 -14 -7 20 -18 19 -19 25 -21 -22 24 -20 -17 -8 28 29 -28
right_child=5 3 -4 -5 9 6 7 10 -10 -11 11 12 14 -15 -16 16 17 18 23 21 22 -23 -24 -25 -26 -27 27 -29 -30 -31
leaf_value=0.0012333702934997405 0.0018414543961336714 -0.00035744843221117897 -0.0058469443293564013 -0.0030141032087302741 0.0057580226841634505 0.0094792692127257626 0.011343514373963665 -0.050518032752011145 -0.039867925640423241 0.033476336465073607 0.08135222924982799 0.17087618537216265 -0.028673710840654544 -0.064454149193937993 0.10778175395246931 0.11372168417184801 0.00045337431539439359 -0.048936741394656036 0.083324775711282495 0.1468552608117108 0.012415127453319871 0.039482731765293211 -0.04194889928567281 0.045845222704783424 0.19094212808216998 0.012472558347587911 -0.012378920127381119 0.051482607610222463 -0.045886883458864283 0.063175104432933962
leaf_weight=21404 10323 11505 22796 10463 10972 4485 301 22 67 225 22 24 27 30 21 28 108 23 23 21 184 58 83 21 37 35 409 37 215 31
leaf_count=21404 10323 11505 22796 10463 10972 4485 301 22 67 225 22 24 27 30 21 28 108 23 23 21 184 58 83 21 37 35 409 37 215 31
internal_value=5.12758e-06 -0.000928346 -0.00241822 0.00105716 0.00293368 0.00434663 0.00844316 -0.00288086 0.0109371 0.00631557 0.0297989 0.0441021 0.0778815 -0.00267151 0.0310631 0.0116051 0.0269494 0.0491214 0.0778113 0.0417449 0.0073797 0.0682123 -0.0044827 0.123084 0.149946 0.0576286 -0.00769127 -0.0159756 -0.0197981 -0.00703583
internal_weight=94000 77365 44200 33165 22702 16635 6312 1139 5173 11197 146 124 72 52 48 5106 621 291 183 102 330 79 267 81 60 63 993 692 655 440
internal_count=94000 77365 44200 33165 22702 16635 6312 1139 5173 11197 146 124 72 52 48 5106 621 291 183 102 330 79 267 81 60 63 993 692 655 440
is_linear=0
shrinkage=0.03


Tree=198
num_leaves=31
num_cat=8
split_feature=7 9 17 21 21 5 20 15 4 12 11 0 9 14 21 11 14 15 0 11 21 7 13 21 4 9 21 21 8 13
split_gain=403.849 332.799 238.387 365.719 238.825 448.89 305.034 230.581 255.939 335.523 301.593 356.821 244.051 235.013 355.126 412.036 371.446 334.544 385.686 246.36 238.839 238.959 219.56 212.43 210.795 310.583 443.91 357.071 385.728 428.047
threshold=2.4784787961282393 5.6490785011440741 444.50000000000006 0 1 125.50000000000001 2 13.500000000000002 89.500000000000014 1.0000000180025095e-35 8.3296419978818488 97.500000000000014 8.7907605661320307 11.500000000000002 3 7.7517705777420378 8.0000000000000018 24.500000000000004 97.500000000000014 7.7517705777420378 4 7.2735659689565013 25.500000000000004 5 134.50000000000003 9.0508332443805166 6 7 95.464285714285737 6.5000000000000009
decision_type=2 2 2 1 1 2 1 2 2 2 2 2 2 2 1 2 2 2 2 2 1 2 2 1 2 2 1 1 2 2
left_child=1 -1 4 -4 6 7 -2 8 12 -10 11 22 -6 14 15 16 23 18 19 -16 21 -15 -11 -9 25 27 -27 28 -5 -30
right_child=2 -3 3 24 5 -7 -8 13 9 10 -12 -13 -14 20 17 -17 -18 -19 -20 -21 -22 -23 -24 -25 -26 26 -28 -29 29 -31
leaf_value=-0.0019693287922366081 0.014731527385320929 -0.12114307943113606 -0.0016813693232597383 0.16210585994957796 -0.0040095294333864226 -0.10685056327782839 0.0022007013098444494 0.020695083835331755 0.022601496625761941 -0.023792615112781291 0.0006085220295417935 -0.12660846117954452 0.087875030131518164 -0.015915739114955696 -0.0078867396626764921 0.06738024371806936 -0.0041356447182587181 0.0084722512668270258 -0.10423501907413539 0.066946355850061881 2.093607735446331e-05 -0.096886738849874809 -0.12247068242537035 0.0061920504108190968 0.077285988416745763 -0.060432078643033099 0.0047100195517853936 0.011366852042965234 -0.011159088470173136 0.051735961340766343
leaf_weight=45490 1922 21 2580 22 7834 36 18553 1708 90 130 97 58 26 878 3095 106 1656 1685 37 40 1816 34 24 1995 45 107 478 2959 136 342
leaf_count=45490 1922 21 2580 22 7834 36 18553 1708 90 130 97 58 26 878 3095 106 1656 1685 37 40 1816 34 24 1995 45 107 478 2959 136 342
internal_value=5.00825e-06 -0.00202465 0.00191008 0.00717758 0.00106998 -0.00115044 0.00338381 -0.000971767 -0.00489459 -0.0283323 -0.0431796 -0.0632198 -0.00370409 0.00151068 0.00358054 0.00881717 0.00767346 -0.00232443 -0.0080681 -0.00692887 -0.00631986 -0.0187425 -0.03926 0.0129553 0.0127408 0.0120515 -0.00816038 0.0154708 0.0387427 0.0338363
internal_weight=94000 45511 48489 6669 41820 21345 20475 21309 8259 399 309 212 7860 13050 10322 5465 5359 4857 3172 3135 2728 912 154 3703 4089 4044 585 3459 500 478
internal_count=94000 45511 48489 6669 41820 21345 20475 21309 8259 399 309 212 7860 13050 10322 5465 5359 4857 3172 3135 2728 912 154 3703 4089 4044 585 3459 500 478
cat_boundaries=0 2 4 5 7 9 11 13 15
cat_threshold=11750925 205965 3769683501 176264 8 403448208 3172 17375504 68674 794640 68 160 4160 2147483840 49216
is_linear=0
shrinkage=0.03


Tree=199
num_leaves=31
num_cat=6
split_feature=11 12 12 12 12 12 21 21 4 21 14 9 7 15 7 21 5 3 8 3 15 5 21 21 4 4 0 7 0 0
split_gain=381.353 246.914 333.004 249.387 227.398 276.028 330.571 271.34 287.89 207.339 211.157 238.416 199.923 180.147 295.898 178.533 190.706 299.603 250.438 269.624 201.569 187.064 175.004 173.893 199.366 464.001 324.226 270.87 235.227 288.45
threshold=2.6765689163593214 1.0000000180025095e-35 3.5000000000000004 2.5000000000000004 5.5000000000000009 4.5000000000000009 0 1 87.500000000000014 2 5.5000000000000009 9.8276353854748582 10.636863125135021 1.5000000000000002 6.9247657687737716 3 120.50000000000001 112.50000000000001 112.8214285714286 98.500000000000014 7.5000000000000009 111.50000000000001 4 5 108.50000000000001 120.50000000000001 101.50000000000001 6.827814263660561 97.500000000000014 89.500000000000014
decision_type=2 2 2 2 2 2 1 1 2 1 2 2 2 2 2 1 2 2 2 2 2 2 1 1 2 2 2 2 2 2
left_child=-1 9 3 15 5 6 12 8 -7 10 11 -2 -4 14 -6 16 18 -18 19 -3 -19 -20 -12 -15 26 -26 28 -27 29 -25
right_child=1 2 4 -5 13 7 -8 -9 -10 -11 22 -13 -14 23 -16 -17 17 20 21 -21 -22 -23 -24 24 25 27 -28 -29 -30 -31
leaf_value=-0.0018986830727291632 0.023111596968974819 0.0038610767607506332 -0.0052628845502995722 -0.006388433090590436 0.010472567363312004 0.015560435264339055 0.0072584517640732708 0.0065316246246874005 0.050775975377866371 0.0042815691560231855 0.020439005054310982 0.12753956761822771 -0.076326786620630124 0.0040439257545043013 0.10618440544630728 -0.0018487632129935228 0.15121241936043125 0.089787880294508737 0.021789679628977841 0.038757614575679195 -0.0204721864527025 -0.085684785100684807 -0.012134380616422118 -0.0059343007069372969 -0.084433618677585615 0.1113358086970315 0.097039150623240075 -0.017948358863550052 -0.091724407358950141 0.050309860532002593
leaf_weight=47179 980 4251 2781 6760 170 1617 3978 4951 240 4988 258 20 36 2728 35 8663 20 23 21 209 42 47 323 3378 89 20 28 53 28 84
leaf_count=47179 980 4251 2781 6760 170 1617 3978 4951 240 4988 258 20 36 2728 35 8663 20 23 21 209 42 47 323 3378 89 20 28 53 28 84
internal_value=4.8445e-06 0.00192299 0.0010428 -0.001698 0.00375934 0.0059778 0.00169967 0.0102472 0.0200081 0.00731587 0.0167532 0.0252157 -0.00615295 -0.000803613 0.026872 0.000690122 0.00545081 0.0499599 0.00462557 0.00549787 0.0185748 -0.0524668 0.002469 -0.00168987 -0.00593602 -0.0384839 -0.00445219 0.0175348 -0.00527007 -0.00456734
internal_weight=94000 46821 40252 20036 20216 13603 6795 6808 1857 6569 1581 1000 2817 6613 205 13276 4613 85 4528 4460 65 68 581 6408 3680 162 3518 73 3490 3462
internal_count=94000 46821 40252 20036 20216 13603 6795 6808 1857 6569 1581 1000 2817 6613 205 13276 4613 85 4528 4460 65 68 581 6408 3680 162 3518 73 3490 3462
cat_boundaries=0 2 4 6 8 10 12
cat_threshold=1260872080 207817 1209192448 205192 1610940848 6273 28675760 2946 1074004112 1 2529281450 204876
is_linear=0
shrinkage=0.03


Tree=200
num_leaves=31
num_cat=8
split_feature=17 12 12 21 12 12 21 21 21 9 5 15 3 6 3 3 14 21 17 21 0 3 10 15 5 3 21 14 15 21
split_gain=370.412 189.63 389.084 315.24 307.411 246.303 239.529 228.306 206.828 218.083 513.681 462.67 302.135 191.221 530.105 260.223 190.549 200.597 296.312 179.957 178.364 392.704 433.707 184.391 179.076 175.46 174.409 171.401 252.744 242.805
threshold=243.50000000000003 1.0000000180025095e-35 3.5000000000000004 0 2.5000000000000004 5.5000000000000009 1 2 3 9.3658838461610383 109.50000000000001 24.500000000000004 110.50000000000001 111.35714285714288 113.50000000000001 106.50000000000001 5.5000000000000009 4 464.50000000000006 5 125.50000000000001 114.50000000000001 99.803571428571445 17.500000000000004 120.50000000000001 118.50000000000001 6 3.5000000000000004 46.500000000000007 7
decision_type=2 2 2 1 2 2 1 1 1 2 2 2 2 2 2 2 2 1 2 1 2 2 2 2 2 2 1 2 2 1
left_child=19 3 4 20 6 7 -3 -4 13 10 -10 -11 -12 15 -15 -6 -5 18 -18 -1 21 22 -2 -24 -22 -23 -7 -9 -29 -30
right_child=1 2 5 16 8 26 -8 27 9 11 12 -13 -14 14 -16 -17 17 -19 -20 -21 24 25 23 -25 -26 -27 -28 28 29 -31
leaf_value=0.00091051995425163088 0.014016929445451061 -0.0037064084535050825 0.011630406246736721 -0.0036464520284109452 -0.0015296676515698861 0.0046841866827558769 0.0050225109084290221 -0.0031602076153794735 -0.013121606319757131 -0.116212321977676 0.17171365017321572 0.032054987828497868 0.026300755864695494 0.10345145022423004 -0.074039088336590717 -0.086192431788430113 0.022241889163876094 0.0030404832609505629 0.12361133375838132 -0.00280044746468068 0.1339512034537633 -0.13421633936575988 0.11579112813786896 0.02409944684175816 0.031190416409583862 -0.023889947844483457 -0.0058658644012371296 0.011823597991512834 -0.021033381676706382 0.0075267261857285767
leaf_weight=17286 1936 5211 5304 2204 2553 2808 6167 2387 2986 51 20 30 36 48 22 33 344 897 28 36769 22 20 55 31 50 37 2813 2786 476 590
leaf_count=17286 1936 5211 5304 2204 2553 2808 6167 2387 2986 51 20 30 36 48 22 33 344 897 28 36769 22 20 55 31 50 37 2813 2786 476 590
internal_value=4.81303e-06 0.00219556 0.00135871 0.00730187 -0.00183602 0.0045523 0.00102566 0.00706011 -0.00747067 -0.0126868 -0.0114314 -0.0612897 0.0785009 -0.00128338 0.0475999 -0.0026145 0.00167977 0.0109455 0.0291283 -0.00161403 0.0162939 0.0147582 0.0169496 0.0828407 0.0627734 -0.0628208 -0.00059711 0.00315045 0.00706996 -0.00535085
internal_weight=94000 39945 34321 5624 17157 17164 11378 11543 5779 3123 3042 81 56 2656 70 2586 3473 1269 372 54055 2151 2079 2022 86 72 57 5621 6239 3852 1066
internal_count=94000 39945 34321 5624 17157 17164 11378 11543 5779 3123 3042 81 56 2656 70 2586 3473 1269 372 54055 2151 2079 2022 86 72 57 5621 6239 3852 1066
cat_boundaries=0 2 4 6 8 10 12 14 16
cat_threshold=3892674992 145609 3733147911 221292 3532707940 192700 1759520271 162532 316674054 16 3772301360 12488 3567368107 139612 694944274 65600
is_linear=0
shrinkage=0.03


Tree=201
num_leaves=31
num_cat=10
split_feature=17 15 21 15 21 15 21 21 15 12 15 21 21 14 14 21 21 5 7 17 1 21 5 2 1 21 7 5 1 17
split_gain=353.687 211.475 245.525 299.134 321.412 297.356 814.772 445.545 387.862 242.269 241.587 1380.83 533.685 645.026 494.832 488.129 387.423 387.138 356.806 498.845 371.084 348.069 331.427 275.675 244.259 242.125 254.528 294.907 239.414 244.457
threshold=179.50000000000003 20.500000000000004 0 6.5000000000000009 1 12.500000000000002 2 3 8.5000000000000018 1.0000000180025095e-35 46.500000000000007 4 5 8.0000000000000018 8.0000000000000018 6 7 127.50000000000001 8.182443458550706 450.50000000000006 107.50000000000001 8 112.50000000000001 101.50000000000001 120.50000000000001 9 7.0440789049419426 80.500000000000014 120.50000000000001 464.50000000000006
decision_type=2 2 1 2 1 2 1 1 2 2 2 1 1 2 2 1 1 2 2 2 2 1 2 2 2 1 2 2 2 2
left_child=-1 2 5 4 -4 7 -7 8 9 -2 12 28 14 15 18 -14 -15 21 25 20 -20 -13 -18 -21 -23 26 -3 -28 -12 -30
right_child=1 10 3 -5 -6 6 -8 -9 -10 -11 11 17 13 16 -16 -17 22 -19 19 23 -22 24 -24 -25 -26 -27 27 -29 29 -31
leaf_value=-0.0020969229858148353 0.053577622704773502 0.010387268291302066 0.010649426599830685 -0.0045609702077211763 -0.0034646861284501678 -0.011804774146070536 0.015797382938923788 -0.004644522042078993 -0.0070540495095690941 0.016280602572632762 0.014342204703709787 -0.018477024913721118 -0.016665397047282999 0.028920389389263126 0.0019701410883293832 0.0033690643520853931 0.0061225421968194799 0.077291217276434981 0.069225290338520706 0.052831996941496547 0.19875977710074902 -0.0027258000661973016 -0.11351568491820475 -0.067789125065824504 -0.08998933387785843 0.024788445194548769 -0.0048238091720755856 -0.14353507266225407 0.038045296962616333 0.1544302956737689
leaf_weight=40793 183 947 2897 13313 2896 1278 3829 5723 635 1095 3213 2200 1977 905 1886 2434 1677 47 117 34 24 3678 21 34 29 1968 40 21 86 20
leaf_count=40793 183 947 2897 13313 2896 1278 3829 5723 635 1095 3213 2200 1977 905 1886 2434 1677 47 117 34 24 3678 21 34 29 1968 40 21 86 20
internal_value=4.68187e-06 0.00161601 6.70973e-05 -0.00208361 0.00360553 0.003291 0.00889722 -0.000453842 0.0120425 0.0216274 0.00392559 0.000282815 0.00672047 0.00134629 0.0141225 -0.00563997 0.0131912 -0.00835719 0.0213617 0.0592509 0.0914202 -0.00905462 0.00460742 -0.00744549 -0.00340251 0.0186979 0.00649225 -0.0527827 0.0157606 0.0601579
internal_weight=94000 53207 31849 19106 5793 12743 5107 7636 1913 1278 21358 9273 12085 7014 5071 4411 2603 5954 3185 209 141 5907 1698 68 3707 2976 1008 61 3319 106
internal_count=94000 53207 31849 19106 5793 12743 5107 7636 1913 1278 21358 9273 12085 7014 5071 4411 2603 5954 3185 209 141 5907 1698 68 3707 2976 1008 61 3319 106
cat_boundaries=0 2 4 6 8 10 12 14 16 18 20
cat_threshold=1896407728 145612 2251295811 17200 1073774624 8200 1073774624 8200 3325070433 57624 820798346 135398 3255862305 24856 3254817824 24584 562840064 135364 274727178 32
is_linear=0
shrinkage=0.03


Tree=202
num_leaves=31
num_cat=6
split_feature=5 12 12 12 12 21 15 21 15 3 21 17 15 21 2 21 17 0 21 5 11 3 17 12 8 5 6 0 8 3
split_gain=333.175 228.927 470.875 366.864 226.833 177.476 171.303 207.307 681.613 413.706 372.916 277.04 252.562 390.558 301.772 269.571 226.011 230.758 217.164 217.29 212.316 223.131 204.332 198.632 287.361 194.416 254.883 213.798 322.218 197.767
threshold=63.500000000000007 4.5000000000000009 5.5000000000000009 1.5000000000000002 3.5000000000000004 0 21.500000000000004 1 34.500000000000007 110.50000000000001 2 454.50000000000006 34.500000000000007 3 110.50000000000001 4 345.50000000000006 78.500000000000014 5 112.50000000000001 8.3296419978818488 70.500000000000014 441.50000000000006 2.5000000000000004 100.75000000000001 120.50000000000001 119.64285714285715 97.500000000000014 99.250000000000014 101.50000000000001
decision_type=2 2 2 2 2 1 2 1 2 2 1 2 2 1 2 1 2 2 1 2 2 2 2 2 2 2 2 2 2 2
left_child=1 3 -3 5 -5 -1 -2 12 9 10 -9 16 13 -8 20 -14 17 -12 19 22 21 -15 -10 -24 -25 27 -27 28 -20 -29
right_child=6 2 -4 4 -6 -7 7 8 18 -11 11 -13 15 14 -16 -17 -18 -19 25 -21 -22 -23 23 24 -26 26 -28 29 -30 -31
leaf_value=0.0042559728135027246 0.0014754635511955516 0.0060693779394588709 -0.0027821229977957958 -0.005497500994401501 -0.00033002090361212934 -0.0012324204587602092 -0.023024473963284456 -0.025783808303952317 0.0060784436041695922 0.13199469309739115 0.039584497707710782 -0.0058786102440161669 0.0059926730590444816 0.048084561461902459 -0.074135296768524317 0.025955367992168944 0.062636864564479269 -0.045450490872164316 -0.010924820332895315 -0.076876373439408924 0.082176171748224128 -0.00029286523328186378 0.10921767978896349 0.11125753787916098 -0.029567868368162938 0.088172304298812301 -0.013293353549377645 -0.076235433633403127 0.093524612386288231 -0.019637140282230309
leaf_weight=9640 10323 11197 10463 22796 11505 11764 391 111 405 33 101 120 1079 131 30 1454 260 40 1378 24 50 248 37 20 37 40 50 85 27 161
leaf_count=9640 10323 11197 10463 22796 11505 11764 391 111 405 33 101 120 1079 131 30 1454 260 40 1378 24 50 248 37 20 37 40 50 85 27 161
internal_value=4.64329e-06 -0.000823521 0.00179347 -0.00184115 -0.00376435 0.00124074 0.00385638 0.0077497 0.0018728 0.0285805 0.0231559 0.0334443 0.0127935 -0.00131554 0.0172965 0.0175796 0.0460515 0.0154247 -0.0059633 0.0108815 0.0241162 0.016429 0.0153409 0.0551677 0.0199003 -0.0110248 0.031817 -0.0134305 -0.00890896 -0.0392287
internal_weight=94000 77365 21660 55705 34301 21404 16635 6312 2929 665 632 521 3383 850 459 2533 401 141 2264 523 429 379 499 94 57 1741 90 1651 1405 246
internal_count=94000 77365 21660 55705 34301 21404 16635 6312 2929 665 632 521 3383 850 459 2533 401 141 2264 523 429 379 499 94 57 1741 90 1651 1405 246
cat_boundaries=0 2 4 5 7 9 11
cat_threshold=4038904888 50428 3964705952 57368 2097216 1074823200 24584 675289216 32768 2097216 32
is_linear=0
shrinkage=0.03


Tree=203
num_leaves=31
num_cat=4
split_feature=17 12 12 12 21 12 21 4 21 8 15 5 21 5 4 2 2 5 1 17 11 5 11 17 1 1 9 4 10 1
split_gain=325.676 203.053 576.894 289.908 246.933 231.173 327.599 227.683 227.415 224.944 242.029 224.334 183.443 270.585 388.329 310.819 269.238 476.426 341.959 242.76 167.493 403.04 273.888 200.919 166.466 360.655 221.214 200.125 159.936 159.101
threshold=179.50000000000003 3.5000000000000004 1.5000000000000002 5.5000000000000009 0 4.5000000000000009 1 87.500000000000014 2 115.17857142857143 5.5000000000000009 123.50000000000001 3 120.50000000000001 112.50000000000001 127.50000000000001 112.50000000000001 105.50000000000001 124.50000000000001 455.50000000000006 9.0823320517833874 102.50000000000001 9.4591504782186515 452.50000000000006 121.50000000000001 111.50000000000001 7.9279031194456069 110.50000000000001 8.946428571428573 102.50000000000001
decision_type=2 2 2 2 1 2 1 2 1 2 2 2 1 2 2 2 2 2 2 2 2 2 2 2 2 2 2 2 2 2
left_child=28 2 4 5 -2 8 7 -7 29 11 -11 24 20 14 15 -14 -16 -18 -19 -15 -4 -22 -23 -24 25 27 -27 -6 -1 -3
right_child=1 3 12 -5 9 6 -8 -9 -10 10 -12 -13 13 19 16 -17 17 18 -20 -21 21 22 23 -25 -26 26 -28 -29 -30 -31
leaf_value=-0.015617867775906773 0.0090538790943487969 0.0096991199767384514 -0.0080188565737209436 -0.001166915260453353 0.00093054354042480336 0.016992467295583388 0.0063865468613272395 0.048538145137118655 -0.00022896643788309468 0.14106043416741901 0.013592023917767556 -0.092628026562077664 -0.0019027121997437552 0.12368961315486847 -0.15744186202981578 0.091593165225305848 0.078443536340448358 -0.017642569020977168 -0.15445528678058348 -0.011893143418119914 -0.15629211848238844 -0.08593412800859182 0.063152316031962863 -0.039591183009350793 0.083215932414163224 -0.15129575342928628 -0.029331648714458845 0.06228667204428983 -0.001752750085617396 0.04378153508359485
leaf_weight=763 5685 1418 4801 7460 9068 1455 5989 240 6157 21 37 23 10271 29 20 32 24 38 29 20 23 35 38 31 22 21 37 48 40030 135
leaf_count=763 5685 1418 4801 7460 9068 1455 5989 240 6157 21 37 23 10271 29 20 32 24 38 29 20 23 35 38 31 22 21 37 48 40030 135
internal_value=4.47086e-06 0.00155068 -5.73618e-05 0.00368648 0.00413728 0.00603864 0.00972128 0.0213376 0.00236795 0.00111302 0.0599594 0.00074303 -0.00413528 -0.00187971 -0.00221303 -0.00161115 -0.0580011 -0.0359642 -0.0770467 0.0683771 -0.00890163 -0.0429175 -0.0176894 0.0169583 0.00097789 0.000779445 -0.0737271 0.00125462 -0.0020122 0.0125854
internal_weight=94000 53207 30353 22854 14962 15394 7684 1695 7710 9277 58 9219 15391 10463 10414 10303 111 91 67 49 4928 127 104 69 9196 9174 58 9116 40793 1553
internal_count=94000 53207 30353 22854 14962 15394 7684 1695 7710 9277 58 9219 15391 10463 10414 10303 111 91 67 49 4928 127 104 69 9196 9174 58 9116 40793 1553
cat_boundaries=0 2 4 6 8
cat_threshold=552371440 37081 1209192448 139400 277905504 53252 2416840868 229405
is_linear=0
shrinkage=0.03


Tree=204
num_leaves=31
num_cat=4
split_feature=15 15 21 2 21 1 21 17 1 17 0 0 12 0 1 1 7 13 6 2 1 21 8 9 6 0 5 8 5 2
split_gain=310.409 318.58 373.36 280.098 277.738 278.262 239.081 284.954 346.68 282.269 372.85 231.301 217.776 216.52 269.964 267.016 206.65 203.852 502.991 571.871 411.119 369.741 309.83 287.635 276.059 327.33 279.252 267.08 243.554 331.272
threshold=20.500000000000004 50.500000000000007 0 77.500000000000014 1 131.50000000000003 2 350.50000000000006 87.500000000000014 435.50000000000006 103.50000000000001 107.50000000000001 1.0000000180025095e-35 93.500000000000014 87.500000000000014 84.500000000000014 5.9281411203561545 12.500000000000002 95.214285714285737 92.500000000000014 101.50000000000001 3 124.3214285714286 8.5292000062874109 125.50000000000001 121.50000000000001 112.50000000000001 115.17857142857143 115.50000000000001 116.50000000000001
decision_type=2 2 1 2 1 2 1 2 2 2 2 2 2 2 2 2 2 2 2 2 2 1 2 2 2 2 2 2 2 2
left_child=4 3 -3 -2 5 12 7 8 -5 10 16 -11 -1 -8 15 -15 -9 21 -19 -20 -21 -16 28 27 25 26 -25 -22 -23 -30
right_child=1 2 -4 6 -6 -7 13 9 -10 11 -12 -13 -14 14 17 -17 -18 18 19 20 23 22 -24 24 -26 -27 -28 -29 29 -31
leaf_value=0.0077535497546921631 0.0023027842985561954 0.003242567073428505 -0.012230800713129946 -0.014420863206287894 -0.0032878454834391665 0.084198362154478512 0.026957641438679892 0.055486421509123016 -0.12289216490850709 0.0027251694156874462 0.11684015247599243 -0.048170073095720967 -0.00030710693000892379 0.0022625337215011468 -0.049623266167801584 -0.12105139223172649 -0.0008382861278763968 0.13129293878766082 -0.099963387790908159 -0.021293780101824748 0.049009837447829212 0.0081557692482899739 -0.072036914113816131 0.04166348656208662 -0.069229703359689906 0.10700726632996806 -0.06581377680175815 0.13706903333755305 0.13734085589254008 0.0058462228224827693
leaf_weight=3520 29119 2800 2800 134 31360 36 1075 87 33 550 39 94 21084 36 104 28 179 37 35 122 128 293 36 60 29 38 34 41 34 35
leaf_count=3520 29119 2800 2800 134 31360 36 1075 87 33 550 39 94 21084 36 104 28 179 37 35 122 128 293 36 60 29 38 34 41 34 35
internal_value=4.37912e-06 0.0020972 -0.00450971 0.00323924 -0.0014157 0.000967856 0.0115491 0.000186417 -0.035934 0.00655093 0.0303218 -0.00470531 0.000846005 0.0173237 0.00797694 -0.0517452 0.0175864 0.0117099 0.024797 0.0166745 0.0257329 -0.00194695 0.0114713 0.0431288 0.0143955 0.0328289 0.00272822 0.0704595 0.0201187 0.0707891
internal_weight=94000 38000 5600 32400 56000 24640 3281 1116 167 949 305 644 24604 2165 1090 64 266 1026 524 487 452 502 398 330 161 132 94 169 362 69
internal_count=94000 38000 5600 32400 56000 24640 3281 1116 167 949 305 644 24604 2165 1090 64 266 1026 524 487 452 502 398 330 161 132 94 169 362 69
cat_boundaries=0 2 4 6 8
cat_threshold=3295845605 25403 1880680120 176332 404246576 12464 40960 64
is_linear=0
shrinkage=0.03


Tree=205
num_leaves=31
num_cat=4
split_feature=17 6 12 12 21 17 21 21 0 2 0 4 2 17 3 2 7 21 15 0 17 3 3 2 4 17 7 6 6 10
split_gain=303.611 164.735 158.437 443.03 291.88 333.651 255.138 238.788 364.3 337.821 229.781 226.765 240.935 222.667 202.752 218.958 193.896 387.598 223.224 189.1 189.096 203.405 204.28 185.419 381.65 189.89 183.217 306.269 181.491 179.529
threshold=274.50000000000006 8.9285714285714306 3.5000000000000004 1.5000000000000002 0 485.50000000000006 1 2 125.50000000000001 119.50000000000001 113.50000000000001 108.50000000000001 129.50000000000003 478.50000000000006 131.50000000000003 117.50000000000001 7.2735659689565013 3 50.500000000000007 126.50000000000001 319.50000000000006 98.500000000000014 103.50000000000001 100.50000000000001 94.500000000000014 337.50000000000006 8.3978450500995958 116.50000000000001 89.785714285714292 87.660714285714292
decision_type=2 2 2 2 1 2 1 1 2 2 2 2 2 2 2 2 2 1 2 2 2 2 2 2 2 2 2 2 2 2
left_child=1 -1 3 4 5 13 -4 8 9 10 16 -11 -13 -2 15 -6 -5 28 20 26 -19 23 -23 25 -25 -22 27 -9 -18 -28
right_child=2 -3 6 7 14 -7 -8 19 -10 11 -12 12 -14 -15 -16 -17 17 18 -20 -21 21 22 -24 24 -26 -27 29 -29 -30 -31
leaf_value=-0.014700117720469946 0.012839681958524231 -0.0011189526137562499 0.009995341703143255 -0.0066410838697935912 0.0017190352107233819 0.10117860597888316 0.0017349185292498447 -0.00044681881314322135 0.085983209154282245 -0.12323794303286789 0.080406901130731082 0.020159955109014124 -0.079216768493887729 -0.055081073297124333 0.079310028234193489 -0.063882702247375009 -0.056387015231351173 -0.067746557765344523 0.077690490504023435 -0.083525786009690572 0.070918354613209195 -0.1197186444785403 -0.0086978001166612678 0.11379174806734862 -0.0295811700538232 -0.023176575763375156 0.046532532747022702 -0.098059693510384904 -0.14308382210657766 0.0064447671476234132
leaf_weight=815 2850 58277 5099 3967 6774 38 9905 4937 36 35 26 41 47 44 30 46 88 55 24 24 22 26 35 36 31 152 143 29 29 339
leaf_count=815 2850 58277 5099 3967 6774 38 9905 4937 36 35 26 41 47 44 30 46 88 55 24 24 22 26 35 36 31 152 143 29 29 339
internal_value=4.05906e-06 -0.00130634 0.00222238 0.000467433 0.00502043 0.0129228 0.00455023 -0.00393234 -0.00892089 -0.0096832 -0.00833828 -0.058718 -0.0329119 0.0118041 0.00161618 0.00127519 -0.00885751 -0.0265024 -0.0103897 0.00032209 -0.0166305 -0.00729197 -0.0561858 0.00508937 0.0474651 -0.0112284 0.000694132 -0.00101942 -0.0718681 0.0183514
internal_weight=94000 59092 34908 19904 9782 2932 15004 10122 4650 4614 4491 123 88 2894 6850 6820 4465 498 381 5472 357 302 61 241 67 174 5448 4966 117 482
internal_count=94000 59092 34908 19904 9782 2932 15004 10122 4650 4614 4491 123 88 2894 6850 6820 4465 498 381 5472 357 302 61 241 67 174 5448 4966 117 482
cat_boundaries=0 2 4 6 8
cat_threshold=275611824 39104 4036030560 167948 2454114868 234781 268435472 36864
is_linear=0
shrinkage=0.03


Tree=206
num_leaves=31
num_cat=5
split_feature=15 15 21 10 21 1 7 17 15 21 9 9 17 6 0 18 0 2 0 17 2 7 9 18 18 7 1 15 21 21
split_gain=292.052 300.836 354.287 266.713 257.805 260.216 203.755 192.937 188.937 293.125 284.549 185.057 185.346 179.989 336.451 172.607 245.164 170.767 226.232 165.281 153.509 197.388 299.208 223.77 150.188 248.497 218.912 148.087 1103.63 448.295
threshold=20.500000000000004 50.500000000000007 0 70.517857142857153 1 131.50000000000003 7.1647284200681689 458.50000000000006 4.5000000000000009 2 7.607471746488863 9.3658838461610383 439.50000000000006 125.50000000000001 132.50000000000003 16.500000000000004 111.50000000000001 80.500000000000014 125.50000000000001 281.50000000000006 102.50000000000001 8.3978450500995958 6.8680659337494081 11.500000000000002 18.500000000000004 6.4512826336355369 106.50000000000001 13.500000000000002 3 4
decision_type=2 2 1 2 1 2 2 2 2 1 2 2 2 2 2 2 2 2 2 2 2 2 2 2 2 2 2 2 1 1
left_child=4 3 15 6 5 27 -2 17 9 -6 -11 12 -12 14 19 16 20 -4 -19 -5 21 22 -3 -24 -10 -26 -27 29 -29 -1
right_child=1 2 7 13 8 -7 -8 -9 24 10 11 -13 -14 -15 -16 -17 -18 18 -20 -21 -22 -23 23 -25 25 26 -28 28 -30 -31
leaf_value=0.0064543598522277066 0.0023377516778880026 0.0027008632273217599 -0.0088044432519975881 0.063998653928652671 -0.0059994679297281743 0.081409405542542723 -0.024647319517543686 0.076092196238505369 -0.0045698215957547007 0.0056343578393019365 0.022171421700744265 0.013046923288259873 0.13515762681125576 -0.038524586107448612 0.12775381230930399 0.045908616631726976 -0.080107437245715465 -0.039706929256120745 0.057923925621555988 0.0096921988676794066 0.072014523827504867 -0.083430875230145141 0.12123618742412834 0.0029392696756765655 -0.0010125766296068298 0.098384763588717714 -0.01616400880553711 -0.011724552707966499 0.011293570175023145 -0.004329867806834739
leaf_weight=5075 27956 1895 3144 51 2688 36 254 23 24850 3479 21 49 35 67 22 90 31 282 23 4050 30 23 34 25 165 52 21 2741 5880 10908
leaf_count=5075 27956 1895 3144 51 2688 36 254 23 24850 3479 21 49 35 67 22 90 31 282 23 4050 30 23 34 25 165 52 21 2741 5880 10908
internal_value=3.96243e-06 0.00203396 -0.00438632 0.00314374 -0.00137348 0.000922952 0.00209459 -0.0102767 -0.0031772 0.00147858 0.00708493 0.0557417 0.0929563 0.0102065 0.011 0.00524659 0.00347303 -0.0108855 -0.0323182 0.0103698 0.00476943 0.00374391 0.00477577 0.0712509 -0.00434253 0.0193684 0.0654143 0.000805109 0.00397418 -0.000904071
internal_weight=94000 38000 5600 32400 56000 24640 28210 3472 31360 6272 3584 105 56 4190 4123 2128 2038 3449 305 4101 2007 1977 1954 59 25088 238 73 24604 8621 15983
internal_count=94000 38000 5600 32400 56000 24640 28210 3472 31360 6272 3584 105 56 4190 4123 2128 2038 3449 305 4101 2007 1977 1954 59 25088 238 73 24604 8621 15983
cat_boundaries=0 2 4 6 8 10
cat_threshold=1146264801 8505 1880680120 176332 163971332 67587 1074824224 8200 1074824224 8200
is_linear=0
shrinkage=0.03


Tree=207
num_leaves=31
num_cat=1
split_feature=7 20 10 10 0 4 7 14 12 1 6 11 13 7 1 0 0 1 1 1 0 0 11 1 3 1 7 7 3 4
split_gain=282.323 178.131 172.983 142.819 133.2 336.654 153.334 175.565 216.467 144.55 167.213 136.792 127.508 159.343 140.587 186.358 124.537 208.795 124.131 328.141 152.033 227.153 203.698 180.394 430.235 321.29 446.121 628.295 402.311 385.457
threshold=2.2990681342044463 0 66.625000000000014 8.946428571428573 96.500000000000014 85.500000000000014 10.16295794961853 2.5000000000000004 1.0000000180025095e-35 94.500000000000014 90.785714285714292 7.4657507221160229 5.5000000000000009 7.6749437720911606 98.500000000000014 100.50000000000001 95.500000000000014 89.500000000000014 139.50000000000003 134.50000000000003 132.50000000000003 137.50000000000003 9.4591504782186515 111.50000000000001 93.500000000000014 102.50000000000001 9.1182705127045125 4.8550415622761234 89.500000000000014 116.50000000000001
decision_type=2 1 2 2 2 2 2 2 2 2 2 2 2 2 2 2 2 2 2 2 2 2 2 2 2 2 2 2 2 2
left_child=2 18 3 -1 16 -6 7 8 -7 10 -9 -12 -11 14 -14 -16 -3 -18 19 20 23 22 -22 25 -25 -2 27 -27 -28 -29
right_child=1 4 -4 -5 5 6 -8 9 -10 12 11 -13 13 -15 15 -17 17 -19 -20 -21 21 -23 -24 24 -26 26 28 29 -30 -31
leaf_value=-0.014621794116273843 0.0038348278868484569 0.00065853054537084999 -0.049971545056929891 -0.0015219324979298073 -0.092862818200391689 0.078912586844513688 0.069787872207110815 -0.0039771698731595594 -0.011614342575861809 -0.069753462126502741 -0.11430569655255297 -0.020265899487625989 -0.072449143538831168 0.07786561583011567 0.074443804353967996 -0.029054719631934102 0.10987271689709675 -0.0041121028158322102 -0.055039203615194342 0.088574012405373992 0.029875669000075031 -0.021558809704387307 0.14957648743282664 -0.095851071022071271 -0.0031848179564066392 -0.044459676849971812 0.089015772382800396 0.035745312096106527 -0.018434768268564286 0.10248621319278055
leaf_weight=763 9039 40599 67 40795 46 37 22 39 66 23 42 21 24 23 26 39 25 34 31 42 29 29 23 47 1061 78 35 509 294 92
leaf_count=763 9039 40599 67 40795 46 37 22 39 66 23 42 21 24 23 26 39 25 34 31 42 29 29 23 47 1061 78 35 509 294 92
internal_value=3.85589e-06 0.00146959 -0.00184034 -0.00176255 0.000550577 -0.0165028 -0.00676834 -0.0117499 0.0209209 -0.0259641 -0.0529029 -0.0830884 -0.00556395 0.00764153 -0.0105396 0.0123494 0.000721955 0.04424 0.00480173 0.00497123 0.00465767 0.0455886 0.0830633 0.00435978 -0.00712661 0.00562688 0.0216917 0.0355833 -0.00697117 0.0459822
internal_weight=94000 52375 41625 41558 41066 408 362 340 103 237 102 63 135 112 89 65 40658 59 11309 11278 11236 81 52 11155 1108 10047 1008 679 329 601
internal_count=94000 52375 41625 41558 41066 408 362 340 103 237 102 63 135 112 89 65 40658 59 11309 11278 11236 81 52 11155 1108 10047 1008 679 329 601
cat_boundaries=0 1
cat_threshold=8
is_linear=0
shrinkage=0.03


Tree=208
num_leaves=31
num_cat=0
split_feature=12 12 12 12 17 4 4 9 17 3 9 7 13 9 17 3 5 8 8 3 14 2 18 13 4 3 3 3 3 4
split_gain=275.73 602.12 486.187 265.47 264.563 246.647 298.408 243.882 240.708 193.817 314.807 270.497 435.874 161.565 314.497 298.55 294.757 201.998 185.247 232.168 250.663 287.757 197.947 271.66 194.277 200.7 169.048 152.836 339.092 211.652
threshold=4.5000000000000009 5.5000000000000009 1.5000000000000002 3.5000000000000004 436.50000000000006 116.50000000000001 121.50000000000001 9.0508332443805166 327.50000000000006 107.50000000000001 9.0508332443805166 6.1373175465073375 3.5000000000000004 9.8276353854748582 447.50000000000006 131.50000000000003 122.50000000000001 124.3214285714286 120.03571428571429 114.50000000000001 5.5000000000000009 109.50000000000001 17.500000000000004 22.500000000000004 113.50000000000001 108.50000000000001 115.50000000000001 113.50000000000001 104.50000000000001 131.50000000000003
decision_type=2 2 2 2 2 2 2 2 2 2 2 2 2 2 2 2 2 2 2 2 2 2 2 2 2 2 2 2 2 2
left_child=2 4 8 -4 -2 9 -7 -8 -1 11 -11 -6 -13 15 16 17 26 18 19 24 22 -22 23 -21 -10 -26 -15 28 -16 -29
right_child=1 -3 3 -5 5 6 7 -9 13 10 -12 12 -14 14 27 -17 -18 -19 -20 20 21 -23 -24 -25 25 -27 -28 29 -30 -31
leaf_value=0.00053173188456745631 0.0056951552771868953 -0.001987530443920262 -0.0047860989390839034 0.00034709394030277497 0.0094700030450590809 0.14998738719210081 0.096836156364218648 -0.031807415357192649 0.0061554039540699561 0.017796372911741031 -0.088140739559235418 -0.057093860088458022 0.052808206267585707 -0.011422563430097293 0.019147144226885553 0.1076535186822387 -0.08572755013602483 -0.077307226767485165 0.073163250083871922 -0.11657288344308016 0.067527370906720618 -0.059005037713314765 0.015309781447884094 0.0076538987410553969 0.088355003032980661 0.0075570848943239226 0.087687476231163283 -0.017518557013141724 0.1836044602969597 0.10995075154660353
leaf_weight=20015 12384 13200 27200 13600 668 28 25 28 5830 68 40 36 323 36 20 26 28 26 37 56 40 27 25 22 53 58 27 28 26 20
leaf_count=20015 12384 13200 27200 13600 668 28 25 28 5830 68 40 36 323 36 20 26 28 26 37 56 40 27 25 22 53 58 27 28 26 20
internal_value=3.74046e-06 0.00257663 -0.00102231 -0.00307496 0.00700675 0.0203602 0.0709179 0.0288851 0.00214986 0.0167436 -0.0214571 0.0207654 0.0417662 0.00722165 0.0348444 0.00639639 -0.00488439 0.00596775 0.00632166 0.00591527 -0.028639 0.01648 -0.058005 -0.0815312 0.00690501 0.0462081 0.0310773 0.0733015 0.112363 0.0356495
internal_weight=94000 26800 67200 40800 13600 1216 81 53 26400 1135 108 1027 359 6385 185 6200 91 6174 6148 6111 170 67 103 78 5941 111 63 94 46 48
internal_count=94000 26800 67200 40800 13600 1216 81 53 26400 1135 108 1027 359 6385 185 6200 91 6174 6148 6111 170 67 103 78 5941 111 63 94 46 48
is_linear=0
shrinkage=0.03


Tree=209
num_leaves=31
num_cat=9
split_feature=15 14 21 21 6 0 21 15 21 21 9 2 11 12 14 15 21 6 9 12 15 21 21 15 18 9 15 11 21 15
split_gain=275.355 288.404 792.02 254.878 260.874 339.77 240.878 236.653 567.627 547.334 350.506 287.758 314.622 290.531 224.226 219.41 504.994 411.182 218.612 213.76 217.273 849.938 336.346 347.51 269.363 215.58 213.687 341.794 243.754 213.116
threshold=20.500000000000004 11.500000000000002 0 1 125.50000000000001 129.50000000000003 2 44.500000000000007 3 4 7.9279031194456069 109.50000000000001 9.4591504782186515 3.5000000000000004 8.0000000000000018 23.500000000000004 5 84.642857142857153 9.3658838461610383 1.0000000180025095e-35 13.500000000000002 6 7 8.5000000000000018 6.5000000000000009 9.8276353854748582 5.5000000000000009 9.4591504782186515 8 7.5000000000000009
decision_type=2 2 1 1 2 2 1 2 1 1 2 2 2 2 2 2 1 2 2 2 2 1 1 2 2 2 2 2 1 2
left_child=6 3 -3 4 5 7 19 9 -9 10 14 12 18 -13 -2 16 17 -5 -11 25 22 -22 23 -21 -23 -1 27 28 -8 -27
right_child=1 2 -4 15 -6 -7 26 8 -10 11 -12 13 -14 -15 -16 -17 -18 -19 -20 20 21 24 -24 -25 -26 29 -28 -29 -30 -31
leaf_value=0.006335491243870851 0.021877354703553783 0.0072997684677939155 -0.0088494733436582131 -0.012334532225936451 -0.059709452912568933 0.1099575889725046 0.0065518412789086489 0.01277806258888772 -0.008717596605546267 0.0040783325417555723 0.068265571444726628 -0.10528070687694505 0.10077679262604824 0.023107449792295807 -0.0041266338793232542 0.0036404157822762712 0.0049715518672786398 -0.10381224503604376 -0.077134646107984137 0.011228360676739921 -0.011820350149392093 0.0059704654291366493 -0.0052751986745933066 -0.0061636071359420048 0.02105863976327808 0.0034662329349944838 -0.0048150458143585186 0.083558796794874435 -0.004674632525768399 0.1388050082636095
leaf_weight=3958 2331 4704 6496 2307 52 29 3330 2188 2215 3301 134 43 30 25 342 11040 2688 45 30 2688 2352 4668 11232 1680 1380 20 21000 45 3625 22
leaf_count=3958 2331 4704 6496 2307 52 29 3330 2188 2215 3301 134 43 30 25 342 11040 2688 45 30 2688 2352 4668 11232 1680 1380 20 21000 45 3625 22
internal_value=3.65365e-06 0.00197477 -0.0020679 0.00366436 0.00724502 0.00757902 -0.00133384 0.00729864 0.00197291 0.0110584 0.0208516 0.00297084 0.00421725 -0.0580705 0.0185491 0.00127174 -0.00391365 -0.0140307 0.00334371 0.000633909 -0.00043587 0.00345388 -0.00253055 0.0045281 0.00939845 0.00705477 -0.00330073 0.00123706 0.000702801 0.0745905
internal_weight=94000 38000 11200 26800 10720 10668 56000 10639 4403 6236 2807 3429 3361 68 2673 16080 5040 2352 3331 28000 24000 8400 15600 4368 6048 4000 28000 7000 6955 42
internal_count=94000 38000 11200 26800 10720 10668 56000 10639 4403 6236 2807 3429 3361 68 2673 16080 5040 2352 3331 28000 24000 8400 15600 4368 6048 4000 28000 7000 6955 42
cat_boundaries=0 2 4 6 8 10 12 14 16 18
cat_threshold=3459288163 25369 2967789724 55488 1889068728 178412 2422243460 49216 545546256 4288 1175520291 8984 1074824224 8200 1074824224 8200 2250311747 16656
is_linear=0
shrinkage=0.03


Tree=210
num_leaves=31
num_cat=0
split_feature=17 12 12 12 12 0 17 7 5 17 6 1 9 7 1 8 14 8 2 1 13 17 17 7 9 5 0 1 1 9
split_gain=267.089 177.62 490.248 257.015 204.003 208.731 167.931 206.449 273.136 240.633 206.453 215.395 183.889 193.198 274.626 373.384 244.407 192.018 388.264 179.692 214.413 154.688 201.617 179.285 308.847 193.197 214.771 144.511 251.823 140.893
threshold=179.50000000000003 3.5000000000000004 2.5000000000000004 5.5000000000000009 4.5000000000000009 121.50000000000001 445.50000000000006 5.3496773378446925 101.50000000000001 452.50000000000006 90.785714285714292 76.500000000000014 9.3658838461610383 10.16295794961853 88.500000000000014 90.535714285714292 1.5000000000000002 106.39285714285715 110.50000000000001 95.500000000000014 7.5000000000000009 461.50000000000006 463.50000000000006 10.636863125135021 9.3658838461610383 111.50000000000001 107.50000000000001 99.500000000000014 86.500000000000014 10.475638889657604
decision_type=2 2 2 2 2 2 2 2 2 2 2 2 2 2 2 2 2 2 2 2 2 2 2 2 2 2 2 2 2 2
left_child=-1 2 -2 4 -3 6 -6 8 10 27 11 -8 13 14 15 -11 -16 -14 -19 -18 -21 -4 -23 24 25 26 -24 28 -9 -5
right_child=1 3 21 29 5 -7 7 9 -10 12 -12 -13 17 -15 16 -17 19 18 -20 20 -22 22 23 -25 -26 -27 -28 -29 -30 -31
leaf_value=-0.0018227564256984498 0.0021237314047154979 0.0021677901447311348 -0.0077963810120024171 -0.0015340522646179451 0.0070992074134838615 0.090702924049091513 0.013785111939006448 0.062551160583044108 -0.087957898923035335 0.032078010915584113 0.10129107301456357 -0.062853707586959462 0.056524326765715178 -0.048323010172834031 -0.0067674604177000034 -0.10471978421865115 0.16567563732465107 -0.15405789507330575 0.019943912524138865 0.011155149334484768 0.12086272994154376 0.058849337785800794 0.0049852935072328824 0.089786673161520877 -0.10863379754513115 0.092494666913956816 -0.085612625339591644 0.011481606588104732 0.18943881002379886 0.045365021163132846
leaf_weight=40793 22647 7710 7172 7402 6703 28 384 48 26 168 22 36 20 24 25 20 26 20 27 29 36 64 381 20 23 21 25 22 20 58
leaf_count=40793 22647 7710 7172 7402 6703 28 384 48 26 168 22 36 20 24 25 20 26 20 27 29 36 64 381 20 23 21 25 22 20 58
internal_value=3.53022e-06 0.00140377 -0.000100184 0.00340134 0.00561606 0.00907553 0.00877542 0.0205601 0.00633556 0.0342757 0.0119077 0.00719553 0.0241659 0.0334194 0.0398963 0.0174612 0.0761846 -0.0210722 -0.0542056 0.098989 0.0720547 -0.00663633 0.00893685 0.0021228 -0.00178579 0.00398655 -0.000605717 0.0785369 0.100138 -0.00116842
internal_weight=94000 53207 30353 22854 15394 7684 7656 953 468 485 442 420 395 328 304 188 116 67 47 91 65 7706 534 470 450 427 406 90 68 7460
internal_count=94000 53207 30353 22854 15394 7684 7656 953 468 485 442 420 395 328 304 188 116 67 47 91 65 7706 534 470 450 427 406 90 68 7460
is_linear=0
shrinkage=0.03


Tree=211
num_leaves=31
num_cat=6
split_feature=15 14 21 17 5 0 5 21 6 0 21 15 21 15 21 21 15 9 17 0 2 4 2 4 10 3 3 3 6 4
split_gain=258.901 270.928 746.453 286.137 268.956 570.019 248.761 240.715 246.856 319.722 229.659 302.149 406.802 254.889 670.448 277.763 254.034 242.393 239.899 239.542 271.112 256.372 253.939 224.656 307.498 408.41 237.343 210.954 465.226 368.937
threshold=20.500000000000004 11.500000000000002 0 445.50000000000006 127.50000000000001 116.50000000000001 117.50000000000001 1 125.50000000000001 129.50000000000003 2 4.5000000000000009 3 13.500000000000002 4 5 8.5000000000000018 4.445024382187623 243.50000000000003 113.50000000000001 109.50000000000001 88.500000000000014 125.50000000000001 100.50000000000001 95.625000000000014 93.500000000000014 100.50000000000001 122.50000000000001 122.92857142857144 105.50000000000001
decision_type=2 2 1 2 2 2 2 1 2 2 1 2 1 2 1 1 2 2 2 2 2 2 2 2 2 2 2 2 2 2
left_child=10 7 3 -3 5 6 -4 8 9 -2 13 12 17 15 -15 16 19 -12 -16 20 21 -1 -21 24 25 -17 -26 29 -29 -14
right_child=1 2 4 -5 -6 -7 -8 -9 -10 -11 11 -13 27 14 18 23 -18 -19 -20 22 -22 -23 -24 -25 26 -27 -28 28 -30 -31
leaf_value=0.010434119311367349 0.0069414761134727531 0.0043905585137616271 -0.0091766710517258085 0.031341004891881893 0.073636016199986137 -0.10844803535735195 0.085457479335159889 0.0011292224612275391 -0.058247515829619657 0.1065192574938548 0.0056433570915367017 -0.0036372752992633972 -0.0041236555840321 -0.011814231110438196 0.0075010608520920162 -0.0032791475137021416 -0.0045636303074466237 0.023268376655868207 0.023301017815511069 0.10285081228789161 -0.066793554285465864 0.052806520827604141 -0.0019337453408971471 -0.045361570611942646 0.018607698898030142 -0.10179858877198902 0.14617449404504063 -0.14774709753444712 0.042739662495511234 0.057207789539765741
leaf_weight=1072 11175 4769 5936 383 35 52 25 15544 52 29 3126 34048 4343 1176 2007 6342 840 906 1521 56 37 146 33 116 35 38 21 27 20 90
leaf_count=1072 11175 4769 5936 383 35 52 25 15544 52 29 3126 34048 4343 1176 2007 6342 840 906 1521 56 37 146 33 116 35 38 21 27 20 90
internal_value=3.4482e-06 0.00191477 -0.0020035 0.00638282 -0.00914332 -0.00964208 -0.00877785 0.00355237 0.00689118 0.00720044 -0.00129347 -0.00237282 0.00268186 0.00212443 0.00775615 -0.000905306 0.0083371 0.0095812 0.0142736 0.0164641 0.0130853 0.0155196 0.0640059 -0.00399328 -0.00325271 -0.003868 0.066674 -0.00354043 -0.0667066 -0.00287655
internal_weight=94000 38000 11200 5152 6048 6013 5961 26800 11256 11204 56000 42560 8512 13440 4704 8736 2184 4032 3528 1344 1255 1218 89 6552 6436 6380 56 4480 47 4433
internal_count=94000 38000 11200 5152 6048 6013 5961 26800 11256 11204 56000 42560 8512 13440 4704 8736 2184 4032 3528 1344 1255 1218 89 6552 6436 6380 56 4480 47 4433
cat_boundaries=0 2 4 6 8 9 10
cat_threshold=3459353699 58137 2967789756 55488 1611186736 135300 2519731267 25400 1073774624 1073774624
is_linear=0
shrinkage=0.03


Tree=212
num_leaves=31
num_cat=0
split_feature=12 12 12 12 17 1 17 1 4 7 1 1 1 17 4 7 1 1 9 5 17 3 17 8 0 8 11 13 5 17
split_gain=252.561 542.458 442.183 241.601 228.219 242.516 215.803 171.658 212.688 299.562 157.43 383.507 156.337 151.115 177.231 234.235 166.173 148.322 142.991 298.861 284.382 275.749 220.692 192.368 188.158 171.338 250.026 282.133 211.82 459.769
threshold=4.5000000000000009 5.5000000000000009 1.5000000000000002 3.5000000000000004 436.50000000000006 119.50000000000001 327.50000000000006 115.50000000000001 116.50000000000001 9.4137690442801407 106.50000000000001 110.50000000000001 102.50000000000001 321.50000000000006 85.500000000000014 7.9970232557109133 63.500000000000007 73.500000000000014 9.8276353854748582 124.50000000000001 441.50000000000006 131.50000000000003 461.50000000000006 124.3214285714286 117.50000000000001 120.03571428571429 9.0823320517833874 23.500000000000004 108.50000000000001 467.50000000000006
decision_type=2 2 2 2 2 2 2 2 2 2 2 2 2 2 2 2 2 2 2 2 2 2 2 2 2 2 2 2 2 2
left_child=2 4 6 -4 -2 7 13 8 10 -10 12 -12 -6 14 15 -1 -15 -18 21 20 24 23 -22 25 -20 26 -8 28 -28 -30
right_child=1 -3 3 -5 5 -7 18 -9 9 -11 11 -13 -14 16 -16 -17 17 -19 19 -21 22 -23 -24 -25 -26 -27 27 -29 29 -31
leaf_value=0.00080945062041022371 0.0054524551634948524 -0.0018663844808402997 -0.0045686309500032529 0.00032834929900507371 0.016224776850911764 0.11537902550602501 0.0065067170900888439 -0.063759627504782229 0.16896847865919568 0.018064753920147097 -0.098301458866574612 0.060956133681458302 0.072160489673067804 -0.0026595930047514371 0.038969401905669963 -0.05802081984993674 -0.088812330914448304 -0.020468694679596253 0.056523507424096613 -0.027265045573819154 0.13656928269271046 0.10338616740429539 0.035070675335321953 -0.075605308694401005 -0.056488731106023378 0.070289180971220167 -0.00057205346606444777 0.048391152254415148 -0.1444511962085632 0.028124030058953295
leaf_weight=19541 12384 13200 27200 13600 1018 23 5982 23 20 29 33 23 47 185 109 61 48 71 28 53 45 26 34 26 25 37 36 28 45 20
leaf_count=19541 12384 13200 27200 13600 1018 23 5982 23 20 29 33 23 47 185 109 61 48 71 28 53 45 26 34 26 25 37 36 28 45 20
internal_value=3.32193e-06 0.00246574 -0.000978673 -0.00293623 0.00667066 0.0190732 0.00204654 0.0172044 0.0188039 0.0799379 0.0161221 -0.0328466 0.0187027 0.000514389 0.000838312 0.000625927 -0.0204718 -0.0481125 0.00684879 0.0328355 0.0569919 0.00607237 0.0930238 0.00566041 0.00315336 0.0060058 0.00561495 -0.035688 -0.0590515 -0.0913434
internal_weight=94000 26800 67200 40800 13600 1216 26400 1193 1170 49 1121 56 1065 20015 19711 19602 304 119 6385 185 132 6200 79 6174 53 6148 6111 129 101 65
internal_count=94000 26800 67200 40800 13600 1216 26400 1193 1170 49 1121 56 1065 20015 19711 19602 304 119 6385 185 132 6200 79 6174 53 6148 6111 129 101 65
is_linear=0
shrinkage=0.03


Tree=213
num_leaves=31
num_cat=0
split_feature=11 15 14 6 3 5 17 17 5 9 8 12 3 5 15 1 17 7 5 1 1 1 17 3 10 7 9 5 1 12
split_gain=246.267 223.446 271.662 215.968 330.53 280.05 265.304 168.095 142.45 192.919 188.846 136.449 215.376 272.847 194.898 218.453 194.897 160.289 160.799 131.728 171.536 243.481 373.288 367.609 243.724 534.77 364.541 367.265 292.14 291.025
threshold=1.3738872361173355 20.500000000000004 11.500000000000002 125.50000000000001 122.50000000000001 124.50000000000001 457.50000000000006 445.50000000000006 127.50000000000001 9.0508332443805166 112.8214285714286 3.5000000000000004 102.50000000000001 105.50000000000001 46.500000000000007 96.500000000000014 439.50000000000006 7.5372092852409223 116.50000000000001 129.50000000000003 112.50000000000001 102.50000000000001 431.50000000000006 87.500000000000014 108.94642857142858 8.858678822273097 9.0508332443805166 105.50000000000001 107.50000000000001 1.5000000000000002
decision_type=2 2 2 2 2 2 2 2 2 2 2 2 2 2 2 2 2 2 2 2 2 2 2 2 2 2 2 2 2 2
left_child=-1 19 3 4 11 6 -6 -4 9 -9 -11 -3 -13 14 15 -14 -15 -18 -19 20 21 -2 -23 -24 26 29 27 -25 -28 -26
right_child=1 2 7 -5 5 -7 -8 8 -10 10 -12 12 13 16 -16 -17 17 18 -20 -21 -22 22 23 24 25 -27 28 -29 -30 -31
leaf_value=-0.0037615278960800363 -0.00082421103553200132 0.0022175662541241824 -0.0028495963321060456 -0.056686414716525753 0.16167213553017742 -0.0109073697537491 0.02697401015015391 0.012621329392478802 0.068814114492456863 -0.11919810446340647 -0.0017618158097579097 0.0062090507358027337 0.041283140774171723 0.056518276326373809 -0.0023391346188334672 0.14497385746225752 0.042139208750091355 -0.084656412424745586 0.014848544196963803 0.036396695261866584 -0.017928429524996157 -0.021469361859755107 0.15164386839663246 0.019404429259042698 0.17072902448227759 0.0040971048649222179 0.12859285698741929 -0.055654584605141021 -0.008812892124443859 0.062965826204100864
leaf_weight=13407 46541 12967 8927 52 31 29 23 728 37 20 32 9644 34 48 23 40 27 37 24 86 517 175 21 153 33 119 35 95 23 72
leaf_count=13407 46541 12967 8927 52 31 29 23 728 37 20 32 9644 34 48 23 40 27 37 24 86 517 175 21 153 33 119 35 95 23 72
internal_value=3.23691e-06 0.000629563 0.00254015 0.00432015 0.0044589 0.0641841 0.104512 -0.00165726 0.011366 0.00862858 -0.0471293 0.00424148 0.00689823 0.0353958 0.0738123 0.0974927 0.00793974 -0.0185577 -0.0454976 -0.00067642 -0.000743282 -0.000555212 0.0166829 0.0288073 0.0239069 0.0476793 0.00648513 -0.00934677 0.0741314 0.096993
internal_weight=94000 80593 32723 22979 22927 83 54 9744 817 780 52 22844 9877 233 97 74 136 88 61 47870 47784 47267 726 551 530 224 306 248 58 105
internal_count=94000 80593 32723 22979 22927 83 54 9744 817 780 52 22844 9877 233 97 74 136 88 61 47870 47784 47267 726 551 530 224 306 248 58 105
is_linear=0
shrinkage=0.03


Tree=214
num_leaves=31
num_cat=3
split_feature=17 14 1 2 10 21 8 1 2 17 1 10 5 8 14 10 17 0 17 21 14 2 4 1 17 5 21 0 1 0
split_gain=234.148 130.525 239.681 155.533 175.584 167.692 235.601 216.421 190.532 796.073 261.451 194.827 184.764 181.303 251.363 298.082 166.226 156.193 151.448 304.631 394.296 253.014 285.872 237.525 200.195 510.808 360.063 204.169 187.612 180.273
threshold=179.50000000000003 4.5000000000000009 133.50000000000003 128.50000000000003 118.12500000000001 0 115.17857142857143 125.50000000000001 107.50000000000001 449.50000000000006 106.50000000000001 111.44642857142858 112.50000000000001 102.17857142857143 2.5000000000000004 106.66071428571429 454.50000000000006 105.50000000000001 465.50000000000006 1 2.5000000000000004 110.50000000000001 102.50000000000001 91.500000000000014 436.50000000000006 122.50000000000001 2 116.50000000000001 117.50000000000001 111.50000000000001
decision_type=2 2 2 2 2 1 2 2 2 2 2 2 2 2 2 2 2 2 2 1 2 2 2 2 2 2 1 2 2 2
left_child=-1 2 3 5 -5 7 8 18 13 17 -11 -12 -9 -7 -15 -16 -14 -10 24 20 29 22 23 -22 25 28 -26 -27 -2 -20
right_child=1 -3 -4 4 -6 6 -8 12 9 10 11 -13 16 14 15 -17 -18 -19 19 -21 21 -23 -24 -25 26 27 -28 -29 -30 -31
leaf_value=-0.001706790776149718 0.0016673801442201109 0.0028305504094194782 0.081785228000344518 0.027216858007519489 -0.073674181146035952 -0.002343213842066517 -0.10035240664201624 0.13153460447467974 -0.0030288774369622738 0.15099699771310399 -0.0098394237304555952 0.11272715791494925 -0.021263613696906256 -0.0010412824835995555 -0.13382589645273102 0.0028036292903609087 0.088524488227627277 -0.092471227879836165 -0.018369140184111385 0.0067234139186186986 -0.041866353589871209 -0.14128674089603963 0.01528457995782904 -0.14349390549080393 0.02847441382891348 -0.13920610315331788 -0.002163321982264581 -0.016814255972406756 0.089164923602099877 0.056013814465995147
leaf_weight=40793 11267 26064 32 22 52 13239 22 20 39 38 26 21 30 78 38 23 21 32 109 377 59 32 44 32 696 32 680 20 22 40
leaf_count=40793 11267 26064 32 22 52 13239 22 20 39 38 26 21 30 78 38 23 21 32 109 377 59 32 44 32 696 32 680 20 22 40
internal_value=3.16808e-06 0.00131422 -0.000141718 -0.000238831 -0.0436428 -0.000119763 -0.00247501 0.00224853 -0.00231677 0.030634 0.0925349 0.0449837 0.054454 -0.00270146 -0.0367745 -0.0823405 0.0239693 -0.0434565 0.00197318 -0.0116823 -0.0328201 -0.065498 -0.0474197 -0.0777547 0.00271764 0.00140618 0.0135236 -0.0923125 0.00183895 0.00160349
internal_weight=94000 53207 27143 27111 74 27037 13556 13481 13534 156 85 47 71 13378 139 61 51 71 13410 693 316 167 135 91 12717 11341 1376 52 11289 149
internal_count=94000 53207 27143 27111 74 27037 13556 13481 13534 156 85 47 71 13378 139 61 51 71 13410 693 316 167 135 91 12717 11341 1376 52 11289 149
cat_boundaries=0 2 4 6
cat_threshold=4053321400 176588 3229631664 41096 3498067088 45188
is_linear=0
shrinkage=0.03


Tree=215
num_leaves=31
num_cat=0
split_feature=12 12 12 12 12 17 7 5 1 3 15 1 1 2 15 3 7 17 2 17 13 9 17 5 13 9 3 7 11 4
split_gain=241.659 469.591 302.601 267.246 285.559 208.93 193.095 236.816 221.114 197.88 184.641 188.464 182.464 172.638 170.724 204.862 164.553 186.996 212.75 172.308 213.414 248.925 198.772 294.76 186.254 183.514 252.572 331.802 279.327 173.39
threshold=1.0000000180025095e-35 3.5000000000000004 2.5000000000000004 5.5000000000000009 4.5000000000000009 362.50000000000006 6.827814263660561 83.500000000000014 87.500000000000014 82.500000000000014 14.500000000000002 68.500000000000014 81.500000000000014 69.500000000000014 19.500000000000004 91.500000000000014 5.7154760664940847 478.50000000000006 72.500000000000014 364.50000000000006 6.5000000000000009 6.1950884480466195 464.50000000000006 98.500000000000014 20.500000000000004 6.1950884480466195 107.50000000000001 7.9970232557109133 7.3394635272425894 95.500000000000014
decision_type=2 2 2 2 2 2 2 2 2 2 2 2 2 2 2 2 2 2 2 2 2 2 2 2 2 2 2 2 2 2
left_child=-1 2 -2 4 -3 6 7 -6 12 10 11 -8 -9 -12 15 -11 17 -7 -19 -18 21 -21 -23 -24 25 -22 28 -28 29 -27
right_child=1 3 -4 -5 5 16 9 8 -10 14 13 -13 -14 -15 -16 -17 19 18 -20 20 24 22 23 -25 -26 26 27 -29 -30 -31
leaf_value=0.0037665586291308574 -0.0010489802232358505 0.000301086518516199 -0.0065434235468859389 -0.0018269958803449296 0.0050697101845461959 0.01111740756815331 -0.0083749367200659126 0.037965771203535309 -0.011771523048752858 -0.13298371979378196 0.0084012112274215577 0.078523131268112223 0.12749377743764356 -0.059029849363656579 -0.014672446269015106 -0.011809778782858776 0.11153490273365334 -0.0081965130961413942 -0.11731197856064285 0.056654551911240802 0.006025727827228552 -0.061346547272417874 -0.048027842112999854 0.081942338705370099 0.011554683250091102 0.052520960805473457 0.099545326308272356 -0.027621340064565087 0.099037169979396114 -0.040737533240128146
leaf_weight=13200 26800 13600 13600 13200 11028 1090 48 52 40 34 73 42 34 64 60 20 20 68 21 42 97 71 34 29 298 95 26 63 129 22
leaf_count=13200 26800 13600 13600 13200 11028 1090 48 52 40 34 73 42 34 64 60 20 20 68 21 42 97 71 34 29 298 95 26 63 129 22
internal_value=3.16996e-06 -0.000611608 -0.00289868 0.00167539 0.00337519 0.00644905 0.00485739 0.0055375 0.0464196 -0.0173751 -0.00116114 0.0321863 0.0735024 -0.0230976 -0.049605 -0.0882647 0.0151387 0.00770047 -0.0340793 0.0246042 0.0226698 -0.00696655 -0.0269572 0.0117872 0.0298191 0.0424056 0.0529256 0.00956483 0.0685906 0.0349397
internal_weight=94000 80800 40400 40400 27200 13600 11495 11154 126 341 227 90 86 137 114 54 2105 1179 89 926 906 176 134 63 730 432 335 89 246 117
internal_count=94000 80800 40400 40400 27200 13600 11495 11154 126 341 227 90 86 137 114 54 2105 1179 89 926 906 176 134 63 730 432 335 89 246 117
is_linear=0
shrinkage=0.03


Tree=216
num_leaves=31
num_cat=3
split_feature=12 12 12 12 12 21 0 2 21 7 13 0 13 3 10 0 1 6 15 21 11 11 4 7 7 13 13 6 3 9
split_gain=227.376 441.843 284.717 251.456 268.687 232.412 304.366 193.813 175.142 202.619 174.824 217.884 195.67 331.568 272.42 286.124 173.077 219.215 172.71 169.549 179.076 297.943 248.836 217.741 265.616 236.693 270.295 240.05 166.868 162.876
threshold=1.0000000180025095e-35 3.5000000000000004 2.5000000000000004 5.5000000000000009 4.5000000000000009 0 70.500000000000014 69.500000000000014 1 10.636863125135021 20.500000000000004 105.50000000000001 9.5000000000000018 100.50000000000001 99.803571428571445 100.50000000000001 102.50000000000001 102.35714285714288 47.500000000000007 2 8.1424974393772391 10.098194794630844 97.500000000000014 7.5372092852409223 6.5428987314128291 21.500000000000004 9.5000000000000018 109.50000000000001 99.500000000000014 8.3076159947654933
decision_type=2 2 2 2 2 1 2 2 1 2 2 2 2 2 2 2 2 2 2 1 2 2 2 2 2 2 2 2 2 2
left_child=19 2 -2 4 8 6 7 -6 9 -3 12 18 14 29 -8 -16 17 -10 28 20 -1 22 -22 24 -24 26 27 -25 -12 -14
right_child=1 3 -4 -5 5 -7 10 -9 16 -11 11 -13 13 -15 15 -17 -18 -19 -20 -21 21 -23 23 25 -26 -27 -28 -29 -30 -31
leaf_value=0.0066406156116398099 -0.0010175109634839819 -0.0035608526833279548 -0.0063471222716130525 -0.0017721864151190986 0.010122348638815127 0.0036738429036943855 0.041363904231376099 -0.025783834855694621 0.0026675216996771773 -0.074888946338043313 -0.0078662576829137791 -0.064382693419694145 0.028440444661230135 0.12238895128880228 -0.12385440759607964 0.016678382765687453 0.030815284292658625 -0.062237218080242726 0.07750858795726695 0.00087028182200223298 -0.031468475161002714 -0.046920846193774131 0.045329957290230344 0.13583158274169091 0.19654862376680304 0.10708112259650823 -0.034542009246711351 -0.0059695245525730181 0.070621108710765837 0.10815063948148511
leaf_weight=5048 26800 5132 13600 13200 3269 9520 144 141 8189 36 128 31 158 58 21 34 196 47 39 7920 30 35 21 23 21 36 46 20 30 27
leaf_count=5048 26800 5132 13600 13200 3269 9520 144 141 8189 36 128 31 158 58 21 34 196 47 39 7920 30 35 21 23 21 36 46 20 30 27
internal_value=3.08251e-06 -0.00059325 -0.00281172 0.00162515 0.00327397 0.00625564 0.0122399 0.00863607 0.000292054 -0.0040519 0.0307557 0.00939637 0.0417622 0.0598277 0.0196682 -0.0370525 0.00295615 0.00229602 0.0210483 0.00365356 0.00781138 0.0335953 0.047932 0.0622238 0.121298 0.0422699 0.0159297 0.0699471 0.00705267 0.0401422
internal_weight=94000 80800 40400 40400 27200 13600 4080 3410 13600 5168 670 228 442 243 199 55 8432 8236 197 13200 5280 232 197 167 42 125 89 43 158 185
internal_count=94000 80800 40400 40400 27200 13600 4080 3410 13600 5168 670 228 442 243 199 55 8432 8236 197 13200 5280 232 197 167 42 125 89 43 158 185
cat_boundaries=0 2 4 6
cat_threshold=1209200768 141512 1275552146 76225 3901490352 162024
is_linear=0
shrinkage=0.03


Tree=217
num_leaves=31
num_cat=9
split_feature=15 15 21 21 14 14 17 17 11 2 21 17 21 5 4 21 5 1 2 21 15 21 15 21 7 21 15 4 10 5
split_gain=224.134 247.72 1285.72 535.839 833.974 650.327 420.76 447.586 567.432 381.673 376 269.109 267.914 309.903 277.814 266.545 257.986 253.378 223.604 207.612 282.633 382.91 240.205 632.183 268.548 257.581 238.782 218.597 287.182 230.553
threshold=20.500000000000004 46.500000000000007 0 1 8.0000000000000018 8.0000000000000018 348.50000000000006 450.50000000000006 8.3296419978818488 110.50000000000001 2 445.50000000000006 3 112.50000000000001 92.500000000000014 4 126.50000000000001 115.50000000000001 54.500000000000007 5 4.5000000000000009 6 13.500000000000002 7 3.5456210417117142 8 8.5000000000000018 100.50000000000001 95.625000000000014 98.500000000000014
decision_type=2 2 1 1 2 2 2 2 2 2 1 2 1 2 2 1 2 2 2 1 2 1 2 1 2 1 2 2 2 2
left_child=19 3 16 5 10 6 -2 8 -8 -9 -5 -4 18 14 -14 -7 17 -3 -6 22 21 -21 25 -24 -25 26 -1 28 29 -27
right_child=1 2 11 4 12 15 7 9 -10 -11 -12 -13 13 -15 -16 -17 -18 -19 -20 20 -22 -23 23 24 -26 27 -28 -29 -30 -31
leaf_value=0.01588404809407019 0.0114321847116648 -0.0094224968269912921 0.0057189958022583007 0.00044253698443747169 0.012174449235343721 0.0088722605073794977 0.037160128769032269 0.011396308311827124 0.13960974402883 -0.11047667031506618 -0.012886005440306346 0.028053880265082549 0.0039803524233149633 -0.11026081228708204 0.086680632093845994 -0.0083000500887279744 0.069336555688529006 -0.064078806235458613 0.035620921916463918 0.010969941654226191 -0.0034528440403096103 -0.0022052153281927815 -0.011490393625746637 0.0083701333370802891 0.026318226464632472 -0.0033738545207108463 -0.0045025531821649744 -0.044675336818497162 0.064438969451475911 -0.094480585534259143
leaf_weight=1344 4867 7950 8220 3808 1130 1368 746 294 52 25 3808 516 2526 21 37 1976 37 77 542 3136 34048 5376 1176 2445 1083 6355 840 116 56 25
leaf_count=1344 4867 7950 8220 3808 1130 1368 746 294 52 25 3808 516 2526 21 37 1976 37 77 542 3136 34048 5376 1176 2445 1083 6355 840 116 56 25
internal_value=3.02285e-06 0.00178139 -0.000939432 0.00393764 -0.000293369 0.00931316 0.0152446 0.0318508 0.0438565 0.0018041 -0.00623776 0.00703083 0.0103425 0.00421885 0.00517874 -0.00127235 -0.00957108 -0.00994796 0.0196608 -0.00120367 -0.00222992 0.00265881 0.00204601 0.00751309 0.0138419 -0.000895167 0.00800517 -0.0038688 -0.00313818 -0.0037328
internal_weight=94000 38000 16800 21200 11872 9328 5984 1117 798 319 7616 8736 4256 2584 2563 3344 8064 8027 1672 56000 42560 8512 13440 4704 3528 8736 2184 6552 6436 6380
internal_count=94000 38000 16800 21200 11872 9328 5984 1117 798 319 7616 8736 4256 2584 2563 3344 8064 8027 1672 56000 42560 8512 13440 4704 3528 8736 2184 6552 6436 6380
cat_boundaries=0 2 4 6 8 10 12 14 15 16
cat_threshold=835609368 204006 820798108 137446 218306818 99841 3255862306 24584 14680204 2144 1611186736 135300 2251295809 24872 1073774624 1073774624
is_linear=0
shrinkage=0.03


Tree=218
num_leaves=31
num_cat=6
split_feature=11 14 21 14 14 21 21 14 14 21 21 7 2 1 4 0 13 21 1 1 4 7 17 2 1 7 17 10 13 2
split_gain=218.177 162.837 649.276 1672.13 484.741 548.592 458.831 1128.08 397.041 473.494 379.587 263.255 220.557 215.979 209.693 201.999 347.124 199.097 215.645 329.837 280.776 268.982 259.626 232.632 226.208 243.339 196.532 194.87 274.482 418.463
threshold=1.3738872361173355 5.5000000000000009 0 8.0000000000000018 8.0000000000000018 1 2 3.5000000000000004 1.5000000000000002 3 4 3.6449573777639537 96.500000000000014 72.500000000000014 131.50000000000003 102.50000000000001 4.5000000000000009 5 102.50000000000001 97.500000000000014 93.500000000000014 6.827814263660561 466.50000000000006 94.500000000000014 110.50000000000001 8.182443458550706 459.50000000000006 64.410714285714292 17.500000000000004 82.500000000000014
decision_type=2 2 1 2 2 1 1 2 2 1 1 2 2 2 2 2 2 1 2 2 2 2 2 2 2 2 2 2 2 2
left_child=-1 6 3 13 5 27 7 -2 9 15 14 -9 -7 -3 -6 -8 -17 18 19 -10 -20 -22 24 -21 25 -23 -15 -4 -29 -30
right_child=1 2 4 -5 10 12 8 11 17 -11 -12 -13 -14 26 -16 16 -18 -19 20 23 21 22 -24 -25 -26 -27 -28 28 29 -31
leaf_value=-0.0035406606270003355 -0.0028481204374819578 0.014621634862443915 0.0052845548014328362 -0.0092962495336321848 0.014410292147475877 -0.010935495322455854 0.0096375224748590886 0.0099331679139838622 -2.552208701396872e-05 -0.0033724381687614143 0.0044710322386143208 0.023644168037455508 -0.065748737035524349 0.058088106700429236 0.10918942398087109 0.14213885886915797 0.025352577441660092 -0.0052598557867358188 0.13427002081656342 0.019292074878830716 0.087302443469849014 -0.013613287057921784 -0.077307860269615503 -0.096227676737605974 -0.019701227678865341 0.1175540614573755 -0.00062068387844455572 0.019936313535368289 0.0064601042071079241 0.18945520281404643
leaf_weight=13407 8098 2496 1345 9023 5618 2249 3701 3626 8339 4040 7672 1933 68 199 21 26 189 21301 21 22 40 21 31 54 59 32 69 255 22 23
leaf_count=13407 8098 2496 1345 9023 5618 2249 3701 3626 8339 4040 7672 1933 68 199 21 26 189 21301 21 22 40 21 31 54 59 32 69 255 22 23
internal_value=2.8925e-06 0.000592419 0.00238817 -0.0030396 0.00609046 -0.00311711 -0.000420169 0.00429212 -0.00211994 0.00383576 0.00883588 0.0147017 -0.0124943 0.0173726 0.0147396 0.0112528 0.039549 -0.00370444 0.000145225 -0.000593266 0.0306152 0.0186371 -0.00059659 -0.0627669 0.0206593 0.0655978 0.042967 0.0101034 0.0320258 0.10027
internal_weight=94000 80593 29060 11787 17273 3962 51533 13657 37876 7956 13311 5559 2317 2764 5639 3916 215 29920 8619 8415 204 183 143 76 112 53 268 1645 300 45
internal_count=94000 80593 29060 11787 17273 3962 51533 13657 37876 7956 13311 5559 2317 2764 5639 3916 215 29920 8619 8415 204 183 143 76 112 53 268 1645 300 45
cat_boundaries=0 2 4 6 8 10 12
cat_threshold=822895384 203975 214044806 33312 822632976 135364 3325135969 24856 3257959456 24840 12845452 68610
is_linear=0
shrinkage=0.03


Tree=219
num_leaves=31
num_cat=4
split_feature=12 12 12 12 12 21 17 13 13 5 21 13 3 17 21 7 1 5 13 14 6 21 17 17 17 6 6 10 3 7
split_gain=214.569 415.612 268.563 235.134 253.199 215.745 238.715 325.839 418.182 288.852 262.775 199.44 178.549 233.58 163.798 193.121 157.477 198.283 186.56 362.051 180.466 155.454 198.695 216.193 245.72 191.959 311.223 338.543 196.769 198.325
threshold=1.0000000180025095e-35 3.5000000000000004 2.5000000000000004 5.5000000000000009 4.5000000000000009 0 367.50000000000006 27.500000000000004 7.5000000000000009 84.500000000000014 1 20.500000000000004 99.500000000000014 468.50000000000006 2 10.636863125135021 103.50000000000001 112.50000000000001 13.500000000000002 4.5000000000000009 102.35714285714288 3 483.50000000000006 478.50000000000006 473.50000000000006 114.35714285714288 111.35714285714288 108.94642857142858 113.50000000000001 8.3978450500995958
decision_type=2 2 2 2 2 1 2 2 2 2 1 2 2 2 1 2 2 2 2 2 2 1 2 2 2 2 2 2 2 2
left_child=21 2 -2 4 14 6 -6 8 9 -8 11 -10 -11 -14 15 -3 20 18 19 -18 -16 22 23 24 25 26 27 28 29 -1
right_child=1 3 -4 -5 5 -7 7 -9 10 12 -12 -13 13 -15 16 -17 17 -19 -20 -21 -22 -23 -24 -25 -26 -27 -28 -29 -30 -31
leaf_value=0.0059406977792691041 -0.00098551592613132307 -0.0034466557806298696 -0.0061617289942016819 -0.0017101630539925381 0.0088851268920442181 0.0035763063265295677 0.036283607671056137 -0.027886855284310157 0.12854073200379551 -0.097055087011899341 0.033345132619987408 0.042220915250289127 -0.064025608640292594 0.072029443098537954 0.0026041667996848763 -0.073082988601064422 0.086109901808851474 -0.010191586420662077 0.084980114027333825 -0.084067468202509585 -0.052366564542110222 0.00088375028246723589 0.076736164116313205 -0.070554707554108073 0.087808566546160455 0.059014967724610054 -0.089814468192499733 0.12981603780789164 -0.070025406859790376 0.04390240683717863
leaf_weight=4907 26800 5132 13600 13200 3494 9520 89 77 79 32 228 35 26 20 8195 36 24 68 70 21 54 7920 37 32 34 63 30 20 30 127
leaf_count=4907 26800 5132 13600 13200 3494 9520 89 77 79 32 228 35 26 20 8195 36 24 68 70 21 54 7920 37 32 34 63 30 20 30 127
internal_value=2.81806e-06 -0.000576475 -0.00272809 0.00157507 0.00316948 0.00606394 0.0118297 0.0295787 0.0382815 -0.000615652 0.0572786 0.0938963 -0.0427496 -0.00477823 0.000274776 -0.00392613 0.00285117 0.030374 0.0543747 0.00661696 0.00224332 0.003549 0.00753028 0.00705423 0.00753273 0.00700326 0.00636079 0.00693065 0.00644218 0.00689986
internal_weight=94000 80800 40400 40400 27200 13600 4080 586 509 167 342 114 78 46 13600 5168 8432 183 115 45 8249 13200 5280 5243 5211 5177 5114 5084 5064 5034
internal_count=94000 80800 40400 40400 27200 13600 4080 586 509 167 342 114 78 46 13600 5168 8432 183 115 45 8249 13200 5280 5243 5211 5177 5114 5084 5064 5034
cat_boundaries=0 2 4 6 8
cat_threshold=1209200768 141512 1073778816 64 1275552146 76225 3901490352 162024
is_linear=0
shrinkage=0.03


Tree=220
num_leaves=31
num_cat=5
split_feature=11 15 15 21 5 0 2 17 21 15 21 15 21 21 9 15 4 9 12 7 1 13 13 5 9 4 1 7 15 2
split_gain=203.88 168.156 255.917 681.385 221.96 258.498 211.346 259.352 164.806 335.29 377.041 332.097 404.425 200.13 230.373 199.918 206.476 295.936 320.481 303.969 233.788 220.668 217.768 187.399 231.476 281.2 219.904 183.832 169.67 321.945
threshold=1.5735915849388873 20.500000000000004 48.500000000000007 0 127.50000000000001 116.50000000000001 110.50000000000001 455.50000000000006 1 4.5000000000000009 2 12.500000000000002 3 4 7.9279031194456069 9.5000000000000018 88.500000000000014 8.1208252006986523 2.5000000000000004 8.182443458550706 93.500000000000014 11.500000000000002 18.500000000000004 117.50000000000001 7.607471746488863 71.500000000000014 92.500000000000014 3.5456210417117142 15.500000000000002 94.500000000000014
decision_type=2 2 2 1 2 2 2 2 1 2 1 2 1 1 2 2 2 2 2 2 2 2 2 2 2 2 2 2 2 2
left_child=-1 8 -3 -4 5 6 -5 -8 11 10 -10 13 28 15 -15 16 20 19 21 -18 -2 -19 -20 24 25 -17 -26 -14 -13 -30
right_child=1 2 3 4 -6 -7 7 -9 9 -11 -12 12 27 14 -16 23 17 18 22 -21 -22 -23 -24 -25 26 -27 -28 -29 29 -31
leaf_value=-0.0027391722591279788 0.010959852440960385 0.0042292258619860169 0.0073677841257975855 -0.0098623537995219772 0.056910907051912166 -0.06798844542173825 0.10531931287426258 -0.013476129460894118 0.011734701902462607 -0.0030099600543614779 -0.0024555910161080342 0.0079431735710494434 0.008528461537640664 -0.0029811037480486201 -0.03723769334521794 -0.0052005906566190245 0.048872471891538927 -0.0068077936110558443 0.00023138923995954746 0.16874925445987884 -0.085922292873456874 0.11479115220291591 -0.11598596772151207 -0.091858773488721415 0.0070098867795753235 -0.096958938376006915 0.12491222909417761 0.022831300921574489 -0.010403152479908633 -0.079156614370357134
leaf_weight=19374 753 21282 3990 4726 45 68 32 34 3284 26755 3448 336 2206 5057 183 210 80 23 52 25 23 32 20 24 44 35 21 1278 490 70
leaf_count=19374 753 21282 3990 4726 45 68 32 34 3284 26755 3448 336 2206 5057 183 210 80 23 52 25 23 32 20 24 44 35 21 1278 490 70
internal_value=2.8641e-06 0.00071478 0.00244311 -0.00182996 -0.00930858 -0.00994265 -0.00911693 0.0441485 -0.000458544 -0.00150366 0.00448012 0.00273269 0.00913622 -0.00152402 -0.00417077 0.00877354 0.015505 0.0403342 0.00948287 0.0775765 0.00807378 0.0639662 -0.0321257 -0.0112688 -0.00499232 -0.0183554 0.0452809 0.013737 -0.00880451 -0.0190153
internal_weight=94000 74626 30177 8895 4905 4860 4792 66 44449 33487 6732 10962 4380 6582 5240 1342 1008 232 127 105 776 55 72 334 310 245 65 3484 896 560
internal_count=94000 74626 30177 8895 4905 4860 4792 66 44449 33487 6732 10962 4380 6582 5240 1342 1008 232 127 105 776 55 72 334 310 245 65 3484 896 560
cat_boundaries=0 2 4 6 7 8
cat_threshold=3459484771 25369 1627963920 135300 2519731299 25384 1073774592 1073774592
is_linear=0
shrinkage=0.03


Tree=221
num_leaves=31
num_cat=2
split_feature=16 10 21 5 10 15 4 3 5 3 15 4 18 6 3 4 7 15 4 5 6 0 0 6 7 21 5 8 6 5
split_gain=195.254 183.542 180.171 288.866 260.505 325.416 310.098 250.004 199.528 212.743 183.13 223.406 162.07 295.868 198.295 244.494 348.074 266.618 262.118 186.726 162.476 153.383 152.12 147.346 218.98 143.127 152.783 202.435 137.984 158.007
threshold=1.0000000180025095e-35 14.553571428571431 0 135.50000000000003 113.87500000000001 49.500000000000007 115.50000000000001 120.50000000000001 125.50000000000001 116.50000000000001 24.500000000000004 118.50000000000001 18.500000000000004 85.928571428571445 102.50000000000001 115.50000000000001 6.827814263660561 46.500000000000007 110.50000000000001 111.50000000000001 81.642857142857153 107.50000000000001 119.50000000000001 82.214285714285737 8.3978450500995958 1 76.500000000000014 73.607142857142875 95.214285714285737 110.50000000000001
decision_type=2 2 1 2 2 2 2 2 2 2 2 2 2 2 2 2 2 2 2 2 2 2 2 2 2 1 2 2 2 2
left_child=1 -1 3 4 8 6 -6 -8 9 10 11 -2 14 20 -4 17 -17 18 19 -16 -14 -11 -9 25 28 26 27 -12 -25 -30
right_child=2 -3 12 -5 5 -7 7 22 -10 21 23 -13 13 -15 15 16 -18 -19 -20 -21 -22 -23 -24 24 -26 -27 -28 -29 29 -31
leaf_value=-0.0058752414905780008 0.0026800486060798651 -0.00037034077453067487 0.00044322222078436307 -0.096028192138291932 -0.057714788791175191 0.13789645837461814 0.11177574882198456 -0.021435242434012347 -0.079284341857727786 0.10971919371836208 0.023869526721859501 -0.092866177382748313 0.015201625807918633 0.0789670270726468 -0.026511761391828505 0.10126162270778219 -0.026394878231586379 -0.12227630975504 -0.1049706262042842 0.079338455947477418 -0.073810088004546137 0.011055697961487013 0.063788182202322394 0.062080089241460801 -0.01125581262201319 0.0047436125716735873 0.09296332798320868 -0.073470362567189904 -0.0046710578239078232 0.09028101673766746
leaf_weight=5984 6343 61216 17217 25 32 27 37 42 25 30 439 22 147 66 59 27 66 36 29 20 21 27 34 155 84 1650 27 20 73 20
leaf_count=5984 6343 61216 17217 25 32 27 37 42 25 30 439 22 147 66 59 27 66 36 29 20 21 27 34 155 84 1650 27 20 73 20
internal_value=2.83157e-06 -0.000860592 0.00216794 0.00559224 0.00587936 0.0424403 0.0245623 0.047919 0.00517317 0.0054119 0.00503835 0.00234788 0.000400326 0.0251964 6.7808e-05 -0.0271804 0.0107034 -0.0516583 -0.0279999 0.000314259 0.00402003 0.0631376 0.0166853 0.0119755 0.0305697 0.00908269 0.0232285 0.0196065 0.0447473 0.0157916
internal_weight=94000 67200 26800 9112 9087 172 145 113 8915 8890 8833 6365 17688 234 17454 237 93 144 108 79 168 57 76 2468 332 2136 486 459 248 93
internal_count=94000 67200 26800 9112 9087 172 145 113 8915 8890 8833 6365 17688 234 17454 237 93 144 108 79 168 57 76 2468 332 2136 486 459 248 93
cat_boundaries=0 2 4
cat_threshold=3226660993 155848 5275648 8192
is_linear=0
shrinkage=0.03


Tree=222
num_leaves=31
num_cat=3
split_feature=12 12 12 12 12 21 0 3 13 0 13 17 17 17 11 3 15 21 7 7 17 17 17 7 15 15 2 9 21 9
split_gain=204.977 379.906 252.789 224.455 229.986 196.896 265.783 184.377 181.666 201.352 184.067 531.927 264.154 207.988 239.266 164.614 159.475 153.699 192.29 155.029 338.407 183.552 200.429 167.08 290.458 660.793 287.203 173.671 220.288 200.15
threshold=1.0000000180025095e-35 3.5000000000000004 2.5000000000000004 5.5000000000000009 4.5000000000000009 0 70.500000000000014 75.500000000000014 20.500000000000004 105.50000000000001 9.5000000000000018 362.50000000000006 369.50000000000006 473.50000000000006 7.9365873011904506 99.500000000000014 47.500000000000007 1 10.636863125135021 9.4137690442801407 473.50000000000006 457.50000000000006 444.50000000000006 8.3978450500995958 10.500000000000002 24.500000000000004 84.500000000000014 7.205385653633134 2 7.7629721282338009
decision_type=2 2 2 2 2 1 2 2 2 2 2 2 2 2 2 2 2 1 2 2 2 2 2 2 2 2 2 2 1 2
left_child=-1 2 -2 4 17 6 7 -6 10 15 12 -12 -8 14 -14 16 -10 18 -3 23 21 22 -21 27 -25 26 -26 -19 -29 -30
right_child=1 3 -4 -5 5 -7 8 -9 9 -11 11 -13 13 -15 -16 -17 -18 19 -20 20 -22 -23 -24 24 25 -27 -28 28 29 -31
leaf_value=0.0034687833086552034 -0.00092991632459679772 -0.0034792686702639296 -0.0059518211827316609 -0.0017161403452134784 0.0088635922558647114 0.0033203104100517564 0.064232922978440868 -0.039256427664967154 -0.0099398205305281304 -0.06422157824135287 0.0018966687051240165 0.092471856780095368 0.002107401782848749 0.04826371837923997 -0.10208486940897382 0.075829226260700378 0.062880411109616688 0.0019443775057293054 -0.077152153614246946 0.01378755984501749 0.14727724580622431 -0.050015970979418067 0.11920938503719977 0.020468830025759759 -0.071276952666895724 0.030686983896796298 -0.22525606040141027 0.057511918574417592 0.035358677335772748 -0.038802315546952418
leaf_weight=13200 26800 4864 13600 13200 3601 9248 72 73 131 31 96 149 58 41 30 36 34 8177 32 85 20 30 20 57 23 34 21 106 68 63
leaf_count=13200 26800 4864 13600 13200 3601 9248 72 73 131 31 96 149 58 41 30 36 34 8177 32 85 20 30 20 57 23 34 21 106 68 63
internal_value=2.76781e-06 -0.000563429 -0.00262054 0.00149361 0.0030514 0.00580999 0.0110666 0.00790562 0.0283507 0.00679989 0.0395502 0.0570087 0.0182373 -0.00744133 -0.0334542 0.0177949 0.00507639 0.000292566 -0.00395489 0.00268358 0.0324128 0.0152772 0.0339908 0.00214699 -0.030949 -0.06854 -0.145179 0.00267872 0.0279909 -0.00026577
internal_weight=94000 80800 40400 40400 27200 13600 4352 3674 678 232 446 245 201 129 88 201 165 13600 4896 8704 155 135 105 8549 135 78 44 8414 237 131
internal_count=94000 80800 40400 40400 27200 13600 4352 3674 678 232 446 245 201 129 88 201 165 13600 4896 8704 155 135 105 8549 135 78 44 8414 237 131
cat_boundaries=0 2 4 6
cat_threshold=1209725056 141512 1275543954 76225 10518560 32800
is_linear=0
shrinkage=0.03


Tree=223
num_leaves=31
num_cat=3
split_feature=12 12 12 12 12 21 0 2 13 11 21 13 17 7 11 6 17 17 2 6 5 21 0 14 9 15 2 5 7 2
split_gain=192.84 357.538 237.849 211.254 216.301 185.902 237.178 227.917 160.105 256.39 188.97 510.545 364.509 215.522 210.609 184.281 292.467 159.841 152.489 282.7 273.038 298.959 260.009 247.089 201.986 191.486 175.129 161.477 314.143 186.176
threshold=1.0000000180025095e-35 3.5000000000000004 2.5000000000000004 5.5000000000000009 4.5000000000000009 0 69.500000000000014 71.500000000000014 27.500000000000004 8.3296419978818488 1 12.500000000000002 354.50000000000006 8.6175346157400448 7.7517705777420378 95.214285714285737 359.50000000000006 357.50000000000006 118.50000000000001 109.50000000000001 84.500000000000014 2 92.500000000000014 1.5000000000000002 9.8276353854748582 16.500000000000004 98.500000000000014 86.500000000000014 6.827814263660561 79.500000000000014
decision_type=2 2 2 2 2 1 2 2 2 2 1 2 2 2 2 2 2 2 2 2 2 1 2 2 2 2 2 2 2 2
left_child=-1 2 18 4 -3 6 7 -6 10 15 11 14 -13 -14 -8 16 -10 -9 20 -20 22 24 26 -21 -22 -24 -2 28 -23 -29
right_child=1 3 -4 -5 5 -7 8 17 9 -11 -12 12 13 -15 -16 -17 -18 -19 19 23 21 27 25 -25 -26 -27 -28 29 -30 -31
leaf_value=0.0033647205861070941 -0.0013314007115253139 0.00028505542024492625 -0.0057732678733310692 -0.0016646565071521656 0.0085361815527345754 0.0029921789427429821 -0.01771854069068847 -0.061113973507293272 0.045300336311007064 -0.090359599521790429 0.040763485175301845 -0.014175457315039925 0.054289813670901341 0.16219579259296515 -0.11557254860981803 0.089523544803068233 -0.07553901265157717 0.011703757844441796 -0.11162655039546415 0.04986525440358288 0.020161406112660402 -0.012576803359871276 -0.12108912278865944 -0.0272743900738305 0.08291225405975175 -0.024080977020920186 0.077950322015351986 0.061120687189013943 0.10030017519325722 -0.011955023276932873
leaf_weight=13200 24855 13600 13600 13200 3936 8704 74 73 41 26 480 57 61 23 27 23 32 43 29 46 787 53 26 197 49 62 25 33 38 600
leaf_count=13200 24855 13600 13600 13200 3936 8704 74 73 41 26 480 57 61 23 27 23 32 43 29 46 787 53 26 197 49 62 25 33 38 600
internal_value=2.88592e-06 -0.000546291 -0.00254193 0.00144927 0.00296056 0.00563582 0.0103077 0.0073138 0.0247972 -0.00696437 0.0301684 0.00715372 0.0443261 0.0840289 -0.0439956 0.0156611 -0.00766017 -0.0341085 -0.000902019 -0.0232463 -0.000672716 0.0115028 -0.00143361 -0.012645 0.0235705 -0.0528814 -0.0012513 -0.00271694 0.0345841 -0.0081316
internal_weight=94000 80800 40400 40400 27200 13600 4896 4052 844 122 722 242 141 84 101 96 73 116 26800 272 26528 1560 24968 243 836 88 24880 724 91 633
internal_count=94000 80800 40400 40400 27200 13600 4896 4052 844 122 722 242 141 84 101 96 73 116 26800 272 26528 1560 24968 243 836 88 24880 724 91 633
cat_boundaries=0 2 4 6
cat_threshold=1209725088 157896 1048704 24584 15761568 53296
is_linear=0
shrinkage=0.03


Tree=224
num_leaves=31
num_cat=0
split_feature=17 8 12 12 12 11 2 4 9 11 8 7 3 13 13 7 11 5 4 2 0 3 8 8 0 4 18 9 7 17
split_gain=190.13 118.307 111.888 346.673 176.161 143.622 191.634 242.593 208.881 240.534 176.253 243.984 393.493 279.976 421.944 240.424 223.809 217.497 260.48 290.242 350.571 269.831 212.493 282.944 295.812 188.933 185.488 181.8 172.087 152.613
threshold=179.50000000000003 8.8214285714285747 3.5000000000000004 1.5000000000000002 5.5000000000000009 8.3296419978818488 109.50000000000001 112.50000000000001 8.5292000062874109 7.6084313436699329 124.3214285714286 8.3978450500995958 120.50000000000001 17.500000000000004 24.500000000000004 11.613825507746741 10.098194794630844 104.50000000000001 102.50000000000001 99.500000000000014 122.50000000000001 126.50000000000001 110.60714285714288 100.75000000000001 95.500000000000014 117.50000000000001 16.500000000000004 9.3658838461610383 6.9247657687737716 445.50000000000006
decision_type=2 2 2 2 2 2 2 2 2 2 2 2 2 2 2 2 2 2 2 2 2 2 2 2 2 2 2 2 2 2
left_child=1 -1 3 5 -4 6 7 -2 9 -8 11 12 13 22 -15 17 -17 26 -19 -20 25 27 23 24 -7 -21 29 -22 -9 -13
right_child=2 -3 4 -5 -6 10 8 28 -10 -11 -12 15 -14 14 -16 16 -18 18 19 20 21 -23 -24 -25 -26 -27 -28 -29 -30 -31
leaf_value=-0.013318622308642747 0.0026747769708586264 -0.0013162656300004789 0.0046033513266144598 -0.0031704976643082057 -0.0010134379677453572 0.115219642896928 -0.0089204757883376683 0.011726755718904662 0.022091633967150033 -0.12741452837638623 -0.030648421734427483 0.1122737523962889 0.14442485482614731 -0.088245889387194104 0.057817314012437802 0.11018259924701136 -0.010065588388446864 -0.11414341679747173 0.05668539971443607 -0.039116068792711824 0.0224016458433349 0.097700047457919395 -0.012498433695993388 0.13720915552565779 -0.039195690359252376 -0.15314639085679627 -0.029989811749475903 -0.086103823619534767 0.12205641807238947 0.016463229421810846
leaf_weight=753 14191 40040 15394 15391 7460 20 29 25 32 33 62 30 32 36 35 35 23 24 45 29 31 22 28 43 25 24 27 25 26 30
leaf_count=753 14191 40040 15394 15391 7460 20 29 25 32 33 62 30 32 36 35 35 23 24 45 29 31 22 28 43 25 24 27 25 26 30
internal_value=2.94279e-06 -0.00153792 0.00118436 -9.28464e-06 0.00276979 0.00324237 0.00262785 0.00290997 -0.0400411 -0.0721418 0.0173079 0.0225895 0.0473499 0.0306538 -0.0162207 0.00685413 0.0625111 -0.00440103 -0.0216332 -0.00894343 -0.0315366 0.00889445 0.0593593 0.0822454 0.0294701 -0.0910001 0.035158 -0.026052 0.0681607 0.0645255
internal_weight=94000 40793 53207 30353 22854 14962 14336 14242 94 62 626 564 219 187 71 345 58 287 200 176 131 78 116 88 45 53 87 56 51 60
internal_count=94000 40793 53207 30353 22854 14962 14336 14242 94 62 626 564 219 187 71 345 58 287 200 176 131 78 116 88 45 53 87 56 51 60
is_linear=0
shrinkage=0.03


Tree=225
num_leaves=31
num_cat=3
split_feature=15 15 21 21 10 7 1 3 10 0 3 15 9 8 17 17 21 0 0 5 1 17 17 3 7 12 9 3 1 17
split_gain=187.338 232.586 279.841 176.941 172.772 199.076 172.287 225.583 396.15 295.727 269.517 171.322 278.381 216.117 271.47 232.463 184.905 196.458 174.215 319.285 418.282 229.067 333.273 180.598 175.733 168.25 262.043 262.207 167.806 164.856
threshold=20.500000000000004 50.500000000000007 0 1 70.517857142857153 7.1647284200681689 131.50000000000003 122.50000000000001 123.83928571428574 107.50000000000001 120.50000000000001 6.5000000000000009 7.9279031194456069 115.17857142857143 450.50000000000006 462.50000000000006 2 109.50000000000001 107.50000000000001 113.50000000000001 104.50000000000001 442.50000000000006 455.50000000000006 110.50000000000001 9.1182705127045125 1.0000000180025095e-35 9.8276353854748582 114.50000000000001 90.500000000000014 427.50000000000006
decision_type=2 2 1 1 2 2 2 2 2 2 2 2 2 2 2 2 1 2 2 2 2 2 2 2 2 2 2 2 2 2
left_child=3 4 -3 6 5 -2 7 10 9 -9 25 12 16 14 29 -15 17 -5 19 -13 -21 23 -23 -20 -24 26 27 -1 -18 -14
right_child=1 2 -4 11 -6 -7 -8 8 -10 -11 -12 18 13 15 -16 -17 28 -19 21 20 -22 22 24 -25 -26 -27 -28 -29 -30 -31
leaf_value=0.0064674475937575296 0.0020004465322798985 0.0041947965196292925 -0.0094758205492038936 0.0050290862947726962 0.0082889874066922522 -0.024673129940238354 0.063583777802222227 0.038268813148363306 0.045566823433732126 -0.089131845328643267 0.087645236000279389 -0.0041721412242844156 0.065755919430760423 0.034625991470231786 0.10188045384438424 -0.091455589203692192 -0.0039176138094854677 -0.070643624612085315 -0.029155150982832986 0.16491267931925788 -0.017683318680767557 0.068440336388763692 -0.11271087968003206 -0.13617813933755935 -0.0029709903941941011 -0.00030668150549876877 0.10125401070748252 -0.097164994921889236 -0.084999856693404069 -0.043044053370925192
leaf_weight=3744 27956 2240 3360 4220 4190 254 39 20 39 89 32 20196 24 38 66 20 4288 31 28 23 22 33 24 29 29 22869 26 22 23 26
leaf_count=3744 27956 2240 3360 4220 4190 254 39 20 39 89 32 20196 24 38 66 20 4288 31 28 23 22 33 24 29 29 22869 26 22 23 26
internal_value=2.86141e-06 0.00162871 -0.00401649 -0.00110034 0.00260453 0.00176009 0.000654939 0.000563399 -0.0363591 -0.0657144 0.000768365 -0.00271999 0.000793738 0.038349 0.0619773 -0.00888136 2.97373e-05 0.00446439 -0.00422735 -0.00399397 0.0757357 -0.0372149 -0.00624173 -0.0838011 -0.0528397 0.000663649 0.00651622 0.00585869 -0.00434279 0.00914706
internal_weight=94000 38000 5600 56000 32400 28210 26880 26841 148 109 26693 29120 8736 174 116 58 8562 4251 20384 20241 45 143 86 57 53 26661 3792 3766 4311 50
internal_count=94000 38000 5600 56000 32400 28210 26880 26841 148 109 26693 29120 8736 174 116 58 8562 4251 20384 20241 45 143 86 57 53 26661 3792 3766 4311 50
cat_boundaries=0 2 4 6
cat_threshold=1146264801 8507 1889068728 178380 2250246211 17200
is_linear=0
shrinkage=0.03


Tree=226
num_leaves=31
num_cat=0
split_feature=17 10 1 1 0 0 9 3 12 12 2 3 6 1 10 9 9 18 3 4 17 4 1 7 13 17 3 17 2 10
split_gain=177.163 110.951 108.563 304.259 138.982 203.09 134.286 114.622 111.736 317.639 284.723 232.748 305.275 267.486 383.595 236.249 187.996 227.249 183.242 182.061 266.427 258.702 364.962 293.99 234.503 274.188 178.739 290.395 284.923 359.208
threshold=179.50000000000003 8.946428571428573 139.50000000000003 134.50000000000003 132.50000000000003 137.50000000000003 9.3658838461610383 121.50000000000001 3.5000000000000004 2.5000000000000004 118.50000000000001 120.50000000000001 111.35714285714288 111.50000000000001 108.94642857142858 9.3658838461610383 7.607471746488863 14.500000000000002 108.50000000000001 121.50000000000001 478.50000000000006 111.50000000000001 113.50000000000001 9.7711918656932806 10.500000000000002 441.50000000000006 114.50000000000001 487.50000000000006 107.50000000000001 106.66071428571429
decision_type=2 2 2 2 2 2 2 2 2 2 2 2 2 2 2 2 2 2 2 2 2 2 2 2 2 2 2 2 2 2
left_child=1 -1 3 4 8 6 -6 -5 9 10 16 12 13 -11 -15 18 -2 26 -14 20 21 22 -12 -24 -21 -26 27 28 -18 -30
right_child=2 -3 -4 7 5 -7 -8 -9 -10 11 19 -13 15 14 -16 -17 17 -19 -20 24 -22 -23 23 -25 25 -27 -28 -29 29 -31
leaf_value=-0.012816768171824195 0.0012871553817717474 -0.0012685320380480831 -0.054889172611704208 0.029395967179269927 0.035789119856150582 -0.023126629050244988 0.13425550540476613 0.12894543953341056 0.002635491854706469 -0.0054301617740009521 -0.12464872737952287 -0.0931781815690748 0.12519377589225769 -0.15147382833530981 0.014940077774710467 -0.013202738789163853 0.020728904417871081 -0.007880935325980087 0.034680331836735211 -0.064880915338965658 0.051600238449537927 -0.11247581222033137 -0.043199003444755586 0.10282971462649756 -0.02666923615839574 0.11795757292217239 -0.010990658538735302 -0.07987362036263787 0.12614571793473023 0.023483864415584681
leaf_weight=763 20919 40030 31 20 31 29 21 22 22840 7483 24 27 33 27 23 48 727 356 52 26 20 59 30 21 23 24 144 23 56 68
leaf_count=763 20919 40030 31 20 31 29 21 22 22840 7483 24 27 33 27 23 48 727 356 52 26 20 59 30 21 23 24 144 23 56 68
internal_value=2.75614e-06 -0.00148464 0.00114317 0.001176 0.00111206 0.0403557 0.0757933 0.0817946 0.00105202 -0.000144945 0.00165281 -0.00540792 -0.00509719 -0.00589323 -0.0749865 0.0399377 0.00199339 0.0127427 0.0699619 -0.0317677 -0.0502581 -0.0655103 -0.0284237 0.0169553 0.00721377 0.0472127 0.0199579 0.0250611 0.0279098 0.0699357
internal_weight=94000 40793 53207 53176 53134 81 52 42 53053 30213 22520 7693 7666 7533 50 133 22293 1374 85 227 154 134 75 51 73 47 1018 874 851 124
internal_count=94000 40793 53207 53176 53134 81 52 42 53053 30213 22520 7693 7666 7533 50 133 22293 1374 85 227 154 134 75 51 73 47 1018 874 851 124
is_linear=0
shrinkage=0.03


Tree=227
num_leaves=31
num_cat=5
split_feature=15 15 21 21 4 5 1 6 12 21 1 9 21 2 1 13 17 15 21 7 6 5 4 10 9 2 1 4 4 9
split_gain=176.521 209.09 268.722 169.31 177.757 190.736 159.192 176.659 175.816 290.47 273.081 291.489 252.306 238.222 332.881 216.966 167.741 249.593 182.348 168.809 174.716 164.122 192.126 301.473 281.105 260.695 318.987 225.189 196.419 209.429
threshold=19.500000000000004 50.500000000000007 0 1 133.50000000000003 133.50000000000003 60.500000000000007 65.071428571428584 3.5000000000000004 2 121.50000000000001 6.0478858353083238 3 118.50000000000001 118.50000000000001 30.500000000000004 299.50000000000006 21.500000000000004 4 4.9904671028634144 97.214285714285737 122.50000000000001 88.500000000000014 88.625000000000014 6.9813330131567168 88.500000000000014 90.500000000000014 96.500000000000014 98.500000000000014 8.5292000062874109
decision_type=2 2 1 1 2 2 2 2 2 1 2 2 1 2 2 2 2 2 1 2 2 2 2 2 2 2 2 2 2 2
left_child=3 6 -3 4 5 -1 7 -2 12 10 11 -10 13 14 -8 -13 -14 18 -18 -20 -21 22 23 -11 -25 26 27 -24 29 -27
right_child=1 2 -4 -5 -6 -7 8 -9 9 21 -12 15 16 -15 -16 -17 17 -19 19 20 -22 -23 25 24 -26 28 -28 -29 -30 -31
leaf_value=0.00084813300823257862 0.001509104493795928 -0.013437462226914521 0.00062585251828097953 -0.0025755006488426876 0.065598542614011324 -0.072331900972629273 0.013433879058246031 -0.032877589954907076 0.03655261486588867 0.0024813177836891173 0.12588249048435843 0.0021467613601360712 0.013725396032465127 -0.040775257811374685 0.11965180671083091 0.08765440130254977 0.0043728377653954797 -0.0021082716808242521 -0.099450945262195292 -0.019558903256755668 -0.09703022398402758 -0.054671730680873443 0.067752341935071625 -0.14058108923421508 -0.011137086556723904 0.00072070422370511277 0.16700484484857858 -0.036996986872848414 0.025371662190519464 -0.092774774339242083
leaf_weight=22274 28133 1792 3808 30856 38 32 1345 135 584 1016 23 541 461 71 27 28 101 1972 44 144 32 42 63 26 36 83 21 26 217 29
leaf_count=22274 28133 1792 3808 30856 38 32 1345 135 584 1016 23 541 461 71 27 28 101 1972 44 144 32 42 63 26 36 83 21 26 217 29
internal_value=2.6755e-06 0.00148721 -0.00389691 -0.00113578 0.000853036 0.000742691 0.00234387 0.00134466 0.00641802 0.0123367 0.0235157 0.0216643 0.00256018 0.0126718 0.0155349 0.00637445 -0.00277306 -0.00610387 -0.0306324 -0.0448713 -0.0337087 0.00372638 0.00537324 -0.00143767 -0.0656073 0.0221013 0.062065 0.0371106 0.00871569 -0.0235223
internal_weight=94000 40800 5600 53200 22344 22306 35200 28268 6932 2735 1176 1153 4197 1443 1372 569 2754 2293 321 220 176 1559 1517 1078 62 439 110 89 329 112
internal_count=94000 40800 5600 53200 22344 22306 35200 28268 6932 2735 1176 1153 4197 1443 1372 569 2754 2293 321 220 176 1559 1517 1078 62 439 110 89 329 112
cat_boundaries=0 2 4 6 8 10
cat_threshold=956588304 170180 4028163760 143564 2484136964 55368 686030848 59416 1064976 4256
is_linear=0
shrinkage=0.03


Tree=228
num_leaves=31
num_cat=0
split_feature=12 12 12 12 12 4 4 1 1 2 9 14 17 3 0 11 4 5 17 2 14 7 9 5 0 11 9 0 1 5
split_gain=172.228 312.541 207.755 190.32 203.378 179.028 234.874 167.285 252.22 203.999 497.102 173.36 143.771 206.261 297.41 370.259 289.062 280.01 183.734 171.391 161.893 161.121 277.835 182.417 201.354 147.215 236.603 138.958 180.658 204.196
threshold=1.0000000180025095e-35 3.5000000000000004 2.5000000000000004 5.5000000000000009 4.5000000000000009 116.50000000000001 119.50000000000001 107.50000000000001 109.50000000000001 107.50000000000001 9.0508332443805166 5.5000000000000009 461.50000000000006 120.50000000000001 112.50000000000001 9.0823320517833874 86.500000000000014 112.50000000000001 463.50000000000006 101.50000000000001 5.5000000000000009 10.636863125135021 9.3658838461610383 111.50000000000001 107.50000000000001 8.1424974393772391 8.3076159947654933 121.50000000000001 104.50000000000001 102.50000000000001
decision_type=2 2 2 2 2 2 2 2 2 2 2 2 2 2 2 2 2 2 2 2 2 2 2 2 2 2 2 2 2 2
left_child=-1 2 -2 4 27 7 -7 9 -9 -6 -11 -10 13 14 16 -16 19 20 -14 25 -18 22 23 24 -20 26 -4 28 29 -3
right_child=1 3 12 -5 5 6 -8 8 11 10 -12 -13 18 -15 15 -17 17 -19 21 -21 -22 -23 -24 -25 -26 -27 -28 -29 -30 -31
leaf_value=0.0031796628048068533 -0.0008496064854926652 0.00011689024855979227 -0.0055308746167848487 -0.0016062805048218044 0.0050667497752267341 0.13374569485665813 0.021940420406257235 -0.11450829867915861 -0.04355755222471136 0.11091844977249474 -0.058396219735021709 0.061681544037608359 0.057500915867705109 -0.091951320779276077 0.1298904426966872 -0.023922484043347403 -0.050455934000281158 0.056124417714983492 0.0060661623642196552 0.071492359172338718 -0.012923846122199666 0.086448840098594548 -0.10170252070798502 0.091119084643526665 -0.081656304065924709 -0.078048082727835005 0.072462938351508896 -0.070332097376722733 0.025737099972094109 -0.051588248326544225
leaf_weight=13200 26800 13259 12432 13200 13337 21 86 26 36 48 23 23 64 25 32 25 263 32 381 26 171 20 23 21 25 25 35 25 247 69
leaf_count=13200 26800 13259 12432 13200 13337 21 86 26 36 48 23 23 64 25 32 25 263 32 381 26 171 20 23 21 25 25 35 25 247 69
internal_value=2.56261e-06 -0.000516435 -0.00238228 0.00134933 0.00278379 0.00537789 0.0440159 0.00507094 -0.0368537 0.00533722 0.0560229 -0.00244643 -0.00540229 -0.00602602 -0.00586036 0.0624523 -0.00616097 -0.0293599 0.00985201 -0.00529689 -0.0356812 0.00334641 -0.000358752 0.00511556 0.000638368 -0.00545752 -0.00531109 0.000189441 0.000320053 -0.000150951
internal_weight=94000 80800 40400 40400 27200 13600 107 13493 85 13408 71 59 13600 13066 13041 57 12984 466 534 12518 434 470 450 427 406 12492 12467 13600 13575 13328
internal_count=94000 80800 40400 40400 27200 13600 107 13493 85 13408 71 59 13600 13066 13041 57 12984 466 534 12518 434 470 450 427 406 12492 12467 13600 13575 13328
is_linear=0
shrinkage=0.03


Tree=229
num_leaves=31
num_cat=5
split_feature=17 21 1 4 9 21 5 6 4 11 21 8 13 9 7 2 13 2 4 3 2 17 11 3 3 21 8 8 20 1
split_gain=169.803 331.386 200.636 185.196 229.174 395.551 400.331 351.533 316.359 373.863 269.623 348.713 321.892 257.228 251.669 247.819 246.718 222.435 352.15 318.567 293.91 207.627 202.756 190.81 175.726 169.278 461.467 233.156 203.565 305.959
threshold=444.50000000000006 0 134.50000000000003 132.50000000000003 9.0508332443805166 1 112.50000000000001 109.50000000000001 103.50000000000001 9.4591504782186515 2 95.464285714285737 6.5000000000000009 10.475638889657604 8.858678822273097 101.50000000000001 15.500000000000002 106.50000000000001 114.50000000000001 109.50000000000001 97.500000000000014 462.50000000000006 9.0823320517833874 114.50000000000001 127.50000000000001 3 89.250000000000014 85.464285714285737 4 110.50000000000001
decision_type=2 1 2 2 2 1 2 2 2 2 1 2 2 2 2 2 2 2 2 2 2 2 2 2 2 1 2 2 1 2
left_child=2 3 25 4 10 7 8 -6 16 14 11 -2 15 -8 -10 -13 -7 18 20 -19 -14 -22 -9 -17 -5 28 27 -27 29 -1
right_child=1 -3 -4 24 5 6 13 22 9 -11 -12 12 17 -15 -16 23 -18 19 -20 -21 21 -23 -24 -25 -26 26 -28 -29 -30 -31
leaf_value=0.016134816028081304 0.15419497145247135 -0.0013082395848683843 0.081255121077118769 0.011249162438921453 -0.091868368994385621 -0.017037426982768864 -0.061190141940228954 0.068612256211588576 0.11157918762804857 0.1618462875917136 0.010264380975740568 0.062101126103214513 0.057975782069823914 0.033451098512125139 -0.026423634582573602 -0.07181336639218322 0.082659871136558427 0.11933820331335571 0.11605487714382423 0.028726805979426409 -0.11363143951043315 0.0019738351947247387 -0.041785624931764728 0.036413021699261305 0.13266806892949529 -0.0014200839797857898 -0.029638439507697366 0.025061431631893758 0.00058797823631664926 -0.013074160372248686
leaf_weight=1634 22 3930 27 21 82 96 85 25 20 32 2204 28 36 37 29 54 29 71 26 69 26 30 37 20 22 47894 521 301 36190 402
leaf_count=1634 22 3930 27 21 82 96 85 25 20 32 2204 28 36 37 29 54 29 71 26 69 26 30 37 20 22 47894 521 301 36190 402
internal_value=2.4904e-06 0.00448688 -0.000360019 0.0117982 0.0109643 -0.00825362 0.010266 -0.0478292 0.0360853 0.0822328 0.0144733 0.0374907 0.0313507 -0.032459 0.0299555 -0.0137332 0.00611595 0.0491847 0.0187857 0.0747535 -0.00876702 -0.0517534 0.00272014 -0.0425128 0.0736038 -0.000385493 -0.00155794 -0.00125458 0.00110873 0.0103151
internal_weight=94000 7031 86969 3101 3058 472 328 144 206 81 2586 382 360 122 49 102 125 258 118 140 92 56 62 74 43 86942 48716 48195 38226 2036
internal_count=94000 7031 86969 3101 3058 472 328 144 206 81 2586 382 360 122 49 102 125 258 118 140 92 56 62 74 43 86942 48716 48195 38226 2036
cat_boundaries=0 2 4 6 8 9
cat_threshold=1934143698 55920 128 20544 192 16448 3773877436 46216 8
is_linear=0
shrinkage=0.03


Tree=230
num_leaves=31
num_cat=6
split_feature=15 15 21 21 14 14 21 21 18 2 5 4 9 9 9 18 3 5 21 5 4 5 3 1 9 4 6 9 21 9
split_gain=165.245 213.273 1095 477.778 578.449 504.146 462.371 311.697 310.832 238.331 237.078 406.659 263.691 226.364 284.197 210.847 218.947 270.421 198.839 207.954 191.51 224.872 200.686 189.7 412.123 185.68 184.965 181.145 178.209 194.583
threshold=20.500000000000004 46.500000000000007 0 1 8.0000000000000018 8.0000000000000018 2 3 5.5000000000000009 84.500000000000014 117.50000000000001 111.50000000000001 8.1208252006986523 5.8366029559954944 6.5536668705809005 12.500000000000002 133.50000000000003 128.50000000000003 4 115.50000000000001 85.500000000000014 83.500000000000014 70.500000000000014 87.500000000000014 6.0478858353083238 114.50000000000001 112.64285714285715 8.5292000062874109 5 6.8680659337494081
decision_type=2 2 1 1 2 2 1 1 2 2 2 2 2 2 2 2 2 2 1 2 2 2 2 2 2 2 2 2 1 2
left_child=-1 3 10 5 6 8 -5 27 9 -2 11 -3 -12 -9 -15 16 17 -4 -7 -20 21 22 -8 24 -22 26 -16 -6 29 -10
right_child=1 2 15 4 7 18 20 13 28 -11 12 -13 -14 14 25 -17 -18 -19 19 -21 23 -23 -24 -25 -26 -27 -28 -29 -30 -31
leaf_value=-0.0010336286760816429 0.0098063234109745639 -0.0092474243797339498 0.0045085738035501354 0.0027065714163114051 -0.0015220897001782612 0.0086239852451365905 -0.0094528336679902507 0.011075590472767724 0.022387417702908616 0.080732959300763643 0.13189847376674271 -0.086961727873003034 0.010630730886858729 0.071905518029025436 0.015633216436253115 0.019893868448456562 -0.083898732142144467 0.096130535031102374 -0.0059219871025623285 -0.10066434631415452 0.02455688851123506 0.040965020241565842 -0.038548386365535453 -0.020360842749277873 -0.13017374525878839 0.085628174623263248 -0.075315955660559916 -0.092189114431836708 0.038640271450913352 -0.024951317070622477
leaf_weight=56000 4118 7577 8122 3808 1500 1216 3815 2702 548 43 21 61 69 130 156 896 25 29 1803 21 23 76 226 165 47 29 23 20 640 91
leaf_count=56000 4118 7577 8122 3808 1500 1216 3815 2702 548 43 21 61 69 130 156 896 25 29 1803 21 23 76 226 165 47 29 23 20 640 91
internal_value=2.48072e-06 0.00152946 -0.000995105 0.00353019 -0.000150202 0.00904058 -0.00493295 0.00840734 0.0145193 0.0105419 -0.0092867 -0.0098696 0.0390748 0.0139276 0.0371199 0.00607134 0.00456338 0.00483609 -0.000732898 -0.0069816 -0.0115977 -0.0101192 -0.0110817 -0.0379647 -0.0793284 0.0153403 0.00389473 -0.00270524 0.0274549 0.0153974
internal_weight=94000 38000 16800 21200 12720 8480 8160 4560 5440 4161 7728 7638 90 3040 338 9072 8176 8151 3040 1824 4352 4117 4041 235 70 208 179 1520 1279 639
internal_count=94000 38000 16800 21200 12720 8480 8160 4560 5440 4161 7728 7638 90 3040 338 9072 8176 8151 3040 1824 4352 4117 4041 235 70 208 179 1520 1279 639
cat_boundaries=0 2 4 6 8 10 12
cat_threshold=835609368 202982 820798092 137414 151195922 99873 83886352 99377 14680204 2112 2097804 6148
is_linear=0
shrinkage=0.03


Tree=231
num_leaves=31
num_cat=0
split_feature=12 12 12 12 12 0 0 17 13 7 2 0 1 2 14 1 5 1 2 6 5 0 1 14 2 1 7 17 17 1
split_gain=161.756 294.004 195.757 179.018 191.13 170.199 161.666 187.289 197.924 246.409 169.472 332.862 208.366 189.58 169.015 164.483 147.526 146.591 136.821 249.771 236.428 250.937 239.557 218.343 160.305 149.539 314.817 185.268 175.488 198.974
threshold=1.0000000180025095e-35 3.5000000000000004 2.5000000000000004 5.5000000000000009 4.5000000000000009 121.50000000000001 116.50000000000001 445.50000000000006 8.5000000000000018 6.1373175465073375 115.50000000000001 104.50000000000001 98.500000000000014 64.500000000000014 1.5000000000000002 96.500000000000014 75.500000000000014 90.500000000000014 118.50000000000001 109.50000000000001 84.500000000000014 92.500000000000014 91.500000000000014 1.5000000000000002 98.500000000000014 91.500000000000014 8.6175346157400448 410.50000000000006 415.50000000000006 83.500000000000014
decision_type=2 2 2 2 2 2 2 2 2 2 2 2 2 2 2 2 2 2 2 2 2 2 2 2 2 2 2 2 2 2
left_child=-1 2 18 4 -3 6 7 -6 -9 15 11 12 13 -11 -15 16 -10 -16 20 -20 21 24 -23 -21 -2 26 28 -27 -22 -30
right_child=1 3 -4 -5 5 -7 -8 8 9 10 -12 -13 -14 14 17 -17 -18 -19 19 23 25 22 -24 -25 -26 27 -28 -29 29 -31
leaf_value=0.00308156093596863 -0.0012106941676234678 0.00018537903085463788 -0.0052415709647962525 -0.0015573229058526517 0.004261541696710106 0.078979141566358851 -0.062176785711721284 0.0024744041328467344 0.016455546707619687 -0.021261448771206299 -0.025829520008010316 0.17629408310092456 -0.024855913623796237 0.0042616856098175041 0.076011613578185103 0.083801096374258338 -0.040280020866922277 0.16515390525046753 -0.10506224362045219 0.046738382261771703 0.03682284537038167 -0.10724138239193755 -0.0075830191398103958 -0.025774475343786237 0.074641216031583649 -0.014059065427834326 0.11717084690232143 0.012689115329455908 0.062704557189621868 -0.025492408550788499
leaf_weight=13200 24855 13600 13600 13200 12607 28 32 407 233 20 21 21 28 23 82 27 50 21 29 46 200 39 49 197 25 318 32 871 29 110
leaf_count=13200 24855 13600 13600 13200 12607 28 32 407 233 20 21 21 28 23 82 27 50 21 29 46 200 39 49 197 25 318 32 871 29 110
internal_value=2.56753e-06 -0.000500402 -0.00231007 0.00130919 0.0027004 0.00521518 0.0050622 0.00522179 0.0181919 0.030345 0.054941 0.0636635 0.0499594 0.0643353 0.077952 0.0131853 0.00641031 0.0943579 -0.00082231 -0.0219876 -0.000605101 -0.00131315 -0.0518554 -0.0120218 -0.00113406 0.0107248 0.0273523 0.00553217 0.0188329 -0.00703819
internal_weight=94000 80800 40400 40400 27200 13600 13572 13540 933 526 216 195 174 146 126 310 283 103 26800 272 26528 24968 88 243 24880 1560 371 1189 339 139
internal_count=94000 80800 40400 40400 27200 13600 13572 13540 933 526 216 195 174 146 126 310 283 103 26800 272 26528 24968 88 243 24880 1560 371 1189 339 139
is_linear=0
shrinkage=0.03


Tree=232
num_leaves=31
num_cat=5
split_feature=11 15 15 21 17 17 12 21 0 10 10 2 11 17 1 9 2 1 21 17 7 21 3 4 21 15 0 4 2 0
split_gain=162.998 142.514 211.312 250.922 172.696 168.069 131.272 195.169 216.255 227.577 208.885 284.87 499.368 350.607 250.113 218.528 225.974 187.675 230.011 222.817 208.574 226.403 301.256 191.685 168.322 248.787 204.373 250.427 267.318 255.717
threshold=1.2724180205606788 19.500000000000004 50.500000000000007 0 458.50000000000006 450.50000000000006 3.5000000000000004 1 132.50000000000003 123.83928571428574 118.12500000000001 110.50000000000001 9.0823320517833874 427.50000000000006 127.50000000000001 7.205385653633134 114.50000000000001 62.500000000000007 2 485.50000000000006 7.0440789049419426 3 104.50000000000001 73.500000000000014 4 48.500000000000007 67.500000000000014 86.500000000000014 108.50000000000001 85.500000000000014
decision_type=2 2 2 1 2 2 2 1 2 2 2 2 2 2 2 2 2 2 1 2 2 1 2 2 1 2 2 2 2 2
left_child=-1 -2 6 -4 5 -5 7 -3 9 10 11 -9 13 -13 -12 -15 -17 23 19 -19 21 -20 -23 -8 26 -26 -22 -28 29 -29
right_child=1 2 3 4 -6 -7 17 8 -10 -11 14 12 -14 15 -16 16 -18 18 20 -21 24 22 -24 -25 25 -27 27 28 -30 -31
leaf_value=-0.0036836164992895544 -0.0006569280331970021 0.005597375133180987 0.0042886119287807627 -0.0091112615596342875 0.074199336327578677 -0.069490043786387554 0.0035381193106438671 -0.00081713700109348349 0.085172950495248562 -0.083661833260938581 0.11349202163924742 0.086302985089948797 -0.13455123968746352 0.042466073633588813 -0.013806264255626267 -0.14470088251508198 -0.026467899559130523 0.00032850914473466235 0.0098064422092167224 0.092530759138314059 -0.064275845594315734 0.037153121889009433 0.13992853941512726 -0.058432758735976038 0.0023031106131868105 -0.072370753145706498 0.083490790380209262 0.070155171835090055 0.079616978877172687 -0.039733032027280665
leaf_weight=9684 47613 5782 2034 2966 22 42 11059 11970 26 30 31 26 39 22 25 22 43 1116 356 24 21 501 27 45 220 49 63 25 38 79
leaf_count=9684 47613 5782 2034 2966 22 42 11059 11970 26 30 31 26 39 22 25 22 43 1116 356 24 21 501 27 45 220 49 63 25 38 79
internal_value=2.5082e-06 0.000425913 0.00183071 -0.00385879 -0.0093124 -0.0099576 0.00274145 0.00106086 -0.00108664 -0.00127219 -0.00106829 -0.00133581 -0.0421341 -0.0101207 0.0566856 -0.0390374 -0.0666921 0.00496373 0.0123569 0.00226036 0.0205353 0.0294148 0.0416512 0.00328618 0.00508378 -0.0109047 0.023564 0.0337527 0.0116215 -0.0132468
internal_weight=94000 84316 36703 5064 3030 3008 31639 18016 12234 12208 12178 12122 152 113 56 87 65 13623 2519 1140 1379 884 528 11104 495 269 226 205 142 104
internal_count=94000 84316 36703 5064 3030 3008 31639 18016 12234 12208 12178 12122 152 113 56 87 65 13623 2519 1140 1379 884 528 11104 495 269 226 205 142 104
cat_boundaries=0 2 4 6 8 10
cat_threshold=1146265313 8505 1927545118 16401 3905683512 9372 270569540 16384 268492864 16384
is_linear=0
shrinkage=0.03


Tree=233
num_leaves=31
num_cat=3
split_feature=17 12 12 12 21 2 2 9 9 5 1 17 9 1 7 12 21 6 4 9 17 9 21 4 5 7 2 5 4 2
split_gain=155.265 117.893 212.399 171.401 151.319 234.202 283.423 241.982 221.423 228.96 186.24 177.227 219.778 175.16 162.944 148.063 145.98 142.186 167.763 234.932 167.771 141.173 133.59 175.354 242.827 135.915 304.702 133.383 269.544 333.85
threshold=154.50000000000003 1.0000000180025095e-35 3.5000000000000004 2.5000000000000004 0 116.50000000000001 107.50000000000001 8.3076159947654933 9.0508332443805166 110.50000000000001 104.50000000000001 452.50000000000006 9.8276353854748582 112.50000000000001 9.7711918656932806 5.5000000000000009 1 101.21428571428574 98.500000000000014 6.6547512564869065 427.50000000000006 7.9279031194456069 2 109.50000000000001 115.50000000000001 8.858678822273097 95.500000000000014 120.50000000000001 110.50000000000001 104.50000000000001
decision_type=2 2 2 2 1 2 2 2 2 2 2 2 2 2 2 2 1 2 2 2 2 2 1 2 2 2 2 2 2 2
left_child=-1 16 3 4 27 6 13 -7 9 10 -8 -9 -13 17 -15 22 -2 18 -6 -20 -21 -12 23 24 25 26 -4 28 -3 -30
right_child=1 2 15 -5 5 7 8 11 -10 -11 21 12 -14 14 -16 -17 -18 -19 19 20 -22 -23 -24 -25 -26 -27 -28 -29 29 -31
leaf_value=-0.0019518400114149409 0.0075735565162492486 0.003015696066670996 0.0054172110915535129 -0.004794212584412115 -0.0022125086540495113 -0.10467334196390703 0.056711292187749479 0.025558291808435111 0.092848018486509698 0.095681658675767722 0.0034995713561632052 0.0025203285226082883 -0.12341475182152413 -0.11481707944909567 0.00086491823196411122 -0.00099994635869713258 0.00014209847079454122 0.060675918242641694 -0.12962572460909841 0.05229851549561907 -0.05878781749415643 -0.10497570649261388 0.0010768367133388388 0.02997532761187828 -0.070209149319355874 -0.013384639043716173 0.038423321328673321 0.039074245546422449 0.058107875212170604 -0.060714137164874248
leaf_weight=26335 4749 9415 8894 9770 9245 39 21 47 48 22 21 27 23 24 20 9511 4770 32 22 21 29 22 9772 268 38 325 259 90 26 115
leaf_count=26335 4749 9415 8894 9770 9245 39 21 47 48 22 21 27 23 24 20 9511 4770 32 22 21 29 22 9772 268 38 325 259 90 26 115
internal_value=2.50438e-06 0.000763175 0.000256453 -0.00155628 8.19193e-05 -0.00257004 -0.00201413 -0.0416496 0.0412904 0.0124048 -0.0162795 -0.0161976 -0.0554806 -0.00263266 -0.0622836 0.00207003 0.00385809 -0.00235093 -0.00256838 -0.0481547 -0.0120604 -0.0520446 0.00356326 0.00603902 0.00537062 0.0056747 0.00635191 0.00273869 0.00239862 -0.0387568
internal_weight=94000 67665 58146 29079 19309 9663 9527 136 134 86 64 97 50 9393 44 29067 9519 9349 9317 72 50 43 19556 9784 9516 9478 9153 9646 9556 141
internal_count=94000 67665 58146 29079 19309 9663 9527 136 134 86 64 97 50 9393 44 29067 9519 9349 9317 72 50 43 19556 9784 9516 9478 9153 9646 9556 141
cat_boundaries=0 2 4 6
cat_threshold=129822448 2001 4037903792 186602 3638098021 184620
is_linear=0
shrinkage=0.03


Tree=234
num_leaves=31
num_cat=4
split_feature=17 21 1 1 4 3 3 21 8 20 21 1 17 16 4 8 15 3 6 10 11 0 4 1 11 11 0 1 11 3
split_gain=150.704 309.601 185.116 250.318 172.086 189.653 165.567 158.464 451.81 258.11 254.237 489.639 278.611 531.214 315.37 253.279 171.921 168.06 226.123 251.483 217.378 203.514 242.946 210.269 247.651 225.386 187.175 199.189 225.25 183.445
threshold=444.50000000000006 0 132.50000000000003 128.50000000000003 132.50000000000003 129.50000000000003 127.50000000000001 1 89.250000000000014 2 3 110.50000000000001 436.50000000000006 1.0000000180025095e-35 106.50000000000001 85.464285714285737 17.500000000000004 84.500000000000014 85.214285714285737 79.446428571428584 7.113869713732826 94.500000000000014 97.500000000000014 86.500000000000014 7.0150065901834049 6.8168597403479438 114.50000000000001 104.50000000000001 7.4657507221160229 115.50000000000001
decision_type=2 1 2 2 2 2 2 1 2 1 1 2 2 2 2 2 2 2 2 2 2 2 2 2 2 2 2 2 2 2
left_child=2 4 3 7 5 -2 -6 9 15 10 -1 17 13 14 -13 -9 -14 -12 19 -19 -21 23 -23 25 -25 -20 27 -24 -29 -28
right_child=1 -3 -4 -5 6 -7 -8 8 -10 -11 11 12 16 -15 -16 -17 -18 18 21 20 -22 22 26 24 -26 -27 29 28 -30 -31
leaf_value=0.035217038494682752 0.011237423615914835 -0.0015974382440812802 0.060423923905963642 -0.075307756337404538 0.010090028482590805 -0.043923770747361167 0.12794542967531475 -0.0012531051743031748 -0.026732663920955524 0.00062940082058947605 0.0021388712080319598 -0.11317101075334947 -0.034373288959519466 -0.1870491214054989 0.0008692446269003214 0.023521227298689811 0.060912842903612603 -0.0015675499753104491 0.12010310960183213 0.14735378439501512 0.02487829050911006 0.066452301340282835 0.0053360863147842476 -0.076657405864523104 0.0041963816701103889 -0.0086561575931372106 -0.10348726933628186 -0.0038726038239391674 0.10919178911953681 0.021723783229714008
leaf_weight=343 3138 3793 45 40 21 57 22 51193 625 32900 599 31 35 25 73 374 33 30 21 38 20 115 144 54 92 29 22 25 43 20
leaf_count=343 3138 3793 45 40 21 57 22 51193 625 32900 599 31 35 25 73 374 33 30 21 38 20 115 144 54 92 29 22 25 43 20
internal_value=2.45422e-06 0.00422713 -0.000339059 -0.00037062 0.0110217 0.010251 0.0706147 -0.000335999 -0.00138044 0.00123525 0.0122907 0.00665539 -0.0372466 -0.0631372 -0.0331708 -0.00107332 0.011846 0.0136213 0.0241476 0.0688655 0.105288 0.0171664 0.0302875 -0.0075237 -0.0257199 0.0454946 0.0138822 0.0253555 0.0676353 -0.0438817
internal_weight=94000 7031 86969 86924 3238 3195 43 86884 52192 34692 1792 1449 197 129 104 51567 68 1252 653 88 58 565 369 196 146 50 254 212 68 42
internal_count=94000 7031 86969 86924 3238 3195 43 86884 52192 34692 1792 1449 197 129 104 51567 68 1252 653 88 58 565 369 196 146 50 254 212 68 42
cat_boundaries=0 2 4 5 7
cat_threshold=2068361426 55920 3769683132 45192 8 8421380 128
is_linear=0
shrinkage=0.03


Tree=235
num_leaves=31
num_cat=6
split_feature=10 14 21 14 21 14 14 21 21 14 21 3 9 4 17 0 5 13 0 0 21 7 3 9 10 2 13 2 13 6
split_gain=144.853 119.116 565.964 1469.53 391.722 942.361 344.094 558.231 382.841 318.952 426.508 338.253 286.777 259.905 358.954 328.55 258.555 240.31 417.707 378.408 240.151 220.349 219.518 273.387 216.378 233.298 283.757 403.072 212.443 205.798
threshold=15.267857142857144 5.5000000000000009 0 8.0000000000000018 1 3.5000000000000004 8.0000000000000018 2 3 1.5000000000000002 4 122.50000000000001 9.3658838461610383 100.50000000000001 469.50000000000006 93.500000000000014 39.500000000000007 17.500000000000004 88.500000000000014 84.500000000000014 5 4.5250624831255672 121.50000000000001 9.3658838461610383 64.410714285714292 64.500000000000014 17.500000000000004 82.500000000000014 13.500000000000002 111.35714285714288
decision_type=2 2 1 2 1 2 2 1 1 2 1 2 2 2 2 2 2 2 2 2 1 2 2 2 2 2 2 2 2 2
left_child=-1 4 3 -3 5 29 7 24 -8 10 22 13 -13 15 -15 -12 -7 19 -19 -18 -11 -9 -6 -24 -4 -26 -27 -28 -17 -2
right_child=1 2 6 -5 9 16 8 21 -10 20 11 12 -14 14 -16 28 17 18 -20 -21 -22 -23 23 -25 25 26 27 -29 -30 -31
leaf_value=-0.0033227347967331321 -0.0022337758079352486 0.01639794813994342 0.0051906644218613447 -0.0092996777826347254 0.0092214112514752283 0.0089025723221998719 0.013297899488083156 -0.0068518636264203927 0.0033407623378833426 0.00054821923032117659 -0.0028181697747243955 -0.0035793737377693398 -0.15892551559422696 0.016273847955923813 0.14612475241933551 -0.012902293243256221 0.020308739705374904 0.027539082128273398 0.093611521181467261 -0.034244097640428649 -0.0049257065879679046 -0.028026576760863529 0.15777900549458032 0.018034245859492905 0.11481589917451461 0.011927193523437346 -0.0031041543341394679 0.18069831869431902 -0.13234425423071558 -0.088293197717205937
leaf_weight=10476 7021 2602 1600 8695 4286 2772 5790 1778 8731 10680 4180 20 23 113 23 25 949 767 97 130 22225 589 20 34 28 249 20 23 29 25
leaf_count=10476 7021 2602 1600 8695 4286 2772 5790 1778 8731 10680 4180 20 23 113 23 25 949 767 97 130 22225 589 20 34 28 249 20 23 29 25
internal_value=2.49865e-06 0.000419606 0.00192876 -0.00337748 -0.000430845 0.00440179 0.00511518 -0.00234962 0.00732273 -0.00179591 0.0032931 -0.00327561 -0.086917 -0.00245744 0.0383472 -0.0037697 0.0147865 0.0231783 0.0349704 0.0137308 -0.00315027 -0.0120722 0.00995752 0.070043 0.00964754 0.0322153 0.0242479 0.0953303 -0.0772286 -0.0025408
internal_weight=94000 83524 30105 11297 53419 11761 18808 4287 14521 41658 8753 4413 43 4370 136 4234 4715 1943 864 1079 32905 2367 4340 54 1920 320 292 43 54 7046
internal_count=94000 83524 30105 11297 53419 11761 18808 4287 14521 41658 8753 4413 43 4370 136 4234 4715 1943 864 1079 32905 2367 4340 54 1920 320 292 43 54 7046
cat_boundaries=0 2 4 6 8 10 12
cat_threshold=822895384 201926 554189328 135364 214044806 35361 3257959456 24840 3325135971 24856 281289100 68610
is_linear=0
shrinkage=0.03


Tree=236
num_leaves=31
num_cat=4
split_feature=12 12 12 12 12 21 17 15 2 21 4 5 11 7 11 2 17 21 5 7 4 7 1 1 4 21 2 2 17 2
split_gain=146.431 258.013 175.983 159.196 180.672 167.027 201.663 189.641 156.738 141.781 167.648 338.379 281.086 219.947 162.275 159.257 130.711 431.274 220.012 199.851 351.294 225.246 185.836 179.645 173.134 368.21 412.505 240.571 371.421 297.473
threshold=1.0000000180025095e-35 3.5000000000000004 2.5000000000000004 5.5000000000000009 4.5000000000000009 0 367.50000000000006 49.500000000000007 87.500000000000014 1 109.50000000000001 106.50000000000001 8.5247073216993545 8.858678822273097 9.0823320517833874 112.50000000000001 461.50000000000006 2 79.500000000000014 8.182443458550706 102.50000000000001 7.1647284200681689 102.50000000000001 63.500000000000007 87.500000000000014 3 125.50000000000001 113.50000000000001 429.50000000000006 90.500000000000014
decision_type=2 2 2 2 2 1 2 2 2 1 2 2 2 2 2 2 2 1 2 2 2 2 2 2 2 1 2 2 2 2
left_child=-1 2 -2 4 9 6 -6 -8 -9 -3 11 12 -11 -13 -14 -12 24 19 23 21 -21 -18 -20 -19 -4 26 -26 29 -29 -27
right_child=1 3 16 -5 5 -7 7 8 -10 10 15 13 14 -15 -16 -17 17 18 22 20 -22 -23 -24 -25 25 27 -28 28 -30 -31
leaf_value=0.0029319923672311374 -0.0007607354916759748 -0.0033665353035117209 -0.0048506346569968306 -0.001484012175355202 0.0070499591956970529 0.0025786206219598367 0.020074064625304491 0.022450992529135773 0.12436012408327916 0.0023565253183934357 0.11069004676834181 -0.017238646849557077 0.11936975203838546 -0.15025707353912823 0.012527153459075209 0.017811401200561666 0.042325800670940078 -0.016952358413342757 -0.081247725523314579 0.15648250556994822 0.0027271913553213139 -0.051066858646496328 -0.00085331521472152387 0.040290512814128827 -0.0069537097956308414 0.014929434042260093 0.12682914558943215 -0.101739447822516 0.032203517566490834 -0.082828545835649289
leaf_weight=13200 26800 5984 12558 13200 3957 8976 612 25 30 7441 24 24 29 21 23 54 134 131 63 32 23 28 44 79 203 34 23 26 65 157
leaf_count=13200 26800 5984 12558 13200 3957 8976 612 25 30 7441 24 24 29 21 23 54 134 131 63 32 23 28 44 79 203 34 23 26 65 157
internal_value=2.47601e-06 -0.000476074 -0.00217136 0.00121914 0.00253107 0.00497608 0.00960283 0.024884 0.0782171 8.58214e-05 0.00279953 0.0023497 0.00284317 -0.079576 0.0722848 0.046533 -0.00495087 0.00959401 -0.0128488 0.0410832 0.0923609 0.0261438 -0.048248 0.00457651 -0.00554561 -0.0227155 0.00641446 -0.0447081 -0.00610264 -0.0654122
internal_weight=94000 80800 40400 40400 27200 13600 4624 667 55 13600 7616 7538 7493 45 52 78 13600 534 317 217 55 162 107 210 13066 508 226 282 91 191
internal_count=94000 80800 40400 40400 27200 13600 4624 667 55 13600 7616 7538 7493 45 52 78 13600 534 317 217 55 162 107 210 13066 508 226 282 91 191
cat_boundaries=0 2 4 6 8
cat_threshold=1209725056 157896 3423560082 76233 1499717827 104 1075888128 24800
is_linear=0
shrinkage=0.03


Tree=237
num_leaves=31
num_cat=2
split_feature=15 15 21 21 3 10 15 17 3 9 8 4 5 14 8 9 8 15 4 5 18 4 9 14 1 7 8 9 4 1
split_gain=140.299 177.749 226.03 146.144 182.922 508.009 328.684 199.73 195.71 324.891 278.936 237.364 436.75 222.587 201.675 170.764 234.386 192.843 152.388 178.032 145.83 145.156 306.126 295.147 189.447 245.873 505.85 267.758 244.234 198.524
threshold=19.500000000000004 50.500000000000007 0 1 108.50000000000001 113.87500000000001 14.500000000000002 421.50000000000006 105.50000000000001 8.7907605661320307 108.53571428571429 106.50000000000001 103.50000000000001 3.5000000000000004 103.96428571428574 9.0508332443805166 115.17857142857143 10.500000000000002 133.50000000000003 133.50000000000003 16.500000000000004 119.50000000000001 9.8276353854748582 2.5000000000000004 111.50000000000001 7.403345447128844 112.8214285714286 7.9279031194456069 106.50000000000001 115.50000000000001
decision_type=2 2 1 1 2 2 2 2 2 2 2 2 2 2 2 2 2 2 2 2 2 2 2 2 2 2 2 2 2 2
left_child=3 -2 -3 18 5 8 7 -6 10 13 11 -5 -13 -10 -14 -9 17 20 19 21 -17 24 -23 -24 -1 26 -26 -27 29 -29
right_child=1 2 -4 4 6 -7 -8 15 9 -11 -12 12 14 -15 -16 16 -18 -19 -20 -21 -22 22 23 -25 25 27 -28 28 -30 -31
leaf_value=0.00083824546541868921 0.0021157571342164411 -0.012805638397434592 0.00032184594132773616 -0.0024391061592895042 -0.092154486317503725 0.12533910185841055 -0.11270024388766359 0.012123898954431547 -0.062162980222369567 0.12914867365272284 -0.081469966388700008 0.12704969960249382 -0.067709361343890759 0.070028304649755277 0.050211050003424448 0.078084607076834872 -0.099914203801980378 -0.079589390065605267 0.060711392042791745 -0.069937659975524258 -0.023160750694658561 0.059965020152753477 0.033525435757769104 -0.096112268021946695 -0.14837579852986532 0.071275346341911225 0.036556457970379645 -0.046848545573748547 -0.055078714914878465 0.065154879581574801
leaf_weight=22926 35200 1680 3920 29226 27 28 34 168 25 27 40 36 26 21 26 25 35 22 38 32 26 105 36 28 36 31 21 23 95 37
leaf_count=22926 35200 1680 3920 29226 27 28 34 168 25 27 40 36 26 21 26 25 35 22 38 32 26 105 36 28 36 31 21 23 95 37
internal_value=2.41384e-06 0.0013259 -0.00363831 -0.00101254 -0.00240585 -0.00215506 -0.0243813 -0.0144271 -0.0022769 0.0467474 -0.00239908 -0.0022908 0.0468761 -0.00172871 -0.00870837 -0.00678181 -0.0362025 -0.0055198 0.000761349 0.000663807 0.0264663 0.00076104 0.0284556 -0.0232057 0.000558779 -0.0257849 -0.0802456 -0.00904502 -0.025164 0.0221638
internal_weight=94000 40800 5600 53200 29792 29455 337 303 29427 73 29354 29314 88 46 52 276 108 73 23408 23370 51 23338 169 64 23169 243 57 186 155 60
internal_count=94000 40800 5600 53200 29792 29455 337 303 29427 73 29354 29314 88 46 52 276 108 73 23408 23370 51 23338 169 64 23169 243 57 186 155 60
cat_boundaries=0 2 4
cat_threshold=956326160 170180 4028163760 143596
is_linear=0
shrinkage=0.03


Tree=238
num_leaves=31
num_cat=3
split_feature=11 12 12 12 12 12 1 21 17 13 13 1 21 7 21 17 1 0 7 17 17 17 18 3 5 1 2 3 7 5
split_gain=138.698 129.863 192.517 158.49 152.257 148.482 155.944 163.096 177.763 226.716 326.334 349.786 314.554 176.346 138.266 192.304 140.741 333.823 135.094 314.071 170.073 187.357 135.117 134.884 278.094 319.589 310.562 145.122 273.485 278.039
threshold=1.2614554456142393 1.0000000180025095e-35 3.5000000000000004 2.5000000000000004 5.5000000000000009 4.5000000000000009 119.50000000000001 0 367.50000000000006 27.500000000000004 7.5000000000000009 95.500000000000014 1 6.7259270913454854 2 479.50000000000006 115.50000000000001 105.50000000000001 9.4137690442801407 473.50000000000006 457.50000000000006 444.50000000000006 6.5000000000000009 120.50000000000001 112.50000000000001 121.50000000000001 119.50000000000001 81.500000000000014 9.1182705127045125 83.500000000000014
decision_type=2 2 2 2 2 2 2 1 2 2 2 2 1 2 1 2 2 2 2 2 2 2 2 2 2 2 2 2 2 2
left_child=-1 -2 3 -3 5 14 7 8 -7 10 11 -10 -12 -11 15 16 17 -4 -16 20 21 22 -20 24 27 26 -26 28 -5 -30
right_child=1 2 4 23 -6 6 -8 -9 9 13 12 -13 -14 -15 18 -17 -18 -19 19 -21 -22 -23 -24 -25 25 -27 -28 -29 29 -31
leaf_value=-0.003472241585801417 0.0032899238326890585 -0.00022410633623421187 -0.0045329879107378832 -0.0041069763957781941 -0.0013329774520327155 0.0072444597940710016 0.070170132794608778 0.0025288465247519823 0.018066022355671091 0.011550180968423347 0.089745538625420784 -0.092869599929193206 0.02606090474362998 -0.079320246113891213 0.0019298511089174966 -0.076693081215609235 -0.070876648347572915 0.080487040211922198 0.059559131034641472 0.14083306508277779 -0.049179549726512145 0.11407501440884461 -0.017933178939883401 -0.065839043643987072 0.027599266917998605 -0.02610451086937824 0.17086569650714614 -0.016995812788838313 0.0034208291090882851 0.13370702266008005
leaf_weight=9315 11900 24111 3247 11256 11907 3393 33 8231 144 53 107 31 251 30 8755 33 28 42 33 20 30 20 52 32 30 32 25 799 34 26
leaf_count=9315 11900 24111 3247 11256 11907 3393 33 8231 144 53 107 31 251 30 8755 33 28 42 33 20 30 20 52 32 30 32 25 799 34 26
internal_value=2.2975e-06 0.000384522 -9.04605e-05 -0.0016354 0.00145037 0.00280138 0.00513406 0.0049579 0.0099131 0.0247647 0.0319486 -0.00161011 0.0483572 -0.0213144 0.000465962 -0.00472121 -0.00401622 -0.00344397 0.0024192 0.0301769 0.0136691 0.0316841 0.0121515 -0.00441654 -0.00425468 0.0491563 0.0929667 -0.00463888 -0.00376597 0.0600566
internal_weight=94000 84685 72785 36345 36440 24533 12273 12240 4009 616 533 175 358 83 12260 3350 3317 3289 8910 155 135 105 85 12234 12202 87 55 12115 11316 60
internal_count=94000 84685 72785 36345 36440 24533 12273 12240 4009 616 533 175 358 83 12260 3350 3317 3289 8910 155 135 105 85 12234 12202 87 55 12115 11316 60
cat_boundaries=0 2 4 6
cat_threshold=1209168000 207304 1073762432 64 1073955216 75977
is_linear=0
shrinkage=0.03


Tree=239
num_leaves=31
num_cat=0
split_feature=17 17 7 3 0 5 17 3 18 5 4 3 15 9 5 0 0 4 0 9 4 14 15 4 3 10 17 8 12 13
split_gain=135.583 215.938 245.01 175.512 196.792 211.899 255.235 174.705 221.036 237.593 272.175 228.663 218.272 192.163 189.013 185.219 187.421 158.669 167.677 155.58 306.381 176.213 431.39 300.783 250.049 248.861 231.092 194.117 188.737 352.91
threshold=444.50000000000006 450.50000000000006 10.16295794961853 119.50000000000001 104.50000000000001 112.50000000000001 448.50000000000006 102.50000000000001 17.500000000000004 91.500000000000014 95.500000000000014 63.500000000000007 15.500000000000002 6.4505728512970499 74.500000000000014 79.500000000000014 71.500000000000014 134.50000000000003 133.50000000000003 9.0508332443805166 134.50000000000003 2.5000000000000004 11.500000000000002 113.50000000000001 126.50000000000001 118.12500000000001 468.50000000000006 88.178571428571431 1.5000000000000002 4.5000000000000009
decision_type=2 2 2 2 2 2 2 2 2 2 2 2 2 2 2 2 2 2 2 2 2 2 2 2 2 2 2 2 2 2
left_child=17 2 3 4 7 6 -6 8 9 14 -11 -10 -9 15 -2 16 -13 18 -1 -3 21 25 23 -23 28 27 -27 -21 -24 -30
right_child=1 19 -4 -5 5 -7 -8 12 11 10 -12 13 -14 -15 -16 -17 -18 -19 -20 20 -22 22 24 -25 -26 26 -28 -29 29 -31
leaf_value=-0.00032142227690738735 0.0050610621263749217 0.0033952067996192922 0.063877585240291954 -0.052269105066186337 0.039464590030715348 0.0030701929748437966 0.16178637119818967 0.023337007814942436 0.00380373353156705 0.10055024631693132 -0.008346427508930521 0.075098543096991141 -0.10476501352143014 0.022745013406887147 -0.038492305441582983 0.042538475717744252 0.20268369858834279 -0.078936465778327608 0.082323180811976954 -0.045240046792216104 0.076848999281664263 -0.039468185549063693 0.018427075436225081 -0.14303161121306626 0.072274478156354738 -0.094001029502949321 0.033023141958702228 0.051493990707962206 -0.12035115435846849 -0.016722141791200084
leaf_weight=86924 448 5199 88 37 40 47 25 22 107 45 38 22 26 62 112 35 20 23 22 23 33 66 90 41 30 33 21 97 35 189
leaf_count=86924 448 5199 88 37 40 47 25 22 107 45 38 22 26 62 112 35 20 23 22 23 33 66 90 41 30 33 21 97 35 189
internal_value=2.62257e-06 0.00400975 0.0157525 0.0118446 0.0141136 0.0516858 0.0867338 0.00961438 0.0126288 0.00336914 0.0507078 0.0368085 -0.0460628 0.0621724 -0.00364957 0.0938096 0.136262 -0.000321303 -0.000300381 0.00165524 -0.0120865 -0.0167986 -0.0266929 -0.0792759 -0.0103102 0.00883042 -0.0445776 0.0329061 -0.0182305 -0.032974
internal_weight=94000 7031 1174 1086 1049 112 65 937 889 643 83 246 48 139 560 77 42 86969 86946 5857 658 625 451 107 344 174 54 120 314 224
internal_count=94000 7031 1174 1086 1049 112 65 937 889 643 83 246 48 139 560 77 42 86969 86946 5857 658 625 451 107 344 174 54 120 314 224
is_linear=0
shrinkage=0.03


Tree=240
num_leaves=31
num_cat=2
split_feature=17 12 12 12 21 5 1 5 2 0 5 17 14 7 5 13 2 1 7 6 5 9 14 9 21 13 11 2 12 17
split_gain=133.498 98.1283 177.908 145.157 140.934 151.61 240.674 364.333 267.053 240.83 379.103 191.419 208.396 184.156 166.124 209.849 144.273 219.633 275.775 242.522 195.075 193.64 187.633 268.654 134.831 130.625 169.486 140.191 123.229 120.003
threshold=154.50000000000003 1.0000000180025095e-35 3.5000000000000004 2.5000000000000004 0 120.50000000000001 117.50000000000001 108.50000000000001 100.50000000000001 95.500000000000014 98.500000000000014 473.50000000000006 2.5000000000000004 9.4137690442801407 124.50000000000001 17.500000000000004 118.50000000000001 120.50000000000001 8.3978450500995958 111.35714285714288 127.50000000000001 7.9279031194456069 2.5000000000000004 9.8276353854748582 1 24.500000000000004 9.0823320517833874 105.50000000000001 5.5000000000000009 461.50000000000006
decision_type=2 2 2 2 1 2 2 2 2 2 2 2 2 2 2 2 2 2 2 2 2 2 2 2 1 2 2 2 2 2
left_child=-1 24 3 4 5 6 8 -8 -3 10 -10 12 -11 -9 15 -7 17 19 -19 -6 21 -18 -23 -24 -2 26 27 -14 -4 -5
right_child=1 2 28 29 16 14 7 13 9 11 -12 -13 25 -15 -16 -17 20 18 -20 -21 -22 22 23 -25 -26 -27 -28 -29 -30 -31
leaf_value=-0.0018096220228321542 -0.00018106649349626186 0.0023890228632384384 0.003267673792654953 -0.0051928862241655653 -0.0017362381941538445 0.026543500323736792 0.032621822361981009 -0.12712426098312918 0.032826142199987779 -0.024835384095051278 0.19275627936000256 -0.061583996429977569 0.12002617073285071 -0.0283895859131859 -0.0039707977541788356 0.15387166528559443 -0.11809361727035354 0.13643166491737613 0.008324593179890899 -0.091591150925608128 0.0513007301628872 0.045109855861584669 -0.0060330974098539696 -0.13234568076138672 0.0069638991128180266 0.10564143377481047 -0.039677595234564524 0.025402110769411249 -0.00089528262469700296 0.0094310249026499978
leaf_weight=26335 4582 7277 19556 9236 11363 28 38 38 40 46 20 24 21 31 38 20 27 23 44 27 21 24 41 24 4937 29 22 43 9511 534
leaf_count=26335 4582 7277 19556 9236 11363 28 38 38 40 46 20 24 21 31 38 20 27 23 44 27 21 24 41 24 4937 29 22 43 9511 534
internal_value=2.56047e-06 0.000707902 0.000245599 -0.00141343 9.41372e-05 0.0032338 0.00279076 -0.0418624 0.0034269 0.0342281 0.0864181 0.0172479 0.0290488 -0.0829139 0.042827 0.0798689 -0.00199591 -0.00163126 0.0524841 -0.0019503 -0.0325911 -0.0478353 -0.0263787 -0.0528493 0.00353149 0.0506314 0.0319455 0.0566362 0.00190541 -0.00439319
internal_weight=94000 67665 58146 29079 19309 7715 7629 107 7522 245 60 185 161 69 86 48 11594 11457 67 11390 137 116 89 65 9519 115 86 64 29067 9770
internal_count=94000 67665 58146 29079 19309 7715 7629 107 7522 245 60 185 161 69 86 48 11594 11457 67 11390 137 116 89 65 9519 115 86 64 29067 9770
cat_boundaries=0 2 4
cat_threshold=113028272 1985 257063503 75540
is_linear=0
shrinkage=0.03


Tree=241
num_leaves=31
num_cat=5
split_feature=15 15 21 21 14 14 21 17 17 7 2 21 7 5 17 7 3 5 0 9 9 9 21 5 4 5 3 7 7 4
split_gain=132.714 187.626 962.734 424.894 583.931 467.818 373.214 335.539 319.778 424.261 337.524 253.004 294.031 386.567 237.681 233.233 246.809 216.369 395.073 189.167 188.333 267.089 179.852 196.504 179.282 209.873 188.395 178.151 199.762 182.642
threshold=20.500000000000004 46.500000000000007 0 1 8.0000000000000018 8.0000000000000018 2 348.50000000000006 450.50000000000006 7.8254773169497929 110.50000000000001 3 5.8554004376911308 84.500000000000014 445.50000000000006 7.0440789049419426 85.500000000000014 126.50000000000001 116.50000000000001 6.7563563884945728 5.8366029559954944 6.5536668705809005 4 115.50000000000001 85.500000000000014 83.500000000000014 70.500000000000014 6.2905825303725651 5.2417736002417126 125.50000000000001
decision_type=2 2 1 1 2 2 1 2 2 2 2 1 2 2 2 2 2 2 2 2 2 2 1 2 2 2 2 2 2 2
left_child=-1 3 17 5 6 7 -5 -2 9 15 -10 12 13 -6 -4 16 -9 18 -3 -17 -13 -22 -7 -24 25 26 -8 28 -16 -29
right_child=1 2 14 4 11 22 24 8 10 -11 -12 20 -14 -15 27 19 -18 -19 -20 -21 21 -23 23 -25 -26 -27 -28 29 -30 -31
leaf_value=-0.00092602128109365374 0.0098990879126395412 -0.0082273506654948966 0.004670322503693339 0.0019899078638680942 0.0013962168396126533 0.0080851315872906421 -0.0090455211433344562 0.025418832743420414 0.011804281483658209 0.085176276504310935 -0.10318456259381724 0.011296474353749085 -0.043680264726682044 0.12241382227460873 0.024115283321917785 0.035508032127579234 0.081354638239375526 0.063797237327638659 -0.084810944275409222 -0.081614654929782468 0.069042722414663596 0.014206823959341565 -0.0055759590520482114 -0.097631554699622064 -0.03663583712117538 0.03965707590737419 -0.0372360882673195 0.05778735695960311 -0.034314123043620644 -0.015899860350378991
leaf_weight=56000 4646 7966 8223 3536 1670 1216 3815 492 271 144 25 2246 130 24 221 21 83 37 61 30 130 208 1955 21 235 76 226 187 69 36
leaf_count=56000 4646 7966 8223 3536 1670 1216 3815 492 271 144 25 2246 130 24 221 21 83 37 61 30 130 208 1955 21 235 76 226 187 69 36
internal_value=2.51519e-06 0.00137096 -0.000996936 0.00324755 -0.000369273 0.00823366 -0.00525696 0.0133834 0.0285638 0.0387504 0.00205069 0.00837551 -0.00021526 0.00311965 0.00590015 0.0280543 0.033511 -0.00846596 -0.00881076 -0.0333538 0.0143857 0.0353206 -0.000954984 -0.00652766 -0.0111246 -0.0096939 -0.0106238 0.0257178 0.0101957 0.0458764
internal_weight=94000 38000 16800 21200 12296 8904 7888 5712 1066 770 296 4408 1824 1694 8736 626 575 8064 8027 51 2584 338 3192 1976 4352 4117 4041 513 290 223
internal_count=94000 38000 16800 21200 12296 8904 7888 5712 1066 770 296 4408 1824 1694 8736 626 575 8064 8027 51 2584 338 3192 1976 4352 4117 4041 513 290 223
cat_boundaries=0 2 4 6 8 10
cat_threshold=835609372 202982 837575308 137414 134418706 99873 67305745 99377 14680204 2112
is_linear=0
shrinkage=0.03


Tree=242
num_leaves=31
num_cat=2
split_feature=5 12 12 12 12 12 4 4 21 3 2 17 0 0 4 0 4 18 0 6 4 6 0 17 3 5 8 2 4 21
split_gain=128.675 123.716 202.136 141.649 140.065 156.565 147.167 215.147 156.165 274.412 618.974 201.649 202.83 186.951 175.154 158.462 157.51 203.431 133.503 202.739 152.225 150.683 283.17 133.212 125.153 262.751 299.054 281.59 139.752 435.053
threshold=10.500000000000002 1.0000000180025095e-35 3.5000000000000004 2.5000000000000004 5.5000000000000009 4.5000000000000009 116.50000000000001 119.50000000000001 0 104.50000000000001 108.50000000000001 463.50000000000006 95.500000000000014 68.500000000000014 110.50000000000001 97.500000000000014 74.500000000000014 5.5000000000000009 121.50000000000001 116.50000000000001 115.50000000000001 112.64285714285715 111.50000000000001 444.50000000000006 120.50000000000001 112.50000000000001 120.03571428571429 118.50000000000001 95.500000000000014 1
decision_type=2 2 2 2 2 2 2 2 1 2 2 2 2 2 2 2 2 2 2 2 2 2 2 2 2 2 2 2 2 1
left_child=-1 -2 3 -3 5 18 8 -8 13 10 15 12 -11 16 -14 -10 -7 -18 19 21 -21 22 -4 -17 25 28 27 -27 -5 -30
right_child=1 2 4 24 -6 6 7 -9 9 11 -12 -13 14 -15 -16 23 17 -19 -20 20 -22 -23 -24 -25 -26 26 -28 -29 29 -31
leaf_value=-0.0065887745401073186 0.0029083575765744708 -0.00050123956538854295 6.547753623904584e-05 -0.0040351037378869086 -0.0012914280132000386 0.0078114849053074814 0.12572467456390787 0.018723464658749956 0.0029566818096283991 -0.10040820351565508 0.16534665755751007 -0.1032789113267492 0.049563454004723249 0.026214359594040629 -0.052489727502800072 -0.099426035142514801 -0.10827300427087362 0.017729190118711994 -0.068925754965182787 0.095203671420996006 0.0084322482359221601 -0.051879072587290215 0.10754375363990867 0.0003889289026620326 -0.063492556732391639 0.030837414707105184 -0.019946530940186259 0.1715175181549865 0.022901178984662533 -0.049174779743203813
leaf_weight=2592 12931 26030 12945 12716 12960 3152 21 86 9199 20 21 35 38 532 25 25 24 22 25 35 38 50 22 23 32 29 35 23 112 202
leaf_count=2592 12931 26030 12945 12716 12960 3152 21 86 9199 20 21 35 38 532 25 25 24 22 25 35 38 50 22 23 32 29 35 23 112 202
internal_value=2.47919e-06 0.000189423 -0.000258553 -0.00178344 0.00126164 0.00251803 0.00482157 0.0398495 0.00453529 0.00246119 0.00304313 -0.0429756 -0.0174167 0.00972078 0.00899961 0.00267243 0.00700573 -0.0480383 0.000195276 0.000328042 0.0501494 4.80283e-05 0.000248886 -0.0516343 -0.00432146 -0.0041764 0.0477532 0.0933287 -0.00452372 -0.024294
internal_weight=94000 91408 78477 39179 39298 26338 13223 107 13116 9386 9268 118 83 3730 63 9247 3198 46 13115 13090 73 13017 12967 48 13149 13117 87 52 13030 314
internal_count=94000 91408 78477 39179 39298 26338 13223 107 13116 9386 9268 118 83 3730 63 9247 3198 46 13115 13090 73 13017 12967 48 13149 13117 87 52 13030 314
cat_boundaries=0 2 3
cat_threshold=1209167872 207048 3227533376
is_linear=0
shrinkage=0.03


Tree=243
num_leaves=31
num_cat=0
split_feature=1 12 12 12 12 1 1 1 7 10 5 0 3 7 12 0 6 4 6 0 9 14 1 9 4 13 4 13 9 13
split_gain=124.46 124.497 187.088 137.585 149.206 146.43 130.322 265.114 457.08 250.282 290.511 169.625 162.413 161.815 130.189 125.843 190.387 143.245 142.088 266.241 122.171 247.108 181.133 259.759 149.354 250.69 187.585 187.528 204.818 202.966
threshold=11.500000000000002 1.0000000180025095e-35 3.5000000000000004 5.5000000000000009 4.5000000000000009 119.50000000000001 107.50000000000001 102.50000000000001 9.1182705127045125 113.87500000000001 106.50000000000001 109.50000000000001 120.50000000000001 6.827814263660561 2.5000000000000004 121.50000000000001 116.50000000000001 115.50000000000001 112.64285714285715 111.50000000000001 10.475638889657604 3.5000000000000004 117.50000000000001 8.3076159947654933 120.50000000000001 7.5000000000000009 108.50000000000001 9.5000000000000018 9.0508332443805166 23.500000000000004
decision_type=2 2 2 2 2 2 2 2 2 2 2 2 2 2 2 2 2 2 2 2 2 2 2 2 2 2 2 2 2 2
left_child=-1 -2 14 4 15 6 7 -6 13 10 -8 -11 -13 -9 -3 16 18 -18 19 -4 22 -22 24 -24 26 -26 -5 -28 29 -29
right_child=1 2 3 20 5 -7 9 8 -10 11 -12 12 -14 -15 -16 -17 17 -19 -20 -21 21 -23 23 -25 25 -27 27 28 -30 -31
leaf_value=-0.0051554239835026831 0.0029940536410653102 -0.00045285042438402518 0.00011482289188050198 -0.0011455643272248507 0.0045955259969491045 0.067822699702789396 0.00045150595499533357 0.042596725816657015 -0.046278314371218619 0.074308077297087521 -0.12360423124232779 0.036921725939800379 -0.080752653029098467 0.14544349314820051 -0.0041294042236732558 -0.066866219417856199 0.092355698572041886 0.0081799446726877854 -0.050325805043388981 0.10433204123000213 -0.026478613272480574 0.097795342752866665 0.013959884808103055 -0.13164730748572909 0.11315985490970065 0.0060530180321817766 -0.075801992848288591 -0.014330900632168934 -0.071645237564021705 0.088223590004988223
leaf_weight=4030 12637 25914 12787 12128 12672 33 32 23 26 27 36 21 21 35 13027 25 35 38 50 22 26 32 21 23 27 72 59 62 35 24
leaf_count=4030 12637 25914 12787 12128 12672 33 32 23 26 27 36 21 21 35 13027 25 35 38 50 22 26 32 21 23 27 72 59 62 35 24
internal_value=2.32684e-06 0.000233395 -0.000217689 0.00126836 0.0025169 0.00479738 0.0046353 0.00494815 0.0580403 -0.0244544 -0.0652661 0.0157586 -0.0218963 0.104855 -0.00168286 0.000241618 0.000372098 0.0486504 9.74148e-05 0.000294868 -0.00131482 0.042085 -0.00151757 -0.0622109 -0.00130158 0.035379 -0.00159715 -0.03199 -0.0105575 0.0143233
internal_weight=94000 89970 77333 38392 25883 12926 12893 12756 84 137 68 69 42 58 38941 12957 12932 73 12859 12809 12509 58 12451 44 12407 99 12308 180 121 86
internal_count=94000 89970 77333 38392 25883 12926 12893 12756 84 137 68 69 42 58 38941 12957 12932 73 12859 12809 12509 58 12451 44 12407 99 12308 180 121 86
is_linear=0
shrinkage=0.03


Tree=244
num_leaves=31
num_cat=5
split_feature=15 15 21 21 14 14 21 17 17 6 2 21 7 2 7 7 11 9 17 0 11 4 21 4 6 8 9 4 6 4
split_gain=124.853 176.932 908.247 400.223 565.136 536.151 400.275 330.658 282.971 398.355 329.927 276.339 290.375 303.811 211.42 231.058 258.7 204.568 202.324 250.921 196.703 296.493 181.958 180.408 173.761 245.084 225.976 170.829 219.626 240.424
threshold=20.500000000000004 46.500000000000007 0 1 8.0000000000000018 8.0000000000000018 2 348.50000000000006 450.50000000000006 107.92857142857144 110.50000000000001 3 5.8554004376911308 85.500000000000014 7.8254773169497929 7.0440789049419426 7.3394635272425894 7.205385653633134 449.50000000000006 131.50000000000003 8.5247073216993545 89.500000000000014 4 85.500000000000014 88.928571428571445 95.464285714285737 6.0478858353083238 123.50000000000001 122.92857142857144 104.50000000000001
decision_type=2 2 1 1 2 2 1 2 2 2 2 1 2 2 2 2 2 2 2 2 2 2 1 2 2 2 2 2 2 2
left_child=-1 3 -3 4 7 6 -5 -2 9 14 -10 12 13 -7 15 16 -9 -16 22 -20 21 -19 27 -8 26 -26 -25 28 29 -4
right_child=1 2 18 5 -6 11 23 8 10 -11 -12 -13 -14 -15 17 -17 -18 20 19 -21 -22 -23 -24 24 25 -27 -28 -29 -30 -31
leaf_value=-0.00089834757154199556 0.011014194163661095 -0.0088323737746180044 -0.0008850495093313636 0.0024523500452481753 -0.0022659821513382051 -0.0015579158805483144 -0.0090206136448876505 0.028867975388668133 0.015265248733282171 0.16649810970368967 -0.099426263620060268 0.012487140433983225 -0.054000178499364705 0.11323333815552329 0.15069188966419686 -0.040679118017900612 0.12435018783565815 0.073493988290903672 0.019621775433976581 0.12794770290602497 0.12394286374593604 -0.051032795731211937 0.008169719993760519 -0.006910610729858423 0.043152081141261012 -0.038750270123079154 -0.10970896566538195 0.084723024365461266 -0.087604870700288093 0.090458315702519193
leaf_weight=56000 3980 7392 4068 4080 2736 1252 4369 454 224 22 25 3496 95 21 24 40 27 47 462 20 26 27 4785 31 44 129 51 21 26 26
leaf_count=56000 3980 7392 4068 4080 2736 1252 4369 454 224 22 25 3496 95 21 24 40 27 47 462 20 26 27 4785 31 44 129 51 21 26 26
internal_value=2.26534e-06 0.00132956 -0.000969867 0.00315189 0.00864217 5.69296e-05 -0.00440083 0.0147561 0.0310083 0.0411953 0.0037027 0.00803464 -0.00340821 0.000342123 0.0368916 0.0284928 0.0342587 0.0721044 0.00521138 0.0241485 0.0530818 0.0280105 0.00419402 -0.0104311 -0.0349812 -0.0178894 -0.0709385 -0.000418043 -0.000855803 -0.000302022
internal_weight=94000 38000 16800 21200 7632 13568 8704 4896 916 667 249 4864 1368 1273 645 521 481 124 9408 482 100 74 8926 4624 255 173 82 4141 4120 4094
internal_count=94000 38000 16800 21200 7632 13568 8704 4896 916 667 249 4864 1368 1273 645 521 481 124 9408 482 100 74 8926 4624 255 173 82 4141 4120 4094
cat_boundaries=0 2 4 6 8 10
cat_threshold=835478296 202982 818700936 137414 151195926 99873 83886352 99361 203624582 34305
is_linear=0
shrinkage=0.03


Tree=245
num_leaves=31
num_cat=6
split_feature=17 21 4 11 3 7 15 8 4 4 0 21 21 17 17 8 21 0 11 20 21 0 3 5 8 4 9 9 5 2
split_gain=120.077 288.623 203.824 227.146 201.384 185.231 168.995 156.065 185.31 152.468 159.203 136.577 134.199 216.503 210.722 165.953 133.237 478.75 289.744 209.351 211.142 225.92 326.571 319.728 302.653 319.384 298.729 375.615 280.706 225.698
threshold=444.50000000000006 0 104.50000000000001 6.3299907637201942 102.50000000000001 10.16295794961853 24.500000000000004 97.964285714285737 96.500000000000014 134.50000000000003 133.50000000000003 1 2 453.50000000000006 462.50000000000006 110.60714285714288 3 97.500000000000014 7.9365873011904506 4 5 106.50000000000001 98.500000000000014 109.50000000000001 115.17857142857143 128.50000000000003 9.0508332443805166 8.3076159947654933 122.50000000000001 117.50000000000001
decision_type=2 1 2 2 2 2 2 2 2 2 2 1 1 2 2 2 1 2 2 1 1 2 2 2 2 2 2 2 2 2
left_child=9 2 4 -4 6 -5 -2 -6 -9 10 16 -8 13 -3 -15 -16 19 18 -18 20 -1 23 -23 -22 28 -26 27 -25 29 -24
right_child=1 12 3 5 7 -7 11 8 -10 -11 -12 -13 -14 14 15 -17 17 -19 -20 -21 21 22 24 26 25 -27 -28 -29 -30 -31
leaf_value=0.03005214099227483 -0.0094899281000563399 0.10691969225618327 -0.12936704896279236 -0.010318400529787594 -0.033521269052775929 -0.092726381101559119 0.036307023651816393 0.13125039416667703 0.028636495886541855 -0.077366352760559545 0.080226597465001617 0.00095883564090970769 0.0069924246603044037 -0.04496706668703937 0.078551966836732906 -0.013911666843723986 -0.0013580624990195344 -0.040224965556865402 0.042807423649584952 0.00037700652232666596 0.0072845056006078856 0.069586444695692834 -0.016810030896583696 0.039422029181572282 -0.012489857367067621 0.093709894659243217 0.006465483435193267 0.19879168077128556 -0.1303792041348491 -0.10852796714330457
leaf_weight=373 1446 32 20 158 20 29 127 23 51 23 22 363 4653 33 49 27 43064 285 134 41125 1430 38 143 30 141 31 46 24 31 29
leaf_count=373 1446 32 20 158 20 29 127 23 51 23 22 363 4653 33 49 27 43064 285 134 41125 1430 38 143 30 141 31 46 24 31 29
internal_value=2.26672e-06 0.00377331 -0.00511614 -0.0334908 -0.00224497 -0.023157 -0.0043293 0.0406103 0.0607046 -0.000302572 -0.000282063 0.0108925 0.00791615 0.0358743 0.0181988 0.0456885 -0.000302566 -0.00147636 -0.00122089 0.000872432 0.00962853 0.00557111 -0.0140842 0.0109157 -0.0225871 0.00667669 0.0627527 0.110545 -0.0473879 -0.0323456
internal_weight=94000 7031 2237 207 2030 187 1936 94 74 86969 86946 490 4794 141 109 76 86924 43483 43198 43441 2316 1943 413 1530 375 172 100 54 203 172
internal_count=94000 7031 2237 207 2030 187 1936 94 74 86969 86946 490 4794 141 109 76 86924 43483 43198 43441 2316 1943 413 1530 375 172 100 54 203 172
cat_boundaries=0 2 4 5 7 8 10
cat_threshold=3165709 205961 2098176 1032 64 3773886140 46220 8 8390660 128
is_linear=0
shrinkage=0.03


Tree=246
num_leaves=31
num_cat=6
split_feature=17 14 21 14 21 14 14 21 3 21 14 14 21 21 3 7 14 0 4 17 9 12 10 13 3 8 3 3 12 4
split_gain=116.701 87.6116 479.123 1088.45 345.559 630.779 230.492 439.867 479.312 252.596 284.776 213.418 528.901 404.995 337.532 348 211.402 207.764 385.951 319.135 203.327 243.071 193.826 259.677 233.913 206.464 184.435 328.077 282.264 177.413
threshold=154.50000000000003 5.5000000000000009 0 8.0000000000000018 1 3.5000000000000004 1.5000000000000002 2 122.50000000000001 3 2.5000000000000004 8.0000000000000018 4 5 71.500000000000014 4.5250624831255672 3.5000000000000004 93.500000000000014 90.500000000000014 350.50000000000006 9.0508332443805166 2.5000000000000004 64.982142857142875 17.500000000000004 79.500000000000014 66.464285714285737 108.50000000000001 105.50000000000001 5.5000000000000009 131.50000000000003
decision_type=2 2 1 2 1 2 2 1 2 1 2 2 1 1 2 2 2 2 2 2 2 2 2 2 2 2 2 2 2 2
left_child=-1 4 3 -3 5 -2 7 -6 20 16 -11 12 14 29 -4 -16 -8 18 -5 -19 -9 -22 -14 25 -25 -24 27 -18 -28 -13
right_child=1 2 11 17 6 -7 9 8 -10 10 -12 13 22 -15 15 -17 26 19 -20 -21 21 -23 23 24 -26 -27 28 -29 -30 -31
leaf_value=-0.0016918922468878485 -0.0014709905310830546 0.015674688356992834 -0.0080270839451187723 -0.009829757354226077 0.010871603916123672 0.015880001798848256 -0.0035432023062692652 -0.0037649511986978272 -0.12513569642357605 0.0022992670842176795 -0.0079018238540279999 0.012758617818185528 0.0040602072708227138 0.0020657934668434959 0.050928850347219501 -0.057425560709319777 0.0038014733401945211 -0.15020078370820231 0.042213669538975304 -0.026141099015089899 -0.028933735538774458 0.10188660554906243 0.096233319382825908 0.035123017680899822 0.1484201048836937 0.010288661057783562 -0.068940875712892175 0.093245691652648219 0.041958250544734829 0.099941949121194987
leaf_weight=26335 4647 1971 1364 5856 3566 3173 7127 3650 29 3208 10598 5509 1756 6627 30 234 7241 20 131 265 20 35 27 42 27 354 71 37 29 21
leaf_count=26335 4647 1971 1364 5856 3566 3173 7127 3650 29 3208 10598 5509 1756 6627 30 234 7241 20 131 265 20 35 27 42 27 354 71 37 29 21
internal_value=2.44656e-06 0.000661924 0.00210706 -0.00376616 -0.000144379 0.00556187 -0.00139871 0.00335375 -0.00384398 -0.00262474 -0.00552725 0.00513391 -0.00103361 0.00708345 -0.0139553 -0.0450866 0.000141425 -0.00988216 -0.00868982 -0.0349072 -0.00290081 0.054295 0.00852585 0.0261298 0.0796507 0.0164108 0.0037013 0.00425788 -0.0367404 0.0130684
internal_weight=94000 67665 24234 8243 43431 7820 35611 7300 3734 28311 13806 15991 3834 12157 1628 264 14505 6272 5987 285 3705 55 2206 450 69 381 7378 7278 100 5530
internal_count=94000 67665 24234 8243 43431 7820 35611 7300 3734 28311 13806 15991 3834 12157 1628 264 14505 6272 5987 285 3705 55 2206 450 69 381 7378 7278 100 5530
cat_boundaries=0 2 4 6 8 10 12
cat_threshold=822895128 201862 554189328 4228 3325135971 57640 2428907916 232547 3257961537 8472 3257961568 24856
is_linear=0
shrinkage=0.03


Tree=247
num_leaves=31
num_cat=5
split_feature=11 15 21 15 3 13 21 14 15 21 5 21 7 3 21 1 13 2 7 9 1 7 4 7 2 4 3 5 11 2
split_gain=113.115 98.9445 358.081 327.663 243.333 303.742 218.85 1751.75 1034.11 407.488 427.508 330.533 323.891 290.008 270.859 250.518 225.851 298.261 218.746 631.507 281.975 446.458 278.049 221.099 201.01 232.228 216.342 198.046 184.22 219.905
threshold=1.2614554456142393 13.500000000000002 0 8.5000000000000018 122.50000000000001 10.500000000000002 1 8.0000000000000018 24.500000000000004 2 126.50000000000001 3 3.5456210417117142 119.50000000000001 4 44.500000000000007 15.500000000000002 103.50000000000001 8.6175346157400448 8.5292000062874109 97.500000000000014 9.7711918656932806 75.500000000000014 8.182443458550706 100.50000000000001 93.500000000000014 97.500000000000014 120.50000000000001 8.5247073216993545 102.50000000000001
decision_type=2 2 1 2 2 2 1 2 2 1 2 1 2 2 1 2 2 2 2 2 2 2 2 2 2 2 2 2 2 2
left_child=-1 2 3 -2 -4 -6 7 12 9 10 13 -10 -3 15 18 -8 28 24 19 23 22 -22 -20 -14 25 -18 -27 -17 -16 -30
right_child=1 6 4 -5 5 -7 8 -9 11 -11 -12 -13 14 -15 16 27 17 -19 20 -21 21 -23 -24 -25 -26 26 -28 -29 29 -31
leaf_value=-0.0031353463263709557 0.010007748776522617 0.0072977143993340496 -0.0024038280202710997 -0.0032265056329996498 0.018283836644465527 -0.088662080939353544 -0.0066545060761865763 -0.0065437147876472495 0.0098453987879316592 -0.001687111292844637 -0.14306535842731527 0.00091104183070606179 0.005682374059037331 0.090884676586346788 0.017635467594365531 -0.019394220583164614 0.027601579146013442 0.093891346069155529 -0.062045575055700519 0.13299220670185322 -0.17409375718520387 -0.018689360214937854 0.060967886212659778 0.092282200105955683 -0.062862857164929828 0.15800991234443001 0.039445562398685789 0.075127362662286881 0.022542241223571586 -0.083670850460549132
leaf_weight=9315 4450 7212 25666 2708 38 64 4073 8763 7335 9775 22 7586 1285 25 1542 2529 1164 67 26 37 24 54 45 27 21 24 33 20 34 36
leaf_count=9315 4450 7212 25666 2708 38 64 4073 8763 7335 9775 22 7586 1285 25 1542 2529 1164 67 26 37 24 54 45 27 21 24 33 20 34 36
internal_value=2.42769e-06 0.000347609 -0.000938032 0.00499362 -0.00258683 -0.0488112 0.00116551 0.00358377 -0.000407795 -0.00559693 -0.0113076 0.00531052 0.0112173 -0.010886 0.0176133 -0.011272 0.0229167 0.0322545 0.00706902 0.0109282 -0.0273608 -0.0667062 0.0158546 0.00747372 0.0289198 0.0305058 0.0896092 -0.0186485 0.0154729 -0.0320803
internal_weight=94000 84685 32926 7158 25768 102 51759 20394 31365 16444 6669 14921 11631 6647 4419 6622 2921 1309 1498 1349 149 78 71 1312 1242 1221 57 2549 1612 70
internal_count=94000 84685 32926 7158 25768 102 51759 20394 31365 16444 6669 14921 11631 6647 4419 6622 2921 1309 1498 1349 149 78 71 1312 1242 1221 57 2549 1612 70
cat_boundaries=0 2 4 6 8 10
cat_threshold=3255862305 8456 814506904 39110 3255862305 24840 3262153824 24600 268697736 34816
is_linear=0
shrinkage=0.03


Tree=248
num_leaves=31
num_cat=3
split_feature=17 21 3 15 3 5 17 0 3 1 21 14 1 21 0 3 15 1 15 0 13 17 3 2 5 17 3 0 6 9
split_gain=112.301 266.417 190.927 182.043 224.513 179.984 269.852 257.773 191.434 173.505 149.104 263.245 147.381 425.258 260.386 239.721 285.113 235.257 231.757 226.453 255.135 222.688 214.833 174.201 365.653 206.635 217.022 172.283 151.499 236.816
threshold=444.50000000000006 0 114.50000000000001 24.500000000000004 111.50000000000001 102.50000000000001 469.50000000000006 95.500000000000014 106.50000000000001 134.50000000000003 1 10.500000000000002 110.50000000000001 2 103.50000000000001 120.50000000000001 12.500000000000002 131.50000000000003 21.500000000000004 121.50000000000001 19.500000000000004 435.50000000000006 109.50000000000001 112.50000000000001 118.50000000000001 433.50000000000006 113.50000000000001 114.50000000000001 106.35714285714288 8.5292000062874109
decision_type=2 1 2 2 2 2 2 2 2 2 1 2 2 1 2 2 2 2 2 2 2 2 2 2 2 2 2 2 2 2
left_child=9 2 3 4 5 8 7 -7 -2 12 11 -5 15 17 21 -1 -17 18 28 22 -21 -15 -20 25 27 26 -16 -25 -14 -30
right_child=1 -3 -4 10 -6 6 -8 -9 -10 -11 -12 -13 13 14 23 16 -18 -19 19 20 -22 -23 -24 24 -26 -27 -28 -29 29 -31
leaf_value=-0.00026492726633929229 -0.0083328469694774181 0.0076295332503357998 -0.055143986646418501 0.12530213564325171 0.075633086528218083 -0.10704627160149724 -0.10869742891679232 0.016540628471929164 0.080621093975472763 0.075604168794691784 -0.0013371083077968373 0.019958281544155857 0.058921156026927587 0.056758724950317647 -0.21118234919145773 -0.026966620807331129 0.10134773097881654 -0.081796709837077486 0.01540243840728148 0.076969431033843502 -0.063315926793662977 -0.061660026375868995 0.12664304488486744 -0.042056864136542388 -0.13334240621533885 -0.048958047636189543 -0.072407156709414805 0.051044603984838885 0.026374869879312857 -0.060666539203150384
leaf_weight=86357 1453 4794 66 24 28 20 40 62 22 27 333 189 25 35 21 24 44 23 25 21 26 24 42 42 26 42 20 31 50 64
leaf_count=86357 1453 4794 66 24 28 20 40 62 22 27 333 189 25 35 21 24 44 23 25 21 26 24 42 42 26 42 20 31 50 64
internal_value=2.39169e-06 0.00364928 -0.00489144 -0.0033824 -0.00841897 -0.00989917 -0.0449076 -0.0136596 -0.00699867 -0.00029241 0.0116007 0.0304657 -0.000316102 -0.0162845 -0.0443592 -0.000220524 0.0560432 0.00948918 0.0182037 0.0498929 -0.000541204 0.0085148 0.0852649 -0.0639473 -0.0369661 -0.0960104 -0.143901 -0.00246384 -0.00778162 -0.0224745
internal_weight=94000 7031 2237 2171 1625 1597 122 82 1475 86969 546 213 86942 517 241 86425 68 276 253 114 47 59 67 182 99 83 41 73 139 114
internal_count=94000 7031 2237 2171 1625 1597 122 82 1475 86969 546 213 86942 517 241 86425 68 276 253 114 47 59 67 182 99 83 41 73 139 114
cat_boundaries=0 2 4 6
cat_threshold=3165709 205961 2114560 9352 2155905024 32896
is_linear=0
shrinkage=0.03


Tree=249
num_leaves=31
num_cat=0
split_feature=12 12 12 12 12 0 0 11 13 9 13 4 3 17 7 5 11 9 0 0 6 17 0 10 5 5 13 13 5 9
split_gain=111.503 195.718 133.994 117.416 142.886 138.284 158.75 170.052 152.304 198.969 200.717 183 173.409 231.598 117.206 142.315 117.156 284.739 155.925 127.804 304.716 204.74 195.996 162.295 120.126 184.158 382.191 171.828 144.525 136.986
threshold=1.0000000180025095e-35 3.5000000000000004 2.5000000000000004 5.5000000000000009 4.5000000000000009 121.50000000000001 116.50000000000001 8.5247073216993545 6.5000000000000009 8.7907605661320307 27.500000000000004 116.50000000000001 110.50000000000001 444.50000000000006 11.613825507746741 112.50000000000001 8.3296419978818488 7.9279031194456069 108.50000000000001 92.500000000000014 98.214285714285737 435.50000000000006 80.500000000000014 88.625000000000014 95.500000000000014 88.500000000000014 10.500000000000002 12.500000000000002 99.500000000000014 7.329377887636876
decision_type=2 2 2 2 2 2 2 2 2 2 2 2 2 2 2 2 2 2 2 2 2 2 2 2 2 2 2 2 2 2
left_child=14 2 -2 4 -3 6 7 16 -9 -10 11 12 13 -11 -1 -16 18 -18 19 22 21 -21 23 -6 25 27 -27 -24 -26 -30
right_child=1 3 -4 -5 5 -7 -8 8 9 10 -12 -13 -14 -15 15 -17 17 -19 -20 20 -22 -23 24 -25 28 26 -28 -29 29 -31
leaf_value=0.0023839525221754079 -0.00066087069753843568 1.3304350081943359e-05 -0.0043171307150373147 -0.0012602834027235896 0.0038527430867197018 0.07085163891010543 -0.06240642199031661 -0.022206412844196721 0.091376658418357029 -0.0099859310780648757 -0.049055603309882491 0.097190680075914429 -0.05875618583006316 0.11961969644819956 0.10764525390190395 0.0051046323238574352 0.043439802162682825 -0.10442145532984751 0.081993157631391034 -0.034425181060965752 0.0044848877765369995 -0.15302583650672605 0.060137510425245698 -0.068319660344582006 -0.04807775417823925 -0.013242015281304323 0.11074742084343314 -0.0014613828098814874 0.069359350573531417 -0.031745366632048758
leaf_weight=13150 26800 13600 13600 13200 12649 28 32 41 52 30 28 35 21 21 21 29 20 28 23 35 130 21 59 28 39 34 65 131 30 20
leaf_count=13150 26800 13600 13600 13200 12649 28 32 41 52 30 28 35 21 21 21 29 20 28 23 35 130 21 59 28 39 34 65 131 30 20
internal_value=2.33275e-06 -0.000415257 -0.00189177 0.00106119 0.00218789 0.00436224 0.00422433 0.00438248 0.0300685 0.0415516 0.022284 0.0410087 0.0135595 0.043452 0.0025587 0.0483605 0.0039421 -0.042788 0.00411176 0.00397563 -0.0207076 -0.0791474 0.00432769 0.00369256 0.0256134 0.034997 0.0681645 0.0176725 -0.00482835 0.0288749
internal_weight=94000 80800 40400 40400 27200 13600 13572 13540 228 187 135 107 72 51 13200 50 13312 48 13264 13241 186 56 13055 12677 378 289 99 190 89 50
internal_count=94000 80800 40400 40400 27200 13600 13572 13540 228 187 135 107 72 51 13200 50 13312 48 13264 13241 186 56 13055 12677 378 289 99 190 89 50
is_linear=0
shrinkage=0.03


Tree=250
num_leaves=31
num_cat=4
split_feature=10 17 21 4 9 21 10 6 17 14 21 8 13 0 17 17 2 4 6 2 3 3 11 0 8 13 21 17 4 0
split_gain=109.47 98.3025 255.471 151.819 197.387 343.622 370.668 313.252 237.86 256.696 235.222 326.69 282.534 242.938 446.199 247.139 233.393 216.497 357.087 238.867 222.903 172.444 171.712 167.85 221.421 370.526 225.24 224.461 337.835 305.071
threshold=9.4821428571428594 444.50000000000006 0 132.50000000000003 9.0508332443805166 1 123.83928571428574 109.50000000000001 452.50000000000006 1.5000000000000002 2 95.464285714285737 6.5000000000000009 99.500000000000014 459.50000000000006 453.50000000000006 101.50000000000001 103.50000000000001 106.35714285714288 105.50000000000001 111.50000000000001 114.50000000000001 9.0823320517833874 86.500000000000014 110.60714285714288 26.500000000000004 3 468.50000000000006 97.500000000000014 92.500000000000014
decision_type=2 2 1 2 2 1 2 2 2 2 1 2 2 2 2 2 2 2 2 2 2 2 2 2 2 2 1 2 2 2
left_child=-1 -2 3 4 10 7 8 -6 -7 -10 11 -3 16 14 -14 -15 -13 19 -19 -11 -20 -18 -9 -12 26 -26 27 -25 29 -29
right_child=1 2 -4 -5 5 6 -8 22 9 17 23 12 13 15 -16 -17 21 18 20 -21 -22 -23 -24 24 25 -27 -28 28 -30 -31
leaf_value=-0.0092126485212451602 -0.00016331799321269415 0.14681732317980598 -0.001559937971239603 0.065903476026868593 -0.087109152181902127 0.07211867375067578 -0.069930041310844085 0.062821254032066606 0.088028553716368058 -0.0087840608815921029 0.014602360641042129 0.059277701814297673 -0.095026945091015072 0.11474718761311881 0.075576368110646178 0.039772687719261623 -0.070098104064323555 0.099908748565453231 -0.092573678137420054 -0.11561886862776745 0.028098143931270692 0.032785501169291 -0.038774471176923765 -0.014402544854663687 0.011258783783659946 0.14904622839457951 -0.0339862647011469 0.064927450037614826 0.088099282818094732 -0.052434160686181695
leaf_weight=1146 85823 22 3930 43 82 65 46 25 30 68 1439 28 28 54 27 149 54 36 23 26 34 20 37 237 140 20 226 33 59 50
leaf_count=1146 85823 22 3930 43 82 65 46 25 30 68 1439 28 28 54 27 149 54 36 23 26 34 20 37 237 140 20 226 33 59 50
internal_value=2.26739e-06 0.00011604 0.00352636 0.00994617 0.00918874 -0.00864651 0.00866124 -0.0455119 0.021819 0.00671217 0.0124454 0.0339246 0.0279205 0.0446292 -0.0112366 0.0597781 -0.0143155 -0.00635728 0.0260623 -0.0384575 -0.0206183 -0.0422445 0.00217843 0.00852728 -0.00278526 0.0285833 -0.0110894 0.00336924 0.0332781 -0.00571423
internal_weight=94000 92854 7031 3101 3058 472 328 144 282 217 2586 382 360 258 55 203 102 187 93 94 57 74 62 2204 765 160 605 379 142 83
internal_count=94000 92854 7031 3101 3058 472 328 144 282 217 2586 382 360 258 55 203 102 187 93 94 57 74 62 2204 765 160 605 379 142 83
cat_boundaries=0 2 4 6 8
cat_threshold=1934143698 55920 128 20544 192 16448 1346379776 48
is_linear=0
shrinkage=0.03


end of trees

feature_importances:
day_of_week=1861
rolling_mean_28=683
rolling_mean_14=631
medicine_id=623
week_of_year=488
rolling_mean_7=390
lag_7=276
lag_14=273
patient_load=263
lag_28=252
lag_2=242
lag_1=234
rolling_std_14=201
rolling_std_7=197
rolling_std_28=188
is_weekend=185
month=181
lag_3=171
day_of_month=154
emergency_cases=31
hospital_id=6

parameters:
[boosting: gbdt]
[objective: regression]
[metric: l2]
[tree_learner: serial]
[device_type: cpu]
[data_sample_strategy: bagging]
[data: ]
[valid: ]
[num_iterations: 1000]
[learning_rate: 0.03]
[num_leaves: 31]
[num_threads: 10]
[seed: 42]
[deterministic: 0]
[force_col_wise: 0]
[force_row_wise: 0]
[histogram_pool_size: -1]
[max_depth: -1]
[min_data_in_leaf: 20]
[min_sum_hessian_in_leaf: 0.001]
[bagging_fraction: 0.8]
[pos_bagging_fraction: 1]
[neg_bagging_fraction: 1]
[bagging_freq: 0]
[bagging_seed: 400]
[bagging_by_query: 0]
[feature_fraction: 0.8]
[feature_fraction_bynode: 1]
[feature_fraction_seed: 30056]
[extra_trees: 0]
[extra_seed: 12879]
[early_stopping_round: 0]
[early_stopping_min_delta: 0]
[first_metric_only: 0]
[max_delta_step: 0]
[lambda_l1: 0.1]
[lambda_l2: 0.1]
[linear_lambda: 0]
[min_gain_to_split: 0]
[drop_rate: 0.1]
[max_drop: 50]
[skip_drop: 0.5]
[xgboost_dart_mode: 0]
[uniform_drop: 0]
[drop_seed: 17869]
[top_rate: 0.2]
[other_rate: 0.1]
[min_data_per_group: 100]
[max_cat_threshold: 32]
[cat_l2: 10]
[cat_smooth: 10]
[max_cat_to_onehot: 4]
[top_k: 20]
[monotone_constraints: ]
[monotone_constraints_method: basic]
[monotone_penalty: 0]
[feature_contri: ]
[forcedsplits_filename: ]
[refit_decay_rate: 0.9]
[cegb_tradeoff: 1]
[cegb_penalty_split: 0]
[cegb_penalty_feature_lazy: ]
[cegb_penalty_feature_coupled: ]
[path_smooth: 0]
[interaction_constraints: ]
[verbosity: 1]
[saved_feature_importance_type: 0]
[use_quantized_grad: 0]
[num_grad_quant_bins: 4]
[quant_train_renew_leaf: 0]
[stochastic_rounding: 1]
[linear_tree: 0]
[max_bin: 255]
[max_bin_by_feature: ]
[min_data_in_bin: 3]
[bin_construct_sample_cnt: 200000]
[data_random_seed: 175]
[is_enable_sparse: 1]
[enable_bundle: 1]
[use_missing: 1]
[zero_as_missing: 0]
[feature_pre_filter: 1]
[pre_partition: 0]
[two_round: 0]
[header: 0]
[label_column: ]
[weight_column: ]
[group_column: ]
[ignore_column: ]
[categorical_feature: 20,21]
[forcedbins_filename: ]
[precise_float_parser: 0]
[parser_config_file: ]
[objective_seed: 16083]
[num_class: 1]
[is_unbalance: 0]
[scale_pos_weight: 1]
[sigmoid: 1]
[boost_from_average: 1]
[reg_sqrt: 0]
[alpha: 0.9]
[fair_c: 1]
[poisson_max_delta_step: 0.7]
[tweedie_variance_power: 1.5]
[lambdarank_truncation_level: 30]
[lambdarank_norm: 1]
[label_gain: ]
[lambdarank_position_bias_regularization: 0]
[eval_at: ]
[multi_error_top_k: 1]
[auc_mu_weights: ]
[num_machines: 1]
[local_listen_port: 12400]
[time_out: 120]
[machine_list_filename: ]
[machines: ]
[gpu_platform_id: -1]
[gpu_device_id: -1]
[gpu_device_id_list: ]
[gpu_use_dp: 0]
[num_gpu: 1]

end of parameters

pandas_categorical:[["H01", "H02", "H03", "H04", "H05", "H06", "H07", "H08"], ["M001", "M002", "M003", "M004", "M005", "M006", "M007", "M008", "M009", "M010", "M011", "M012", "M013", "M014", "M015", "M016", "M017", "M018", "M019", "M020", "M021", "M022", "M023", "M024", "M025", "M026", "M027", "M028", "M029", "M030", "M031", "M032", "M033", "M034", "M035", "M036", "M037", "M038", "M039", "M040", "M041", "M042", "M043", "M044", "M045", "M046", "M047", "M048", "M049", "M050"]]
