id,hospital_id,location_id,medicine_id,batch_number,quantity,reserved_quantity,unit_cost,manufacturing_date,expiry_date,supplier_id,received_at,status
da008a80-a7a9-40d1-ab8c-c7391fba35c1,920ef48e-37f7-4885-9e7f-ef5f2970a521,e0a0a797-1443-43a7-9574-d4d98ac11856,831a67ea-b75d-494e-8ba6-e91b1b1eae6e,B258332,975,93,1654.25,2025-11-15,2027-01-17,8a3cc937-5d2e-4b04-b961-e6372fb37757,2026-08-24 15:37:14.041740,AVAILABLE
4e920577-f54d-44df-a7d7-fcda71c6d166,920ef48e-37f7-4885-9e7f-ef5f2970a521,e0a0a797-1443-43a7-9574-d4d98ac11856,831a67ea-b75d-494e-8ba6-e91b1b1eae6e,B539082,888,86,1410.85,2026-05-28,2027-01-15,43b13eff-affb-4e79-a137-2d676513f12b,2026-06-19 15:37:14.041851,AVAILABLE
de05d29a-582c-4401-975e-3c6edabb7c65,920ef48e-37f7-4885-9e7f-ef5f2970a521,e0a0a797-1443-43a7-9574-d4d98ac11856,831a67ea-b75d-494e-8ba6-e91b1b1eae6e,B515138,505,11,394.3,2026-08-21,2028-01-16,e6d69402-090c-458e-ab40-7589f32bf4bf,2026-08-20 15:37:14.041917,AVAILABLE
b7051ca2-5790-4dba-b0da-3ddc2e626b36,920ef48e-37f7-4885-9e7f-ef5f2970a521,e0a0a797-1443-43a7-9574-d4d98ac11856,97a16fda-9cba-4dc2-8770-0b5104c507d2,B497710,806,29,1589.99,2026-09-02,2027-08-20,b55d3c34-369b-4934-9015-9e38109b79f2,2026-09-25 15:37:14.041972,AVAILABLE
a7e77a1c-64f4-427e-9183-35dc90e85d46,920ef48e-37f7-4885-9e7f-ef5f2970a521,e0a0a797-1443-43a7-9574-d4d98ac11856,a041cc1e-bb11-4e03-9969-5026c46ed837,B686118,421,46,811.64,2027-05-10,2028-02-12,b55d3c34-369b-4934-9015-9e38109b79f2,2026-10-05 15:37:14.042024,AVAILABLE
740c04fd-bbff-4f17-b22a-3ab8eed6c52a,920ef48e-37f7-4885-9e7f-ef5f2970a521,e0a0a797-1443-43a7-9574-d4d98ac11856,a041cc1e-bb11-4e03-9969-5026c46ed837,B162233,964,104,1565.41,2025-11-01,2027-07-14,301e3cd3-c948-49e9-add4-e8080a9fab7f,2026-04-28 15:37:14.042070,AVAILABLE
ae59041f-c582-4fa0-9145-b1cc20f52ee5,920ef48e-37f7-4885-9e7f-ef5f2970a521,e0a0a797-1443-43a7-9574-d4d98ac11856,0a915249-7e9b-4a22-be4b-d5a6c9628e04,B649862,26,2,487.0,2026-05-25,2027-03-29,85ba89f5-0cbe-423d-9b09-8edf117efeb7,2026-08-28 15:37:14.042117,AVAILABLE
ea77167e-9c8d-439a-802f-f0a45cc25c40,920ef48e-37f7-4885-9e7f-ef5f2970a521,e0a0a797-1443-43a7-9574-d4d98ac11856,0a915249-7e9b-4a22-be4b-d5a6c9628e04,B693382,264,30,1371.63,2025-08-11,2026-11-25,b55d3c34-369b-4934-9015-9e38109b79f2,2026-04-24 15:37:14.042159,AVAILABLE
a293ea79-ac62-4bb2-ab3a-733ff67b51a6,920ef48e-37f7-4885-9e7f-ef5f2970a521,e0a0a797-1443-43a7-9574-d4d98ac11856,b1b122eb-1ba2-4148-b9ac-5d21b2adf647,B771029,464,63,1575.68,2026-02-17,2027-06-07,1400ecad-7beb-4557-b782-a9b67dbfa3ea,2026-04-27 15:37:14.042202,AVAILABLE
97c845bf-c193-4614-9e24-110cbe19f4be,920ef48e-37f7-4885-9e7f-ef5f2970a521,e0a0a797-1443-43a7-9574-d4d98ac11856,a88fd15f-1bbb-4271-941e-899867a89583,B968122,402,28,93.07,2027-02-18,2028-01-07,301e3cd3-c948-49e9-add4-e8080a9fab7f,2026-08-11 15:37:14.042261,AVAILABLE
aad4d258-4bcf-489a-aaee-686b17857525,920ef48e-37f7-4885-9e7f-ef5f2970a521,e0a0a797-1443-43a7-9574-d4d98ac11856,6b615b69-ae0e-4f1b-a6dc-2d69233addaa,B242815,272,38,358.19,2026-12-04,2027-09-01,301e3cd3-c948-49e9-add4-e8080a9fab7f,2026-04-19 15:37:14.042315,AVAILABLE
6b05f421-a07e-418f-a652-b25044559e04,920ef48e-37f7-4885-9e7f-ef5f2970a521,e0a0a797-1443-43a7-9574-d4d98ac11856,6b615b69-ae0e-4f1b-a6dc-2d69233addaa,B361516,765,77,602.0,2026-05-11,2027-10-19,8a3cc937-5d2e-4b04-b961-e6372fb37757,2026-06-14 15:37:14.042358,AVAILABLE
1b880bc8-9108-442d-8136-48cb96815a56,920ef48e-37f7-4885-9e7f-ef5f2970a521,e0a0a797-1443-43a7-9574-d4d98ac11856,b3163dc0-3ac7-41cc-b4fc-244bcbe446ad,B943933,43,1,465.29,2025-12-18,2027-01-04,8a3cc937-5d2e-4b04-b961-e6372fb37757,2026-06-23 15:37:14.042399,AVAILABLE
10f97985-a2f6-4e35-8849-7c6430eafcc7,920ef48e-37f7-4885-9e7f-ef5f2970a521,e0a0a797-1443-43a7-9574-d4d98ac11856,b3163dc0-3ac7-41cc-b4fc-244bcbe446ad,B506168,24,2,293.81,2026-02-08,2027-09-22,43b13eff-affb-4e79-a137-2d676513f12b,2026-05-15 15:37:14.042441,AVAILABLE
82bfbfdf-fdba-4f78-9d2e-682e32c09c1c,920ef48e-37f7-4885-9e7f-ef5f2970a521,e0a0a797-1443-43a7-9574-d4d98ac11856,2c4e6d71-0152-4e82-9c16-bfc9c81ea55e,B685865,287,14,601.6,2027-07-06,2028-03-29,8a3cc937-5d2e-4b04-b961-e6372fb37757,2026-07-18 15:37:14.042481,AVAILABLE
07068fd2-51e6-4a4b-8ac5-adb753d47974,920ef48e-37f7-4885-9e7f-ef5f2970a521,e0a0a797-1443-43a7-9574-d4d98ac11856,1b0a2521-7dda-4bed-8313-954689f28c33,B273706,689,55,238.95,2025-08-07,2027-01-06,43b13eff-affb-4e79-a137-2d676513f12b,2026-05-29 15:37:14.042520,AVAILABLE
353c57d9-da41-499b-bcf5-3d3f42b7181f,920ef48e-37f7-4885-9e7f-ef5f2970a521,e0a0a797-1443-43a7-9574-d4d98ac11856,67ae158e-8140-49ce-b874-0acf92a800c2,B310595,438,6,84.98,2025-02-03,2026-12-01,85ba89f5-0cbe-423d-9b09-8edf117efeb7,2026-05-31 15:37:14.042560,AVAILABLE
fc55eac5-71ef-492f-89b2-9fcdd6fd2917,920ef48e-37f7-4885-9e7f-ef5f2970a521,e0a0a797-1443-43a7-9574-d4d98ac11856,67ae158e-8140-49ce-b874-0acf92a800c2,B614070,765,6,1400.22,2025-10-03,2027-06-30,301e3cd3-c948-49e9-add4-e8080a9fab7f,2026-08-01 15:37:14.042705,AVAILABLE
fae837f6-cd1e-4288-b80a-1f608d89b05f,920ef48e-37f7-4885-9e7f-ef5f2970a521,e0a0a797-1443-43a7-9574-d4d98ac11856,67ae158e-8140-49ce-b874-0acf92a800c2,B635622,317,47,122.09,2026-01-01,2026-10-01,85ba89f5-0cbe-423d-9b09-8edf117efeb7,2026-05-12 15:37:14.042786,EXPIRED
cc6a9e20-8498-4e8d-8346-9a2d1b385373,920ef48e-37f7-4885-9e7f-ef5f2970a521,e0a0a797-1443-43a7-9574-d4d98ac11856,3e98e5ab-52e7-4056-8353-5ac655247948,B761571,53,5,1546.31,2026-10-08,2027-09-12,1400ecad-7beb-4557-b782-a9b67dbfa3ea,2026-08-08 15:37:14.042956,AVAILABLE
0ebaec61-032f-4cda-b9d9-c3b29d4171d9,920ef48e-37f7-4885-9e7f-ef5f2970a521,e0a0a797-1443-43a7-9574-d4d98ac11856,3e98e5ab-52e7-4056-8353-5ac655247948,B638675,181,9,229.83,2025-08-26,2026-09-23,1400ecad-7beb-4557-b782-a9b67dbfa3ea,2026-07-13 15:37:14.043031,EXPIRED
83363eaa-bbd9-48ea-81ac-1a2cbf227bcc,920ef48e-37f7-4885-9e7f-ef5f2970a521,e0a0a797-1443-43a7-9574-d4d98ac11856,fda2f8a3-95ba-4f42-97f3-dbce57a916f1,B867099,88,12,567.29,2026-03-22,2026-10-18,8a3cc937-5d2e-4b04-b961-e6372fb37757,2026-04-15 15:37:14.043091,AVAILABLE
c1b16283-a5a5-4bdf-8687-5f0b9e946e40,920ef48e-37f7-4885-9e7f-ef5f2970a521,e0a0a797-1443-43a7-9574-d4d98ac11856,1d534fd0-ecdb-47f7-8df1-911899944ac3,B228314,944,101,1084.64,2027-08-10,2028-03-11,43b13eff-affb-4e79-a137-2d676513f12b,2026-08-27 15:37:14.043136,AVAILABLE
730ad7b5-6b67-4eea-b76b-f436b6a36ddc,920ef48e-37f7-4885-9e7f-ef5f2970a521,e0a0a797-1443-43a7-9574-d4d98ac11856,378ef267-9155-41bc-a431-7c700c1731e3,B586676,204,18,1775.97,2026-03-22,2026-10-29,43b13eff-affb-4e79-a137-2d676513f12b,2026-06-09 15:37:14.043310,AVAILABLE
9bb2422b-1bc7-497a-887d-5f6b918e4442,920ef48e-37f7-4885-9e7f-ef5f2970a521,e0a0a797-1443-43a7-9574-d4d98ac11856,99f2ef21-d83e-4cde-a73a-10b587a903a3,B986125,568,57,80.01,2027-02-15,2027-10-22,389d9f94-94f3-497d-9ad3-80b154c36b08,2026-05-28 15:37:14.043391,AVAILABLE
f396830c-e4bc-465e-ac49-aa32c563b6b9,920ef48e-37f7-4885-9e7f-ef5f2970a521,e0a0a797-1443-43a7-9574-d4d98ac11856,8e15b3a9-915f-4bf0-84c7-182f335e062c,B133463,24,3,469.14,2026-07-19,2027-10-15,389d9f94-94f3-497d-9ad3-80b154c36b08,2026-07-12 15:37:14.043724,AVAILABLE
18ea48ff-b1fc-413b-9d15-15a61bccbd40,920ef48e-37f7-4885-9e7f-ef5f2970a521,e0a0a797-1443-43a7-9574-d4d98ac11856,8e15b3a9-915f-4bf0-84c7-182f335e062c,B123603,190,2,1310.8,2027-05-28,2027-12-25,1400ecad-7beb-4557-b782-a9b67dbfa3ea,2026-05-06 15:37:14.043815,AVAILABLE
0851df5a-33ae-4069-90d7-f7454019ff30,920ef48e-37f7-4885-9e7f-ef5f2970a521,e0a0a797-1443-43a7-9574-d4d98ac11856,b8b41174-e4bb-41e0-8dc8-fbdaf9d470ec,B359486,584,17,56.13,2026-02-02,2026-12-11,e6d69402-090c-458e-ab40-7589f32bf4bf,2026-07-12 15:37:14.043872,AVAILABLE
505c27a4-baf7-45bd-a589-eb197466f961,920ef48e-37f7-4885-9e7f-ef5f2970a521,e0a0a797-1443-43a7-9574-d4d98ac11856,0df67422-0ffe-4855-b4b7-0f4e8676cbdb,B783947,654,54,176.63,2025-12-28,2027-01-21,e6d69402-090c-458e-ab40-7589f32bf4bf,2026-09-10 15:37:14.043918,AVAILABLE
2b629910-780e-429c-82bf-02a97fc28b7e,920ef48e-37f7-4885-9e7f-ef5f2970a521,e0a0a797-1443-43a7-9574-d4d98ac11856,0df67422-0ffe-4855-b4b7-0f4e8676cbdb,B583364,933,129,1650.69,2025-12-21,2027-08-04,8a3cc937-5d2e-4b04-b961-e6372fb37757,2026-06-13 15:37:14.043960,AVAILABLE
9b1a9af8-6a36-463a-a798-8e5b442c6ec1,920ef48e-37f7-4885-9e7f-ef5f2970a521,e0a0a797-1443-43a7-9574-d4d98ac11856,0df67422-0ffe-4855-b4b7-0f4e8676cbdb,B863372,929,0,120.13,2026-06-01,2027-07-11,85ba89f5-0cbe-423d-9b09-8edf117efeb7,2026-09-18 15:37:14.044000,AVAILABLE
1614cf9b-2670-4315-b0ea-97756a299815,920ef48e-37f7-4885-9e7f-ef5f2970a521,e0a0a797-1443-43a7-9574-d4d98ac11856,b699a59a-a0ec-49d9-b327-482e55347adf,B416531,634,66,1424.84,2024-12-08,2026-11-14,e6d69402-090c-458e-ab40-7589f32bf4bf,2026-06-09 15:37:14.044040,AVAILABLE
8807eac7-406d-496c-8023-e806d3d2d531,920ef48e-37f7-4885-9e7f-ef5f2970a521,e0a0a797-1443-43a7-9574-d4d98ac11856,b699a59a-a0ec-49d9-b327-482e55347adf,B773110,855,45,31.28,2025-04-01,2026-12-13,85ba89f5-0cbe-423d-9b09-8edf117efeb7,2026-09-24 15:37:14.044286,AVAILABLE
c3a830ce-232a-4da9-89b5-41149c2d0e8c,920ef48e-37f7-4885-9e7f-ef5f2970a521,e0a0a797-1443-43a7-9574-d4d98ac11856,b699a59a-a0ec-49d9-b327-482e55347adf,B346820,839,102,1369.79,2026-04-24,2027-03-25,43b13eff-affb-4e79-a137-2d676513f12b,2026-09-04 15:37:14.044366,AVAILABLE
eaabd93a-e14f-4de3-a90d-618a57268c0e,920ef48e-37f7-4885-9e7f-ef5f2970a521,e0a0a797-1443-43a7-9574-d4d98ac11856,419b95a7-17e5-4918-ad68-d58ee6b6e6f5,B983191,811,23,1169.38,2026-06-07,2027-12-04,b55d3c34-369b-4934-9015-9e38109b79f2,2026-07-13 15:37:14.044516,AVAILABLE
b2d9055b-43d2-448a-aad8-da72c4ba9496,920ef48e-37f7-4885-9e7f-ef5f2970a521,e0a0a797-1443-43a7-9574-d4d98ac11856,2c10bfc8-d106-4422-b38f-e414215c8def,B200910,253,19,187.08,2026-02-21,2027-05-24,1400ecad-7beb-4557-b782-a9b67dbfa3ea,2026-10-05 15:37:14.044566,AVAILABLE
18b7da18-0580-4559-8be9-bf9041d48975,920ef48e-37f7-4885-9e7f-ef5f2970a521,e0a0a797-1443-43a7-9574-d4d98ac11856,2aceb2a6-c859-4f95-a238-9ad796b698fa,B317504,955,50,585.17,2026-06-30,2027-05-29,43b13eff-affb-4e79-a137-2d676513f12b,2026-04-30 15:37:14.044662,AVAILABLE
2a88562d-3d2b-48d3-9b97-36c5cf8eb01d,920ef48e-37f7-4885-9e7f-ef5f2970a521,e0a0a797-1443-43a7-9574-d4d98ac11856,d039d8bd-44d3-44fc-a49f-83d1987d0b48,B927242,718,32,213.78,2025-10-14,2027-08-01,e6d69402-090c-458e-ab40-7589f32bf4bf,2026-08-15 15:37:14.044937,AVAILABLE
3d9dd979-ff40-49d1-bd11-3f53fb41e907,920ef48e-37f7-4885-9e7f-ef5f2970a521,e0a0a797-1443-43a7-9574-d4d98ac11856,d039d8bd-44d3-44fc-a49f-83d1987d0b48,B821715,296,39,854.85,2026-07-31,2027-04-02,41e5f347-011f-49c8-a809-9ebc6ef93e37,2026-07-08 15:37:14.044998,AVAILABLE
baae369a-3161-41a0-b30b-4bb50cb68f33,920ef48e-37f7-4885-9e7f-ef5f2970a521,e0a0a797-1443-43a7-9574-d4d98ac11856,d039d8bd-44d3-44fc-a49f-83d1987d0b48,B343828,425,31,74.86,2026-08-31,2027-07-26,389d9f94-94f3-497d-9ad3-80b154c36b08,2026-09-22 15:37:14.045046,AVAILABLE
8eeacde9-bd93-424d-9377-fab12bbf00f8,920ef48e-37f7-4885-9e7f-ef5f2970a521,e0a0a797-1443-43a7-9574-d4d98ac11856,ca8399a1-143e-4717-be95-7836c2f21dcb,B346490,322,2,150.14,2026-08-18,2027-12-16,1400ecad-7beb-4557-b782-a9b67dbfa3ea,2026-06-05 15:37:14.045090,AVAILABLE
4341fa36-f667-4ef2-817b-4b114519d94c,920ef48e-37f7-4885-9e7f-ef5f2970a521,e0a0a797-1443-43a7-9574-d4d98ac11856,4bd504ed-a1c0-48c9-bff0-b66723a5f08d,B529374,34,1,416.72,2025-08-09,2026-11-01,1400ecad-7beb-4557-b782-a9b67dbfa3ea,2026-04-15 15:37:14.045131,AVAILABLE
2a44a5a2-3c70-4d76-b1e5-c26c0bdce746,920ef48e-37f7-4885-9e7f-ef5f2970a521,e0a0a797-1443-43a7-9574-d4d98ac11856,c2b13e9e-9865-4a6b-ba11-417dbd416417,B392518,952,137,1073.81,2026-07-21,2027-04-02,1400ecad-7beb-4557-b782-a9b67dbfa3ea,2026-06-15 15:37:14.045171,AVAILABLE
08c89efa-239d-4dc6-9c3f-5cbc73f682ec,920ef48e-37f7-4885-9e7f-ef5f2970a521,e0a0a797-1443-43a7-9574-d4d98ac11856,c2b13e9e-9865-4a6b-ba11-417dbd416417,B611861,715,87,874.38,2026-03-30,2027-10-11,e692d4b3-4456-49eb-87f5-ee22fc6e4200,2026-07-04 15:37:14.045210,AVAILABLE
2b992c28-6211-4721-8aa6-5f24168c312f,920ef48e-37f7-4885-9e7f-ef5f2970a521,e0a0a797-1443-43a7-9574-d4d98ac11856,c2b13e9e-9865-4a6b-ba11-417dbd416417,B958725,337,33,68.23,2026-04-18,2026-12-10,301e3cd3-c948-49e9-add4-e8080a9fab7f,2026-08-19 15:37:14.045249,AVAILABLE
a202b69f-0e6e-484c-a2a3-eee8a18a5866,920ef48e-37f7-4885-9e7f-ef5f2970a521,e0a0a797-1443-43a7-9574-d4d98ac11856,d2219992-909f-48be-967e-2e3f1c3ddfa9,B271654,176,16,1134.23,2026-03-06,2026-11-14,e692d4b3-4456-49eb-87f5-ee22fc6e4200,2026-10-01 15:37:14.045290,AVAILABLE
bcdb2d62-cd58-49c9-849b-e9a98cd842c2,920ef48e-37f7-4885-9e7f-ef5f2970a521,e0a0a797-1443-43a7-9574-d4d98ac11856,70745aec-f24f-4b18-807e-6adb80d01ba0,B516772,444,47,1045.62,2025-11-30,2026-12-05,e6d69402-090c-458e-ab40-7589f32bf4bf,2026-07-12 15:37:14.045475,AVAILABLE
e6fafaef-1b94-4247-aea5-a9968862b531,920ef48e-37f7-4885-9e7f-ef5f2970a521,e0a0a797-1443-43a7-9574-d4d98ac11856,dee6b134-5f4e-4d83-8133-35e34f0b48e8,B969666,29,3,898.59,2025-09-13,2027-06-20,e692d4b3-4456-49eb-87f5-ee22fc6e4200,2026-09-14 15:37:14.045529,AVAILABLE
2b938d5f-fbb5-4a29-8001-b227d90d7442,920ef48e-37f7-4885-9e7f-ef5f2970a521,e0a0a797-1443-43a7-9574-d4d98ac11856,24db962d-9a6b-4de6-982b-b719e504efb9,B527597,943,36,1798.94,2025-12-20,2026-12-07,301e3cd3-c948-49e9-add4-e8080a9fab7f,2026-06-01 15:37:14.045725,AVAILABLE
7c5364fa-548b-4b88-87d1-c0ea73812e78,920ef48e-37f7-4885-9e7f-ef5f2970a521,e0a0a797-1443-43a7-9574-d4d98ac11856,c037d58f-eb63-482e-81f7-b1f739423cdf,B155696,923,3,1082.52,2025-10-31,2026-10-19,301e3cd3-c948-49e9-add4-e8080a9fab7f,2026-09-17 15:37:14.045798,AVAILABLE
696ff3f6-1faa-46c2-80d4-3f9948b664b3,920ef48e-37f7-4885-9e7f-ef5f2970a521,e0a0a797-1443-43a7-9574-d4d98ac11856,c037d58f-eb63-482e-81f7-b1f739423cdf,B943214,809,66,1113.02,2027-01-04,2028-02-23,85ba89f5-0cbe-423d-9b09-8edf117efeb7,2026-07-13 15:37:14.045844,AVAILABLE
50676810-bef7-46cf-a56e-eb2a4a2ec4a1,920ef48e-37f7-4885-9e7f-ef5f2970a521,e0a0a797-1443-43a7-9574-d4d98ac11856,b3fa980f-96f4-474d-8999-454117e0d5d6,B881247,742,9,565.71,2026-05-18,2027-01-07,b55d3c34-369b-4934-9015-9e38109b79f2,2026-10-05 15:37:14.045887,AVAILABLE
e7effdc1-a855-4135-8860-b615cbf1eaa1,920ef48e-37f7-4885-9e7f-ef5f2970a521,e0a0a797-1443-43a7-9574-d4d98ac11856,a197882a-31bc-40ba-be53-5a7c2f5930f7,B736912,801,96,1090.92,2026-08-06,2027-05-21,389d9f94-94f3-497d-9ad3-80b154c36b08,2026-04-24 15:37:14.045930,AVAILABLE
191264a4-526a-497e-a903-c408c5260a45,920ef48e-37f7-4885-9e7f-ef5f2970a521,e0a0a797-1443-43a7-9574-d4d98ac11856,a197882a-31bc-40ba-be53-5a7c2f5930f7,B863894,110,8,407.68,2026-10-02,2027-05-06,41e5f347-011f-49c8-a809-9ebc6ef93e37,2026-07-13 15:37:14.045970,AVAILABLE
6a61beff-8161-4416-adba-690af94f28d1,920ef48e-37f7-4885-9e7f-ef5f2970a521,e0a0a797-1443-43a7-9574-d4d98ac11856,a197882a-31bc-40ba-be53-5a7c2f5930f7,B123581,699,25,665.1,2026-05-17,2027-02-22,b55d3c34-369b-4934-9015-9e38109b79f2,2026-08-09 15:37:14.046011,AVAILABLE
671d6d5a-418e-423c-96b0-62668b1cad08,920ef48e-37f7-4885-9e7f-ef5f2970a521,e0a0a797-1443-43a7-9574-d4d98ac11856,6f12778d-43ca-4220-8b3b-11201ac91209,B826099,885,69,617.53,2026-08-29,2027-08-01,8a3cc937-5d2e-4b04-b961-e6372fb37757,2026-05-13 15:37:14.046050,AVAILABLE
19362f4c-5859-4f3c-807e-2a0ffc051c21,920ef48e-37f7-4885-9e7f-ef5f2970a521,e0a0a797-1443-43a7-9574-d4d98ac11856,6f12778d-43ca-4220-8b3b-11201ac91209,B272698,174,13,1212.02,2026-08-26,2027-04-18,389d9f94-94f3-497d-9ad3-80b154c36b08,2026-05-18 15:37:14.046087,AVAILABLE
a83e2cfc-9280-4fa9-8874-61ea50a701ec,920ef48e-37f7-4885-9e7f-ef5f2970a521,e0a0a797-1443-43a7-9574-d4d98ac11856,24d1b68c-2a5b-464e-bb4e-c1071b3b4f3d,B796464,884,52,66.9,2026-05-10,2027-08-16,1400ecad-7beb-4557-b782-a9b67dbfa3ea,2026-04-30 15:37:14.046130,AVAILABLE
60fe4a20-e3ee-4f19-b243-eaeb236376c6,920ef48e-37f7-4885-9e7f-ef5f2970a521,e0a0a797-1443-43a7-9574-d4d98ac11856,85b186aa-f3a1-45ba-8d0c-349f8a13c3d4,B280149,342,18,1012.59,2025-07-15,2026-10-05,41e5f347-011f-49c8-a809-9ebc6ef93e37,2026-07-13 15:37:14.046171,EXPIRED
aae01fdc-fa96-454f-9edc-3e87cb2db9c1,920ef48e-37f7-4885-9e7f-ef5f2970a521,e0a0a797-1443-43a7-9574-d4d98ac11856,f6dc8117-e75f-4920-a0cf-04c7bafc7542,B700265,190,9,628.42,2026-11-10,2027-10-04,e6d69402-090c-458e-ab40-7589f32bf4bf,2026-05-06 15:37:14.046211,AVAILABLE
2d32a6d0-26bc-43e0-b450-b9038c2218a1,920ef48e-37f7-4885-9e7f-ef5f2970a521,e0a0a797-1443-43a7-9574-d4d98ac11856,f6dc8117-e75f-4920-a0cf-04c7bafc7542,B383229,143,7,1251.73,2026-08-28,2027-08-20,43b13eff-affb-4e79-a137-2d676513f12b,2026-07-28 15:37:14.046249,AVAILABLE
ee9d7f3a-0b7f-4a5f-b4f5-b3163644ad9b,920ef48e-37f7-4885-9e7f-ef5f2970a521,e0a0a797-1443-43a7-9574-d4d98ac11856,01d77a5e-a466-4d48-b24b-31edb500e5fa,B102148,452,2,1540.45,2025-06-24,2027-04-17,301e3cd3-c948-49e9-add4-e8080a9fab7f,2026-09-08 15:37:14.046287,AVAILABLE
52bbb617-57fe-44a3-928f-a55fa690b5f0,920ef48e-37f7-4885-9e7f-ef5f2970a521,e0a0a797-1443-43a7-9574-d4d98ac11856,063be93d-6835-4b65-a8a1-c36e83278d83,B481902,731,1,1648.39,2026-03-24,2027-07-01,e692d4b3-4456-49eb-87f5-ee22fc6e4200,2026-08-15 15:37:14.046327,AVAILABLE
1ed31930-7793-4e1d-a2d6-d8f94de4c685,920ef48e-37f7-4885-9e7f-ef5f2970a521,e0a0a797-1443-43a7-9574-d4d98ac11856,063be93d-6835-4b65-a8a1-c36e83278d83,B358069,52,6,1660.92,2026-09-13,2028-03-05,e6d69402-090c-458e-ab40-7589f32bf4bf,2026-07-07 15:37:14.046363,AVAILABLE
2caa5c21-c150-43e6-b8be-10e65ca2df24,920ef48e-37f7-4885-9e7f-ef5f2970a521,e0a0a797-1443-43a7-9574-d4d98ac11856,0073cc32-e309-402c-96aa-1fb03de469f1,B968808,691,97,795.18,2026-04-11,2027-07-31,1400ecad-7beb-4557-b782-a9b67dbfa3ea,2026-08-20 15:37:14.046494,AVAILABLE
47775b48-216b-464f-a7c3-ed28a5b39d87,920ef48e-37f7-4885-9e7f-ef5f2970a521,e0a0a797-1443-43a7-9574-d4d98ac11856,c5533566-0e57-4058-9e8f-cc921a574da9,B728769,409,59,58.79,2026-01-29,2026-12-08,8a3cc937-5d2e-4b04-b961-e6372fb37757,2026-05-06 15:37:14.046554,AVAILABLE
b394488b-1530-4b26-88cc-9298545c1486,920ef48e-37f7-4885-9e7f-ef5f2970a521,e0a0a797-1443-43a7-9574-d4d98ac11856,c5533566-0e57-4058-9e8f-cc921a574da9,B167303,854,14,1247.99,2026-12-08,2028-02-19,43b13eff-affb-4e79-a137-2d676513f12b,2026-05-08 15:37:14.046640,AVAILABLE
e84cbb15-b96e-470c-86b0-2fc8d9289fb3,920ef48e-37f7-4885-9e7f-ef5f2970a521,e0a0a797-1443-43a7-9574-d4d98ac11856,c5533566-0e57-4058-9e8f-cc921a574da9,B850979,536,42,1633.7,2026-04-08,2026-10-31,389d9f94-94f3-497d-9ad3-80b154c36b08,2026-05-14 15:37:14.046699,AVAILABLE
4a139963-c5fb-4208-9c6c-31d4ceda96cf,920ef48e-37f7-4885-9e7f-ef5f2970a521,e0a0a797-1443-43a7-9574-d4d98ac11856,061b886b-98ed-480e-9810-63995f2f47ed,B432085,525,39,188.65,2026-06-28,2027-05-09,8a3cc937-5d2e-4b04-b961-e6372fb37757,2026-06-12 15:37:14.046741,AVAILABLE
9669d340-6af6-4ecc-932a-979b5f2da64e,920ef48e-37f7-4885-9e7f-ef5f2970a521,e0a0a797-1443-43a7-9574-d4d98ac11856,061b886b-98ed-480e-9810-63995f2f47ed,B586035,151,1,544.73,2026-12-29,2028-03-29,43b13eff-affb-4e79-a137-2d676513f12b,2026-08-27 15:37:14.046778,AVAILABLE
cdfb010b-41b0-45df-9e26-55c1dc607f88,920ef48e-37f7-4885-9e7f-ef5f2970a521,e0a0a797-1443-43a7-9574-d4d98ac11856,061b886b-98ed-480e-9810-63995f2f47ed,B157640,627,5,1531.71,2025-09-25,2027-05-22,85ba89f5-0cbe-423d-9b09-8edf117efeb7,2026-05-06 15:37:14.046898,AVAILABLE
772826d7-413f-47b9-9e4b-9dbf89f69c48,920ef48e-37f7-4885-9e7f-ef5f2970a521,e0a0a797-1443-43a7-9574-d4d98ac11856,2b376704-d06b-441d-a2bf-f0973873411c,B693103,288,17,284.31,2026-03-26,2027-03-31,e6d69402-090c-458e-ab40-7589f32bf4bf,2026-06-08 15:37:14.046957,AVAILABLE
1ac1c6ee-d0dd-498a-89f2-59f99c293e2f,920ef48e-37f7-4885-9e7f-ef5f2970a521,e0a0a797-1443-43a7-9574-d4d98ac11856,2b376704-d06b-441d-a2bf-f0973873411c,B890624,874,121,1480.33,2025-04-16,2026-11-09,e6d69402-090c-458e-ab40-7589f32bf4bf,2026-09-05 15:37:14.046997,AVAILABLE
b98b2cfb-f1ad-474f-93a7-fb4b1c1be246,920ef48e-37f7-4885-9e7f-ef5f2970a521,e0a0a797-1443-43a7-9574-d4d98ac11856,43110ae2-2c0b-4654-936a-72afad56219d,B503259,984,11,1015.0,2027-03-29,2028-02-05,41e5f347-011f-49c8-a809-9ebc6ef93e37,2026-08-10 15:37:14.047041,AVAILABLE
2bfec20d-771c-4cb2-b604-60956af0e1ff,920ef48e-37f7-4885-9e7f-ef5f2970a521,e0a0a797-1443-43a7-9574-d4d98ac11856,43110ae2-2c0b-4654-936a-72afad56219d,B496453,335,29,481.15,2026-11-25,2027-05-27,8a3cc937-5d2e-4b04-b961-e6372fb37757,2026-09-04 15:37:14.047077,AVAILABLE
df4271d8-09e2-422f-9eda-973ec84c4db2,920ef48e-37f7-4885-9e7f-ef5f2970a521,e0a0a797-1443-43a7-9574-d4d98ac11856,0eecbfea-7628-487c-b590-fece2c687e7a,B427925,884,116,611.31,2026-04-07,2026-10-15,43b13eff-affb-4e79-a137-2d676513f12b,2026-06-04 15:37:14.047315,AVAILABLE
50fc5798-2dbf-472a-8723-569ffdb86dbc,920ef48e-37f7-4885-9e7f-ef5f2970a521,e0a0a797-1443-43a7-9574-d4d98ac11856,d6c64038-55ae-44a3-863b-be781e1a4649,B944306,341,35,1010.16,2025-06-02,2027-02-15,43b13eff-affb-4e79-a137-2d676513f12b,2026-10-07 15:37:14.047377,AVAILABLE
57465533-71ad-4c8b-8c86-f0ca6b2f37c9,920ef48e-37f7-4885-9e7f-ef5f2970a521,e0a0a797-1443-43a7-9574-d4d98ac11856,d6c64038-55ae-44a3-863b-be781e1a4649,B243078,54,6,1688.12,2024-10-24,2026-10-09,1400ecad-7beb-4557-b782-a9b67dbfa3ea,2026-04-29 15:37:14.047556,AVAILABLE
5e74dd3b-8ae2-4b45-8a91-daeddd7e0136,920ef48e-37f7-4885-9e7f-ef5f2970a521,e0a0a797-1443-43a7-9574-d4d98ac11856,d6c64038-55ae-44a3-863b-be781e1a4649,B171007,40,2,1422.89,2025-02-10,2026-10-10,b55d3c34-369b-4934-9015-9e38109b79f2,2026-10-06 15:37:14.047745,AVAILABLE
47d1a112-437f-49d0-ad7d-d19b38c83229,920ef48e-37f7-4885-9e7f-ef5f2970a521,e0a0a797-1443-43a7-9574-d4d98ac11856,24856ba7-ab81-4f22-985e-e30a3b9397cb,B776190,736,87,1118.53,2026-02-04,2027-03-01,b55d3c34-369b-4934-9015-9e38109b79f2,2026-07-13 15:37:14.047799,AVAILABLE
cb06dac4-5a46-46ea-9a3c-64ac9dfc26ad,920ef48e-37f7-4885-9e7f-ef5f2970a521,e0a0a797-1443-43a7-9574-d4d98ac11856,24856ba7-ab81-4f22-985e-e30a3b9397cb,B970086,797,52,809.25,2025-07-14,2027-03-14,e6d69402-090c-458e-ab40-7589f32bf4bf,2026-07-16 15:37:14.047843,AVAILABLE
115aba51-7ebd-4013-a01f-b9dc698604e3,920ef48e-37f7-4885-9e7f-ef5f2970a521,e0a0a797-1443-43a7-9574-d4d98ac11856,3e9b0bad-6728-4523-be87-a00adf0fff30,B720095,561,69,1637.02,2026-03-02,2027-04-19,1400ecad-7beb-4557-b782-a9b67dbfa3ea,2026-04-24 15:37:14.047887,AVAILABLE
746986b9-de2f-43bb-991d-5b4c5cbe9025,920ef48e-37f7-4885-9e7f-ef5f2970a521,e0a0a797-1443-43a7-9574-d4d98ac11856,3e9b0bad-6728-4523-be87-a00adf0fff30,B355225,573,60,1510.28,2026-01-11,2027-03-05,41e5f347-011f-49c8-a809-9ebc6ef93e37,2026-06-29 15:37:14.047926,AVAILABLE
a4733041-8536-4701-b4b1-4fa3338e25c0,920ef48e-37f7-4885-9e7f-ef5f2970a521,e0a0a797-1443-43a7-9574-d4d98ac11856,6cbb6f57-d6cb-41b0-aca5-9ea4e8c5be47,B774755,215,21,1345.07,2026-02-16,2027-10-16,85ba89f5-0cbe-423d-9b09-8edf117efeb7,2026-06-19 15:37:14.047969,AVAILABLE
eb52c094-75a2-4f11-960b-26ee45754ff7,920ef48e-37f7-4885-9e7f-ef5f2970a521,e0a0a797-1443-43a7-9574-d4d98ac11856,6cbb6f57-d6cb-41b0-aca5-9ea4e8c5be47,B629441,308,0,1541.88,2026-03-18,2027-06-26,43b13eff-affb-4e79-a137-2d676513f12b,2026-08-02 15:37:14.048008,AVAILABLE
093f8612-652a-4431-9f6a-c89635fc9c30,920ef48e-37f7-4885-9e7f-ef5f2970a521,4a8ffb6b-d71f-4a13-96cf-943ba4531165,58bf12e5-ee8a-4194-a34c-aa820079144d,B963165,528,56,1778.39,2026-04-18,2027-02-24,41e5f347-011f-49c8-a809-9ebc6ef93e37,2026-07-20 15:37:14.048531,AVAILABLE
1d6fdcc4-1385-49ca-b1e9-eab95b005247,920ef48e-37f7-4885-9e7f-ef5f2970a521,4a8ffb6b-d71f-4a13-96cf-943ba4531165,58bf12e5-ee8a-4194-a34c-aa820079144d,B779833,893,81,316.53,2027-07-12,2028-02-14,e6d69402-090c-458e-ab40-7589f32bf4bf,2026-05-16 15:37:14.048891,AVAILABLE
4febf1d3-6c3b-49cb-8078-b7c646b916d7,920ef48e-37f7-4885-9e7f-ef5f2970a521,4a8ffb6b-d71f-4a13-96cf-943ba4531165,4bd504ed-a1c0-48c9-bff0-b66723a5f08d,B648859,530,8,690.65,2025-10-02,2027-07-12,8a3cc937-5d2e-4b04-b961-e6372fb37757,2026-07-09 15:37:14.049220,AVAILABLE
2f2bac07-2294-47fd-9ca5-ffef8837f067,920ef48e-37f7-4885-9e7f-ef5f2970a521,4a8ffb6b-d71f-4a13-96cf-943ba4531165,4bd504ed-a1c0-48c9-bff0-b66723a5f08d,B711199,443,10,1509.01,2027-08-01,2028-03-26,41e5f347-011f-49c8-a809-9ebc6ef93e37,2026-07-13 15:37:14.049358,AVAILABLE
80b052bd-f747-4988-bc05-5c593a3875fc,920ef48e-37f7-4885-9e7f-ef5f2970a521,4a8ffb6b-d71f-4a13-96cf-943ba4531165,4bd504ed-a1c0-48c9-bff0-b66723a5f08d,B980984,67,4,302.57,2026-12-13,2027-06-19,43b13eff-affb-4e79-a137-2d676513f12b,2026-06-03 15:37:14.049577,AVAILABLE
27e28fae-af40-4d6b-89ba-976167b14f1e,920ef48e-37f7-4885-9e7f-ef5f2970a521,4a8ffb6b-d71f-4a13-96cf-943ba4531165,8cb385ca-cfdc-404f-8298-512a7c8578b3,B305466,615,54,284.76,2027-02-07,2027-12-08,b55d3c34-369b-4934-9015-9e38109b79f2,2026-08-07 15:37:14.049867,AVAILABLE
340bf394-5b7d-4399-8d26-a722d6a5d119,920ef48e-37f7-4885-9e7f-ef5f2970a521,4a8ffb6b-d71f-4a13-96cf-943ba4531165,24d1b68c-2a5b-464e-bb4e-c1071b3b4f3d,B586407,553,18,599.4,2026-01-14,2027-11-03,43b13eff-affb-4e79-a137-2d676513f12b,2026-07-15 15:37:14.050039,AVAILABLE
b152aaf6-0c38-47d9-b697-2c110e30d223,920ef48e-37f7-4885-9e7f-ef5f2970a521,4a8ffb6b-d71f-4a13-96cf-943ba4531165,24d1b68c-2a5b-464e-bb4e-c1071b3b4f3d,B977386,490,8,1534.72,2025-05-27,2027-05-15,e692d4b3-4456-49eb-87f5-ee22fc6e4200,2026-05-06 15:37:14.050094,AVAILABLE
7c878164-e41b-4c96-987b-4138e294c75a,920ef48e-37f7-4885-9e7f-ef5f2970a521,4a8ffb6b-d71f-4a13-96cf-943ba4531165,24d1b68c-2a5b-464e-bb4e-c1071b3b4f3d,B353363,562,43,532.1,2026-09-16,2027-09-16,301e3cd3-c948-49e9-add4-e8080a9fab7f,2026-05-17 15:37:14.050137,AVAILABLE
53cc018a-0817-4a1b-81f2-ac0316bca068,920ef48e-37f7-4885-9e7f-ef5f2970a521,4a8ffb6b-d71f-4a13-96cf-943ba4531165,6cbb6f57-d6cb-41b0-aca5-9ea4e8c5be47,B933257,545,50,929.66,2026-03-22,2027-06-26,8a3cc937-5d2e-4b04-b961-e6372fb37757,2026-06-21 15:37:14.050180,AVAILABLE
c06cec55-557f-4bca-8188-b94181b4c4e9,920ef48e-37f7-4885-9e7f-ef5f2970a521,4a8ffb6b-d71f-4a13-96cf-943ba4531165,6cbb6f57-d6cb-41b0-aca5-9ea4e8c5be47,B914054,94,2,1752.24,2026-07-11,2027-06-29,389d9f94-94f3-497d-9ad3-80b154c36b08,2026-05-20 15:37:14.050219,AVAILABLE
f6350257-3865-4e7d-ab82-f402d3354bcf,920ef48e-37f7-4885-9e7f-ef5f2970a521,4a8ffb6b-d71f-4a13-96cf-943ba4531165,6cbb6f57-d6cb-41b0-aca5-9ea4e8c5be47,B534616,35,4,557.74,2027-04-11,2028-01-13,8a3cc937-5d2e-4b04-b961-e6372fb37757,2026-04-12 15:37:14.050258,AVAILABLE
05c1e4a1-f2cd-47a9-a8e0-3ab8d1346f82,920ef48e-37f7-4885-9e7f-ef5f2970a521,4a8ffb6b-d71f-4a13-96cf-943ba4531165,3e98e5ab-52e7-4056-8353-5ac655247948,B900126,320,15,701.53,2025-12-06,2027-01-30,1400ecad-7beb-4557-b782-a9b67dbfa3ea,2026-05-14 15:37:14.050298,AVAILABLE
bece0d46-7f65-45e6-87c4-a81a29891b6d,920ef48e-37f7-4885-9e7f-ef5f2970a521,4a8ffb6b-d71f-4a13-96cf-943ba4531165,7b6b643c-11d8-4a62-8cfe-a28f5fe4f2d6,B770752,733,8,1380.2,2025-09-13,2027-02-12,8a3cc937-5d2e-4b04-b961-e6372fb37757,2026-06-17 15:37:14.050336,AVAILABLE
630ef047-4154-45e6-9120-d252b01cb8c4,920ef48e-37f7-4885-9e7f-ef5f2970a521,4a8ffb6b-d71f-4a13-96cf-943ba4531165,7b6b643c-11d8-4a62-8cfe-a28f5fe4f2d6,B750229,597,81,1442.88,2025-05-18,2027-05-03,b55d3c34-369b-4934-9015-9e38109b79f2,2026-09-17 15:37:14.050374,AVAILABLE
6f4be265-b9be-4d97-ba26-1ddd5276c147,920ef48e-37f7-4885-9e7f-ef5f2970a521,4a8ffb6b-d71f-4a13-96cf-943ba4531165,1941089d-b192-4af2-b696-484fa9286d80,B449667,783,94,595.9,2026-12-07,2027-11-10,85ba89f5-0cbe-423d-9b09-8edf117efeb7,2026-05-16 15:37:14.050519,AVAILABLE
1a4c6c43-c91b-4338-9831-78cd1d8a3283,920ef48e-37f7-4885-9e7f-ef5f2970a521,4a8ffb6b-d71f-4a13-96cf-943ba4531165,1941089d-b192-4af2-b696-484fa9286d80,B335607,105,15,1566.07,2026-11-19,2027-06-10,8a3cc937-5d2e-4b04-b961-e6372fb37757,2026-05-02 15:37:14.050566,AVAILABLE
a9925a47-445e-4936-8304-7315889bc5e1,920ef48e-37f7-4885-9e7f-ef5f2970a521,4a8ffb6b-d71f-4a13-96cf-943ba4531165,67ae158e-8140-49ce-b874-0acf92a800c2,B494484,253,10,241.0,2027-09-03,2028-03-03,e6d69402-090c-458e-ab40-7589f32bf4bf,2026-04-14 15:37:14.050662,AVAILABLE
46508013-a4d2-4b14-a76f-a9d39b57ebf4,920ef48e-37f7-4885-9e7f-ef5f2970a521,4a8ffb6b-d71f-4a13-96cf-943ba4531165,220f964e-a351-4ad0-827e-502f5ded939c,B795079,936,20,449.68,2026-11-24,2027-05-25,43b13eff-affb-4e79-a137-2d676513f12b,2026-09-02 15:37:14.051132,AVAILABLE
b91c3ff8-efd5-4768-b286-c13b879a9c32,920ef48e-37f7-4885-9e7f-ef5f2970a521,4a8ffb6b-d71f-4a13-96cf-943ba4531165,e3420e6d-9ba0-43de-991d-15b61159daa1,B690442,369,18,1110.12,2026-07-22,2027-01-26,389d9f94-94f3-497d-9ad3-80b154c36b08,2026-04-26 15:37:14.051461,AVAILABLE
9d98fef5-0153-4cc5-a62d-43fa1e41a28c,920ef48e-37f7-4885-9e7f-ef5f2970a521,4a8ffb6b-d71f-4a13-96cf-943ba4531165,0073cc32-e309-402c-96aa-1fb03de469f1,B496778,700,16,582.49,2026-07-26,2027-08-07,85ba89f5-0cbe-423d-9b09-8edf117efeb7,2026-04-18 15:37:14.051582,AVAILABLE
5054e2ea-e21b-45fb-9eaa-a87019f69dac,920ef48e-37f7-4885-9e7f-ef5f2970a521,4a8ffb6b-d71f-4a13-96cf-943ba4531165,0073cc32-e309-402c-96aa-1fb03de469f1,B320900,629,42,1505.24,2026-08-06,2027-07-01,e692d4b3-4456-49eb-87f5-ee22fc6e4200,2026-06-10 15:37:14.051722,AVAILABLE
ce433747-991f-4434-b412-b5133096f61a,920ef48e-37f7-4885-9e7f-ef5f2970a521,4a8ffb6b-d71f-4a13-96cf-943ba4531165,063be93d-6835-4b65-a8a1-c36e83278d83,B896645,780,78,1159.77,2026-11-16,2027-07-31,1400ecad-7beb-4557-b782-a9b67dbfa3ea,2026-09-01 15:37:14.051908,AVAILABLE
408275e9-d656-41a8-a56d-1e24531244bc,920ef48e-37f7-4885-9e7f-ef5f2970a521,4a8ffb6b-d71f-4a13-96cf-943ba4531165,063be93d-6835-4b65-a8a1-c36e83278d83,B968626,758,68,752.9,2025-09-12,2026-11-21,e6d69402-090c-458e-ab40-7589f32bf4bf,2026-08-14 15:37:14.052065,AVAILABLE
799235ce-8bc2-4bfb-aeaf-4994cf7158ba,920ef48e-37f7-4885-9e7f-ef5f2970a521,4a8ffb6b-d71f-4a13-96cf-943ba4531165,01d77a5e-a466-4d48-b24b-31edb500e5fa,B165905,825,99,965.61,2026-10-12,2027-08-04,43b13eff-affb-4e79-a137-2d676513f12b,2026-08-19 15:37:14.052145,AVAILABLE
95d7e614-3067-49ff-8329-e2a55e58b1f2,920ef48e-37f7-4885-9e7f-ef5f2970a521,4a8ffb6b-d71f-4a13-96cf-943ba4531165,0d430ec5-4d86-4820-8a2c-9a0885280906,B834249,131,3,100.83,2025-04-15,2026-10-09,8a3cc937-5d2e-4b04-b961-e6372fb37757,2026-08-19 15:37:14.052399,AVAILABLE
f610a37b-02b0-4859-921d-8ad98dbbed02,920ef48e-37f7-4885-9e7f-ef5f2970a521,4a8ffb6b-d71f-4a13-96cf-943ba4531165,0d430ec5-4d86-4820-8a2c-9a0885280906,B450400,252,9,1547.65,2025-08-22,2027-04-05,85ba89f5-0cbe-423d-9b09-8edf117efeb7,2026-04-22 15:37:14.052677,AVAILABLE
42b54f31-40b6-4bdd-ada8-17bfc74dc1db,920ef48e-37f7-4885-9e7f-ef5f2970a521,4a8ffb6b-d71f-4a13-96cf-943ba4531165,0d430ec5-4d86-4820-8a2c-9a0885280906,B378324,912,27,577.24,2025-04-06,2027-01-17,301e3cd3-c948-49e9-add4-e8080a9fab7f,2026-07-10 15:37:14.052908,AVAILABLE
bce32c9f-b692-4270-81f0-22eacd7fe515,920ef48e-37f7-4885-9e7f-ef5f2970a521,e1f91b37-95bd-42dc-82f0-f9391313cc9e,24d1b68c-2a5b-464e-bb4e-c1071b3b4f3d,B366628,744,38,1424.89,2026-01-02,2027-08-28,389d9f94-94f3-497d-9ad3-80b154c36b08,2026-08-02 15:37:14.053816,AVAILABLE
26452ba4-d4c5-49fb-b475-ec06ac762bab,920ef48e-37f7-4885-9e7f-ef5f2970a521,e1f91b37-95bd-42dc-82f0-f9391313cc9e,24d1b68c-2a5b-464e-bb4e-c1071b3b4f3d,B614363,926,38,103.58,2026-08-19,2027-03-20,8a3cc937-5d2e-4b04-b961-e6372fb37757,2026-10-07 15:37:14.054583,AVAILABLE
4e73efe0-bff8-4836-ba66-ce6c6a18b9f6,920ef48e-37f7-4885-9e7f-ef5f2970a521,e1f91b37-95bd-42dc-82f0-f9391313cc9e,24d1b68c-2a5b-464e-bb4e-c1071b3b4f3d,B483140,990,72,338.57,2025-05-15,2026-12-26,301e3cd3-c948-49e9-add4-e8080a9fab7f,2026-06-23 15:37:14.056397,AVAILABLE
ddc23689-2ada-4317-b9fe-475e9b00a964,920ef48e-37f7-4885-9e7f-ef5f2970a521,e1f91b37-95bd-42dc-82f0-f9391313cc9e,b8b41174-e4bb-41e0-8dc8-fbdaf9d470ec,B645341,953,54,77.73,2025-11-20,2027-04-16,85ba89f5-0cbe-423d-9b09-8edf117efeb7,2026-06-22 15:37:14.056683,AVAILABLE
62b91e5e-81df-43d8-95d0-6fef489071b6,920ef48e-37f7-4885-9e7f-ef5f2970a521,e1f91b37-95bd-42dc-82f0-f9391313cc9e,b8b41174-e4bb-41e0-8dc8-fbdaf9d470ec,B809043,110,12,767.06,2026-05-20,2027-09-04,85ba89f5-0cbe-423d-9b09-8edf117efeb7,2026-08-15 15:37:14.056791,AVAILABLE
06ca82ec-4695-4519-98f6-d330df1198a3,920ef48e-37f7-4885-9e7f-ef5f2970a521,e1f91b37-95bd-42dc-82f0-f9391313cc9e,1640337f-9614-4c3f-bda8-20c0eb4c6bce,B122300,493,31,1590.95,2026-03-06,2026-10-19,85ba89f5-0cbe-423d-9b09-8edf117efeb7,2026-07-24 15:37:14.057565,AVAILABLE
7efc9d3f-aa1b-465d-bc00-15e73bb47725,920ef48e-37f7-4885-9e7f-ef5f2970a521,e1f91b37-95bd-42dc-82f0-f9391313cc9e,1640337f-9614-4c3f-bda8-20c0eb4c6bce,B715874,987,9,282.36,2026-02-17,2027-08-07,b55d3c34-369b-4934-9015-9e38109b79f2,2026-08-25 15:37:14.057989,AVAILABLE
a4ec050a-1ff8-4a7b-adbd-e12eae33a041,920ef48e-37f7-4885-9e7f-ef5f2970a521,e1f91b37-95bd-42dc-82f0-f9391313cc9e,f1b95f47-94a2-4979-a411-02444c727d3e,B893666,450,58,1367.0,2026-05-22,2027-12-19,41e5f347-011f-49c8-a809-9ebc6ef93e37,2026-04-13 15:37:14.058115,AVAILABLE
8274fd17-93fe-4beb-8702-301f7519646e,920ef48e-37f7-4885-9e7f-ef5f2970a521,e1f91b37-95bd-42dc-82f0-f9391313cc9e,f1b95f47-94a2-4979-a411-02444c727d3e,B899745,759,94,1316.64,2025-11-07,2027-08-09,e692d4b3-4456-49eb-87f5-ee22fc6e4200,2026-05-17 15:37:14.058182,AVAILABLE
fbf37161-5fc2-4ed6-9177-c9de93822200,920ef48e-37f7-4885-9e7f-ef5f2970a521,e1f91b37-95bd-42dc-82f0-f9391313cc9e,f1b95f47-94a2-4979-a411-02444c727d3e,B629486,935,89,930.77,2026-10-06,2027-12-16,43b13eff-affb-4e79-a137-2d676513f12b,2026-05-08 15:37:14.058241,AVAILABLE
bac295aa-7279-4db2-8179-819fccf04210,920ef48e-37f7-4885-9e7f-ef5f2970a521,e1f91b37-95bd-42dc-82f0-f9391313cc9e,fdd23e22-960c-4a44-af67-60d832b98217,B837753,727,87,1731.7,2025-12-28,2027-05-20,85ba89f5-0cbe-423d-9b09-8edf117efeb7,2026-06-29 15:37:14.058623,AVAILABLE
6bb157cd-90bd-42fb-8fc8-8b9af76edc80,920ef48e-37f7-4885-9e7f-ef5f2970a521,e1f91b37-95bd-42dc-82f0-f9391313cc9e,9d6f82ea-a6c1-4ee5-bd74-c517ba546a27,B589789,761,103,1035.76,2025-01-01,2026-11-17,43b13eff-affb-4e79-a137-2d676513f12b,2026-06-26 15:37:14.058775,AVAILABLE
160bc3a8-a9d0-4ef0-8bde-ca64cbbbc5df,920ef48e-37f7-4885-9e7f-ef5f2970a521,e1f91b37-95bd-42dc-82f0-f9391313cc9e,9d6f82ea-a6c1-4ee5-bd74-c517ba546a27,B756888,183,7,1306.73,2026-03-02,2028-02-06,41e5f347-011f-49c8-a809-9ebc6ef93e37,2026-05-18 15:37:14.058914,AVAILABLE
14d298c0-bc6d-479d-9e4d-efc3f939728f,920ef48e-37f7-4885-9e7f-ef5f2970a521,e1f91b37-95bd-42dc-82f0-f9391313cc9e,9d6f82ea-a6c1-4ee5-bd74-c517ba546a27,B680845,452,12,1542.84,2027-02-16,2027-12-07,389d9f94-94f3-497d-9ad3-80b154c36b08,2026-07-08 15:37:14.058992,AVAILABLE
b3330b6b-6fff-4243-acfb-33e61d6c7a37,920ef48e-37f7-4885-9e7f-ef5f2970a521,e1f91b37-95bd-42dc-82f0-f9391313cc9e,85b186aa-f3a1-45ba-8d0c-349f8a13c3d4,B745316,129,4,1578.5,2025-03-30,2026-11-12,b55d3c34-369b-4934-9015-9e38109b79f2,2026-06-26 15:37:14.059055,AVAILABLE
58e2c90f-af92-40be-9f19-92076de35f96,920ef48e-37f7-4885-9e7f-ef5f2970a521,e1f91b37-95bd-42dc-82f0-f9391313cc9e,9c021848-0377-486f-a048-370334cce953,B769962,103,6,1354.35,2026-10-13,2028-01-12,43b13eff-affb-4e79-a137-2d676513f12b,2026-07-16 15:37:14.059104,AVAILABLE
31e051c1-3ea5-4afe-a890-4576b0b9347e,920ef48e-37f7-4885-9e7f-ef5f2970a521,e1f91b37-95bd-42dc-82f0-f9391313cc9e,220f964e-a351-4ad0-827e-502f5ded939c,B335489,491,20,1670.7,2026-05-29,2027-04-01,1400ecad-7beb-4557-b782-a9b67dbfa3ea,2026-09-10 15:37:14.059150,AVAILABLE
4171cad8-0961-420e-9f23-8594046b635f,920ef48e-37f7-4885-9e7f-ef5f2970a521,e1f91b37-95bd-42dc-82f0-f9391313cc9e,220f964e-a351-4ad0-827e-502f5ded939c,B394227,487,6,453.65,2026-07-20,2028-03-24,301e3cd3-c948-49e9-add4-e8080a9fab7f,2026-07-23 15:37:14.059193,AVAILABLE
545789a7-f177-4e59-b202-c1e76e2b59d5,920ef48e-37f7-4885-9e7f-ef5f2970a521,e1f91b37-95bd-42dc-82f0-f9391313cc9e,58bf12e5-ee8a-4194-a34c-aa820079144d,B300274,522,51,1138.12,2027-01-02,2027-12-29,43b13eff-affb-4e79-a137-2d676513f12b,2026-04-22 15:37:14.059235,AVAILABLE
6e17600c-1644-4bd5-9244-f7cd79f11c94,920ef48e-37f7-4885-9e7f-ef5f2970a521,e1f91b37-95bd-42dc-82f0-f9391313cc9e,58bf12e5-ee8a-4194-a34c-aa820079144d,B460644,962,118,1428.03,2025-10-16,2027-04-16,b55d3c34-369b-4934-9015-9e38109b79f2,2026-07-12 15:37:14.059277,AVAILABLE
0c11fbb4-d697-4067-a508-58b16655a40e,920ef48e-37f7-4885-9e7f-ef5f2970a521,e1f91b37-95bd-42dc-82f0-f9391313cc9e,58bf12e5-ee8a-4194-a34c-aa820079144d,B656511,710,80,1731.6,2026-11-17,2027-06-27,43b13eff-affb-4e79-a137-2d676513f12b,2026-09-22 15:37:14.059317,AVAILABLE
64fed3e7-8bc9-4ac7-bbff-240a603d9ddc,920ef48e-37f7-4885-9e7f-ef5f2970a521,e1f91b37-95bd-42dc-82f0-f9391313cc9e,be0b42c5-6bfe-48dc-8f33-e20d29d25a48,B939681,294,9,948.46,2026-06-28,2027-12-31,41e5f347-011f-49c8-a809-9ebc6ef93e37,2026-09-03 15:37:14.059360,AVAILABLE
de34b75f-7f6c-493a-b5a3-588db0bb1fc5,920ef48e-37f7-4885-9e7f-ef5f2970a521,e1f91b37-95bd-42dc-82f0-f9391313cc9e,be0b42c5-6bfe-48dc-8f33-e20d29d25a48,B215094,537,28,1259.08,2027-09-03,2028-03-08,85ba89f5-0cbe-423d-9b09-8edf117efeb7,2026-06-07 15:37:14.059398,AVAILABLE
4f9703bc-27ab-475c-9068-abc161116e97,920ef48e-37f7-4885-9e7f-ef5f2970a521,e1f91b37-95bd-42dc-82f0-f9391313cc9e,2f7de1c2-cb62-4261-83f5-d8323f438333,B843800,42,3,1178.34,2026-01-09,2026-09-28,e6d69402-090c-458e-ab40-7589f32bf4bf,2026-06-13 15:37:14.059461,EXPIRED
27203b42-fe0c-4973-9432-4a89976c0883,920ef48e-37f7-4885-9e7f-ef5f2970a521,e1f91b37-95bd-42dc-82f0-f9391313cc9e,c2b13e9e-9865-4a6b-ba11-417dbd416417,B473752,651,26,35.92,2027-01-05,2027-11-28,85ba89f5-0cbe-423d-9b09-8edf117efeb7,2026-09-24 15:37:14.059685,AVAILABLE
81a097c9-8b9e-4b44-aa70-161d3fd3cdbe,920ef48e-37f7-4885-9e7f-ef5f2970a521,e1f91b37-95bd-42dc-82f0-f9391313cc9e,c2b13e9e-9865-4a6b-ba11-417dbd416417,B260385,516,1,290.15,2026-01-15,2027-03-15,43b13eff-affb-4e79-a137-2d676513f12b,2026-05-19 15:37:14.060012,AVAILABLE
5f0e2366-d1b8-49a7-b170-80db4bfde1fe,920ef48e-37f7-4885-9e7f-ef5f2970a521,e1f91b37-95bd-42dc-82f0-f9391313cc9e,99f2ef21-d83e-4cde-a73a-10b587a903a3,B330077,936,79,254.5,2025-12-28,2027-08-31,389d9f94-94f3-497d-9ad3-80b154c36b08,2026-06-29 15:37:14.060264,AVAILABLE
4804decb-69b0-4260-aef6-92b5160f1cbf,920ef48e-37f7-4885-9e7f-ef5f2970a521,e1f91b37-95bd-42dc-82f0-f9391313cc9e,99f2ef21-d83e-4cde-a73a-10b587a903a3,B747934,80,4,774.64,2025-12-07,2027-01-23,301e3cd3-c948-49e9-add4-e8080a9fab7f,2026-08-18 15:37:14.060332,AVAILABLE
4c331154-05f6-4dd9-b0ac-ca2c840341fc,920ef48e-37f7-4885-9e7f-ef5f2970a521,e1f91b37-95bd-42dc-82f0-f9391313cc9e,ca8399a1-143e-4717-be95-7836c2f21dcb,B856849,804,92,1132.93,2027-02-13,2027-10-08,e6d69402-090c-458e-ab40-7589f32bf4bf,2026-06-30 15:37:14.060381,AVAILABLE
0cce4f51-7302-4919-ab9e-8737197206c4,920ef48e-37f7-4885-9e7f-ef5f2970a521,d9701f28-5f77-4efd-bc33-feb3818b01be,70745aec-f24f-4b18-807e-6adb80d01ba0,B354681,447,45,1159.76,2026-09-07,2027-12-08,43b13eff-affb-4e79-a137-2d676513f12b,2026-09-25 15:37:14.060632,AVAILABLE
db812f59-9f40-44f3-ad42-8649468067c2,920ef48e-37f7-4885-9e7f-ef5f2970a521,d9701f28-5f77-4efd-bc33-feb3818b01be,70745aec-f24f-4b18-807e-6adb80d01ba0,B963190,61,4,1320.32,2026-03-20,2027-08-26,8a3cc937-5d2e-4b04-b961-e6372fb37757,2026-07-07 15:37:14.060709,AVAILABLE
ece76514-524f-4fa4-8d79-8ff7145e52b7,920ef48e-37f7-4885-9e7f-ef5f2970a521,d9701f28-5f77-4efd-bc33-feb3818b01be,70745aec-f24f-4b18-807e-6adb80d01ba0,B354974,91,5,505.63,2025-03-17,2027-02-01,b55d3c34-369b-4934-9015-9e38109b79f2,2026-05-09 15:37:14.060755,AVAILABLE
4a7c23bc-b830-490a-8155-76c6cd4e9c0a,920ef48e-37f7-4885-9e7f-ef5f2970a521,d9701f28-5f77-4efd-bc33-feb3818b01be,be0b42c5-6bfe-48dc-8f33-e20d29d25a48,B336818,611,73,792.07,2026-08-02,2027-05-27,43b13eff-affb-4e79-a137-2d676513f12b,2026-06-03 15:37:14.060801,AVAILABLE
ba16b118-104f-431f-ac54-0def347c8695,920ef48e-37f7-4885-9e7f-ef5f2970a521,d9701f28-5f77-4efd-bc33-feb3818b01be,be0b42c5-6bfe-48dc-8f33-e20d29d25a48,B114315,99,0,1219.23,2026-03-15,2027-05-22,301e3cd3-c948-49e9-add4-e8080a9fab7f,2026-08-07 15:37:14.060943,AVAILABLE
c487b527-83be-475e-a2ad-5aa85186948f,920ef48e-37f7-4885-9e7f-ef5f2970a521,d9701f28-5f77-4efd-bc33-feb3818b01be,ec00005f-8d61-4b61-825c-d8c696ae49aa,B391711,563,47,469.24,2027-06-07,2028-03-02,43b13eff-affb-4e79-a137-2d676513f12b,2026-06-10 15:37:14.061138,AVAILABLE
7145878b-87e3-4183-88ce-ea4bb714b7dc,920ef48e-37f7-4885-9e7f-ef5f2970a521,d9701f28-5f77-4efd-bc33-feb3818b01be,fda2f8a3-95ba-4f42-97f3-dbce57a916f1,B858609,383,6,222.82,2026-02-23,2026-12-09,e6d69402-090c-458e-ab40-7589f32bf4bf,2026-04-12 15:37:14.061198,AVAILABLE
67b1d20f-2942-47c9-9010-4b2e0c2275df,920ef48e-37f7-4885-9e7f-ef5f2970a521,d9701f28-5f77-4efd-bc33-feb3818b01be,fda2f8a3-95ba-4f42-97f3-dbce57a916f1,B286143,424,60,43.8,2027-03-17,2027-09-14,389d9f94-94f3-497d-9ad3-80b154c36b08,2026-07-25 15:37:14.061243,AVAILABLE
9ac92ec9-b1fb-4a9f-8ccc-22a8b4b0a193,920ef48e-37f7-4885-9e7f-ef5f2970a521,d9701f28-5f77-4efd-bc33-feb3818b01be,3b4f2db0-078e-4414-849b-1ba2782649be,B923138,532,56,838.82,2026-11-27,2027-10-26,41e5f347-011f-49c8-a809-9ebc6ef93e37,2026-08-28 15:37:14.061287,AVAILABLE
139b8b6d-2823-4c10-935e-cf55e6afe1e8,920ef48e-37f7-4885-9e7f-ef5f2970a521,d9701f28-5f77-4efd-bc33-feb3818b01be,3b4f2db0-078e-4414-849b-1ba2782649be,B988201,586,74,1672.64,2025-09-02,2026-10-14,85ba89f5-0cbe-423d-9b09-8edf117efeb7,2026-07-08 15:37:14.061329,AVAILABLE
7663fd32-9e49-42ed-a782-94dc15097b64,920ef48e-37f7-4885-9e7f-ef5f2970a521,d9701f28-5f77-4efd-bc33-feb3818b01be,3a19d3ca-1898-4db4-b347-55af1376c897,B534992,670,52,1664.92,2026-10-02,2028-01-03,41e5f347-011f-49c8-a809-9ebc6ef93e37,2026-06-19 15:37:14.061368,AVAILABLE
1cffdb61-a796-4c56-851f-0b19843c72fa,920ef48e-37f7-4885-9e7f-ef5f2970a521,d9701f28-5f77-4efd-bc33-feb3818b01be,a197882a-31bc-40ba-be53-5a7c2f5930f7,B460059,57,1,352.63,2026-01-27,2027-03-14,1400ecad-7beb-4557-b782-a9b67dbfa3ea,2026-05-29 15:37:14.061409,AVAILABLE
2c5be6aa-5295-4c5b-9cbd-29f3265deaaa,920ef48e-37f7-4885-9e7f-ef5f2970a521,d9701f28-5f77-4efd-bc33-feb3818b01be,a197882a-31bc-40ba-be53-5a7c2f5930f7,B734385,763,60,678.87,2026-09-19,2027-12-16,43b13eff-affb-4e79-a137-2d676513f12b,2026-09-20 15:37:14.061445,AVAILABLE
74746fc8-4a8f-4849-9fe5-2bfe05267c0c,920ef48e-37f7-4885-9e7f-ef5f2970a521,d9701f28-5f77-4efd-bc33-feb3818b01be,a197882a-31bc-40ba-be53-5a7c2f5930f7,B893109,469,38,1477.23,2027-03-28,2027-12-18,e6d69402-090c-458e-ab40-7589f32bf4bf,2026-10-02 15:37:14.061569,AVAILABLE
ce3e5ae3-1ad7-4f40-9810-40a8084f328b,920ef48e-37f7-4885-9e7f-ef5f2970a521,d9701f28-5f77-4efd-bc33-feb3818b01be,99f2ef21-d83e-4cde-a73a-10b587a903a3,B355167,868,51,554.4,2026-11-25,2027-12-18,e692d4b3-4456-49eb-87f5-ee22fc6e4200,2026-07-07 15:37:14.061775,AVAILABLE
0c181b78-691a-4b6f-a95a-31b7d4304d02,920ef48e-37f7-4885-9e7f-ef5f2970a521,d9701f28-5f77-4efd-bc33-feb3818b01be,99f2ef21-d83e-4cde-a73a-10b587a903a3,B448404,553,35,398.36,2026-08-29,2028-02-16,389d9f94-94f3-497d-9ad3-80b154c36b08,2026-05-05 15:37:14.061829,AVAILABLE
6da7bd00-725b-4191-8a85-6daf0afd7162,920ef48e-37f7-4885-9e7f-ef5f2970a521,d9701f28-5f77-4efd-bc33-feb3818b01be,b261960f-23be-4297-9c50-f27ceac7eedb,B930648,286,8,1011.62,2026-05-24,2027-04-03,e6d69402-090c-458e-ab40-7589f32bf4bf,2026-05-27 15:37:14.061879,AVAILABLE
05ca4808-1fd3-4132-80c4-391ddb16c497,920ef48e-37f7-4885-9e7f-ef5f2970a521,d9701f28-5f77-4efd-bc33-feb3818b01be,dee6b134-5f4e-4d83-8133-35e34f0b48e8,B185674,156,12,1058.31,2025-01-14,2026-11-16,85ba89f5-0cbe-423d-9b09-8edf117efeb7,2026-07-08 15:37:14.062013,AVAILABLE
a633ada4-d20e-4bcb-9c26-9a4a9d957f4b,920ef48e-37f7-4885-9e7f-ef5f2970a521,d9701f28-5f77-4efd-bc33-feb3818b01be,dee6b134-5f4e-4d83-8133-35e34f0b48e8,B645701,55,2,622.1,2026-07-27,2027-10-18,85ba89f5-0cbe-423d-9b09-8edf117efeb7,2026-06-13 15:37:14.062059,AVAILABLE
e1a9fc7b-6912-45b3-9402-752e22a0921e,920ef48e-37f7-4885-9e7f-ef5f2970a521,d9701f28-5f77-4efd-bc33-feb3818b01be,dee6b134-5f4e-4d83-8133-35e34f0b48e8,B818483,507,5,340.7,2026-09-17,2027-05-05,389d9f94-94f3-497d-9ad3-80b154c36b08,2026-09-03 15:37:14.062099,AVAILABLE
658e7488-37c5-47a5-bfd7-bc005e74c26e,920ef48e-37f7-4885-9e7f-ef5f2970a521,d9701f28-5f77-4efd-bc33-feb3818b01be,3e9b0bad-6728-4523-be87-a00adf0fff30,B260032,834,110,383.89,2026-01-22,2027-08-26,301e3cd3-c948-49e9-add4-e8080a9fab7f,2026-05-05 15:37:14.062139,AVAILABLE
8604f7eb-cfea-481a-9c7e-2109dc8adf58,920ef48e-37f7-4885-9e7f-ef5f2970a521,d9701f28-5f77-4efd-bc33-feb3818b01be,8cb385ca-cfdc-404f-8298-512a7c8578b3,B202788,309,44,1700.31,2026-11-28,2028-01-11,8a3cc937-5d2e-4b04-b961-e6372fb37757,2026-06-02 15:37:14.062376,AVAILABLE
722b6745-5a2d-46df-bb15-a3b2d32f7361,920ef48e-37f7-4885-9e7f-ef5f2970a521,d9701f28-5f77-4efd-bc33-feb3818b01be,8cb385ca-cfdc-404f-8298-512a7c8578b3,B141841,87,12,1704.87,2025-07-12,2026-11-24,43b13eff-affb-4e79-a137-2d676513f12b,2026-09-19 15:37:14.062437,AVAILABLE
80d8bd9b-8c64-42fa-85a5-875914db1845,920ef48e-37f7-4885-9e7f-ef5f2970a521,d9701f28-5f77-4efd-bc33-feb3818b01be,8cb385ca-cfdc-404f-8298-512a7c8578b3,B405060,408,7,1253.08,2025-11-09,2026-10-25,41e5f347-011f-49c8-a809-9ebc6ef93e37,2026-08-19 15:37:14.062589,AVAILABLE
47579400-00f3-49a6-a9d1-b00a93564223,920ef48e-37f7-4885-9e7f-ef5f2970a521,d9701f28-5f77-4efd-bc33-feb3818b01be,6b615b69-ae0e-4f1b-a6dc-2d69233addaa,B181322,349,26,291.44,2026-06-25,2027-04-02,e692d4b3-4456-49eb-87f5-ee22fc6e4200,2026-09-25 15:37:14.062850,AVAILABLE
3fede1ca-891b-4b4b-9b25-a61e3c696238,920ef48e-37f7-4885-9e7f-ef5f2970a521,d9701f28-5f77-4efd-bc33-feb3818b01be,6b615b69-ae0e-4f1b-a6dc-2d69233addaa,B958463,636,13,943.22,2025-05-23,2026-12-11,1400ecad-7beb-4557-b782-a9b67dbfa3ea,2026-06-26 15:37:14.062956,AVAILABLE
85c39dad-bf7c-4b67-be76-fb23eefc3d1b,920ef48e-37f7-4885-9e7f-ef5f2970a521,d9701f28-5f77-4efd-bc33-feb3818b01be,6b615b69-ae0e-4f1b-a6dc-2d69233addaa,B282077,633,5,257.8,2025-05-02,2026-11-04,e692d4b3-4456-49eb-87f5-ee22fc6e4200,2026-04-17 15:37:14.063010,AVAILABLE
9c425f70-2a67-44f7-91fa-7c8e4e489f0a,920ef48e-37f7-4885-9e7f-ef5f2970a521,d9701f28-5f77-4efd-bc33-feb3818b01be,f6dc8117-e75f-4920-a0cf-04c7bafc7542,B636181,105,9,427.73,2026-02-23,2027-04-17,301e3cd3-c948-49e9-add4-e8080a9fab7f,2026-08-02 15:37:14.063054,AVAILABLE
5c0b6ceb-9cfa-4ddb-86b6-ff6743d34510,920ef48e-37f7-4885-9e7f-ef5f2970a521,d9701f28-5f77-4efd-bc33-feb3818b01be,f6dc8117-e75f-4920-a0cf-04c7bafc7542,B490864,90,6,1782.87,2026-03-30,2027-01-22,e692d4b3-4456-49eb-87f5-ee22fc6e4200,2026-04-12 15:37:14.063093,AVAILABLE
c93bc2cc-9514-4e3d-bdf7-b7e464f0b1c0,920ef48e-37f7-4885-9e7f-ef5f2970a521,d9701f28-5f77-4efd-bc33-feb3818b01be,c2b13e9e-9865-4a6b-ba11-417dbd416417,B480777,551,6,587.84,2027-09-17,2028-03-19,85ba89f5-0cbe-423d-9b09-8edf117efeb7,2026-08-25 15:37:14.063132,AVAILABLE
10f487ed-823b-4749-b8b4-46c707098982,920ef48e-37f7-4885-9e7f-ef5f2970a521,d9701f28-5f77-4efd-bc33-feb3818b01be,c2b13e9e-9865-4a6b-ba11-417dbd416417,B185710,675,45,616.68,2026-01-22,2026-09-30,1400ecad-7beb-4557-b782-a9b67dbfa3ea,2026-06-14 15:37:14.063172,EXPIRED
37d0f1ef-12e5-4f33-b80e-fa5cf933b732,920ef48e-37f7-4885-9e7f-ef5f2970a521,d9701f28-5f77-4efd-bc33-feb3818b01be,c2b13e9e-9865-4a6b-ba11-417dbd416417,B421403,282,36,439.83,2026-11-17,2027-10-25,e6d69402-090c-458e-ab40-7589f32bf4bf,2026-06-28 15:37:14.063212,AVAILABLE
e100e631-590d-412b-b0b1-641dd9daf03c,920ef48e-37f7-4885-9e7f-ef5f2970a521,486e40fc-4399-405b-8862-fb055de9f0ff,67ae158e-8140-49ce-b874-0acf92a800c2,B274046,980,46,1625.05,2025-06-28,2027-01-24,8a3cc937-5d2e-4b04-b961-e6372fb37757,2026-08-23 15:37:14.063450,AVAILABLE
6b09e92b-9044-49e6-87e2-65b23bf4326c,920ef48e-37f7-4885-9e7f-ef5f2970a521,486e40fc-4399-405b-8862-fb055de9f0ff,67ae158e-8140-49ce-b874-0acf92a800c2,B686765,446,44,868.22,2026-09-19,2028-03-01,41e5f347-011f-49c8-a809-9ebc6ef93e37,2026-07-30 15:37:14.063515,AVAILABLE
ba0c18c1-43cf-4c8c-8194-61e2a4fb157f,920ef48e-37f7-4885-9e7f-ef5f2970a521,486e40fc-4399-405b-8862-fb055de9f0ff,67ae158e-8140-49ce-b874-0acf92a800c2,B419553,196,18,986.68,2025-10-23,2027-07-03,1400ecad-7beb-4557-b782-a9b67dbfa3ea,2026-09-26 15:37:14.063557,AVAILABLE
0aef84a7-95e9-4805-816b-37d1c93f5264,920ef48e-37f7-4885-9e7f-ef5f2970a521,486e40fc-4399-405b-8862-fb055de9f0ff,85b186aa-f3a1-45ba-8d0c-349f8a13c3d4,B838929,327,18,1480.23,2025-12-24,2027-09-22,389d9f94-94f3-497d-9ad3-80b154c36b08,2026-07-20 15:37:14.063627,AVAILABLE
42bc4f34-3efe-41b5-b7d7-eb4a20761761,920ef48e-37f7-4885-9e7f-ef5f2970a521,486e40fc-4399-405b-8862-fb055de9f0ff,85b186aa-f3a1-45ba-8d0c-349f8a13c3d4,B725833,758,105,869.16,2026-10-26,2027-07-06,e6d69402-090c-458e-ab40-7589f32bf4bf,2026-08-22 15:37:14.063684,AVAILABLE
08781bd1-f2b0-4fe5-abfd-60a604fc436a,920ef48e-37f7-4885-9e7f-ef5f2970a521,486e40fc-4399-405b-8862-fb055de9f0ff,33e37cdb-690b-4dd6-aa0b-3e189bf6bc51,B338569,355,19,1293.8,2025-12-13,2027-02-04,41e5f347-011f-49c8-a809-9ebc6ef93e37,2026-09-05 15:37:14.063728,AVAILABLE
fdd37cfe-b438-40ce-80f6-c339f51a3523,920ef48e-37f7-4885-9e7f-ef5f2970a521,486e40fc-4399-405b-8862-fb055de9f0ff,33e37cdb-690b-4dd6-aa0b-3e189bf6bc51,B592449,195,13,1492.12,2026-10-13,2027-09-29,389d9f94-94f3-497d-9ad3-80b154c36b08,2026-09-04 15:37:14.063890,AVAILABLE
41f4c1ca-c595-4478-955c-855adcafc3c9,920ef48e-37f7-4885-9e7f-ef5f2970a521,486e40fc-4399-405b-8862-fb055de9f0ff,24856ba7-ab81-4f22-985e-e30a3b9397cb,B206715,954,114,1740.54,2026-02-14,2027-03-14,8a3cc937-5d2e-4b04-b961-e6372fb37757,2026-06-04 15:37:14.063944,AVAILABLE
b7ae7870-45f3-455d-a323-498427b698a5,920ef48e-37f7-4885-9e7f-ef5f2970a521,486e40fc-4399-405b-8862-fb055de9f0ff,fdd23e22-960c-4a44-af67-60d832b98217,B627522,460,8,1422.14,2025-07-05,2026-12-21,85ba89f5-0cbe-423d-9b09-8edf117efeb7,2026-05-29 15:37:14.063985,AVAILABLE
3e52bafa-c154-484c-9d08-d4fcd8f7e2eb,920ef48e-37f7-4885-9e7f-ef5f2970a521,486e40fc-4399-405b-8862-fb055de9f0ff,fdd23e22-960c-4a44-af67-60d832b98217,B919079,820,22,712.0,2026-09-11,2027-10-13,43b13eff-affb-4e79-a137-2d676513f12b,2026-06-22 15:37:14.064022,AVAILABLE
4dcd143d-1d3a-4c2a-9a31-5f33b28404f3,920ef48e-37f7-4885-9e7f-ef5f2970a521,486e40fc-4399-405b-8862-fb055de9f0ff,fdd23e22-960c-4a44-af67-60d832b98217,B257336,999,4,736.62,2026-03-23,2027-05-13,43b13eff-affb-4e79-a137-2d676513f12b,2026-07-22 15:37:14.064060,AVAILABLE
5f852741-e6e5-4713-93e4-ddcfdbf5f700,920ef48e-37f7-4885-9e7f-ef5f2970a521,486e40fc-4399-405b-8862-fb055de9f0ff,c51619a8-ba83-483f-9b52-064f926d96a2,B938832,173,9,499.37,2025-08-28,2026-10-25,85ba89f5-0cbe-423d-9b09-8edf117efeb7,2026-05-30 15:37:14.064100,AVAILABLE
20cb8b1e-719d-445d-bcdd-b286c368660e,920ef48e-37f7-4885-9e7f-ef5f2970a521,486e40fc-4399-405b-8862-fb055de9f0ff,c51619a8-ba83-483f-9b52-064f926d96a2,B521155,323,44,974.38,2025-08-07,2026-11-21,301e3cd3-c948-49e9-add4-e8080a9fab7f,2026-06-19 15:37:14.064137,AVAILABLE
258f1c08-e4cf-4ba3-87d1-ccfc40bd380e,920ef48e-37f7-4885-9e7f-ef5f2970a521,486e40fc-4399-405b-8862-fb055de9f0ff,16d1b73f-8881-425f-82b2-7ab4974b08ef,B260320,678,10,1378.54,2025-06-30,2026-11-02,389d9f94-94f3-497d-9ad3-80b154c36b08,2026-07-21 15:37:14.064246,AVAILABLE
c752e4c7-6e6c-414d-9111-77ada7c98e1f,920ef48e-37f7-4885-9e7f-ef5f2970a521,486e40fc-4399-405b-8862-fb055de9f0ff,b3163dc0-3ac7-41cc-b4fc-244bcbe446ad,B280276,234,20,1122.26,2025-12-26,2026-12-15,b55d3c34-369b-4934-9015-9e38109b79f2,2026-06-07 15:37:14.064315,AVAILABLE
4b9bda08-439b-44c1-b896-9ae79d8ef410,920ef48e-37f7-4885-9e7f-ef5f2970a521,486e40fc-4399-405b-8862-fb055de9f0ff,957c588f-5e69-469f-b353-4b24fef25a65,B365535,451,44,1011.02,2026-11-30,2028-02-07,b55d3c34-369b-4934-9015-9e38109b79f2,2026-08-12 15:37:14.064357,AVAILABLE
9859ec70-78e8-422b-85fc-ba408f8d4ae4,920ef48e-37f7-4885-9e7f-ef5f2970a521,486e40fc-4399-405b-8862-fb055de9f0ff,957c588f-5e69-469f-b353-4b24fef25a65,B185934,681,72,1312.35,2026-09-28,2028-02-08,41e5f347-011f-49c8-a809-9ebc6ef93e37,2026-07-12 15:37:14.064394,AVAILABLE
7afa8895-586f-4df8-9adc-f5a2a206aa0c,920ef48e-37f7-4885-9e7f-ef5f2970a521,486e40fc-4399-405b-8862-fb055de9f0ff,97a16fda-9cba-4dc2-8770-0b5104c507d2,B656128,335,38,904.57,2025-06-28,2027-03-16,b55d3c34-369b-4934-9015-9e38109b79f2,2026-05-23 15:37:14.064431,AVAILABLE
7861b0fb-8819-4ef4-967e-4c00c7d51434,920ef48e-37f7-4885-9e7f-ef5f2970a521,486e40fc-4399-405b-8862-fb055de9f0ff,97a16fda-9cba-4dc2-8770-0b5104c507d2,B881078,282,36,577.83,2025-11-05,2027-03-18,e6d69402-090c-458e-ab40-7589f32bf4bf,2026-07-13 15:37:14.064467,AVAILABLE
d48ad866-9392-462f-be6e-0df4fc3d67f0,920ef48e-37f7-4885-9e7f-ef5f2970a521,486e40fc-4399-405b-8862-fb055de9f0ff,b699a59a-a0ec-49d9-b327-482e55347adf,B818389,557,74,698.36,2027-01-20,2028-03-03,41e5f347-011f-49c8-a809-9ebc6ef93e37,2026-06-20 15:37:14.064504,AVAILABLE
689d8488-7a01-4074-94f7-d5308af41388,920ef48e-37f7-4885-9e7f-ef5f2970a521,486e40fc-4399-405b-8862-fb055de9f0ff,b699a59a-a0ec-49d9-b327-482e55347adf,B566893,60,4,1438.79,2025-09-14,2026-12-16,41e5f347-011f-49c8-a809-9ebc6ef93e37,2026-06-15 15:37:14.064650,AVAILABLE
6feb8fc7-8482-490b-9108-9f85c857808d,920ef48e-37f7-4885-9e7f-ef5f2970a521,486e40fc-4399-405b-8862-fb055de9f0ff,b699a59a-a0ec-49d9-b327-482e55347adf,B664133,785,50,922.5,2027-02-18,2027-11-02,e6d69402-090c-458e-ab40-7589f32bf4bf,2026-08-07 15:37:14.064716,AVAILABLE
062e315c-66af-43c0-89a3-8cec8f3d7ac3,920ef48e-37f7-4885-9e7f-ef5f2970a521,486e40fc-4399-405b-8862-fb055de9f0ff,0c98fcbf-9121-467b-910d-10fcfbcd35b6,B170935,512,54,1433.91,2025-02-27,2026-12-01,43b13eff-affb-4e79-a137-2d676513f12b,2026-07-30 15:37:14.064761,AVAILABLE
78d35837-ea37-4add-b886-df87ff68a893,920ef48e-37f7-4885-9e7f-ef5f2970a521,486e40fc-4399-405b-8862-fb055de9f0ff,d2219992-909f-48be-967e-2e3f1c3ddfa9,B130135,799,45,858.15,2026-05-29,2027-07-13,85ba89f5-0cbe-423d-9b09-8edf117efeb7,2026-09-27 15:37:14.064809,AVAILABLE
58acdca1-7af0-4107-8148-a94147ece765,920ef48e-37f7-4885-9e7f-ef5f2970a521,486e40fc-4399-405b-8862-fb055de9f0ff,27bdd8c0-778d-42ea-ae25-964ce81e391d,B807379,696,43,455.98,2025-09-28,2026-11-16,e692d4b3-4456-49eb-87f5-ee22fc6e4200,2026-07-03 15:37:14.064853,AVAILABLE
ae87f46d-2ec7-4809-b2bb-2e1694a5a925,920ef48e-37f7-4885-9e7f-ef5f2970a521,486e40fc-4399-405b-8862-fb055de9f0ff,7b6b643c-11d8-4a62-8cfe-a28f5fe4f2d6,B526585,482,41,19.33,2026-04-18,2027-05-24,41e5f347-011f-49c8-a809-9ebc6ef93e37,2026-10-01 15:37:14.064891,AVAILABLE
e99ed15e-ca23-4422-bec9-245e07ed5bb0,920ef48e-37f7-4885-9e7f-ef5f2970a521,227ba151-f725-4813-a94f-c4612c5b8212,99f2ef21-d83e-4cde-a73a-10b587a903a3,B365553,268,31,1003.56,2027-03-28,2028-03-28,43b13eff-affb-4e79-a137-2d676513f12b,2026-06-30 15:37:14.065091,AVAILABLE
cbcd466d-262a-40e7-9d4c-4d9481fe182c,920ef48e-37f7-4885-9e7f-ef5f2970a521,227ba151-f725-4813-a94f-c4612c5b8212,a041cc1e-bb11-4e03-9969-5026c46ed837,B711473,660,71,236.28,2026-04-29,2028-02-23,389d9f94-94f3-497d-9ad3-80b154c36b08,2026-06-04 15:37:14.065167,AVAILABLE
bcde6d17-5024-4aa5-92ba-a18b7dcc3233,920ef48e-37f7-4885-9e7f-ef5f2970a521,227ba151-f725-4813-a94f-c4612c5b8212,a041cc1e-bb11-4e03-9969-5026c46ed837,B540638,494,59,194.61,2025-05-27,2027-04-03,41e5f347-011f-49c8-a809-9ebc6ef93e37,2026-09-14 15:37:14.065290,AVAILABLE
28184783-34a4-4e1d-ad29-becc8c9a753e,920ef48e-37f7-4885-9e7f-ef5f2970a521,227ba151-f725-4813-a94f-c4612c5b8212,a041cc1e-bb11-4e03-9969-5026c46ed837,B952972,88,1,1304.83,2025-10-04,2026-12-24,41e5f347-011f-49c8-a809-9ebc6ef93e37,2026-07-01 15:37:14.065345,AVAILABLE
094c81ab-9943-4185-ab56-6a3063e2cce5,920ef48e-37f7-4885-9e7f-ef5f2970a521,227ba151-f725-4813-a94f-c4612c5b8212,f6dc8117-e75f-4920-a0cf-04c7bafc7542,B351815,903,70,218.52,2027-05-12,2027-12-30,389d9f94-94f3-497d-9ad3-80b154c36b08,2026-06-09 15:37:14.065389,AVAILABLE
ea0c2159-9e02-4132-bdfe-4c25a269a723,920ef48e-37f7-4885-9e7f-ef5f2970a521,227ba151-f725-4813-a94f-c4612c5b8212,f6dc8117-e75f-4920-a0cf-04c7bafc7542,B192125,897,27,1452.77,2025-04-01,2026-12-29,1400ecad-7beb-4557-b782-a9b67dbfa3ea,2026-09-21 15:37:14.065427,AVAILABLE
8979ba3d-34f0-4aa0-ba9e-b03ce9ac34b2,920ef48e-37f7-4885-9e7f-ef5f2970a521,227ba151-f725-4813-a94f-c4612c5b8212,fda2f8a3-95ba-4f42-97f3-dbce57a916f1,B924092,751,21,118.43,2025-03-02,2026-10-08,e6d69402-090c-458e-ab40-7589f32bf4bf,2026-07-19 15:37:14.065468,AVAILABLE
54f43ee3-e1a2-46fa-b8d2-784cff7519b8,920ef48e-37f7-4885-9e7f-ef5f2970a521,227ba151-f725-4813-a94f-c4612c5b8212,fda2f8a3-95ba-4f42-97f3-dbce57a916f1,B786092,218,11,813.24,2026-05-02,2027-11-10,85ba89f5-0cbe-423d-9b09-8edf117efeb7,2026-09-17 15:37:14.065504,AVAILABLE
215e5b05-2189-436d-80c7-9f856cde35e8,920ef48e-37f7-4885-9e7f-ef5f2970a521,227ba151-f725-4813-a94f-c4612c5b8212,ca8399a1-143e-4717-be95-7836c2f21dcb,B266971,104,10,135.53,2026-10-24,2027-08-03,41e5f347-011f-49c8-a809-9ebc6ef93e37,2026-08-23 15:37:14.065541,AVAILABLE
b244d64c-3afb-4242-9c8b-acc0a37b26fa,920ef48e-37f7-4885-9e7f-ef5f2970a521,227ba151-f725-4813-a94f-c4612c5b8212,ca8399a1-143e-4717-be95-7836c2f21dcb,B263556,479,1,607.36,2026-07-15,2027-10-07,1400ecad-7beb-4557-b782-a9b67dbfa3ea,2026-05-13 15:37:14.065576,AVAILABLE
799eca8e-79e5-4cf6-bc06-a3372aaab015,920ef48e-37f7-4885-9e7f-ef5f2970a521,227ba151-f725-4813-a94f-c4612c5b8212,4bd504ed-a1c0-48c9-bff0-b66723a5f08d,B741876,875,23,1005.53,2026-03-16,2027-08-03,e692d4b3-4456-49eb-87f5-ee22fc6e4200,2026-08-23 15:37:14.065656,AVAILABLE
69d53aa3-4b06-49f2-91ea-cd12920ae087,920ef48e-37f7-4885-9e7f-ef5f2970a521,227ba151-f725-4813-a94f-c4612c5b8212,16d1b73f-8881-425f-82b2-7ab4974b08ef,B129481,696,76,1393.21,2026-09-03,2028-03-17,301e3cd3-c948-49e9-add4-e8080a9fab7f,2026-06-30 15:37:14.065703,AVAILABLE
b93618a7-478f-45e9-bc24-38e862996ed7,920ef48e-37f7-4885-9e7f-ef5f2970a521,227ba151-f725-4813-a94f-c4612c5b8212,16d1b73f-8881-425f-82b2-7ab4974b08ef,B445875,496,64,970.3,2025-07-27,2026-12-27,43b13eff-affb-4e79-a137-2d676513f12b,2026-06-16 15:37:14.065810,AVAILABLE
bc0908ba-48c6-4cab-ae83-a5e46f6ba952,920ef48e-37f7-4885-9e7f-ef5f2970a521,227ba151-f725-4813-a94f-c4612c5b8212,16d1b73f-8881-425f-82b2-7ab4974b08ef,B845309,982,70,919.76,2026-08-23,2027-12-01,8a3cc937-5d2e-4b04-b961-e6372fb37757,2026-07-24 15:37:14.065872,AVAILABLE
062efa4a-cdb2-45eb-8078-297a340313f0,920ef48e-37f7-4885-9e7f-ef5f2970a521,227ba151-f725-4813-a94f-c4612c5b8212,0df67422-0ffe-4855-b4b7-0f4e8676cbdb,B380288,857,25,1441.96,2026-11-24,2027-06-03,85ba89f5-0cbe-423d-9b09-8edf117efeb7,2026-08-08 15:37:14.066040,AVAILABLE
465c06f6-3061-44f5-97b2-80c71d785087,920ef48e-37f7-4885-9e7f-ef5f2970a521,227ba151-f725-4813-a94f-c4612c5b8212,97a16fda-9cba-4dc2-8770-0b5104c507d2,B268079,169,13,1524.36,2025-06-19,2026-12-15,301e3cd3-c948-49e9-add4-e8080a9fab7f,2026-05-10 15:37:14.066106,AVAILABLE
f5c2c5e8-1d97-47f7-b90b-d50b4892e028,920ef48e-37f7-4885-9e7f-ef5f2970a521,227ba151-f725-4813-a94f-c4612c5b8212,24856ba7-ab81-4f22-985e-e30a3b9397cb,B551925,475,19,1726.83,2025-09-03,2027-07-31,8a3cc937-5d2e-4b04-b961-e6372fb37757,2026-05-02 15:37:14.066150,AVAILABLE
63175f31-55b3-4609-bd2c-9ba3815bee2f,920ef48e-37f7-4885-9e7f-ef5f2970a521,227ba151-f725-4813-a94f-c4612c5b8212,e3420e6d-9ba0-43de-991d-15b61159daa1,B835252,520,53,925.19,2026-03-12,2027-02-27,e692d4b3-4456-49eb-87f5-ee22fc6e4200,2026-07-10 15:37:14.066189,AVAILABLE
6ec7af00-846b-4dc1-ad11-5f670814a070,920ef48e-37f7-4885-9e7f-ef5f2970a521,227ba151-f725-4813-a94f-c4612c5b8212,e3420e6d-9ba0-43de-991d-15b61159daa1,B813770,564,64,1796.87,2026-10-11,2027-12-19,e692d4b3-4456-49eb-87f5-ee22fc6e4200,2026-09-15 15:37:14.066224,AVAILABLE
0bcdd9b7-41a2-4feb-9b7e-0734e6868dc0,920ef48e-37f7-4885-9e7f-ef5f2970a521,227ba151-f725-4813-a94f-c4612c5b8212,b261960f-23be-4297-9c50-f27ceac7eedb,B183474,865,5,733.31,2026-12-27,2027-10-17,41e5f347-011f-49c8-a809-9ebc6ef93e37,2026-05-07 15:37:14.066261,AVAILABLE
47d647ab-2ef8-4d73-be86-79fea3fa12c8,920ef48e-37f7-4885-9e7f-ef5f2970a521,227ba151-f725-4813-a94f-c4612c5b8212,b261960f-23be-4297-9c50-f27ceac7eedb,B628756,303,0,644.81,2026-07-24,2028-02-02,1400ecad-7beb-4557-b782-a9b67dbfa3ea,2026-06-19 15:37:14.066438,AVAILABLE
083d1e9a-8276-4edf-8e54-c399c79f256f,920ef48e-37f7-4885-9e7f-ef5f2970a521,227ba151-f725-4813-a94f-c4612c5b8212,b261960f-23be-4297-9c50-f27ceac7eedb,B136696,147,3,1638.35,2026-02-04,2027-11-30,41e5f347-011f-49c8-a809-9ebc6ef93e37,2026-08-30 15:37:14.066511,AVAILABLE
69a83f48-85fa-4516-ad61-cce17dd9c573,920ef48e-37f7-4885-9e7f-ef5f2970a521,227ba151-f725-4813-a94f-c4612c5b8212,831a67ea-b75d-494e-8ba6-e91b1b1eae6e,B644273,904,11,124.98,2027-06-16,2028-03-27,301e3cd3-c948-49e9-add4-e8080a9fab7f,2026-05-24 15:37:14.066555,AVAILABLE
f9f0e66d-e6e6-42b5-90a6-9bb85f20cd08,920ef48e-37f7-4885-9e7f-ef5f2970a521,227ba151-f725-4813-a94f-c4612c5b8212,831a67ea-b75d-494e-8ba6-e91b1b1eae6e,B828620,527,31,805.15,2026-11-15,2027-08-16,e6d69402-090c-458e-ab40-7589f32bf4bf,2026-04-12 15:37:14.066593,AVAILABLE
0312e335-2499-47f2-97dc-f54fc1c91c3b,920ef48e-37f7-4885-9e7f-ef5f2970a521,227ba151-f725-4813-a94f-c4612c5b8212,24d1b68c-2a5b-464e-bb4e-c1071b3b4f3d,B838005,694,74,1795.18,2025-12-28,2027-03-07,b55d3c34-369b-4934-9015-9e38109b79f2,2026-08-06 15:37:14.066682,AVAILABLE
29de8369-3269-4b34-8e44-1f7604063d6d,920ef48e-37f7-4885-9e7f-ef5f2970a521,227ba151-f725-4813-a94f-c4612c5b8212,24d1b68c-2a5b-464e-bb4e-c1071b3b4f3d,B282580,31,2,624.91,2027-02-26,2027-10-31,8a3cc937-5d2e-4b04-b961-e6372fb37757,2026-04-22 15:37:14.066724,AVAILABLE
91ad1911-73c5-4520-9d82-3ab4a0dee173,920ef48e-37f7-4885-9e7f-ef5f2970a521,227ba151-f725-4813-a94f-c4612c5b8212,0eecbfea-7628-487c-b590-fece2c687e7a,B568319,45,5,471.39,2026-01-11,2027-09-06,389d9f94-94f3-497d-9ad3-80b154c36b08,2026-08-18 15:37:14.066763,AVAILABLE
df6f0efd-63be-4253-be9a-fcaf8c0a59ed,920ef48e-37f7-4885-9e7f-ef5f2970a521,c6f484a1-ae8e-4868-9d96-aad78e925273,4fda6990-76da-4515-8f85-4b5ce64dd1ce,B191591,942,132,129.18,2026-05-04,2028-02-15,e692d4b3-4456-49eb-87f5-ee22fc6e4200,2026-10-03 15:37:14.066972,AVAILABLE
048dc2ae-a5b2-41a1-8d77-9f7716da4e12,920ef48e-37f7-4885-9e7f-ef5f2970a521,c6f484a1-ae8e-4868-9d96-aad78e925273,4bd504ed-a1c0-48c9-bff0-b66723a5f08d,B332806,88,0,924.2,2027-03-29,2027-10-04,e6d69402-090c-458e-ab40-7589f32bf4bf,2026-05-15 15:37:14.067023,AVAILABLE
84dcaa53-ff41-4a68-816d-d84036e69e36,920ef48e-37f7-4885-9e7f-ef5f2970a521,c6f484a1-ae8e-4868-9d96-aad78e925273,4bd504ed-a1c0-48c9-bff0-b66723a5f08d,B116089,144,12,427.86,2027-05-30,2028-02-01,e6d69402-090c-458e-ab40-7589f32bf4bf,2026-05-30 15:37:14.067065,AVAILABLE
3ecb95b7-438e-4ae6-a2c9-97a9ff7c4f04,920ef48e-37f7-4885-9e7f-ef5f2970a521,c6f484a1-ae8e-4868-9d96-aad78e925273,4bd504ed-a1c0-48c9-bff0-b66723a5f08d,B993019,950,124,939.1,2025-08-16,2027-04-01,e692d4b3-4456-49eb-87f5-ee22fc6e4200,2026-05-12 15:37:14.067106,AVAILABLE
6acd9080-6b40-47ba-9376-4d16ff45a7c2,920ef48e-37f7-4885-9e7f-ef5f2970a521,c6f484a1-ae8e-4868-9d96-aad78e925273,0df67422-0ffe-4855-b4b7-0f4e8676cbdb,B161513,999,98,101.1,2025-10-13,2027-01-02,389d9f94-94f3-497d-9ad3-80b154c36b08,2026-08-26 15:37:14.067145,AVAILABLE
97ab806e-66ff-4115-8a8a-37af0fb68981,920ef48e-37f7-4885-9e7f-ef5f2970a521,c6f484a1-ae8e-4868-9d96-aad78e925273,0df67422-0ffe-4855-b4b7-0f4e8676cbdb,B956979,861,40,879.2,2026-05-11,2027-10-11,8a3cc937-5d2e-4b04-b961-e6372fb37757,2026-06-02 15:37:14.067182,AVAILABLE
16b853d5-58ae-440e-8754-3395d9ea2c0e,920ef48e-37f7-4885-9e7f-ef5f2970a521,c6f484a1-ae8e-4868-9d96-aad78e925273,305d6d9c-7521-4f74-8c0d-0bf7d5af8dfd,B937689,551,80,1342.51,2026-05-29,2027-11-16,e6d69402-090c-458e-ab40-7589f32bf4bf,2026-09-16 15:37:14.067225,AVAILABLE
2022eef2-6618-4f22-a3ec-0555c5c7d1f0,920ef48e-37f7-4885-9e7f-ef5f2970a521,c6f484a1-ae8e-4868-9d96-aad78e925273,061b886b-98ed-480e-9810-63995f2f47ed,B629893,784,17,782.08,2026-11-26,2027-06-13,85ba89f5-0cbe-423d-9b09-8edf117efeb7,2026-05-03 15:37:14.067265,AVAILABLE
80fe972f-5a60-416d-8f04-5332266434b0,920ef48e-37f7-4885-9e7f-ef5f2970a521,c6f484a1-ae8e-4868-9d96-aad78e925273,061b886b-98ed-480e-9810-63995f2f47ed,B560837,418,10,1066.24,2026-02-07,2026-11-27,1400ecad-7beb-4557-b782-a9b67dbfa3ea,2026-07-23 15:37:14.067301,AVAILABLE
2db64c11-53d8-4640-ab9e-4604e99008d9,920ef48e-37f7-4885-9e7f-ef5f2970a521,c6f484a1-ae8e-4868-9d96-aad78e925273,7b6b643c-11d8-4a62-8cfe-a28f5fe4f2d6,B753063,211,0,943.42,2026-01-08,2027-11-02,8a3cc937-5d2e-4b04-b961-e6372fb37757,2026-08-11 15:37:14.067338,AVAILABLE
b191d7ae-72fe-4049-b79a-32030fac4fc2,920ef48e-37f7-4885-9e7f-ef5f2970a521,c6f484a1-ae8e-4868-9d96-aad78e925273,7b6b643c-11d8-4a62-8cfe-a28f5fe4f2d6,B295318,240,30,1648.18,2025-12-29,2027-03-08,e6d69402-090c-458e-ab40-7589f32bf4bf,2026-08-14 15:37:14.067588,AVAILABLE
aadbb33b-9839-4593-bbba-f22cbb257bff,920ef48e-37f7-4885-9e7f-ef5f2970a521,c6f484a1-ae8e-4868-9d96-aad78e925273,7b6b643c-11d8-4a62-8cfe-a28f5fe4f2d6,B841682,171,14,368.22,2025-12-14,2027-07-05,1400ecad-7beb-4557-b782-a9b67dbfa3ea,2026-05-24 15:37:14.067863,AVAILABLE
4ba11cf2-2c40-4f6c-baed-31b7fcf2f241,920ef48e-37f7-4885-9e7f-ef5f2970a521,c6f484a1-ae8e-4868-9d96-aad78e925273,3e98e5ab-52e7-4056-8353-5ac655247948,B688055,262,14,794.86,2026-02-13,2027-07-08,1400ecad-7beb-4557-b782-a9b67dbfa3ea,2026-07-20 15:37:14.068047,AVAILABLE
ab881380-3de7-4f7a-a0e9-55351b719138,920ef48e-37f7-4885-9e7f-ef5f2970a521,c6f484a1-ae8e-4868-9d96-aad78e925273,3e6ecca3-9ad1-49a9-ad9a-5509b28de79d,B862974,173,20,1345.91,2025-08-04,2027-03-27,e6d69402-090c-458e-ab40-7589f32bf4bf,2026-10-04 15:37:14.068122,AVAILABLE
ba63055a-dbf9-4f19-9f1c-c6cdacd874d2,920ef48e-37f7-4885-9e7f-ef5f2970a521,c6f484a1-ae8e-4868-9d96-aad78e925273,3e6ecca3-9ad1-49a9-ad9a-5509b28de79d,B795968,287,25,1655.25,2026-06-14,2027-08-20,e692d4b3-4456-49eb-87f5-ee22fc6e4200,2026-08-01 15:37:14.068174,AVAILABLE
2afa1573-e8f4-4c55-bf42-c28b6f9b6807,920ef48e-37f7-4885-9e7f-ef5f2970a521,c6f484a1-ae8e-4868-9d96-aad78e925273,3e6ecca3-9ad1-49a9-ad9a-5509b28de79d,B780645,877,48,101.69,2026-07-23,2027-04-17,8a3cc937-5d2e-4b04-b961-e6372fb37757,2026-05-28 15:37:14.068297,AVAILABLE
f5e6c652-c183-4127-a32c-dc4701ba2c74,920ef48e-37f7-4885-9e7f-ef5f2970a521,c6f484a1-ae8e-4868-9d96-aad78e925273,8e15b3a9-915f-4bf0-84c7-182f335e062c,B331317,634,73,966.21,2025-01-28,2026-12-15,301e3cd3-c948-49e9-add4-e8080a9fab7f,2026-08-17 15:37:14.068343,AVAILABLE
a33e7c4b-87ca-407a-b9a5-7f454e258b63,920ef48e-37f7-4885-9e7f-ef5f2970a521,c6f484a1-ae8e-4868-9d96-aad78e925273,67f10774-4e14-4f09-90b6-00a732111449,B358902,520,14,1107.56,2026-10-25,2027-10-04,85ba89f5-0cbe-423d-9b09-8edf117efeb7,2026-08-28 15:37:14.068383,AVAILABLE
f3dc7605-5493-4941-a50e-a7ad88b425c2,920ef48e-37f7-4885-9e7f-ef5f2970a521,c6f484a1-ae8e-4868-9d96-aad78e925273,be0b42c5-6bfe-48dc-8f33-e20d29d25a48,B441338,269,7,255.48,2026-12-04,2027-08-17,85ba89f5-0cbe-423d-9b09-8edf117efeb7,2026-08-17 15:37:14.068646,AVAILABLE
b975647e-5614-44b8-92a9-baea6bd152dd,920ef48e-37f7-4885-9e7f-ef5f2970a521,c6f484a1-ae8e-4868-9d96-aad78e925273,be0b42c5-6bfe-48dc-8f33-e20d29d25a48,B377313,962,130,1497.8,2026-02-17,2026-10-09,b55d3c34-369b-4934-9015-9e38109b79f2,2026-05-27 15:37:14.068722,AVAILABLE
46ce6283-e19f-4ef5-9d9d-14c00bd0ec2c,920ef48e-37f7-4885-9e7f-ef5f2970a521,c6f484a1-ae8e-4868-9d96-aad78e925273,43110ae2-2c0b-4654-936a-72afad56219d,B824060,576,20,539.13,2025-01-07,2026-09-26,b55d3c34-369b-4934-9015-9e38109b79f2,2026-08-14 15:37:14.068772,EXPIRED
a68bd688-8bbe-457b-853d-772dd9a22a30,920ef48e-37f7-4885-9e7f-ef5f2970a521,c6f484a1-ae8e-4868-9d96-aad78e925273,43110ae2-2c0b-4654-936a-72afad56219d,B347679,60,7,1642.28,2026-06-19,2027-06-03,e6d69402-090c-458e-ab40-7589f32bf4bf,2026-09-18 15:37:14.068814,AVAILABLE
be58367b-a8b7-4339-89e9-537aa5689af7,920ef48e-37f7-4885-9e7f-ef5f2970a521,c6f484a1-ae8e-4868-9d96-aad78e925273,6b615b69-ae0e-4f1b-a6dc-2d69233addaa,B443213,690,50,1002.06,2025-11-05,2027-06-04,301e3cd3-c948-49e9-add4-e8080a9fab7f,2026-09-14 15:37:14.068854,AVAILABLE
d2153acf-ceb4-4f9d-9258-7cac17e128f3,920ef48e-37f7-4885-9e7f-ef5f2970a521,c6f484a1-ae8e-4868-9d96-aad78e925273,6b615b69-ae0e-4f1b-a6dc-2d69233addaa,B976296,578,56,1191.53,2027-01-11,2028-01-03,e6d69402-090c-458e-ab40-7589f32bf4bf,2026-08-26 15:37:14.068890,AVAILABLE
dd5e3719-44ab-439e-b6b6-3a4742981165,920ef48e-37f7-4885-9e7f-ef5f2970a521,c6f484a1-ae8e-4868-9d96-aad78e925273,6b615b69-ae0e-4f1b-a6dc-2d69233addaa,B234079,686,60,88.53,2025-09-13,2027-03-27,389d9f94-94f3-497d-9ad3-80b154c36b08,2026-05-30 15:37:14.068927,AVAILABLE
ea533801-b7f6-453e-adcc-4584aa3de982,920ef48e-37f7-4885-9e7f-ef5f2970a521,c6f484a1-ae8e-4868-9d96-aad78e925273,3e8ecc15-190b-4bcd-a7fd-92ec541c75f4,B422433,426,61,321.45,2026-09-29,2027-09-20,389d9f94-94f3-497d-9ad3-80b154c36b08,2026-09-10 15:37:14.068974,AVAILABLE
2f50d40f-4c98-400b-8f49-a41458e0108d,920ef48e-37f7-4885-9e7f-ef5f2970a521,c6f484a1-ae8e-4868-9d96-aad78e925273,3e8ecc15-190b-4bcd-a7fd-92ec541c75f4,B425109,182,27,429.97,2026-03-01,2027-08-18,301e3cd3-c948-49e9-add4-e8080a9fab7f,2026-04-28 15:37:14.069106,AVAILABLE
afeca475-217f-4ba2-bd8b-6f9917667bbb,920ef48e-37f7-4885-9e7f-ef5f2970a521,c6f484a1-ae8e-4868-9d96-aad78e925273,a7d4d675-bb94-424a-b6e4-1709b9e91e6d,B683109,38,0,896.21,2026-06-29,2027-02-24,43b13eff-affb-4e79-a137-2d676513f12b,2026-08-02 15:37:14.069150,AVAILABLE
a6cbb593-3356-4f06-b4be-75188032d3d0,920ef48e-37f7-4885-9e7f-ef5f2970a521,c6f484a1-ae8e-4868-9d96-aad78e925273,a7d4d675-bb94-424a-b6e4-1709b9e91e6d,B314051,900,111,1746.48,2026-05-21,2027-07-17,e692d4b3-4456-49eb-87f5-ee22fc6e4200,2026-05-02 15:37:14.069188,AVAILABLE
7e6fdcd0-d0cd-415d-b21e-aa9ad541a45e,920ef48e-37f7-4885-9e7f-ef5f2970a521,c6f484a1-ae8e-4868-9d96-aad78e925273,a7d4d675-bb94-424a-b6e4-1709b9e91e6d,B811371,871,31,1557.1,2026-04-16,2027-09-10,85ba89f5-0cbe-423d-9b09-8edf117efeb7,2026-08-10 15:37:14.069225,AVAILABLE
774c711e-afd7-471a-8fba-be53bcb5c5a7,920ef48e-37f7-4885-9e7f-ef5f2970a521,58e24cec-946d-4124-9176-441caba19ab0,ea61edd3-7fbd-4c08-b312-d866041879c2,B656265,776,53,242.12,2026-04-01,2027-06-02,b55d3c34-369b-4934-9015-9e38109b79f2,2026-05-18 15:37:14.069336,AVAILABLE
a8722000-fbf5-463a-811d-8cf99d6b7fa7,920ef48e-37f7-4885-9e7f-ef5f2970a521,58e24cec-946d-4124-9176-441caba19ab0,ea61edd3-7fbd-4c08-b312-d866041879c2,B268944,862,97,583.95,2025-09-30,2027-05-09,e6d69402-090c-458e-ab40-7589f32bf4bf,2026-05-21 15:37:14.069379,AVAILABLE
53ffab7b-ed01-4bde-a2cd-12e5739eb6a6,920ef48e-37f7-4885-9e7f-ef5f2970a521,58e24cec-946d-4124-9176-441caba19ab0,ea61edd3-7fbd-4c08-b312-d866041879c2,B889683,862,15,212.76,2026-09-06,2027-07-06,b55d3c34-369b-4934-9015-9e38109b79f2,2026-06-14 15:37:14.069417,AVAILABLE
daba3d84-53fd-461b-a143-435335544b9c,920ef48e-37f7-4885-9e7f-ef5f2970a521,58e24cec-946d-4124-9176-441caba19ab0,e3420e6d-9ba0-43de-991d-15b61159daa1,B655505,312,11,159.92,2026-06-02,2028-01-15,e6d69402-090c-458e-ab40-7589f32bf4bf,2026-07-25 15:37:14.069455,AVAILABLE
fea1d694-d28f-4deb-9ba3-ce6e70ac721d,920ef48e-37f7-4885-9e7f-ef5f2970a521,58e24cec-946d-4124-9176-441caba19ab0,e3420e6d-9ba0-43de-991d-15b61159daa1,B934524,777,85,1007.73,2026-06-07,2028-03-07,301e3cd3-c948-49e9-add4-e8080a9fab7f,2026-05-31 15:37:14.069580,AVAILABLE
a3ce6f0b-bd37-4845-9b4d-6daabba65d6f,920ef48e-37f7-4885-9e7f-ef5f2970a521,58e24cec-946d-4124-9176-441caba19ab0,8cb385ca-cfdc-404f-8298-512a7c8578b3,B310929,843,69,1388.93,2026-04-29,2027-10-06,b55d3c34-369b-4934-9015-9e38109b79f2,2026-06-20 15:37:14.069677,AVAILABLE
8ef0342a-0008-4a8c-a2ef-c0a25e9291b4,920ef48e-37f7-4885-9e7f-ef5f2970a521,58e24cec-946d-4124-9176-441caba19ab0,8cb385ca-cfdc-404f-8298-512a7c8578b3,B533331,860,64,169.38,2027-03-13,2027-09-20,43b13eff-affb-4e79-a137-2d676513f12b,2026-07-25 15:37:14.069725,AVAILABLE
377aeec0-cc9b-42fa-a82d-df967ed0db6a,920ef48e-37f7-4885-9e7f-ef5f2970a521,58e24cec-946d-4124-9176-441caba19ab0,8cb385ca-cfdc-404f-8298-512a7c8578b3,B227288,708,38,95.21,2027-04-10,2028-01-16,301e3cd3-c948-49e9-add4-e8080a9fab7f,2026-07-25 15:37:14.069764,AVAILABLE
66144267-ef5c-41f5-be73-63082013cec1,920ef48e-37f7-4885-9e7f-ef5f2970a521,58e24cec-946d-4124-9176-441caba19ab0,16d1b73f-8881-425f-82b2-7ab4974b08ef,B229957,503,20,1764.18,2026-10-01,2027-10-07,85ba89f5-0cbe-423d-9b09-8edf117efeb7,2026-08-23 15:37:14.069803,AVAILABLE
5db737e1-d9c1-4a25-b07a-fe8f65037e9b,920ef48e-37f7-4885-9e7f-ef5f2970a521,58e24cec-946d-4124-9176-441caba19ab0,16d1b73f-8881-425f-82b2-7ab4974b08ef,B515548,731,7,1232.43,2026-01-03,2026-12-02,85ba89f5-0cbe-423d-9b09-8edf117efeb7,2026-10-07 15:37:14.069840,AVAILABLE
6cf6b164-0aef-4b1d-9d0b-638560f32846,920ef48e-37f7-4885-9e7f-ef5f2970a521,58e24cec-946d-4124-9176-441caba19ab0,16d1b73f-8881-425f-82b2-7ab4974b08ef,B410497,682,76,1387.39,2026-08-01,2027-06-12,e6d69402-090c-458e-ab40-7589f32bf4bf,2026-05-31 15:37:14.069968,AVAILABLE
d55e5d25-30fe-49e7-86a9-1f7468a89c1d,920ef48e-37f7-4885-9e7f-ef5f2970a521,58e24cec-946d-4124-9176-441caba19ab0,1d534fd0-ecdb-47f7-8df1-911899944ac3,B733362,380,56,442.78,2026-04-04,2026-10-06,85ba89f5-0cbe-423d-9b09-8edf117efeb7,2026-05-04 15:37:14.070036,EXPIRED
dbf74e0a-21a1-476d-b0c6-6f64961aa140,920ef48e-37f7-4885-9e7f-ef5f2970a521,58e24cec-946d-4124-9176-441caba19ab0,1d534fd0-ecdb-47f7-8df1-911899944ac3,B244356,116,11,1361.01,2027-02-27,2027-12-18,301e3cd3-c948-49e9-add4-e8080a9fab7f,2026-06-16 15:37:14.070078,AVAILABLE
ccc90dba-5664-4e09-86a7-06ac298ef0b0,920ef48e-37f7-4885-9e7f-ef5f2970a521,58e24cec-946d-4124-9176-441caba19ab0,6cbb6f57-d6cb-41b0-aca5-9ea4e8c5be47,B551115,584,76,299.65,2027-03-10,2028-02-16,8a3cc937-5d2e-4b04-b961-e6372fb37757,2026-08-03 15:37:14.070118,AVAILABLE
ebc2d829-fefb-41d7-91c2-4479a7452793,920ef48e-37f7-4885-9e7f-ef5f2970a521,58e24cec-946d-4124-9176-441caba19ab0,6cbb6f57-d6cb-41b0-aca5-9ea4e8c5be47,B857822,851,104,149.69,2026-08-14,2027-05-23,389d9f94-94f3-497d-9ad3-80b154c36b08,2026-07-12 15:37:14.070154,AVAILABLE
4bfceada-373b-43ce-94c4-c77c81039f1e,920ef48e-37f7-4885-9e7f-ef5f2970a521,58e24cec-946d-4124-9176-441caba19ab0,27bdd8c0-778d-42ea-ae25-964ce81e391d,B710112,686,81,1530.95,2025-03-31,2026-11-03,41e5f347-011f-49c8-a809-9ebc6ef93e37,2026-06-09 15:37:14.070191,AVAILABLE
85453b4d-f7ed-4c70-81b2-57a129dcdeaa,920ef48e-37f7-4885-9e7f-ef5f2970a521,58e24cec-946d-4124-9176-441caba19ab0,27bdd8c0-778d-42ea-ae25-964ce81e391d,B792154,551,41,1643.62,2027-02-23,2027-09-30,43b13eff-affb-4e79-a137-2d676513f12b,2026-09-05 15:37:14.070226,AVAILABLE
a8b10f0f-e96d-4f29-823e-6050fed3347c,920ef48e-37f7-4885-9e7f-ef5f2970a521,58e24cec-946d-4124-9176-441caba19ab0,b1b122eb-1ba2-4148-b9ac-5d21b2adf647,B884534,250,27,371.28,2026-10-17,2028-01-08,e692d4b3-4456-49eb-87f5-ee22fc6e4200,2026-08-31 15:37:14.070262,AVAILABLE
121eef39-c56f-47ca-bc22-7d46d7921c3e,920ef48e-37f7-4885-9e7f-ef5f2970a521,58e24cec-946d-4124-9176-441caba19ab0,b1b122eb-1ba2-4148-b9ac-5d21b2adf647,B882155,978,26,601.98,2025-10-17,2026-12-05,301e3cd3-c948-49e9-add4-e8080a9fab7f,2026-07-28 15:37:14.070431,AVAILABLE
3ca156ab-845e-474b-8d98-04805d0ca2fe,920ef48e-37f7-4885-9e7f-ef5f2970a521,58e24cec-946d-4124-9176-441caba19ab0,b1b122eb-1ba2-4148-b9ac-5d21b2adf647,B404818,630,93,1175.84,2025-07-24,2027-06-02,b55d3c34-369b-4934-9015-9e38109b79f2,2026-06-04 15:37:14.070503,AVAILABLE
80e9b727-c26c-427d-8faa-0675dedc4493,920ef48e-37f7-4885-9e7f-ef5f2970a521,58e24cec-946d-4124-9176-441caba19ab0,be0b42c5-6bfe-48dc-8f33-e20d29d25a48,B871441,938,30,198.63,2026-07-27,2027-03-20,41e5f347-011f-49c8-a809-9ebc6ef93e37,2026-09-10 15:37:14.070547,AVAILABLE
67e6b9ff-5d7b-4e65-bb10-f4122ff25ade,920ef48e-37f7-4885-9e7f-ef5f2970a521,58e24cec-946d-4124-9176-441caba19ab0,be0b42c5-6bfe-48dc-8f33-e20d29d25a48,B373280,442,44,844.9,2026-05-08,2028-01-15,b55d3c34-369b-4934-9015-9e38109b79f2,2026-07-01 15:37:14.070588,AVAILABLE
fb992ff6-0703-482c-bd02-5b0966330e4b,920ef48e-37f7-4885-9e7f-ef5f2970a521,58e24cec-946d-4124-9176-441caba19ab0,be0b42c5-6bfe-48dc-8f33-e20d29d25a48,B222424,590,48,808.3,2025-09-20,2027-03-01,e6d69402-090c-458e-ab40-7589f32bf4bf,2026-08-18 15:37:14.070669,AVAILABLE
efb72eb0-4489-43e6-bf8a-1967dca784ff,920ef48e-37f7-4885-9e7f-ef5f2970a521,58e24cec-946d-4124-9176-441caba19ab0,24d1b68c-2a5b-464e-bb4e-c1071b3b4f3d,B777871,939,126,203.81,2026-04-11,2027-09-17,43b13eff-affb-4e79-a137-2d676513f12b,2026-06-18 15:37:14.070713,AVAILABLE
9b9fbcf7-ca15-455b-bd1d-53e9cf1b4d2b,920ef48e-37f7-4885-9e7f-ef5f2970a521,58e24cec-946d-4124-9176-441caba19ab0,419b95a7-17e5-4918-ad68-d58ee6b6e6f5,B397828,872,25,482.92,2026-12-26,2028-01-07,85ba89f5-0cbe-423d-9b09-8edf117efeb7,2026-09-10 15:37:14.070751,AVAILABLE
35d2e78a-1004-42ae-b6ff-ed2af62247e6,920ef48e-37f7-4885-9e7f-ef5f2970a521,58e24cec-946d-4124-9176-441caba19ab0,b3163dc0-3ac7-41cc-b4fc-244bcbe446ad,B580193,339,32,103.03,2026-10-13,2027-09-04,389d9f94-94f3-497d-9ad3-80b154c36b08,2026-08-08 15:37:14.070790,AVAILABLE
759c568b-35a7-4ecf-8b8d-7aefe521682d,920ef48e-37f7-4885-9e7f-ef5f2970a521,58e24cec-946d-4124-9176-441caba19ab0,b3163dc0-3ac7-41cc-b4fc-244bcbe446ad,B254548,695,23,367.59,2026-01-28,2026-10-29,1400ecad-7beb-4557-b782-a9b67dbfa3ea,2026-10-07 15:37:14.070918,AVAILABLE
f337bc67-28e7-4108-bfff-5b8a1dc6b1a8,920ef48e-37f7-4885-9e7f-ef5f2970a521,58e24cec-946d-4124-9176-441caba19ab0,f00273a7-acae-43ae-a0b4-b85c0ed6d4d3,B135062,445,18,1790.69,2025-12-06,2027-06-12,41e5f347-011f-49c8-a809-9ebc6ef93e37,2026-09-03 15:37:14.070967,AVAILABLE
4002d082-c1db-41a6-9b77-8cb53e02aa07,920ef48e-37f7-4885-9e7f-ef5f2970a521,58e24cec-946d-4124-9176-441caba19ab0,0d430ec5-4d86-4820-8a2c-9a0885280906,B863892,323,40,1446.34,2026-09-09,2027-11-13,e692d4b3-4456-49eb-87f5-ee22fc6e4200,2026-09-15 15:37:14.071144,AVAILABLE
9d33b56a-842f-4916-8178-9dacfb601a30,920ef48e-37f7-4885-9e7f-ef5f2970a521,58e24cec-946d-4124-9176-441caba19ab0,9f081f26-ba8d-47d6-870e-ca0ca1cae51f,B475058,670,87,1588.7,2026-04-06,2026-12-01,1400ecad-7beb-4557-b782-a9b67dbfa3ea,2026-04-13 15:37:14.071205,AVAILABLE
6fefbe58-3a52-4fa0-9768-99d6b466c94b,920ef48e-37f7-4885-9e7f-ef5f2970a521,58e24cec-946d-4124-9176-441caba19ab0,9f081f26-ba8d-47d6-870e-ca0ca1cae51f,B240107,461,47,1650.25,2026-07-03,2027-08-07,e692d4b3-4456-49eb-87f5-ee22fc6e4200,2026-09-08 15:37:14.071246,AVAILABLE
34ea8251-9b44-42dc-9131-82b1cdcc8239,920ef48e-37f7-4885-9e7f-ef5f2970a521,58e24cec-946d-4124-9176-441caba19ab0,9f081f26-ba8d-47d6-870e-ca0ca1cae51f,B621328,449,27,1461.13,2024-12-22,2026-11-08,b55d3c34-369b-4934-9015-9e38109b79f2,2026-07-29 15:37:14.071285,AVAILABLE
13ef63a4-6c39-4621-a6b0-3e284408a85d,e9ce1e40-149e-4ce9-9fa9-805e7fe159fa,ba4dbad1-709d-4bff-b2c9-9067588c433c,ea61edd3-7fbd-4c08-b312-d866041879c2,B233757,359,24,981.18,2025-11-26,2027-07-01,85ba89f5-0cbe-423d-9b09-8edf117efeb7,2026-04-17 15:37:14.072174,AVAILABLE
1ed9c4cd-f6bc-42f2-bbb6-7669d8ff0051,e9ce1e40-149e-4ce9-9fa9-805e7fe159fa,ba4dbad1-709d-4bff-b2c9-9067588c433c,b1b122eb-1ba2-4148-b9ac-5d21b2adf647,B790721,88,10,472.64,2026-11-30,2027-11-26,301e3cd3-c948-49e9-add4-e8080a9fab7f,2026-06-21 15:37:14.072232,AVAILABLE
eb186386-fd9e-4e9d-bcc1-59976e35de86,e9ce1e40-149e-4ce9-9fa9-805e7fe159fa,ba4dbad1-709d-4bff-b2c9-9067588c433c,b1b122eb-1ba2-4148-b9ac-5d21b2adf647,B244888,421,57,623.12,2026-12-11,2027-11-26,43b13eff-affb-4e79-a137-2d676513f12b,2026-08-26 15:37:14.072313,AVAILABLE
8369f60a-ee4e-4f10-bf86-ab48cfd14fd0,e9ce1e40-149e-4ce9-9fa9-805e7fe159fa,ba4dbad1-709d-4bff-b2c9-9067588c433c,a197882a-31bc-40ba-be53-5a7c2f5930f7,B771349,392,40,96.77,2027-02-07,2028-02-09,1400ecad-7beb-4557-b782-a9b67dbfa3ea,2026-08-16 15:37:14.072360,AVAILABLE
3dbbd4de-f92f-4208-957f-327eb1ec3dbd,e9ce1e40-149e-4ce9-9fa9-805e7fe159fa,ba4dbad1-709d-4bff-b2c9-9067588c433c,a197882a-31bc-40ba-be53-5a7c2f5930f7,B288489,597,20,1404.22,2026-08-31,2027-09-12,85ba89f5-0cbe-423d-9b09-8edf117efeb7,2026-07-01 15:37:14.072401,AVAILABLE
66775cbf-c71a-413d-a12e-2625f3a405d1,e9ce1e40-149e-4ce9-9fa9-805e7fe159fa,ba4dbad1-709d-4bff-b2c9-9067588c433c,a197882a-31bc-40ba-be53-5a7c2f5930f7,B132788,240,15,1113.89,2025-10-04,2026-11-01,389d9f94-94f3-497d-9ad3-80b154c36b08,2026-04-26 15:37:14.072440,AVAILABLE
dae7128c-ec98-40b4-b260-ebb7f903a28e,e9ce1e40-149e-4ce9-9fa9-805e7fe159fa,ba4dbad1-709d-4bff-b2c9-9067588c433c,b3163dc0-3ac7-41cc-b4fc-244bcbe446ad,B323568,212,11,872.71,2026-11-06,2028-02-15,389d9f94-94f3-497d-9ad3-80b154c36b08,2026-04-25 15:37:14.072479,AVAILABLE
c6353e69-a80d-45d4-91b6-4a9ec581b6bc,e9ce1e40-149e-4ce9-9fa9-805e7fe159fa,ba4dbad1-709d-4bff-b2c9-9067588c433c,987c980e-f5ed-4388-b102-971ff25870b1,B473608,484,71,124.87,2025-09-16,2027-07-22,41e5f347-011f-49c8-a809-9ebc6ef93e37,2026-08-11 15:37:14.072519,AVAILABLE
0a702205-8742-41ff-b1fc-db0a73d8b973,e9ce1e40-149e-4ce9-9fa9-805e7fe159fa,ba4dbad1-709d-4bff-b2c9-9067588c433c,cf8bc62c-4d72-4142-8ab6-03524280a750,B533077,513,39,793.63,2026-03-08,2028-01-14,43b13eff-affb-4e79-a137-2d676513f12b,2026-08-20 15:37:14.072559,AVAILABLE
0d478e0c-f1f9-41f0-9cc3-de2ef20053f8,e9ce1e40-149e-4ce9-9fa9-805e7fe159fa,ba4dbad1-709d-4bff-b2c9-9067588c433c,cf8bc62c-4d72-4142-8ab6-03524280a750,B176518,665,21,1279.27,2026-03-18,2027-07-18,301e3cd3-c948-49e9-add4-e8080a9fab7f,2026-06-14 15:37:14.073370,AVAILABLE
2b3b848f-9961-4eeb-ac8c-15ea930ef9e4,e9ce1e40-149e-4ce9-9fa9-805e7fe159fa,ba4dbad1-709d-4bff-b2c9-9067588c433c,1b0a2521-7dda-4bed-8313-954689f28c33,B103960,655,43,18.86,2025-09-03,2027-05-01,301e3cd3-c948-49e9-add4-e8080a9fab7f,2026-07-12 15:37:14.073441,AVAILABLE
6574429d-7d1d-4423-a08f-8215ea9c3810,e9ce1e40-149e-4ce9-9fa9-805e7fe159fa,ba4dbad1-709d-4bff-b2c9-9067588c433c,419b95a7-17e5-4918-ad68-d58ee6b6e6f5,B778178,100,9,561.04,2026-07-16,2027-06-09,43b13eff-affb-4e79-a137-2d676513f12b,2026-04-12 15:37:14.073505,AVAILABLE
842b8a87-892b-4c66-bbd0-c90752935f4a,e9ce1e40-149e-4ce9-9fa9-805e7fe159fa,ba4dbad1-709d-4bff-b2c9-9067588c433c,419b95a7-17e5-4918-ad68-d58ee6b6e6f5,B297734,917,133,1563.49,2026-10-09,2028-02-17,1400ecad-7beb-4557-b782-a9b67dbfa3ea,2026-08-11 15:37:14.073554,AVAILABLE
2dccb47e-d793-40f6-a3bd-fe4aefdff7f7,e9ce1e40-149e-4ce9-9fa9-805e7fe159fa,ba4dbad1-709d-4bff-b2c9-9067588c433c,378ef267-9155-41bc-a431-7c700c1731e3,B223148,363,37,888.02,2026-03-03,2027-11-13,301e3cd3-c948-49e9-add4-e8080a9fab7f,2026-05-25 15:37:14.073630,AVAILABLE
e3c47de2-b1cb-4e42-87d0-338defa2720d,e9ce1e40-149e-4ce9-9fa9-805e7fe159fa,ba4dbad1-709d-4bff-b2c9-9067588c433c,378ef267-9155-41bc-a431-7c700c1731e3,B959843,932,44,333.17,2025-03-05,2027-02-22,1400ecad-7beb-4557-b782-a9b67dbfa3ea,2026-07-20 15:37:14.073686,AVAILABLE
9c747c7a-ec82-4f82-ad40-b83473377f97,e9ce1e40-149e-4ce9-9fa9-805e7fe159fa,ba4dbad1-709d-4bff-b2c9-9067588c433c,378ef267-9155-41bc-a431-7c700c1731e3,B858383,685,77,790.84,2026-09-23,2027-06-15,85ba89f5-0cbe-423d-9b09-8edf117efeb7,2026-07-22 15:37:14.073732,AVAILABLE
83d361f1-e62c-4f24-ba1e-d31fac776cbc,e9ce1e40-149e-4ce9-9fa9-805e7fe159fa,ba4dbad1-709d-4bff-b2c9-9067588c433c,33e37cdb-690b-4dd6-aa0b-3e189bf6bc51,B525371,473,51,740.21,2025-07-06,2027-03-17,8a3cc937-5d2e-4b04-b961-e6372fb37757,2026-06-23 15:37:14.073775,AVAILABLE
f83cf840-c3d8-44dc-8995-19805dce7be7,e9ce1e40-149e-4ce9-9fa9-805e7fe159fa,ba4dbad1-709d-4bff-b2c9-9067588c433c,d039d8bd-44d3-44fc-a49f-83d1987d0b48,B621113,417,32,1228.29,2025-08-15,2027-05-23,e6d69402-090c-458e-ab40-7589f32bf4bf,2026-07-30 15:37:14.073817,AVAILABLE
3eb4c998-e5bf-44ce-8ed5-49afa73c1606,e9ce1e40-149e-4ce9-9fa9-805e7fe159fa,ba4dbad1-709d-4bff-b2c9-9067588c433c,d039d8bd-44d3-44fc-a49f-83d1987d0b48,B485224,666,1,431.58,2026-08-07,2028-02-27,e6d69402-090c-458e-ab40-7589f32bf4bf,2026-04-12 15:37:14.073855,AVAILABLE
9c8210a9-5ab0-4a31-a5ae-f901f9569d4e,e9ce1e40-149e-4ce9-9fa9-805e7fe159fa,ba4dbad1-709d-4bff-b2c9-9067588c433c,2b376704-d06b-441d-a2bf-f0973873411c,B422362,561,23,1199.51,2026-07-21,2028-02-06,b55d3c34-369b-4934-9015-9e38109b79f2,2026-06-03 15:37:14.074169,AVAILABLE
244aba31-d927-42f3-88fa-aa73f5fb9f8b,e9ce1e40-149e-4ce9-9fa9-805e7fe159fa,ba4dbad1-709d-4bff-b2c9-9067588c433c,2b376704-d06b-441d-a2bf-f0973873411c,B365711,423,11,749.87,2027-02-17,2028-03-20,389d9f94-94f3-497d-9ad3-80b154c36b08,2026-05-20 15:37:14.074229,AVAILABLE
8431a915-ead3-40ed-811d-91d9ced5666a,e9ce1e40-149e-4ce9-9fa9-805e7fe159fa,ba4dbad1-709d-4bff-b2c9-9067588c433c,b699a59a-a0ec-49d9-b327-482e55347adf,B634251,201,9,1230.66,2026-09-19,2028-02-09,8a3cc937-5d2e-4b04-b961-e6372fb37757,2026-09-06 15:37:14.074276,AVAILABLE
e1283031-0c21-4c1c-a00e-3c0bf3500163,e9ce1e40-149e-4ce9-9fa9-805e7fe159fa,ba4dbad1-709d-4bff-b2c9-9067588c433c,b699a59a-a0ec-49d9-b327-482e55347adf,B843892,682,7,27.27,2025-07-13,2027-03-26,1400ecad-7beb-4557-b782-a9b67dbfa3ea,2026-05-13 15:37:14.074479,AVAILABLE
f7613ad4-ee03-4f08-887e-b1562af11756,e9ce1e40-149e-4ce9-9fa9-805e7fe159fa,ba4dbad1-709d-4bff-b2c9-9067588c433c,b699a59a-a0ec-49d9-b327-482e55347adf,B891035,35,2,500.68,2025-06-13,2026-12-18,e692d4b3-4456-49eb-87f5-ee22fc6e4200,2026-08-20 15:37:14.074542,AVAILABLE
2f2b5d83-128f-4d2d-98c5-91592519c30e,e9ce1e40-149e-4ce9-9fa9-805e7fe159fa,ba4dbad1-709d-4bff-b2c9-9067588c433c,be0b42c5-6bfe-48dc-8f33-e20d29d25a48,B632302,315,30,252.8,2026-01-15,2026-09-26,8a3cc937-5d2e-4b04-b961-e6372fb37757,2026-05-22 15:37:14.074591,EXPIRED
8a8b6f89-eacb-4d12-b0a9-384843ae0902,e9ce1e40-149e-4ce9-9fa9-805e7fe159fa,ba4dbad1-709d-4bff-b2c9-9067588c433c,be0b42c5-6bfe-48dc-8f33-e20d29d25a48,B433310,217,26,232.58,2025-03-17,2026-10-12,389d9f94-94f3-497d-9ad3-80b154c36b08,2026-09-22 15:37:14.074677,AVAILABLE
dbadf4f6-d2a7-404d-950b-a2b034852e5a,e9ce1e40-149e-4ce9-9fa9-805e7fe159fa,ba4dbad1-709d-4bff-b2c9-9067588c433c,c2b13e9e-9865-4a6b-ba11-417dbd416417,B516741,529,50,49.68,2026-11-12,2028-03-03,85ba89f5-0cbe-423d-9b09-8edf117efeb7,2026-05-16 15:37:14.074723,AVAILABLE
45e1f019-6ebe-4f88-baae-6aa90b6fc749,e9ce1e40-149e-4ce9-9fa9-805e7fe159fa,ba4dbad1-709d-4bff-b2c9-9067588c433c,d6c64038-55ae-44a3-863b-be781e1a4649,B355855,888,103,1194.69,2026-01-08,2026-11-30,41e5f347-011f-49c8-a809-9ebc6ef93e37,2026-09-17 15:37:14.074765,AVAILABLE
a979ea45-34c1-407f-adbd-76002acf7792,e9ce1e40-149e-4ce9-9fa9-805e7fe159fa,ba4dbad1-709d-4bff-b2c9-9067588c433c,d6c64038-55ae-44a3-863b-be781e1a4649,B458581,307,20,1146.52,2026-10-17,2027-08-21,b55d3c34-369b-4934-9015-9e38109b79f2,2026-07-22 15:37:14.074864,AVAILABLE
2806bbbd-8217-4403-86c8-ce0d15cd7bfe,e9ce1e40-149e-4ce9-9fa9-805e7fe159fa,ba4dbad1-709d-4bff-b2c9-9067588c433c,e3420e6d-9ba0-43de-991d-15b61159daa1,B726290,530,46,938.61,2026-03-05,2027-02-05,e6d69402-090c-458e-ab40-7589f32bf4bf,2026-05-19 15:37:14.074949,AVAILABLE
3bfb5651-1223-4193-8db6-6dedcb6c5b05,e9ce1e40-149e-4ce9-9fa9-805e7fe159fa,ba4dbad1-709d-4bff-b2c9-9067588c433c,e3420e6d-9ba0-43de-991d-15b61159daa1,B712387,583,33,659.33,2025-09-08,2027-01-24,1400ecad-7beb-4557-b782-a9b67dbfa3ea,2026-04-25 15:37:14.075019,AVAILABLE
9819b749-1576-47c0-86d2-ea6648e1b88b,e9ce1e40-149e-4ce9-9fa9-805e7fe159fa,ba4dbad1-709d-4bff-b2c9-9067588c433c,6989db76-adcc-4a3d-b3c0-61fb496a0f5d,B419939,610,78,1523.06,2026-11-21,2027-11-19,389d9f94-94f3-497d-9ad3-80b154c36b08,2026-09-18 15:37:14.075192,AVAILABLE
586c494a-b64f-49c1-a3df-e043865ba3e6,e9ce1e40-149e-4ce9-9fa9-805e7fe159fa,ba4dbad1-709d-4bff-b2c9-9067588c433c,6989db76-adcc-4a3d-b3c0-61fb496a0f5d,B858523,701,105,411.24,2025-10-26,2026-11-22,41e5f347-011f-49c8-a809-9ebc6ef93e37,2026-08-18 15:37:14.075297,AVAILABLE
94562f2c-c4c1-4504-ba3e-ec77cdd7592d,e9ce1e40-149e-4ce9-9fa9-805e7fe159fa,ba4dbad1-709d-4bff-b2c9-9067588c433c,58bf12e5-ee8a-4194-a34c-aa820079144d,B341843,532,55,869.79,2026-10-28,2027-05-26,85ba89f5-0cbe-423d-9b09-8edf117efeb7,2026-04-14 15:37:14.075343,AVAILABLE
1d626f78-eceb-4e2d-b3bf-20c178e1f108,e9ce1e40-149e-4ce9-9fa9-805e7fe159fa,ba4dbad1-709d-4bff-b2c9-9067588c433c,58bf12e5-ee8a-4194-a34c-aa820079144d,B899908,630,74,901.9,2026-01-26,2027-07-01,85ba89f5-0cbe-423d-9b09-8edf117efeb7,2026-05-01 15:37:14.075471,AVAILABLE
7a8e5704-c19b-45c3-b264-6fe000ead341,e9ce1e40-149e-4ce9-9fa9-805e7fe159fa,ba4dbad1-709d-4bff-b2c9-9067588c433c,8e15b3a9-915f-4bf0-84c7-182f335e062c,B228050,880,75,1583.95,2026-07-12,2028-01-26,e6d69402-090c-458e-ab40-7589f32bf4bf,2026-09-16 15:37:14.075590,AVAILABLE
4adc62d0-14c5-44a4-bfe4-1ac0dc446193,e9ce1e40-149e-4ce9-9fa9-805e7fe159fa,ba4dbad1-709d-4bff-b2c9-9067588c433c,b3fa980f-96f4-474d-8999-454117e0d5d6,B295040,466,8,842.37,2027-03-19,2027-10-06,b55d3c34-369b-4934-9015-9e38109b79f2,2026-04-28 15:37:14.075730,AVAILABLE
b8ef4ab4-b9b3-4e03-b903-81b0fadfe49e,e9ce1e40-149e-4ce9-9fa9-805e7fe159fa,ba4dbad1-709d-4bff-b2c9-9067588c433c,9c021848-0377-486f-a048-370334cce953,B158383,337,37,1204.92,2026-05-09,2028-01-19,e6d69402-090c-458e-ab40-7589f32bf4bf,2026-04-26 15:37:14.075787,AVAILABLE
ab6e5753-234b-44e2-9407-71918e8ac18f,e9ce1e40-149e-4ce9-9fa9-805e7fe159fa,ba4dbad1-709d-4bff-b2c9-9067588c433c,9c021848-0377-486f-a048-370334cce953,B990946,419,10,502.17,2025-10-24,2026-11-18,e6d69402-090c-458e-ab40-7589f32bf4bf,2026-05-03 15:37:14.075834,AVAILABLE
e9135c5e-25bf-4248-abc1-552b28290646,e9ce1e40-149e-4ce9-9fa9-805e7fe159fa,ba4dbad1-709d-4bff-b2c9-9067588c433c,9c021848-0377-486f-a048-370334cce953,B271047,484,15,877.05,2026-09-25,2027-09-24,b55d3c34-369b-4934-9015-9e38109b79f2,2026-06-01 15:37:14.075967,AVAILABLE
36116a8e-c116-43e1-a5e4-0bd5258d2b14,e9ce1e40-149e-4ce9-9fa9-805e7fe159fa,ba4dbad1-709d-4bff-b2c9-9067588c433c,220f964e-a351-4ad0-827e-502f5ded939c,B781944,538,50,1419.31,2026-04-10,2027-03-01,85ba89f5-0cbe-423d-9b09-8edf117efeb7,2026-07-13 15:37:14.076054,AVAILABLE
57e7353e-a0d5-4f5a-8cf9-5524957c494d,e9ce1e40-149e-4ce9-9fa9-805e7fe159fa,ba4dbad1-709d-4bff-b2c9-9067588c433c,220f964e-a351-4ad0-827e-502f5ded939c,B238361,653,35,1306.05,2025-09-28,2027-09-08,43b13eff-affb-4e79-a137-2d676513f12b,2026-07-05 15:37:14.076251,AVAILABLE
a7208d9c-cd0d-463d-9cbd-7cda178b1a91,e9ce1e40-149e-4ce9-9fa9-805e7fe159fa,ba4dbad1-709d-4bff-b2c9-9067588c433c,0c98fcbf-9121-467b-910d-10fcfbcd35b6,B443826,861,76,1771.01,2026-10-06,2027-05-02,41e5f347-011f-49c8-a809-9ebc6ef93e37,2026-07-04 15:37:14.076355,AVAILABLE
faa4efcc-a129-42db-bced-7c0f9e39d933,e9ce1e40-149e-4ce9-9fa9-805e7fe159fa,ba4dbad1-709d-4bff-b2c9-9067588c433c,d2219992-909f-48be-967e-2e3f1c3ddfa9,B635662,67,7,1182.82,2026-06-25,2027-12-11,43b13eff-affb-4e79-a137-2d676513f12b,2026-06-26 15:37:14.076541,AVAILABLE
1af628c5-137d-4072-bbb9-f2a88448505c,e9ce1e40-149e-4ce9-9fa9-805e7fe159fa,ba4dbad1-709d-4bff-b2c9-9067588c433c,d2219992-909f-48be-967e-2e3f1c3ddfa9,B767638,298,10,1765.31,2025-08-27,2027-01-27,85ba89f5-0cbe-423d-9b09-8edf117efeb7,2026-04-23 15:37:14.076683,AVAILABLE
30e1faf2-2d06-4fab-8171-22d7451b13e5,e9ce1e40-149e-4ce9-9fa9-805e7fe159fa,ba4dbad1-709d-4bff-b2c9-9067588c433c,fb695fdf-9397-485a-aa21-6d65c73c7b07,B568610,861,46,1288.64,2026-07-14,2027-05-21,85ba89f5-0cbe-423d-9b09-8edf117efeb7,2026-09-09 15:37:14.076846,AVAILABLE
f0e482fd-9d12-46e7-a765-8bfdd6c244ad,e9ce1e40-149e-4ce9-9fa9-805e7fe159fa,ba4dbad1-709d-4bff-b2c9-9067588c433c,b261960f-23be-4297-9c50-f27ceac7eedb,B537722,82,2,430.3,2025-12-20,2026-12-20,301e3cd3-c948-49e9-add4-e8080a9fab7f,2026-10-05 15:37:14.076935,AVAILABLE
06faa880-ff6f-46d6-ae4e-880fb5c0766b,e9ce1e40-149e-4ce9-9fa9-805e7fe159fa,ba4dbad1-709d-4bff-b2c9-9067588c433c,b261960f-23be-4297-9c50-f27ceac7eedb,B386425,39,0,1121.25,2025-12-13,2027-04-16,43b13eff-affb-4e79-a137-2d676513f12b,2026-05-16 15:37:14.077011,AVAILABLE
bf0dfa79-f85a-49f3-bea4-b9295c93d249,e9ce1e40-149e-4ce9-9fa9-805e7fe159fa,ba4dbad1-709d-4bff-b2c9-9067588c433c,b261960f-23be-4297-9c50-f27ceac7eedb,B385337,185,24,1051.24,2025-09-26,2026-11-01,e692d4b3-4456-49eb-87f5-ee22fc6e4200,2026-09-27 15:37:14.077079,AVAILABLE
2013e85d-a1f6-4311-8729-6152d2a24dfe,e9ce1e40-149e-4ce9-9fa9-805e7fe159fa,ba4dbad1-709d-4bff-b2c9-9067588c433c,522740d6-f3db-4ac1-a547-6b62598fe57f,B791155,224,30,1639.91,2025-10-24,2027-07-04,8a3cc937-5d2e-4b04-b961-e6372fb37757,2026-08-28 15:37:14.077138,AVAILABLE
8063db59-04e7-4c0f-b454-03b7e1fde014,e9ce1e40-149e-4ce9-9fa9-805e7fe159fa,ba4dbad1-709d-4bff-b2c9-9067588c433c,522740d6-f3db-4ac1-a547-6b62598fe57f,B819759,324,14,604.39,2026-12-26,2027-09-18,43b13eff-affb-4e79-a137-2d676513f12b,2026-06-16 15:37:14.077211,AVAILABLE
6470df01-45fb-43c8-a02f-130f2763bf2c,e9ce1e40-149e-4ce9-9fa9-805e7fe159fa,ba4dbad1-709d-4bff-b2c9-9067588c433c,3e9b0bad-6728-4523-be87-a00adf0fff30,B927456,218,3,20.33,2026-01-06,2027-01-06,389d9f94-94f3-497d-9ad3-80b154c36b08,2026-08-21 15:37:14.077330,AVAILABLE
b8e18e66-41ce-4d00-a309-1be537c6748f,e9ce1e40-149e-4ce9-9fa9-805e7fe159fa,ba4dbad1-709d-4bff-b2c9-9067588c433c,3e9b0bad-6728-4523-be87-a00adf0fff30,B419823,500,44,408.59,2025-12-12,2027-10-18,1400ecad-7beb-4557-b782-a9b67dbfa3ea,2026-04-19 15:37:14.077399,AVAILABLE
16955e0c-9f30-42b4-acce-42e69cf22488,e9ce1e40-149e-4ce9-9fa9-805e7fe159fa,ba4dbad1-709d-4bff-b2c9-9067588c433c,dee6b134-5f4e-4d83-8133-35e34f0b48e8,B608955,366,11,1195.97,2026-11-03,2028-03-29,85ba89f5-0cbe-423d-9b09-8edf117efeb7,2026-05-23 15:37:14.077457,AVAILABLE
69feb82a-fd2a-4bc3-ba78-53378290dc35,e9ce1e40-149e-4ce9-9fa9-805e7fe159fa,ba4dbad1-709d-4bff-b2c9-9067588c433c,dee6b134-5f4e-4d83-8133-35e34f0b48e8,B944782,183,12,1395.05,2027-02-21,2027-09-12,43b13eff-affb-4e79-a137-2d676513f12b,2026-06-13 15:37:14.077510,AVAILABLE
41b63c6d-f411-4e28-84ed-69a5ba10e0cf,e9ce1e40-149e-4ce9-9fa9-805e7fe159fa,ba4dbad1-709d-4bff-b2c9-9067588c433c,fda2f8a3-95ba-4f42-97f3-dbce57a916f1,B462555,817,28,960.95,2027-03-10,2027-10-17,85ba89f5-0cbe-423d-9b09-8edf117efeb7,2026-04-17 15:37:14.077553,AVAILABLE
75ef3cf0-aad8-4992-ac3c-28a4ea60290f,e9ce1e40-149e-4ce9-9fa9-805e7fe159fa,ba4dbad1-709d-4bff-b2c9-9067588c433c,fda2f8a3-95ba-4f42-97f3-dbce57a916f1,B277269,759,33,915.73,2026-03-07,2027-10-31,e692d4b3-4456-49eb-87f5-ee22fc6e4200,2026-07-12 15:37:14.077592,AVAILABLE
2280b1c3-48c1-4036-975a-6d9060f7af1d,e9ce1e40-149e-4ce9-9fa9-805e7fe159fa,ba4dbad1-709d-4bff-b2c9-9067588c433c,fda2f8a3-95ba-4f42-97f3-dbce57a916f1,B493699,959,132,1513.16,2026-05-11,2027-08-22,389d9f94-94f3-497d-9ad3-80b154c36b08,2026-07-16 15:37:14.077676,AVAILABLE
1fdc9edc-78b6-4b2f-a2aa-f26d045efcdb,e9ce1e40-149e-4ce9-9fa9-805e7fe159fa,ba4dbad1-709d-4bff-b2c9-9067588c433c,99f2ef21-d83e-4cde-a73a-10b587a903a3,B393622,642,41,585.21,2025-10-29,2027-03-21,8a3cc937-5d2e-4b04-b961-e6372fb37757,2026-06-24 15:37:14.077829,AVAILABLE
9dd1e7a6-63d6-4496-ba02-bb53316e0910,e9ce1e40-149e-4ce9-9fa9-805e7fe159fa,ba4dbad1-709d-4bff-b2c9-9067588c433c,99f2ef21-d83e-4cde-a73a-10b587a903a3,B199090,45,5,91.19,2027-01-03,2027-07-06,8a3cc937-5d2e-4b04-b961-e6372fb37757,2026-07-06 15:37:14.077967,AVAILABLE
547a52bd-3776-48e1-9caa-cf2eec8558ec,e9ce1e40-149e-4ce9-9fa9-805e7fe159fa,ba4dbad1-709d-4bff-b2c9-9067588c433c,3e98e5ab-52e7-4056-8353-5ac655247948,B278353,251,33,348.65,2026-05-04,2027-08-30,389d9f94-94f3-497d-9ad3-80b154c36b08,2026-04-20 15:37:14.078030,AVAILABLE
aa3e7fe4-b799-4071-9dbe-b0bc27a751df,e9ce1e40-149e-4ce9-9fa9-805e7fe159fa,ba4dbad1-709d-4bff-b2c9-9067588c433c,6f12778d-43ca-4220-8b3b-11201ac91209,B296747,255,12,721.13,2026-03-17,2026-12-03,e692d4b3-4456-49eb-87f5-ee22fc6e4200,2026-08-25 15:37:14.078072,AVAILABLE
8ec5da47-47c0-4aec-9016-00533111c9d6,e9ce1e40-149e-4ce9-9fa9-805e7fe159fa,ba4dbad1-709d-4bff-b2c9-9067588c433c,6f12778d-43ca-4220-8b3b-11201ac91209,B639096,998,124,293.14,2026-02-14,2026-12-15,43b13eff-affb-4e79-a137-2d676513f12b,2026-04-15 15:37:14.078116,AVAILABLE
1948ea3a-6394-4878-8a7b-ed478925d21e,e9ce1e40-149e-4ce9-9fa9-805e7fe159fa,ba4dbad1-709d-4bff-b2c9-9067588c433c,6f12778d-43ca-4220-8b3b-11201ac91209,B903729,241,20,223.55,2026-11-02,2027-12-14,e6d69402-090c-458e-ab40-7589f32bf4bf,2026-05-14 15:37:14.078153,AVAILABLE
f6854058-43d3-4ef4-98fa-2688e0b6a3cc,e9ce1e40-149e-4ce9-9fa9-805e7fe159fa,ba4dbad1-709d-4bff-b2c9-9067588c433c,0073cc32-e309-402c-96aa-1fb03de469f1,B594342,75,6,1087.93,2025-11-25,2027-02-22,301e3cd3-c948-49e9-add4-e8080a9fab7f,2026-06-30 15:37:14.078195,AVAILABLE
866335ec-9cce-4918-8515-92b177401219,e9ce1e40-149e-4ce9-9fa9-805e7fe159fa,ba4dbad1-709d-4bff-b2c9-9067588c433c,0073cc32-e309-402c-96aa-1fb03de469f1,B245072,730,33,267.69,2026-03-07,2026-12-25,41e5f347-011f-49c8-a809-9ebc6ef93e37,2026-08-18 15:37:14.078236,AVAILABLE
ce2a02fa-cc88-4305-b51a-fdb7747958a1,e9ce1e40-149e-4ce9-9fa9-805e7fe159fa,ba4dbad1-709d-4bff-b2c9-9067588c433c,bd5b3f87-5b53-4347-ac00-12fb9d5cd5a6,B137476,631,26,909.69,2027-03-13,2028-03-20,b55d3c34-369b-4934-9015-9e38109b79f2,2026-08-16 15:37:14.078473,AVAILABLE
1008a9a8-3c90-4f55-8eb5-31e528e0fcee,e9ce1e40-149e-4ce9-9fa9-805e7fe159fa,ba4dbad1-709d-4bff-b2c9-9067588c433c,bd5b3f87-5b53-4347-ac00-12fb9d5cd5a6,B305865,356,27,1771.89,2026-03-12,2027-05-10,43b13eff-affb-4e79-a137-2d676513f12b,2026-08-29 15:37:14.078521,AVAILABLE
8b06b3cb-7863-495a-9d9e-66e11b70b266,e9ce1e40-149e-4ce9-9fa9-805e7fe159fa,ba4dbad1-709d-4bff-b2c9-9067588c433c,a7d4d675-bb94-424a-b6e4-1709b9e91e6d,B234560,485,25,1293.42,2025-09-24,2027-06-20,1400ecad-7beb-4557-b782-a9b67dbfa3ea,2026-07-25 15:37:14.078564,AVAILABLE
400eb635-f02e-4ced-91b0-5ac6ec3c836f,e9ce1e40-149e-4ce9-9fa9-805e7fe159fa,ba4dbad1-709d-4bff-b2c9-9067588c433c,a7d4d675-bb94-424a-b6e4-1709b9e91e6d,B475030,445,3,1680.07,2026-12-31,2027-08-11,e692d4b3-4456-49eb-87f5-ee22fc6e4200,2026-07-07 15:37:14.078636,AVAILABLE
a29fe13b-80e6-4905-ae30-8cf8ace4f890,e9ce1e40-149e-4ce9-9fa9-805e7fe159fa,ba4dbad1-709d-4bff-b2c9-9067588c433c,b8b41174-e4bb-41e0-8dc8-fbdaf9d470ec,B774030,427,18,746.72,2026-05-07,2028-03-23,301e3cd3-c948-49e9-add4-e8080a9fab7f,2026-05-25 15:37:14.078691,AVAILABLE
e3eb0af4-5566-437e-be45-d5ecb1192c5b,e9ce1e40-149e-4ce9-9fa9-805e7fe159fa,ba4dbad1-709d-4bff-b2c9-9067588c433c,b8b41174-e4bb-41e0-8dc8-fbdaf9d470ec,B505840,356,53,1003.66,2026-12-19,2027-12-30,301e3cd3-c948-49e9-add4-e8080a9fab7f,2026-06-06 15:37:14.078732,AVAILABLE
9509b2bf-4b64-41e2-aeff-1e460c47b338,e9ce1e40-149e-4ce9-9fa9-805e7fe159fa,ba4dbad1-709d-4bff-b2c9-9067588c433c,b8b41174-e4bb-41e0-8dc8-fbdaf9d470ec,B645551,650,84,1017.35,2026-05-18,2028-02-04,389d9f94-94f3-497d-9ad3-80b154c36b08,2026-08-16 15:37:14.078770,AVAILABLE
ed4166b4-6869-4626-946c-a36cb59a89a5,e9ce1e40-149e-4ce9-9fa9-805e7fe159fa,ba4dbad1-709d-4bff-b2c9-9067588c433c,573f39b9-7855-4b4d-8a9e-14a5e9d8b2cd,B652962,879,108,815.37,2024-12-31,2026-10-05,1400ecad-7beb-4557-b782-a9b67dbfa3ea,2026-05-13 15:37:14.078886,EXPIRED
949634e9-c95d-4155-b7fd-9329e3c98066,e9ce1e40-149e-4ce9-9fa9-805e7fe159fa,ba4dbad1-709d-4bff-b2c9-9067588c433c,573f39b9-7855-4b4d-8a9e-14a5e9d8b2cd,B558989,583,73,315.78,2026-01-17,2027-03-01,43b13eff-affb-4e79-a137-2d676513f12b,2026-05-26 15:37:14.079152,AVAILABLE
ddb636ed-931b-4a74-a9aa-5af8391e7f03,e9ce1e40-149e-4ce9-9fa9-805e7fe159fa,ba4dbad1-709d-4bff-b2c9-9067588c433c,573f39b9-7855-4b4d-8a9e-14a5e9d8b2cd,B942441,353,6,1668.09,2027-02-11,2027-11-15,43b13eff-affb-4e79-a137-2d676513f12b,2026-05-15 15:37:14.079226,AVAILABLE
02cc14b1-609b-4922-bb4b-ae80011f1e58,e9ce1e40-149e-4ce9-9fa9-805e7fe159fa,ba4dbad1-709d-4bff-b2c9-9067588c433c,0a915249-7e9b-4a22-be4b-d5a6c9628e04,B466366,72,6,557.85,2026-12-05,2028-03-02,1400ecad-7beb-4557-b782-a9b67dbfa3ea,2026-07-22 15:37:14.079274,AVAILABLE
e5d8f932-0dde-4308-aa74-b7f69d69ecc5,e9ce1e40-149e-4ce9-9fa9-805e7fe159fa,ba4dbad1-709d-4bff-b2c9-9067588c433c,0a915249-7e9b-4a22-be4b-d5a6c9628e04,B817413,563,3,795.55,2025-10-24,2027-02-14,1400ecad-7beb-4557-b782-a9b67dbfa3ea,2026-08-30 15:37:14.079316,AVAILABLE
a0a8c85b-2fb0-4414-847c-a99b2dd621c4,e9ce1e40-149e-4ce9-9fa9-805e7fe159fa,ba4dbad1-709d-4bff-b2c9-9067588c433c,0a915249-7e9b-4a22-be4b-d5a6c9628e04,B556950,918,41,321.93,2025-12-23,2027-11-30,43b13eff-affb-4e79-a137-2d676513f12b,2026-08-29 15:37:14.079354,AVAILABLE
44bc1747-fcf8-4360-a57f-e18feb72ab3e,e9ce1e40-149e-4ce9-9fa9-805e7fe159fa,ba4dbad1-709d-4bff-b2c9-9067588c433c,24db962d-9a6b-4de6-982b-b719e504efb9,B887054,372,27,107.26,2026-08-13,2027-06-15,301e3cd3-c948-49e9-add4-e8080a9fab7f,2026-05-07 15:37:14.079395,AVAILABLE
f01392a4-680c-4747-b17c-76b21c9db221,e9ce1e40-149e-4ce9-9fa9-805e7fe159fa,ba4dbad1-709d-4bff-b2c9-9067588c433c,85b186aa-f3a1-45ba-8d0c-349f8a13c3d4,B741960,845,71,579.59,2025-11-01,2027-03-31,8a3cc937-5d2e-4b04-b961-e6372fb37757,2026-04-24 15:37:14.079437,AVAILABLE
d3df5a5c-8a63-4365-bae5-859e987a5551,e9ce1e40-149e-4ce9-9fa9-805e7fe159fa,ba4dbad1-709d-4bff-b2c9-9067588c433c,7b6b643c-11d8-4a62-8cfe-a28f5fe4f2d6,B851449,335,45,874.14,2025-11-15,2027-03-25,389d9f94-94f3-497d-9ad3-80b154c36b08,2026-05-23 15:37:14.079476,AVAILABLE
85fa0eb3-b780-4d41-9f42-9911f45279a2,e9ce1e40-149e-4ce9-9fa9-805e7fe159fa,ba4dbad1-709d-4bff-b2c9-9067588c433c,2c4e6d71-0152-4e82-9c16-bfc9c81ea55e,B231226,665,47,397.46,2026-03-07,2026-10-20,1400ecad-7beb-4557-b782-a9b67dbfa3ea,2026-09-26 15:37:14.079512,AVAILABLE
1c9ac504-df2f-4866-a5bf-f9a11d4181aa,e9ce1e40-149e-4ce9-9fa9-805e7fe159fa,ba4dbad1-709d-4bff-b2c9-9067588c433c,0d430ec5-4d86-4820-8a2c-9a0885280906,B392276,431,38,823.77,2026-02-15,2026-09-25,b55d3c34-369b-4934-9015-9e38109b79f2,2026-04-15 15:37:14.079549,EXPIRED
ea3d30c9-cca1-4008-a8b8-11236e5f0ea5,e9ce1e40-149e-4ce9-9fa9-805e7fe159fa,ba4dbad1-709d-4bff-b2c9-9067588c433c,0d430ec5-4d86-4820-8a2c-9a0885280906,B945571,496,9,751.87,2026-11-02,2028-03-26,43b13eff-affb-4e79-a137-2d676513f12b,2026-08-13 15:37:14.079585,AVAILABLE
e5ec9c58-5068-47e2-92b6-8ae3656dcd82,e9ce1e40-149e-4ce9-9fa9-805e7fe159fa,ba4dbad1-709d-4bff-b2c9-9067588c433c,a041cc1e-bb11-4e03-9969-5026c46ed837,B368122,379,7,602.61,2025-11-23,2027-06-28,43b13eff-affb-4e79-a137-2d676513f12b,2026-06-01 15:37:14.079668,AVAILABLE
431a21db-0836-4b27-b318-8a42731cf8ac,e9ce1e40-149e-4ce9-9fa9-805e7fe159fa,ba4dbad1-709d-4bff-b2c9-9067588c433c,a041cc1e-bb11-4e03-9969-5026c46ed837,B737146,633,4,320.51,2026-04-09,2028-01-01,389d9f94-94f3-497d-9ad3-80b154c36b08,2026-09-29 15:37:14.079709,AVAILABLE
bfeaff25-3175-42eb-94dc-3b1b02c1a5c6,e9ce1e40-149e-4ce9-9fa9-805e7fe159fa,ba4dbad1-709d-4bff-b2c9-9067588c433c,a041cc1e-bb11-4e03-9969-5026c46ed837,B643074,208,15,954.74,2026-08-08,2027-02-06,e692d4b3-4456-49eb-87f5-ee22fc6e4200,2026-06-12 15:37:14.079746,AVAILABLE
6e92d212-ff65-4006-ab4a-ab21b1f3ee4a,e9ce1e40-149e-4ce9-9fa9-805e7fe159fa,ba4dbad1-709d-4bff-b2c9-9067588c433c,957c588f-5e69-469f-b353-4b24fef25a65,B102886,596,60,105.29,2026-08-20,2027-04-24,389d9f94-94f3-497d-9ad3-80b154c36b08,2026-08-10 15:37:14.079783,AVAILABLE
d2c2af1e-d48f-4d26-9370-99d63d928ef8,e9ce1e40-149e-4ce9-9fa9-805e7fe159fa,ba4dbad1-709d-4bff-b2c9-9067588c433c,957c588f-5e69-469f-b353-4b24fef25a65,B577427,734,98,1033.9,2025-03-02,2026-10-05,43b13eff-affb-4e79-a137-2d676513f12b,2026-08-31 15:37:14.079822,EXPIRED
1e6aa14c-a36e-40ac-a32c-d035036032b2,e9ce1e40-149e-4ce9-9fa9-805e7fe159fa,ba4dbad1-709d-4bff-b2c9-9067588c433c,8cb385ca-cfdc-404f-8298-512a7c8578b3,B248903,139,18,1753.8,2026-05-14,2027-11-09,43b13eff-affb-4e79-a137-2d676513f12b,2026-07-20 15:37:14.079862,AVAILABLE
2d069d91-ae94-4f22-9f60-b4377ea236bd,e9ce1e40-149e-4ce9-9fa9-805e7fe159fa,ba4dbad1-709d-4bff-b2c9-9067588c433c,8cb385ca-cfdc-404f-8298-512a7c8578b3,B773661,357,29,469.09,2025-07-12,2027-02-18,43b13eff-affb-4e79-a137-2d676513f12b,2026-09-07 15:37:14.079898,AVAILABLE
0942a3c3-3227-4ac6-95ab-9feca42af453,e9ce1e40-149e-4ce9-9fa9-805e7fe159fa,ba4dbad1-709d-4bff-b2c9-9067588c433c,8cb385ca-cfdc-404f-8298-512a7c8578b3,B367856,186,4,43.34,2026-10-28,2027-12-29,41e5f347-011f-49c8-a809-9ebc6ef93e37,2026-09-28 15:37:14.079933,AVAILABLE
2f00d35e-dfd5-4bbb-bd07-806834b3bd3d,e9ce1e40-149e-4ce9-9fa9-805e7fe159fa,ba4dbad1-709d-4bff-b2c9-9067588c433c,c5533566-0e57-4058-9e8f-cc921a574da9,B165665,171,1,816.53,2026-05-13,2028-02-21,85ba89f5-0cbe-423d-9b09-8edf117efeb7,2026-09-12 15:37:14.079970,AVAILABLE
f5775f8f-758f-4d04-834f-3cc5abdcbcf4,e9ce1e40-149e-4ce9-9fa9-805e7fe159fa,ba4dbad1-709d-4bff-b2c9-9067588c433c,c5533566-0e57-4058-9e8f-cc921a574da9,B919886,766,46,812.13,2027-05-04,2028-03-10,b55d3c34-369b-4934-9015-9e38109b79f2,2026-06-21 15:37:14.080005,AVAILABLE
309a1fb6-5b02-46b8-9032-49927bbc52bd,e9ce1e40-149e-4ce9-9fa9-805e7fe159fa,ba4dbad1-709d-4bff-b2c9-9067588c433c,2f7de1c2-cb62-4261-83f5-d8323f438333,B163289,306,4,1013.06,2026-07-25,2027-03-28,389d9f94-94f3-497d-9ad3-80b154c36b08,2026-09-20 15:37:14.080150,AVAILABLE
185c3699-01f2-4e29-89fc-2995882eecee,e9ce1e40-149e-4ce9-9fa9-805e7fe159fa,b6548da3-0b31-421f-a22b-58bdf64227b2,d039d8bd-44d3-44fc-a49f-83d1987d0b48,B673549,448,9,533.55,2026-06-20,2027-10-18,1400ecad-7beb-4557-b782-a9b67dbfa3ea,2026-08-14 15:37:14.080439,AVAILABLE
d17b8e50-4f9e-427c-bb88-0d0b33f2803a,e9ce1e40-149e-4ce9-9fa9-805e7fe159fa,b6548da3-0b31-421f-a22b-58bdf64227b2,3a19d3ca-1898-4db4-b347-55af1376c897,B514684,987,96,920.83,2026-01-06,2027-02-15,85ba89f5-0cbe-423d-9b09-8edf117efeb7,2026-07-01 15:37:14.080493,AVAILABLE
cff16bb5-744a-4704-8a9f-98cd2630cad7,e9ce1e40-149e-4ce9-9fa9-805e7fe159fa,b6548da3-0b31-421f-a22b-58bdf64227b2,3a19d3ca-1898-4db4-b347-55af1376c897,B839682,704,50,119.35,2025-10-25,2026-11-19,85ba89f5-0cbe-423d-9b09-8edf117efeb7,2026-09-30 15:37:14.080696,AVAILABLE
4695bee4-4823-4624-be68-65212f73fac6,e9ce1e40-149e-4ce9-9fa9-805e7fe159fa,b6548da3-0b31-421f-a22b-58bdf64227b2,3a19d3ca-1898-4db4-b347-55af1376c897,B776552,455,59,1086.94,2026-12-08,2027-12-13,e692d4b3-4456-49eb-87f5-ee22fc6e4200,2026-05-13 15:37:14.080876,AVAILABLE
4ab9b92d-da97-4d23-9caf-5914e7ba6db3,e9ce1e40-149e-4ce9-9fa9-805e7fe159fa,b6548da3-0b31-421f-a22b-58bdf64227b2,2c4e6d71-0152-4e82-9c16-bfc9c81ea55e,B991057,210,18,285.52,2026-01-23,2027-07-08,389d9f94-94f3-497d-9ad3-80b154c36b08,2026-05-02 15:37:14.080998,AVAILABLE
5b66f2ce-e8c5-4648-9652-c07ea5059737,e9ce1e40-149e-4ce9-9fa9-805e7fe159fa,b6548da3-0b31-421f-a22b-58bdf64227b2,2c4e6d71-0152-4e82-9c16-bfc9c81ea55e,B330761,381,18,1566.78,2027-06-07,2027-12-30,1400ecad-7beb-4557-b782-a9b67dbfa3ea,2026-04-26 15:37:14.081167,AVAILABLE
7e81f378-a323-47a6-a0c0-0fbd4c663472,e9ce1e40-149e-4ce9-9fa9-805e7fe159fa,b6548da3-0b31-421f-a22b-58bdf64227b2,3e9b0bad-6728-4523-be87-a00adf0fff30,B960704,484,63,1486.81,2025-09-20,2027-06-22,389d9f94-94f3-497d-9ad3-80b154c36b08,2026-07-26 15:37:14.081684,AVAILABLE
5a1ebcb6-7f85-47f4-b1aa-c54d8dacd4a7,e9ce1e40-149e-4ce9-9fa9-805e7fe159fa,b6548da3-0b31-421f-a22b-58bdf64227b2,0073cc32-e309-402c-96aa-1fb03de469f1,B925573,761,82,326.59,2026-11-17,2028-03-22,e6d69402-090c-458e-ab40-7589f32bf4bf,2026-05-30 15:37:14.081867,AVAILABLE
ed798a1c-fcdc-423d-9e23-21089df02ab8,e9ce1e40-149e-4ce9-9fa9-805e7fe159fa,b6548da3-0b31-421f-a22b-58bdf64227b2,0073cc32-e309-402c-96aa-1fb03de469f1,B394250,958,141,686.05,2026-12-11,2027-11-19,41e5f347-011f-49c8-a809-9ebc6ef93e37,2026-09-02 15:37:14.081981,AVAILABLE
6a045804-88db-4cd1-a930-442a1d1c3c9e,e9ce1e40-149e-4ce9-9fa9-805e7fe159fa,b6548da3-0b31-421f-a22b-58bdf64227b2,a88fd15f-1bbb-4271-941e-899867a89583,B806464,194,16,558.38,2025-08-30,2026-11-24,43b13eff-affb-4e79-a137-2d676513f12b,2026-05-28 15:37:14.082387,AVAILABLE
2eafa212-f759-4874-b6b9-0ee16f6049b8,e9ce1e40-149e-4ce9-9fa9-805e7fe159fa,b6548da3-0b31-421f-a22b-58bdf64227b2,a88fd15f-1bbb-4271-941e-899867a89583,B503521,640,82,1205.35,2025-05-07,2027-03-26,8a3cc937-5d2e-4b04-b961-e6372fb37757,2026-04-14 15:37:14.082459,AVAILABLE
009a1226-3b75-42ce-8268-88eca59ce0db,e9ce1e40-149e-4ce9-9fa9-805e7fe159fa,b6548da3-0b31-421f-a22b-58bdf64227b2,a88fd15f-1bbb-4271-941e-899867a89583,B992257,296,10,478.03,2025-11-20,2027-08-12,301e3cd3-c948-49e9-add4-e8080a9fab7f,2026-05-28 15:37:14.082507,AVAILABLE
714e616a-0992-4a4f-a012-c720269984f9,e9ce1e40-149e-4ce9-9fa9-805e7fe159fa,b6548da3-0b31-421f-a22b-58bdf64227b2,4f7512b2-6b9d-434f-807e-2fc43528691e,B777835,621,31,29.96,2025-04-09,2026-11-02,b55d3c34-369b-4934-9015-9e38109b79f2,2026-06-16 15:37:14.082724,AVAILABLE
fd5d1b83-65da-467a-8102-1baf687ce58a,e9ce1e40-149e-4ce9-9fa9-805e7fe159fa,b6548da3-0b31-421f-a22b-58bdf64227b2,4f7512b2-6b9d-434f-807e-2fc43528691e,B627355,998,27,512.93,2025-11-08,2026-10-13,b55d3c34-369b-4934-9015-9e38109b79f2,2026-07-23 15:37:14.082786,AVAILABLE
64e63611-c728-4eaf-aedd-da3f9bd99c40,e9ce1e40-149e-4ce9-9fa9-805e7fe159fa,b6548da3-0b31-421f-a22b-58bdf64227b2,9d6f82ea-a6c1-4ee5-bd74-c517ba546a27,B412263,973,93,626.29,2026-06-02,2027-02-09,b55d3c34-369b-4934-9015-9e38109b79f2,2026-07-03 15:37:14.083074,AVAILABLE
f04b9492-6edb-4c2c-b191-7d0ec668f232,e9ce1e40-149e-4ce9-9fa9-805e7fe159fa,b6548da3-0b31-421f-a22b-58bdf64227b2,9d6f82ea-a6c1-4ee5-bd74-c517ba546a27,B926147,97,5,596.03,2025-07-25,2026-10-15,301e3cd3-c948-49e9-add4-e8080a9fab7f,2026-05-18 15:37:14.083137,AVAILABLE
8f3fda4d-7abd-453e-bc96-7f30d145d1c0,e9ce1e40-149e-4ce9-9fa9-805e7fe159fa,b6548da3-0b31-421f-a22b-58bdf64227b2,9d6f82ea-a6c1-4ee5-bd74-c517ba546a27,B877441,854,5,268.33,2026-05-30,2027-09-09,1400ecad-7beb-4557-b782-a9b67dbfa3ea,2026-04-25 15:37:14.083319,AVAILABLE
6dce63fd-cd16-44ba-bfeb-d3b5b68e66a4,e9ce1e40-149e-4ce9-9fa9-805e7fe159fa,b6548da3-0b31-421f-a22b-58bdf64227b2,a7d4d675-bb94-424a-b6e4-1709b9e91e6d,B792718,922,47,1380.39,2025-12-21,2027-02-10,85ba89f5-0cbe-423d-9b09-8edf117efeb7,2026-05-28 15:37:14.083704,AVAILABLE
b2a4024e-12e0-46f5-964e-3df0b0591d4a,e9ce1e40-149e-4ce9-9fa9-805e7fe159fa,b6548da3-0b31-421f-a22b-58bdf64227b2,a7d4d675-bb94-424a-b6e4-1709b9e91e6d,B502315,261,14,1397.88,2026-06-05,2027-02-26,b55d3c34-369b-4934-9015-9e38109b79f2,2026-06-05 15:37:14.083771,AVAILABLE
db3c2bb3-0407-4152-9caf-97f083763247,e9ce1e40-149e-4ce9-9fa9-805e7fe159fa,b6548da3-0b31-421f-a22b-58bdf64227b2,ceee2775-c68b-4199-9eb8-21746763c4ba,B846484,283,11,616.71,2026-03-20,2027-09-27,301e3cd3-c948-49e9-add4-e8080a9fab7f,2026-06-20 15:37:14.083819,AVAILABLE
1254a9c4-cfc3-4c57-976c-3fc1f5746b97,e9ce1e40-149e-4ce9-9fa9-805e7fe159fa,b6548da3-0b31-421f-a22b-58bdf64227b2,ceee2775-c68b-4199-9eb8-21746763c4ba,B624186,714,31,132.39,2026-07-10,2028-01-18,8a3cc937-5d2e-4b04-b961-e6372fb37757,2026-05-26 15:37:14.083861,AVAILABLE
879ef9bb-c016-4b59-8822-48a72e2b8245,e9ce1e40-149e-4ce9-9fa9-805e7fe159fa,b6548da3-0b31-421f-a22b-58bdf64227b2,ceee2775-c68b-4199-9eb8-21746763c4ba,B699560,144,4,1644.48,2026-10-05,2027-11-12,8a3cc937-5d2e-4b04-b961-e6372fb37757,2026-07-05 15:37:14.083902,AVAILABLE
80ca0d51-2e2b-47a0-b1e4-4bf22d0928db,e9ce1e40-149e-4ce9-9fa9-805e7fe159fa,b6548da3-0b31-421f-a22b-58bdf64227b2,3e98e5ab-52e7-4056-8353-5ac655247948,B801436,657,91,1075.38,2025-11-06,2027-09-05,b55d3c34-369b-4934-9015-9e38109b79f2,2026-07-25 15:37:14.083942,AVAILABLE
1b3f661f-a5f6-4209-989a-bf7255a51ea5,e9ce1e40-149e-4ce9-9fa9-805e7fe159fa,b6548da3-0b31-421f-a22b-58bdf64227b2,3e98e5ab-52e7-4056-8353-5ac655247948,B358555,376,36,146.46,2026-01-05,2027-09-19,389d9f94-94f3-497d-9ad3-80b154c36b08,2026-09-12 15:37:14.083987,AVAILABLE
fec0211f-2c23-4549-978d-01e3a5f79cfc,e9ce1e40-149e-4ce9-9fa9-805e7fe159fa,b6548da3-0b31-421f-a22b-58bdf64227b2,220f964e-a351-4ad0-827e-502f5ded939c,B896047,491,70,774.71,2027-01-10,2028-02-04,8a3cc937-5d2e-4b04-b961-e6372fb37757,2026-09-30 15:37:14.084277,AVAILABLE
437a7fd4-c5ab-4b1b-906d-8b72c107c009,e9ce1e40-149e-4ce9-9fa9-805e7fe159fa,b6548da3-0b31-421f-a22b-58bdf64227b2,220f964e-a351-4ad0-827e-502f5ded939c,B384126,42,0,1794.67,2026-04-11,2027-12-26,301e3cd3-c948-49e9-add4-e8080a9fab7f,2026-06-24 15:37:14.084336,AVAILABLE
a77df64b-2feb-45c1-aaeb-654281215e2b,e9ce1e40-149e-4ce9-9fa9-805e7fe159fa,b6548da3-0b31-421f-a22b-58bdf64227b2,220f964e-a351-4ad0-827e-502f5ded939c,B685190,86,8,466.08,2026-01-20,2027-08-20,8a3cc937-5d2e-4b04-b961-e6372fb37757,2026-09-09 15:37:14.084501,AVAILABLE
16c0d7e9-357a-4076-8fb1-73cac3e34b0a,e9ce1e40-149e-4ce9-9fa9-805e7fe159fa,b6548da3-0b31-421f-a22b-58bdf64227b2,24856ba7-ab81-4f22-985e-e30a3b9397cb,B281616,832,86,1411.88,2026-10-20,2027-08-14,41e5f347-011f-49c8-a809-9ebc6ef93e37,2026-09-04 15:37:14.084560,AVAILABLE
2d8abff5-939b-46d5-b819-daffe7686743,e9ce1e40-149e-4ce9-9fa9-805e7fe159fa,b6548da3-0b31-421f-a22b-58bdf64227b2,d2219992-909f-48be-967e-2e3f1c3ddfa9,B801192,74,0,349.84,2026-01-01,2027-02-02,e692d4b3-4456-49eb-87f5-ee22fc6e4200,2026-08-17 15:37:14.085976,AVAILABLE
6af25578-55f3-4d54-904a-094372fc58b5,e9ce1e40-149e-4ce9-9fa9-805e7fe159fa,b6548da3-0b31-421f-a22b-58bdf64227b2,be0b42c5-6bfe-48dc-8f33-e20d29d25a48,B494182,570,83,838.97,2025-12-26,2027-01-19,1400ecad-7beb-4557-b782-a9b67dbfa3ea,2026-07-22 15:37:14.086225,AVAILABLE
cbb0ef7e-a74a-4fae-b8eb-c865f1939c58,e9ce1e40-149e-4ce9-9fa9-805e7fe159fa,b6548da3-0b31-421f-a22b-58bdf64227b2,be0b42c5-6bfe-48dc-8f33-e20d29d25a48,B378185,423,20,1240.6,2026-09-17,2027-08-31,301e3cd3-c948-49e9-add4-e8080a9fab7f,2026-09-30 15:37:14.086380,AVAILABLE
d722a85b-f428-45fb-a8ca-246b90191e07,e9ce1e40-149e-4ce9-9fa9-805e7fe159fa,b6548da3-0b31-421f-a22b-58bdf64227b2,be0b42c5-6bfe-48dc-8f33-e20d29d25a48,B332845,688,39,270.6,2026-09-21,2027-07-06,1400ecad-7beb-4557-b782-a9b67dbfa3ea,2026-07-01 15:37:14.086511,AVAILABLE
bfef86ef-1b5d-4029-aa8f-bec7f235878f,e9ce1e40-149e-4ce9-9fa9-805e7fe159fa,0622c4cb-7af6-4976-9c67-1ad8b7149099,063be93d-6835-4b65-a8a1-c36e83278d83,B999513,397,46,18.91,2027-01-02,2028-03-21,41e5f347-011f-49c8-a809-9ebc6ef93e37,2026-04-24 15:37:14.086732,AVAILABLE
74de9118-0f4e-41a1-8e89-c362a0d360ba,e9ce1e40-149e-4ce9-9fa9-805e7fe159fa,0622c4cb-7af6-4976-9c67-1ad8b7149099,063be93d-6835-4b65-a8a1-c36e83278d83,B931360,653,80,1670.69,2025-01-11,2026-12-05,1400ecad-7beb-4557-b782-a9b67dbfa3ea,2026-06-22 15:37:14.086786,AVAILABLE
e4d56a68-9ae9-4f63-a886-90ae1f975882,e9ce1e40-149e-4ce9-9fa9-805e7fe159fa,0622c4cb-7af6-4976-9c67-1ad8b7149099,9c06c388-c751-407e-9c97-3b46b1db5e7c,B498622,31,3,773.06,2026-03-27,2027-04-09,8a3cc937-5d2e-4b04-b961-e6372fb37757,2026-08-21 15:37:14.086910,AVAILABLE
0e40aa63-0b49-43b0-9898-aaaeb87bb117,e9ce1e40-149e-4ce9-9fa9-805e7fe159fa,0622c4cb-7af6-4976-9c67-1ad8b7149099,cbb4966e-7bea-4df2-82bc-5fcfe9617ff8,B529422,833,117,286.74,2026-09-14,2027-07-01,301e3cd3-c948-49e9-add4-e8080a9fab7f,2026-09-14 15:37:14.087058,AVAILABLE
cc1323b2-1446-4567-b0f2-2aa0e2d2579f,e9ce1e40-149e-4ce9-9fa9-805e7fe159fa,0622c4cb-7af6-4976-9c67-1ad8b7149099,b261960f-23be-4297-9c50-f27ceac7eedb,B836830,176,19,1729.27,2026-10-07,2027-12-17,85ba89f5-0cbe-423d-9b09-8edf117efeb7,2026-08-25 15:37:14.087112,AVAILABLE
c8f7c787-f3de-4c97-aa12-2860bf5653f2,e9ce1e40-149e-4ce9-9fa9-805e7fe159fa,0622c4cb-7af6-4976-9c67-1ad8b7149099,b261960f-23be-4297-9c50-f27ceac7eedb,B416836,414,33,806.52,2027-05-25,2027-12-25,301e3cd3-c948-49e9-add4-e8080a9fab7f,2026-10-01 15:37:14.087156,AVAILABLE
69595af2-5a68-45ee-a1eb-a74c32ab5e99,e9ce1e40-149e-4ce9-9fa9-805e7fe159fa,0622c4cb-7af6-4976-9c67-1ad8b7149099,9d6f82ea-a6c1-4ee5-bd74-c517ba546a27,B905173,752,105,958.48,2026-10-04,2027-07-05,1400ecad-7beb-4557-b782-a9b67dbfa3ea,2026-09-06 15:37:14.087198,AVAILABLE
496500cb-56db-42fd-b6a7-9fbec5131424,e9ce1e40-149e-4ce9-9fa9-805e7fe159fa,0622c4cb-7af6-4976-9c67-1ad8b7149099,9d6f82ea-a6c1-4ee5-bd74-c517ba546a27,B489828,653,6,1236.08,2025-12-24,2026-10-03,43b13eff-affb-4e79-a137-2d676513f12b,2026-09-18 15:37:14.087239,EXPIRED
7a3f1390-647e-4596-affe-06743b3f284d,e9ce1e40-149e-4ce9-9fa9-805e7fe159fa,0622c4cb-7af6-4976-9c67-1ad8b7149099,6cbb6f57-d6cb-41b0-aca5-9ea4e8c5be47,B765948,756,6,1459.11,2026-03-08,2026-11-20,8a3cc937-5d2e-4b04-b961-e6372fb37757,2026-07-17 15:37:14.087280,AVAILABLE
89226bbe-c3ae-487f-b232-d633c1552eb7,e9ce1e40-149e-4ce9-9fa9-805e7fe159fa,0622c4cb-7af6-4976-9c67-1ad8b7149099,e5b7da92-602a-4a8f-9b36-3acfc3414ba7,B704395,528,50,120.77,2027-07-06,2028-02-23,43b13eff-affb-4e79-a137-2d676513f12b,2026-04-21 15:37:14.087321,AVAILABLE
7eae1f8a-e8e5-4290-a148-4e5c79f91e89,e9ce1e40-149e-4ce9-9fa9-805e7fe159fa,0622c4cb-7af6-4976-9c67-1ad8b7149099,9c021848-0377-486f-a048-370334cce953,B714604,914,17,383.6,2026-05-29,2027-01-16,e692d4b3-4456-49eb-87f5-ee22fc6e4200,2026-07-05 15:37:14.087361,AVAILABLE
3e9a3caf-c2cb-460a-9290-dc92e005e061,e9ce1e40-149e-4ce9-9fa9-805e7fe159fa,0622c4cb-7af6-4976-9c67-1ad8b7149099,9c021848-0377-486f-a048-370334cce953,B998975,665,2,8.56,2026-07-10,2027-08-07,b55d3c34-369b-4934-9015-9e38109b79f2,2026-04-23 15:37:14.087400,AVAILABLE
8d8add96-b8ec-49ca-9bad-d92a886fbf50,e9ce1e40-149e-4ce9-9fa9-805e7fe159fa,0622c4cb-7af6-4976-9c67-1ad8b7149099,9c021848-0377-486f-a048-370334cce953,B895452,50,6,1585.9,2025-07-31,2027-04-14,1400ecad-7beb-4557-b782-a9b67dbfa3ea,2026-06-17 15:37:14.087437,AVAILABLE
ffd767b3-51c2-4040-8777-f86cd93e0d24,e9ce1e40-149e-4ce9-9fa9-805e7fe159fa,0622c4cb-7af6-4976-9c67-1ad8b7149099,0d430ec5-4d86-4820-8a2c-9a0885280906,B550860,750,74,432.96,2026-09-23,2027-09-06,389d9f94-94f3-497d-9ad3-80b154c36b08,2026-08-11 15:37:14.087476,AVAILABLE
136de1ec-b053-48ed-ad5e-fce69386cb93,e9ce1e40-149e-4ce9-9fa9-805e7fe159fa,0622c4cb-7af6-4976-9c67-1ad8b7149099,0d430ec5-4d86-4820-8a2c-9a0885280906,B419245,863,124,556.82,2026-07-25,2027-06-05,85ba89f5-0cbe-423d-9b09-8edf117efeb7,2026-10-03 15:37:14.087513,AVAILABLE
9acd32e3-9790-4cd3-b900-47097accd298,e9ce1e40-149e-4ce9-9fa9-805e7fe159fa,0622c4cb-7af6-4976-9c67-1ad8b7149099,f00273a7-acae-43ae-a0b4-b85c0ed6d4d3,B254084,852,64,209.99,2025-12-07,2027-02-11,43b13eff-affb-4e79-a137-2d676513f12b,2026-08-07 15:37:14.087552,AVAILABLE
44a76a0b-f7b7-4157-b971-4325554f01be,e9ce1e40-149e-4ce9-9fa9-805e7fe159fa,0622c4cb-7af6-4976-9c67-1ad8b7149099,f00273a7-acae-43ae-a0b4-b85c0ed6d4d3,B426266,538,13,724.84,2026-04-11,2028-01-21,8a3cc937-5d2e-4b04-b961-e6372fb37757,2026-09-09 15:37:14.087589,AVAILABLE
6c7c219e-7d56-4b25-aee5-ced50ce6cb6d,e9ce1e40-149e-4ce9-9fa9-805e7fe159fa,0622c4cb-7af6-4976-9c67-1ad8b7149099,b3163dc0-3ac7-41cc-b4fc-244bcbe446ad,B699321,119,8,594.19,2026-02-17,2027-06-02,b55d3c34-369b-4934-9015-9e38109b79f2,2026-09-18 15:37:14.087675,AVAILABLE
1c14e960-56b4-4b2a-87f0-79aa60f109e1,e9ce1e40-149e-4ce9-9fa9-805e7fe159fa,0622c4cb-7af6-4976-9c67-1ad8b7149099,b3163dc0-3ac7-41cc-b4fc-244bcbe446ad,B658718,981,28,268.88,2026-04-14,2027-01-14,43b13eff-affb-4e79-a137-2d676513f12b,2026-06-27 15:37:14.087716,AVAILABLE
fa8703a8-4383-4737-a077-84acaeab0271,e9ce1e40-149e-4ce9-9fa9-805e7fe159fa,0622c4cb-7af6-4976-9c67-1ad8b7149099,ec00005f-8d61-4b61-825c-d8c696ae49aa,B324601,300,19,1214.95,2026-10-31,2027-05-27,85ba89f5-0cbe-423d-9b09-8edf117efeb7,2026-05-08 15:37:14.087759,AVAILABLE
a9bf72a3-d245-4266-9c22-ac61f305891e,e9ce1e40-149e-4ce9-9fa9-805e7fe159fa,0622c4cb-7af6-4976-9c67-1ad8b7149099,ec00005f-8d61-4b61-825c-d8c696ae49aa,B375711,932,27,1718.59,2026-04-26,2028-02-12,389d9f94-94f3-497d-9ad3-80b154c36b08,2026-05-30 15:37:14.087797,AVAILABLE
2b899637-8d59-45c9-8c8d-562bedaf3634,e9ce1e40-149e-4ce9-9fa9-805e7fe159fa,0622c4cb-7af6-4976-9c67-1ad8b7149099,1b0a2521-7dda-4bed-8313-954689f28c33,B832929,844,43,1512.58,2026-03-11,2027-06-14,b55d3c34-369b-4934-9015-9e38109b79f2,2026-05-26 15:37:14.087834,AVAILABLE
f5e58222-629a-4725-9b33-42e317144caa,e9ce1e40-149e-4ce9-9fa9-805e7fe159fa,0622c4cb-7af6-4976-9c67-1ad8b7149099,1b0a2521-7dda-4bed-8313-954689f28c33,B296950,311,17,9.89,2026-01-10,2027-06-01,301e3cd3-c948-49e9-add4-e8080a9fab7f,2026-04-18 15:37:14.087872,AVAILABLE
af85cd9b-20f6-46ce-b75a-f1411c11cd0f,e9ce1e40-149e-4ce9-9fa9-805e7fe159fa,0622c4cb-7af6-4976-9c67-1ad8b7149099,70745aec-f24f-4b18-807e-6adb80d01ba0,B638588,34,3,994.75,2026-03-20,2027-07-25,85ba89f5-0cbe-423d-9b09-8edf117efeb7,2026-09-28 15:37:14.087911,AVAILABLE
665ff085-53e0-4012-995e-d1fc03acdc90,e9ce1e40-149e-4ce9-9fa9-805e7fe159fa,0622c4cb-7af6-4976-9c67-1ad8b7149099,70745aec-f24f-4b18-807e-6adb80d01ba0,B659500,715,71,822.99,2026-05-26,2028-03-15,85ba89f5-0cbe-423d-9b09-8edf117efeb7,2026-04-16 15:37:14.087947,AVAILABLE
b7814feb-9d5c-42c9-a71e-59e2cba81d77,e9ce1e40-149e-4ce9-9fa9-805e7fe159fa,0622c4cb-7af6-4976-9c67-1ad8b7149099,0c98fcbf-9121-467b-910d-10fcfbcd35b6,B655675,363,36,1583.17,2026-06-23,2027-03-25,389d9f94-94f3-497d-9ad3-80b154c36b08,2026-08-14 15:37:14.087986,AVAILABLE
0569ca58-750e-41c5-90ae-e56f9cc78e80,e9ce1e40-149e-4ce9-9fa9-805e7fe159fa,b447f144-7299-4647-9e8d-793b98275ffb,f6dc8117-e75f-4920-a0cf-04c7bafc7542,B411942,511,24,237.67,2026-01-01,2027-10-08,1400ecad-7beb-4557-b782-a9b67dbfa3ea,2026-04-15 15:37:14.088093,AVAILABLE
40439103-c047-4949-9ef1-614c04b0770e,e9ce1e40-149e-4ce9-9fa9-805e7fe159fa,b447f144-7299-4647-9e8d-793b98275ffb,2c4e6d71-0152-4e82-9c16-bfc9c81ea55e,B865620,246,27,1259.25,2026-06-17,2027-10-03,b55d3c34-369b-4934-9015-9e38109b79f2,2026-06-23 15:37:14.088140,AVAILABLE
6a5bb4c4-fc14-4d85-886c-6e3193dd7c07,e9ce1e40-149e-4ce9-9fa9-805e7fe159fa,b447f144-7299-4647-9e8d-793b98275ffb,2c4e6d71-0152-4e82-9c16-bfc9c81ea55e,B745262,953,102,1711.45,2026-06-03,2027-03-22,e6d69402-090c-458e-ab40-7589f32bf4bf,2026-09-25 15:37:14.088793,AVAILABLE
4d8d7f2b-ca1c-43b4-8949-a01b776aa8e5,e9ce1e40-149e-4ce9-9fa9-805e7fe159fa,b447f144-7299-4647-9e8d-793b98275ffb,16d1b73f-8881-425f-82b2-7ab4974b08ef,B947044,499,31,1425.71,2026-03-14,2027-08-07,85ba89f5-0cbe-423d-9b09-8edf117efeb7,2026-06-25 15:37:14.088920,AVAILABLE
e99f05c9-d078-4f6e-a385-5ea8bb4cbda4,e9ce1e40-149e-4ce9-9fa9-805e7fe159fa,b447f144-7299-4647-9e8d-793b98275ffb,ca8399a1-143e-4717-be95-7836c2f21dcb,B612855,914,86,1648.15,2026-03-14,2026-09-28,e692d4b3-4456-49eb-87f5-ee22fc6e4200,2026-09-05 15:37:14.088981,EXPIRED
0218eb05-3105-428d-9c3e-d69e20b9ca28,e9ce1e40-149e-4ce9-9fa9-805e7fe159fa,b447f144-7299-4647-9e8d-793b98275ffb,ca8399a1-143e-4717-be95-7836c2f21dcb,B527497,511,40,128.61,2026-09-05,2027-08-07,389d9f94-94f3-497d-9ad3-80b154c36b08,2026-07-19 15:37:14.089327,AVAILABLE
b5d02b37-fb71-4056-a637-d7a490fca07a,e9ce1e40-149e-4ce9-9fa9-805e7fe159fa,b447f144-7299-4647-9e8d-793b98275ffb,fda2f8a3-95ba-4f42-97f3-dbce57a916f1,B486887,557,4,1079.53,2026-03-22,2027-07-15,e6d69402-090c-458e-ab40-7589f32bf4bf,2026-07-23 15:37:14.089401,AVAILABLE
ebfae944-2b76-4287-ae68-f7b6cffc6712,e9ce1e40-149e-4ce9-9fa9-805e7fe159fa,b447f144-7299-4647-9e8d-793b98275ffb,fda2f8a3-95ba-4f42-97f3-dbce57a916f1,B644239,714,76,522.11,2026-08-12,2027-03-05,41e5f347-011f-49c8-a809-9ebc6ef93e37,2026-06-13 15:37:14.089625,AVAILABLE
704d92ed-10f4-4173-a378-6da1a09684c6,e9ce1e40-149e-4ce9-9fa9-805e7fe159fa,b447f144-7299-4647-9e8d-793b98275ffb,fda2f8a3-95ba-4f42-97f3-dbce57a916f1,B884371,634,41,1505.45,2026-07-25,2027-05-23,41e5f347-011f-49c8-a809-9ebc6ef93e37,2026-06-21 15:37:14.089699,AVAILABLE
a53f279c-b20c-436f-947e-47e204aff507,e9ce1e40-149e-4ce9-9fa9-805e7fe159fa,b447f144-7299-4647-9e8d-793b98275ffb,be0b42c5-6bfe-48dc-8f33-e20d29d25a48,B498617,639,29,1157.83,2026-02-05,2026-10-31,43b13eff-affb-4e79-a137-2d676513f12b,2026-04-25 15:37:14.089748,AVAILABLE
4d135ccd-d246-43ef-8ac5-4f92f34a5f39,e9ce1e40-149e-4ce9-9fa9-805e7fe159fa,b447f144-7299-4647-9e8d-793b98275ffb,be0b42c5-6bfe-48dc-8f33-e20d29d25a48,B646925,880,97,1385.56,2026-02-17,2026-09-28,301e3cd3-c948-49e9-add4-e8080a9fab7f,2026-06-15 15:37:14.089790,EXPIRED
8bd2f7bb-0a07-4ebf-a2ec-8396fc3a6f82,e9ce1e40-149e-4ce9-9fa9-805e7fe159fa,b447f144-7299-4647-9e8d-793b98275ffb,be0b42c5-6bfe-48dc-8f33-e20d29d25a48,B479145,253,6,761.96,2026-06-22,2027-03-10,301e3cd3-c948-49e9-add4-e8080a9fab7f,2026-05-07 15:37:14.089830,AVAILABLE
817388d6-e458-4cb4-838f-c38b76b9235c,e9ce1e40-149e-4ce9-9fa9-805e7fe159fa,b447f144-7299-4647-9e8d-793b98275ffb,4f7512b2-6b9d-434f-807e-2fc43528691e,B561786,675,72,94.21,2026-06-26,2027-05-13,1400ecad-7beb-4557-b782-a9b67dbfa3ea,2026-06-29 15:37:14.089871,AVAILABLE
f9ee22c2-5677-4472-9795-a4161e4d6730,e9ce1e40-149e-4ce9-9fa9-805e7fe159fa,b447f144-7299-4647-9e8d-793b98275ffb,fdd23e22-960c-4a44-af67-60d832b98217,B817273,142,16,681.0,2026-06-08,2027-04-28,43b13eff-affb-4e79-a137-2d676513f12b,2026-05-13 15:37:14.089911,AVAILABLE
6bf50a24-fbb1-4512-8a40-7c0f822fd78f,e9ce1e40-149e-4ce9-9fa9-805e7fe159fa,b447f144-7299-4647-9e8d-793b98275ffb,c037d58f-eb63-482e-81f7-b1f739423cdf,B841651,588,38,335.45,2027-04-15,2027-11-24,41e5f347-011f-49c8-a809-9ebc6ef93e37,2026-05-02 15:37:14.089955,AVAILABLE
ef4e52c9-479d-4124-8bb2-b01e8892aad4,e9ce1e40-149e-4ce9-9fa9-805e7fe159fa,b447f144-7299-4647-9e8d-793b98275ffb,c2b13e9e-9865-4a6b-ba11-417dbd416417,B631695,738,39,525.42,2025-06-28,2027-05-27,85ba89f5-0cbe-423d-9b09-8edf117efeb7,2026-06-03 15:37:14.090006,AVAILABLE
e65e2f53-f935-4b9d-a89f-663ebc03411a,e9ce1e40-149e-4ce9-9fa9-805e7fe159fa,b447f144-7299-4647-9e8d-793b98275ffb,ea61edd3-7fbd-4c08-b312-d866041879c2,B242929,803,89,758.01,2027-04-01,2027-12-08,e6d69402-090c-458e-ab40-7589f32bf4bf,2026-10-05 15:37:14.090123,AVAILABLE
3e30c832-af6e-45ac-b801-62523562df6c,e9ce1e40-149e-4ce9-9fa9-805e7fe159fa,b447f144-7299-4647-9e8d-793b98275ffb,ea61edd3-7fbd-4c08-b312-d866041879c2,B213151,537,16,1255.31,2026-06-26,2027-03-03,41e5f347-011f-49c8-a809-9ebc6ef93e37,2026-08-22 15:37:14.090182,AVAILABLE
cba53168-b3e1-4df4-b1ad-b9692ebe1303,e9ce1e40-149e-4ce9-9fa9-805e7fe159fa,b447f144-7299-4647-9e8d-793b98275ffb,ea61edd3-7fbd-4c08-b312-d866041879c2,B416827,894,111,1110.42,2026-03-05,2027-08-21,e6d69402-090c-458e-ab40-7589f32bf4bf,2026-05-05 15:37:14.090223,AVAILABLE
d24e3854-a4e6-41ae-b751-7c6b62ea09d8,e9ce1e40-149e-4ce9-9fa9-805e7fe159fa,b447f144-7299-4647-9e8d-793b98275ffb,9d6f82ea-a6c1-4ee5-bd74-c517ba546a27,B594225,637,49,1627.59,2025-12-04,2027-04-11,1400ecad-7beb-4557-b782-a9b67dbfa3ea,2026-04-14 15:37:14.090263,AVAILABLE
e264e85a-0e71-4213-bfab-2eca73ddf10b,e9ce1e40-149e-4ce9-9fa9-805e7fe159fa,b447f144-7299-4647-9e8d-793b98275ffb,9d6f82ea-a6c1-4ee5-bd74-c517ba546a27,B778987,301,16,1562.71,2026-05-04,2027-08-09,b55d3c34-369b-4934-9015-9e38109b79f2,2026-05-06 15:37:14.090302,AVAILABLE
e111908d-599e-4ce1-999f-bf6560e85b24,e9ce1e40-149e-4ce9-9fa9-805e7fe159fa,b447f144-7299-4647-9e8d-793b98275ffb,9d6f82ea-a6c1-4ee5-bd74-c517ba546a27,B625642,752,47,35.22,2025-05-18,2026-12-28,301e3cd3-c948-49e9-add4-e8080a9fab7f,2026-06-15 15:37:14.090338,AVAILABLE
48bc6666-a058-4993-955a-57bb0ca3e39b,e9ce1e40-149e-4ce9-9fa9-805e7fe159fa,b447f144-7299-4647-9e8d-793b98275ffb,a041cc1e-bb11-4e03-9969-5026c46ed837,B194154,773,63,197.17,2026-05-19,2028-03-10,85ba89f5-0cbe-423d-9b09-8edf117efeb7,2026-07-04 15:37:14.090388,AVAILABLE
33896b39-b24d-48ad-961a-2d9ab563b203,e9ce1e40-149e-4ce9-9fa9-805e7fe159fa,b447f144-7299-4647-9e8d-793b98275ffb,99f2ef21-d83e-4cde-a73a-10b587a903a3,B774529,181,7,230.01,2026-09-02,2028-01-10,41e5f347-011f-49c8-a809-9ebc6ef93e37,2026-06-10 15:37:14.090434,AVAILABLE
8d878d18-c001-4cfb-9c2e-80183af4d984,e9ce1e40-149e-4ce9-9fa9-805e7fe159fa,b447f144-7299-4647-9e8d-793b98275ffb,99f2ef21-d83e-4cde-a73a-10b587a903a3,B148343,599,74,182.21,2026-04-20,2028-01-10,301e3cd3-c948-49e9-add4-e8080a9fab7f,2026-04-19 15:37:14.090487,AVAILABLE
a15799ed-0119-4eb8-810f-0bc53b40be4c,e9ce1e40-149e-4ce9-9fa9-805e7fe159fa,b447f144-7299-4647-9e8d-793b98275ffb,6989db76-adcc-4a3d-b3c0-61fb496a0f5d,B180405,545,73,1512.03,2026-08-20,2027-09-27,8a3cc937-5d2e-4b04-b961-e6372fb37757,2026-09-27 15:37:14.090528,AVAILABLE
1e4b9951-84ef-43a3-b6d7-70750e7cd819,e9ce1e40-149e-4ce9-9fa9-805e7fe159fa,b447f144-7299-4647-9e8d-793b98275ffb,6989db76-adcc-4a3d-b3c0-61fb496a0f5d,B588590,623,51,1769.55,2026-01-13,2027-09-02,41e5f347-011f-49c8-a809-9ebc6ef93e37,2026-06-07 15:37:14.090564,AVAILABLE
0ac005df-06bd-480b-b91c-5f96d660a400,e9ce1e40-149e-4ce9-9fa9-805e7fe159fa,b447f144-7299-4647-9e8d-793b98275ffb,6989db76-adcc-4a3d-b3c0-61fb496a0f5d,B461453,122,15,1794.19,2026-11-30,2027-09-13,1400ecad-7beb-4557-b782-a9b67dbfa3ea,2026-09-20 15:37:14.090830,AVAILABLE
32d2f261-188d-42e0-a427-793adf69aaef,e9ce1e40-149e-4ce9-9fa9-805e7fe159fa,5b5ab100-d4fe-407c-b284-2bd450d8a056,85b186aa-f3a1-45ba-8d0c-349f8a13c3d4,B540021,172,15,1205.12,2025-12-19,2027-11-13,301e3cd3-c948-49e9-add4-e8080a9fab7f,2026-04-27 15:37:14.091122,AVAILABLE
12ee924e-333f-4e10-9587-01f7fab5f11e,e9ce1e40-149e-4ce9-9fa9-805e7fe159fa,5b5ab100-d4fe-407c-b284-2bd450d8a056,85b186aa-f3a1-45ba-8d0c-349f8a13c3d4,B314291,393,37,1419.65,2025-06-05,2026-12-25,b55d3c34-369b-4934-9015-9e38109b79f2,2026-04-30 15:37:14.091175,AVAILABLE
2f1b9a77-d89c-4377-8c94-ccc8e1f22f0e,e9ce1e40-149e-4ce9-9fa9-805e7fe159fa,5b5ab100-d4fe-407c-b284-2bd450d8a056,85b186aa-f3a1-45ba-8d0c-349f8a13c3d4,B556003,686,18,1717.53,2026-09-07,2027-04-11,e692d4b3-4456-49eb-87f5-ee22fc6e4200,2026-04-17 15:37:14.091219,AVAILABLE
d56cc62e-0746-4c9f-b22d-f0946d0c23f3,e9ce1e40-149e-4ce9-9fa9-805e7fe159fa,5b5ab100-d4fe-407c-b284-2bd450d8a056,c037d58f-eb63-482e-81f7-b1f739423cdf,B133119,246,14,1369.33,2027-03-19,2028-03-12,8a3cc937-5d2e-4b04-b961-e6372fb37757,2026-09-03 15:37:14.091264,AVAILABLE
8df73f43-2764-45c3-8478-5c657659eed3,e9ce1e40-149e-4ce9-9fa9-805e7fe159fa,5b5ab100-d4fe-407c-b284-2bd450d8a056,b261960f-23be-4297-9c50-f27ceac7eedb,B302479,617,45,437.52,2026-07-08,2027-03-22,301e3cd3-c948-49e9-add4-e8080a9fab7f,2026-09-28 15:37:14.091305,AVAILABLE
fc930581-f72d-4079-8736-9ef88120da54,e9ce1e40-149e-4ce9-9fa9-805e7fe159fa,5b5ab100-d4fe-407c-b284-2bd450d8a056,378ef267-9155-41bc-a431-7c700c1731e3,B919802,261,29,1677.83,2025-02-21,2026-11-06,e692d4b3-4456-49eb-87f5-ee22fc6e4200,2026-06-07 15:37:14.091344,AVAILABLE
4a4dc925-1923-4096-8408-714c77056711,e9ce1e40-149e-4ce9-9fa9-805e7fe159fa,5b5ab100-d4fe-407c-b284-2bd450d8a056,378ef267-9155-41bc-a431-7c700c1731e3,B422566,945,87,637.99,2025-08-19,2027-05-10,8a3cc937-5d2e-4b04-b961-e6372fb37757,2026-05-15 15:37:14.091381,AVAILABLE
2d60e167-c894-47f1-8db6-ca590ead494b,e9ce1e40-149e-4ce9-9fa9-805e7fe159fa,5b5ab100-d4fe-407c-b284-2bd450d8a056,378ef267-9155-41bc-a431-7c700c1731e3,B888259,174,6,952.42,2026-12-23,2027-12-11,85ba89f5-0cbe-423d-9b09-8edf117efeb7,2026-08-03 15:37:14.091418,AVAILABLE
934b98a7-7466-4bd2-b91e-44245b10c771,e9ce1e40-149e-4ce9-9fa9-805e7fe159fa,5b5ab100-d4fe-407c-b284-2bd450d8a056,9c021848-0377-486f-a048-370334cce953,B700999,713,77,165.02,2026-06-22,2027-10-11,b55d3c34-369b-4934-9015-9e38109b79f2,2026-04-12 15:37:14.091457,AVAILABLE
16e2dfa2-4d62-4ce0-8e22-a71149b3fd98,e9ce1e40-149e-4ce9-9fa9-805e7fe159fa,5b5ab100-d4fe-407c-b284-2bd450d8a056,8e15b3a9-915f-4bf0-84c7-182f335e062c,B518499,199,25,444.47,2027-08-12,2028-03-27,8a3cc937-5d2e-4b04-b961-e6372fb37757,2026-05-15 15:37:14.091496,AVAILABLE
154b58ae-38c0-4df6-a241-0c46116feb51,e9ce1e40-149e-4ce9-9fa9-805e7fe159fa,5b5ab100-d4fe-407c-b284-2bd450d8a056,8e15b3a9-915f-4bf0-84c7-182f335e062c,B833198,971,118,837.74,2026-06-13,2028-01-23,389d9f94-94f3-497d-9ad3-80b154c36b08,2026-09-17 15:37:14.091533,AVAILABLE
c05a3a5c-d62b-488a-b37d-3cf1ed11b19b,e9ce1e40-149e-4ce9-9fa9-805e7fe159fa,5b5ab100-d4fe-407c-b284-2bd450d8a056,8e15b3a9-915f-4bf0-84c7-182f335e062c,B219206,352,6,1391.28,2027-02-18,2027-10-11,43b13eff-affb-4e79-a137-2d676513f12b,2026-06-11 15:37:14.091579,AVAILABLE
49e73a34-5b2e-45e5-b857-8f2f8ce84e53,e9ce1e40-149e-4ce9-9fa9-805e7fe159fa,5b5ab100-d4fe-407c-b284-2bd450d8a056,0eecbfea-7628-487c-b590-fece2c687e7a,B566967,909,54,749.77,2026-03-07,2027-08-25,8a3cc937-5d2e-4b04-b961-e6372fb37757,2026-06-21 15:37:14.091719,AVAILABLE
ad9f4cbb-1e69-476e-bce4-b60ab56d0d57,e9ce1e40-149e-4ce9-9fa9-805e7fe159fa,5b5ab100-d4fe-407c-b284-2bd450d8a056,0eecbfea-7628-487c-b590-fece2c687e7a,B762343,765,58,1310.61,2026-06-11,2027-10-08,389d9f94-94f3-497d-9ad3-80b154c36b08,2026-06-03 15:37:14.091855,AVAILABLE
0d985113-5fe6-447b-bde5-92f4e7c5a4b0,e9ce1e40-149e-4ce9-9fa9-805e7fe159fa,5b5ab100-d4fe-407c-b284-2bd450d8a056,d039d8bd-44d3-44fc-a49f-83d1987d0b48,B156296,380,43,928.66,2026-05-06,2027-12-27,301e3cd3-c948-49e9-add4-e8080a9fab7f,2026-06-14 15:37:14.091957,AVAILABLE
e715bddd-14cb-411f-9f76-226d45411938,e9ce1e40-149e-4ce9-9fa9-805e7fe159fa,5b5ab100-d4fe-407c-b284-2bd450d8a056,d039d8bd-44d3-44fc-a49f-83d1987d0b48,B744885,517,40,1430.49,2026-11-24,2027-10-04,b55d3c34-369b-4934-9015-9e38109b79f2,2026-07-25 15:37:14.092048,AVAILABLE
9a3e9e38-090f-4915-91ca-36b16981190f,e9ce1e40-149e-4ce9-9fa9-805e7fe159fa,5b5ab100-d4fe-407c-b284-2bd450d8a056,d039d8bd-44d3-44fc-a49f-83d1987d0b48,B415660,347,21,1255.11,2026-02-04,2027-01-13,389d9f94-94f3-497d-9ad3-80b154c36b08,2026-07-14 15:37:14.092137,AVAILABLE
3416c7aa-4fa5-4044-8e4c-23603aeca07e,e9ce1e40-149e-4ce9-9fa9-805e7fe159fa,5b5ab100-d4fe-407c-b284-2bd450d8a056,1941089d-b192-4af2-b696-484fa9286d80,B508207,190,4,1238.61,2025-11-13,2026-11-25,8a3cc937-5d2e-4b04-b961-e6372fb37757,2026-08-24 15:37:14.092226,AVAILABLE
6a68cdb2-069a-43cc-b173-fde715c5b8a2,e9ce1e40-149e-4ce9-9fa9-805e7fe159fa,5b5ab100-d4fe-407c-b284-2bd450d8a056,1941089d-b192-4af2-b696-484fa9286d80,B566179,534,53,542.69,2025-08-03,2027-04-02,389d9f94-94f3-497d-9ad3-80b154c36b08,2026-08-09 15:37:14.092312,AVAILABLE
b8e655ed-8d10-42c6-91a5-249ae2fbc9c6,e9ce1e40-149e-4ce9-9fa9-805e7fe159fa,5b5ab100-d4fe-407c-b284-2bd450d8a056,1941089d-b192-4af2-b696-484fa9286d80,B659606,660,9,1574.19,2025-12-06,2027-03-27,389d9f94-94f3-497d-9ad3-80b154c36b08,2026-07-08 15:37:14.092411,AVAILABLE
0470197b-7bbb-492c-b410-a3544a9f2699,e9ce1e40-149e-4ce9-9fa9-805e7fe159fa,5b5ab100-d4fe-407c-b284-2bd450d8a056,2f7de1c2-cb62-4261-83f5-d8323f438333,B278595,93,5,604.42,2026-01-18,2027-06-12,85ba89f5-0cbe-423d-9b09-8edf117efeb7,2026-06-14 15:37:14.092506,AVAILABLE
aabc1e01-91b0-480b-9e6a-ab2d965b6489,e9ce1e40-149e-4ce9-9fa9-805e7fe159fa,5b5ab100-d4fe-407c-b284-2bd450d8a056,2f7de1c2-cb62-4261-83f5-d8323f438333,B516047,167,22,1694.89,2025-10-20,2027-08-03,85ba89f5-0cbe-423d-9b09-8edf117efeb7,2026-06-03 15:37:14.092583,AVAILABLE
8da1547d-de4b-4366-b495-f3a12fb4e34e,e9ce1e40-149e-4ce9-9fa9-805e7fe159fa,5b5ab100-d4fe-407c-b284-2bd450d8a056,2f7de1c2-cb62-4261-83f5-d8323f438333,B806803,961,143,1555.57,2026-03-28,2026-11-17,301e3cd3-c948-49e9-add4-e8080a9fab7f,2026-04-18 15:37:14.092702,AVAILABLE
4e5f616a-bded-4479-9c12-f4071b531411,e9ce1e40-149e-4ce9-9fa9-805e7fe159fa,5b5ab100-d4fe-407c-b284-2bd450d8a056,ec00005f-8d61-4b61-825c-d8c696ae49aa,B660756,62,5,928.58,2025-09-01,2027-05-17,e692d4b3-4456-49eb-87f5-ee22fc6e4200,2026-06-30 15:37:14.092788,AVAILABLE
1a58ef72-902a-4246-8291-f55891eacd3e,e9ce1e40-149e-4ce9-9fa9-805e7fe159fa,5b5ab100-d4fe-407c-b284-2bd450d8a056,8e67a041-f702-4f16-b57b-c66dff30e18b,B641473,480,2,1165.65,2025-08-05,2027-02-10,8a3cc937-5d2e-4b04-b961-e6372fb37757,2026-04-13 15:37:14.092874,AVAILABLE
59801fe0-7b4d-461b-8d4c-76a4f282ed40,e9ce1e40-149e-4ce9-9fa9-805e7fe159fa,5b5ab100-d4fe-407c-b284-2bd450d8a056,8e67a041-f702-4f16-b57b-c66dff30e18b,B398905,588,72,1290.25,2027-01-27,2027-10-01,1400ecad-7beb-4557-b782-a9b67dbfa3ea,2026-08-30 15:37:14.092959,AVAILABLE
6052f806-9de1-4ca8-9d45-5dcf024bb45e,e9ce1e40-149e-4ce9-9fa9-805e7fe159fa,5b5ab100-d4fe-407c-b284-2bd450d8a056,8e67a041-f702-4f16-b57b-c66dff30e18b,B673396,614,26,222.02,2025-10-31,2027-01-09,1400ecad-7beb-4557-b782-a9b67dbfa3ea,2026-09-24 15:37:14.093068,AVAILABLE
c00e98c4-1fcc-44c2-abc3-7f3a98ba0d87,e9ce1e40-149e-4ce9-9fa9-805e7fe159fa,5b5ab100-d4fe-407c-b284-2bd450d8a056,573f39b9-7855-4b4d-8a9e-14a5e9d8b2cd,B591239,488,12,1284.79,2025-07-04,2026-11-23,41e5f347-011f-49c8-a809-9ebc6ef93e37,2026-08-18 15:37:14.093157,AVAILABLE
ce08712d-fce5-485f-846a-e8dd40201b6e,e9ce1e40-149e-4ce9-9fa9-805e7fe159fa,5b5ab100-d4fe-407c-b284-2bd450d8a056,220f964e-a351-4ad0-827e-502f5ded939c,B301148,230,27,1727.99,2026-03-07,2027-03-14,e692d4b3-4456-49eb-87f5-ee22fc6e4200,2026-07-31 15:37:14.093242,AVAILABLE
20e3ade4-10f3-4b57-97f4-28f2f7de00be,e9ce1e40-149e-4ce9-9fa9-805e7fe159fa,5b5ab100-d4fe-407c-b284-2bd450d8a056,3e6ecca3-9ad1-49a9-ad9a-5509b28de79d,B530850,275,34,160.06,2026-08-04,2027-04-26,1400ecad-7beb-4557-b782-a9b67dbfa3ea,2026-04-18 15:37:14.093325,AVAILABLE
a0660f8c-6cc4-48f0-8e8e-218f5c5c2fc9,e9ce1e40-149e-4ce9-9fa9-805e7fe159fa,f8811576-2422-4a5f-819e-07726e3eb308,01d77a5e-a466-4d48-b24b-31edb500e5fa,B222867,642,28,247.56,2026-03-01,2027-07-30,8a3cc937-5d2e-4b04-b961-e6372fb37757,2026-04-18 15:37:14.093539,AVAILABLE
2aca1ae3-3152-47bf-a1f2-cf96270bdbab,e9ce1e40-149e-4ce9-9fa9-805e7fe159fa,f8811576-2422-4a5f-819e-07726e3eb308,01d77a5e-a466-4d48-b24b-31edb500e5fa,B597976,122,4,481.34,2026-04-25,2027-08-03,e6d69402-090c-458e-ab40-7589f32bf4bf,2026-06-23 15:37:14.093676,AVAILABLE
edcb3244-c5fa-4097-bd6d-5a71673f7f32,e9ce1e40-149e-4ce9-9fa9-805e7fe159fa,f8811576-2422-4a5f-819e-07726e3eb308,01d77a5e-a466-4d48-b24b-31edb500e5fa,B894281,801,104,532.88,2026-01-25,2027-09-16,e6d69402-090c-458e-ab40-7589f32bf4bf,2026-07-16 15:37:14.093767,AVAILABLE
2100c152-98fd-4cb0-a014-75e477e211bc,e9ce1e40-149e-4ce9-9fa9-805e7fe159fa,f8811576-2422-4a5f-819e-07726e3eb308,0a915249-7e9b-4a22-be4b-d5a6c9628e04,B772171,156,7,1014.2,2025-07-18,2026-09-28,1400ecad-7beb-4557-b782-a9b67dbfa3ea,2026-07-10 15:37:14.093856,EXPIRED
bf5ec091-5ffd-48f1-acb1-0fc849de9a68,e9ce1e40-149e-4ce9-9fa9-805e7fe159fa,f8811576-2422-4a5f-819e-07726e3eb308,0a915249-7e9b-4a22-be4b-d5a6c9628e04,B835544,734,96,90.32,2027-04-24,2027-12-21,41e5f347-011f-49c8-a809-9ebc6ef93e37,2026-06-15 15:37:14.093940,AVAILABLE
2b4d0fce-837d-42f3-b7a8-7355a67e44f1,e9ce1e40-149e-4ce9-9fa9-805e7fe159fa,f8811576-2422-4a5f-819e-07726e3eb308,0a915249-7e9b-4a22-be4b-d5a6c9628e04,B378490,857,32,487.42,2026-04-10,2027-02-07,e6d69402-090c-458e-ab40-7589f32bf4bf,2026-10-04 15:37:14.094020,AVAILABLE
e1534bcb-2453-488a-b4a8-aab8a7b4dba0,e9ce1e40-149e-4ce9-9fa9-805e7fe159fa,f8811576-2422-4a5f-819e-07726e3eb308,24db962d-9a6b-4de6-982b-b719e504efb9,B672343,405,50,1249.39,2026-02-16,2027-08-04,43b13eff-affb-4e79-a137-2d676513f12b,2026-06-23 15:37:14.094108,AVAILABLE
7e3c6fb6-f029-4445-b6fa-73e48e9de2e4,e9ce1e40-149e-4ce9-9fa9-805e7fe159fa,f8811576-2422-4a5f-819e-07726e3eb308,1b0a2521-7dda-4bed-8313-954689f28c33,B834503,387,2,481.43,2026-03-18,2026-12-13,301e3cd3-c948-49e9-add4-e8080a9fab7f,2026-07-03 15:37:14.094205,AVAILABLE
0fb018a4-9f14-4838-9225-8e353ca73326,e9ce1e40-149e-4ce9-9fa9-805e7fe159fa,f8811576-2422-4a5f-819e-07726e3eb308,1b0a2521-7dda-4bed-8313-954689f28c33,B431533,540,52,629.88,2026-11-23,2027-09-28,e692d4b3-4456-49eb-87f5-ee22fc6e4200,2026-07-09 15:37:14.094286,AVAILABLE
4ef79c59-f64f-446a-a4c2-3625e99cea3d,e9ce1e40-149e-4ce9-9fa9-805e7fe159fa,f8811576-2422-4a5f-819e-07726e3eb308,1b0a2521-7dda-4bed-8313-954689f28c33,B141022,835,53,1156.79,2025-09-30,2027-06-04,e6d69402-090c-458e-ab40-7589f32bf4bf,2026-09-22 15:37:14.094363,AVAILABLE
107caaaa-c6c7-4590-bd6b-d2ebe1a2bccb,e9ce1e40-149e-4ce9-9fa9-805e7fe159fa,f8811576-2422-4a5f-819e-07726e3eb308,f1b95f47-94a2-4979-a411-02444c727d3e,B382158,674,1,286.83,2026-06-03,2027-05-15,41e5f347-011f-49c8-a809-9ebc6ef93e37,2026-07-10 15:37:14.094453,AVAILABLE
87030dd8-74f2-40eb-ac5c-2014f159a5cd,e9ce1e40-149e-4ce9-9fa9-805e7fe159fa,f8811576-2422-4a5f-819e-07726e3eb308,ca8399a1-143e-4717-be95-7836c2f21dcb,B724944,970,35,1392.85,2026-07-03,2027-03-14,85ba89f5-0cbe-423d-9b09-8edf117efeb7,2026-08-06 15:37:14.094540,AVAILABLE
af68c15f-8f5c-4b86-a8f8-1ee11b4478a6,e9ce1e40-149e-4ce9-9fa9-805e7fe159fa,f8811576-2422-4a5f-819e-07726e3eb308,6f12778d-43ca-4220-8b3b-11201ac91209,B367543,803,5,967.52,2026-08-02,2027-08-25,e692d4b3-4456-49eb-87f5-ee22fc6e4200,2026-04-12 15:37:14.094773,AVAILABLE
8207f7ee-1f18-403a-a0dd-2de37b7ce68f,e9ce1e40-149e-4ce9-9fa9-805e7fe159fa,f8811576-2422-4a5f-819e-07726e3eb308,6f12778d-43ca-4220-8b3b-11201ac91209,B712334,969,109,626.15,2026-03-07,2026-12-31,389d9f94-94f3-497d-9ad3-80b154c36b08,2026-09-09 15:37:14.094938,AVAILABLE
cd4c531c-f78b-4f79-8fdd-1d941536712b,e9ce1e40-149e-4ce9-9fa9-805e7fe159fa,f8811576-2422-4a5f-819e-07726e3eb308,8e15b3a9-915f-4bf0-84c7-182f335e062c,B550781,908,73,1490.69,2026-05-05,2027-09-27,b55d3c34-369b-4934-9015-9e38109b79f2,2026-06-18 15:37:14.095034,AVAILABLE
80b4f155-93fd-4c5d-9862-fecc8b364ad5,e9ce1e40-149e-4ce9-9fa9-805e7fe159fa,f8811576-2422-4a5f-819e-07726e3eb308,fdd23e22-960c-4a44-af67-60d832b98217,B613566,378,21,1710.46,2027-03-15,2027-10-04,41e5f347-011f-49c8-a809-9ebc6ef93e37,2026-07-13 15:37:14.095110,AVAILABLE
7f0e42de-5bb8-409e-9fef-bb0ab56614f5,e9ce1e40-149e-4ce9-9fa9-805e7fe159fa,f8811576-2422-4a5f-819e-07726e3eb308,fdd23e22-960c-4a44-af67-60d832b98217,B534035,126,18,1635.04,2026-03-14,2027-09-16,41e5f347-011f-49c8-a809-9ebc6ef93e37,2026-06-27 15:37:14.095190,AVAILABLE
c845cd0d-0677-4d8e-8a13-3be2877b85af,e9ce1e40-149e-4ce9-9fa9-805e7fe159fa,f8811576-2422-4a5f-819e-07726e3eb308,fdd23e22-960c-4a44-af67-60d832b98217,B788244,388,47,1551.34,2025-07-07,2026-11-12,b55d3c34-369b-4934-9015-9e38109b79f2,2026-05-14 15:37:14.095272,AVAILABLE
f8f456db-1506-49d6-9244-e8fe9526d629,e9ce1e40-149e-4ce9-9fa9-805e7fe159fa,f8811576-2422-4a5f-819e-07726e3eb308,9c021848-0377-486f-a048-370334cce953,B206972,90,7,288.32,2026-03-04,2027-06-02,301e3cd3-c948-49e9-add4-e8080a9fab7f,2026-09-12 15:37:14.095361,AVAILABLE
d2807f6b-c8d0-468b-8236-b7ec97cba538,e9ce1e40-149e-4ce9-9fa9-805e7fe159fa,f8811576-2422-4a5f-819e-07726e3eb308,9c021848-0377-486f-a048-370334cce953,B689835,624,79,1410.84,2026-11-07,2027-06-26,389d9f94-94f3-497d-9ad3-80b154c36b08,2026-07-30 15:37:14.095453,AVAILABLE
8b2fca5e-cf15-4c84-82a2-f7072f603ccb,e9ce1e40-149e-4ce9-9fa9-805e7fe159fa,f8811576-2422-4a5f-819e-07726e3eb308,b1b122eb-1ba2-4148-b9ac-5d21b2adf647,B928218,709,66,223.9,2027-09-11,2028-03-14,8a3cc937-5d2e-4b04-b961-e6372fb37757,2026-09-27 15:37:14.095534,AVAILABLE
0759c0da-99c0-4887-891b-e3ff9cc46f35,e9ce1e40-149e-4ce9-9fa9-805e7fe159fa,f8811576-2422-4a5f-819e-07726e3eb308,b1b122eb-1ba2-4148-b9ac-5d21b2adf647,B500922,173,19,1708.2,2026-07-10,2028-03-25,e692d4b3-4456-49eb-87f5-ee22fc6e4200,2026-04-15 15:37:14.095639,AVAILABLE
f7d138dd-b3a9-4e07-a234-7ea3873f2992,e9ce1e40-149e-4ce9-9fa9-805e7fe159fa,f8811576-2422-4a5f-819e-07726e3eb308,b1b122eb-1ba2-4148-b9ac-5d21b2adf647,B759375,895,117,1510.84,2026-10-28,2027-07-06,1400ecad-7beb-4557-b782-a9b67dbfa3ea,2026-05-05 15:37:14.095732,AVAILABLE
97969e43-db00-4981-9ead-d64d59d1cb37,e9ce1e40-149e-4ce9-9fa9-805e7fe159fa,f8811576-2422-4a5f-819e-07726e3eb308,c037d58f-eb63-482e-81f7-b1f739423cdf,B205112,731,101,319.5,2025-11-03,2026-12-16,b55d3c34-369b-4934-9015-9e38109b79f2,2026-09-29 15:37:14.095820,AVAILABLE
8367bd85-aca1-499f-941f-6724ecbf85e3,e9ce1e40-149e-4ce9-9fa9-805e7fe159fa,f8811576-2422-4a5f-819e-07726e3eb308,c037d58f-eb63-482e-81f7-b1f739423cdf,B211998,274,0,1789.41,2026-05-21,2027-06-03,389d9f94-94f3-497d-9ad3-80b154c36b08,2026-07-17 15:37:14.095902,AVAILABLE
2cc30e5c-0e0c-4b43-8261-c4f168e38c8a,e9ce1e40-149e-4ce9-9fa9-805e7fe159fa,f8811576-2422-4a5f-819e-07726e3eb308,c037d58f-eb63-482e-81f7-b1f739423cdf,B356106,189,6,771.15,2027-01-09,2028-02-11,e692d4b3-4456-49eb-87f5-ee22fc6e4200,2026-05-18 15:37:14.095981,AVAILABLE
42b843a7-d034-47ce-bcb4-52f03fa0a3b7,e9ce1e40-149e-4ce9-9fa9-805e7fe159fa,f8811576-2422-4a5f-819e-07726e3eb308,305d6d9c-7521-4f74-8c0d-0bf7d5af8dfd,B839033,783,62,703.76,2025-11-25,2027-11-13,389d9f94-94f3-497d-9ad3-80b154c36b08,2026-07-29 15:37:14.096064,AVAILABLE
9fe62033-3901-41ef-ab9f-096cd36f7bc1,e9ce1e40-149e-4ce9-9fa9-805e7fe159fa,f8811576-2422-4a5f-819e-07726e3eb308,378ef267-9155-41bc-a431-7c700c1731e3,B339545,330,24,781.87,2026-02-27,2026-11-15,e6d69402-090c-458e-ab40-7589f32bf4bf,2026-09-28 15:37:14.096151,AVAILABLE
f3f79ff8-94f1-4685-b48e-1867368c0d5c,e9ce1e40-149e-4ce9-9fa9-805e7fe159fa,f8811576-2422-4a5f-819e-07726e3eb308,378ef267-9155-41bc-a431-7c700c1731e3,B302717,775,3,76.5,2026-02-21,2028-01-07,1400ecad-7beb-4557-b782-a9b67dbfa3ea,2026-06-11 15:37:14.096233,AVAILABLE
27031f82-3189-4057-aad6-3ac13dde53a2,e9ce1e40-149e-4ce9-9fa9-805e7fe159fa,f8811576-2422-4a5f-819e-07726e3eb308,a197882a-31bc-40ba-be53-5a7c2f5930f7,B197986,812,77,730.43,2025-04-14,2027-02-01,85ba89f5-0cbe-423d-9b09-8edf117efeb7,2026-09-10 15:37:14.096312,AVAILABLE
d4420a60-4db2-4d1d-8ad1-51d942aea039,e9ce1e40-149e-4ce9-9fa9-805e7fe159fa,f8811576-2422-4a5f-819e-07726e3eb308,a197882a-31bc-40ba-be53-5a7c2f5930f7,B846451,413,53,880.2,2027-02-24,2028-02-18,8a3cc937-5d2e-4b04-b961-e6372fb37757,2026-08-28 15:37:14.096380,AVAILABLE
6aebc0a6-b539-494a-ad54-f73e9964a9c9,e9ce1e40-149e-4ce9-9fa9-805e7fe159fa,bbb0edc5-3567-4e80-a3d2-ff87a8ff38d2,b3163dc0-3ac7-41cc-b4fc-244bcbe446ad,B948145,101,12,888.96,2027-02-05,2027-09-24,1400ecad-7beb-4557-b782-a9b67dbfa3ea,2026-08-25 15:37:14.096564,AVAILABLE
e7b7cf3b-1856-4c0c-975e-abcb1431e3d1,e9ce1e40-149e-4ce9-9fa9-805e7fe159fa,bbb0edc5-3567-4e80-a3d2-ff87a8ff38d2,b3163dc0-3ac7-41cc-b4fc-244bcbe446ad,B131004,361,3,216.73,2026-06-14,2028-01-08,301e3cd3-c948-49e9-add4-e8080a9fab7f,2026-06-19 15:37:14.096689,AVAILABLE
e0126083-e4dd-4ca7-ae2e-7ef1fc75e33f,e9ce1e40-149e-4ce9-9fa9-805e7fe159fa,bbb0edc5-3567-4e80-a3d2-ff87a8ff38d2,24db962d-9a6b-4de6-982b-b719e504efb9,B975214,192,10,124.62,2027-01-28,2027-08-25,e6d69402-090c-458e-ab40-7589f32bf4bf,2026-10-03 15:37:14.096783,AVAILABLE
dbbc946b-c0b4-47ed-9842-72da5834834e,e9ce1e40-149e-4ce9-9fa9-805e7fe159fa,bbb0edc5-3567-4e80-a3d2-ff87a8ff38d2,8e15b3a9-915f-4bf0-84c7-182f335e062c,B582118,156,4,1521.76,2025-12-31,2027-04-23,85ba89f5-0cbe-423d-9b09-8edf117efeb7,2026-05-11 15:37:14.096874,AVAILABLE
cfd2f59a-e008-4067-9a8f-d5f46fe89d69,e9ce1e40-149e-4ce9-9fa9-805e7fe159fa,bbb0edc5-3567-4e80-a3d2-ff87a8ff38d2,8e15b3a9-915f-4bf0-84c7-182f335e062c,B894871,441,64,239.62,2025-11-26,2027-10-29,301e3cd3-c948-49e9-add4-e8080a9fab7f,2026-08-03 15:37:14.097038,AVAILABLE
feead656-107d-416d-803e-e08527d4e5c8,e9ce1e40-149e-4ce9-9fa9-805e7fe159fa,bbb0edc5-3567-4e80-a3d2-ff87a8ff38d2,f6dc8117-e75f-4920-a0cf-04c7bafc7542,B176353,624,35,476.02,2026-11-07,2027-08-22,41e5f347-011f-49c8-a809-9ebc6ef93e37,2026-06-30 15:37:14.097172,AVAILABLE
656ed67c-ea10-4a66-ac17-c582df08393c,e9ce1e40-149e-4ce9-9fa9-805e7fe159fa,bbb0edc5-3567-4e80-a3d2-ff87a8ff38d2,f6dc8117-e75f-4920-a0cf-04c7bafc7542,B786403,92,5,244.21,2026-01-27,2027-05-09,389d9f94-94f3-497d-9ad3-80b154c36b08,2026-07-16 15:37:14.097247,AVAILABLE
3b99639a-8a83-49ee-83b6-bbf9197356a9,e9ce1e40-149e-4ce9-9fa9-805e7fe159fa,bbb0edc5-3567-4e80-a3d2-ff87a8ff38d2,f6dc8117-e75f-4920-a0cf-04c7bafc7542,B150346,245,13,1238.92,2025-12-22,2026-09-23,b55d3c34-369b-4934-9015-9e38109b79f2,2026-04-14 15:37:14.097330,EXPIRED
122a7602-1478-408b-b0a8-9f243bf50e02,e9ce1e40-149e-4ce9-9fa9-805e7fe159fa,bbb0edc5-3567-4e80-a3d2-ff87a8ff38d2,0eecbfea-7628-487c-b590-fece2c687e7a,B557860,331,0,966.37,2026-04-01,2027-02-07,301e3cd3-c948-49e9-add4-e8080a9fab7f,2026-09-17 15:37:14.097414,AVAILABLE
0627dd98-f362-453e-9139-1e2ec5e84fa6,e9ce1e40-149e-4ce9-9fa9-805e7fe159fa,bbb0edc5-3567-4e80-a3d2-ff87a8ff38d2,6989db76-adcc-4a3d-b3c0-61fb496a0f5d,B677070,346,37,480.11,2026-04-07,2027-03-01,b55d3c34-369b-4934-9015-9e38109b79f2,2026-05-11 15:37:14.097463,AVAILABLE
aedbbc3d-7a48-4946-a884-939486dcd94d,e9ce1e40-149e-4ce9-9fa9-805e7fe159fa,bbb0edc5-3567-4e80-a3d2-ff87a8ff38d2,378ef267-9155-41bc-a431-7c700c1731e3,B688368,957,26,805.5,2026-05-15,2027-02-21,43b13eff-affb-4e79-a137-2d676513f12b,2026-09-04 15:37:14.097584,AVAILABLE
277db16d-c9ba-4b58-8372-87ca649a05a7,e9ce1e40-149e-4ce9-9fa9-805e7fe159fa,bbb0edc5-3567-4e80-a3d2-ff87a8ff38d2,3e8ecc15-190b-4bcd-a7fd-92ec541c75f4,B186291,786,75,1104.85,2025-06-15,2026-12-18,43b13eff-affb-4e79-a137-2d676513f12b,2026-07-28 15:37:14.097802,AVAILABLE
29aadb83-0059-4595-b4cc-9e07f0e6438a,e9ce1e40-149e-4ce9-9fa9-805e7fe159fa,bbb0edc5-3567-4e80-a3d2-ff87a8ff38d2,3e8ecc15-190b-4bcd-a7fd-92ec541c75f4,B393721,737,101,1321.9,2026-04-12,2027-11-26,389d9f94-94f3-497d-9ad3-80b154c36b08,2026-08-17 15:37:14.097855,AVAILABLE
852946b4-1c70-4f25-9097-ff31625c7572,e9ce1e40-149e-4ce9-9fa9-805e7fe159fa,bbb0edc5-3567-4e80-a3d2-ff87a8ff38d2,3e8ecc15-190b-4bcd-a7fd-92ec541c75f4,B422609,215,9,765.15,2027-01-08,2027-10-28,301e3cd3-c948-49e9-add4-e8080a9fab7f,2026-07-01 15:37:14.097898,AVAILABLE
fb67af25-0bd8-49e6-8aa2-d60086bacfc2,e9ce1e40-149e-4ce9-9fa9-805e7fe159fa,bbb0edc5-3567-4e80-a3d2-ff87a8ff38d2,a197882a-31bc-40ba-be53-5a7c2f5930f7,B341311,62,8,1243.29,2027-01-02,2027-07-03,301e3cd3-c948-49e9-add4-e8080a9fab7f,2026-06-29 15:37:14.097940,AVAILABLE
2e6d52e0-fb4a-4c8f-b2db-fa7094edf725,e9ce1e40-149e-4ce9-9fa9-805e7fe159fa,bbb0edc5-3567-4e80-a3d2-ff87a8ff38d2,a197882a-31bc-40ba-be53-5a7c2f5930f7,B277445,354,47,1177.07,2026-10-16,2028-02-16,43b13eff-affb-4e79-a137-2d676513f12b,2026-06-22 15:37:14.097977,AVAILABLE
2a861e8e-b90e-4070-b63d-343e1c83637f,e9ce1e40-149e-4ce9-9fa9-805e7fe159fa,bbb0edc5-3567-4e80-a3d2-ff87a8ff38d2,f00273a7-acae-43ae-a0b4-b85c0ed6d4d3,B411126,970,101,1765.92,2026-05-08,2027-06-05,e692d4b3-4456-49eb-87f5-ee22fc6e4200,2026-06-29 15:37:14.098016,AVAILABLE
ea090b73-26c2-42a3-921f-f85c5586b4c1,e9ce1e40-149e-4ce9-9fa9-805e7fe159fa,bbb0edc5-3567-4e80-a3d2-ff87a8ff38d2,f00273a7-acae-43ae-a0b4-b85c0ed6d4d3,B485301,789,50,1783.2,2026-01-19,2027-04-28,8a3cc937-5d2e-4b04-b961-e6372fb37757,2026-06-24 15:37:14.098054,AVAILABLE
a7363373-3900-4e21-8817-7978c848eba2,e9ce1e40-149e-4ce9-9fa9-805e7fe159fa,bbb0edc5-3567-4e80-a3d2-ff87a8ff38d2,f00273a7-acae-43ae-a0b4-b85c0ed6d4d3,B434351,972,62,73.79,2025-05-05,2027-04-10,e6d69402-090c-458e-ab40-7589f32bf4bf,2026-07-30 15:37:14.098090,AVAILABLE
d643fb94-d2d8-4861-bcf7-cd0d02ecd184,e9ce1e40-149e-4ce9-9fa9-805e7fe159fa,bbb0edc5-3567-4e80-a3d2-ff87a8ff38d2,3a19d3ca-1898-4db4-b347-55af1376c897,B716903,667,72,1297.27,2026-11-17,2027-08-31,1400ecad-7beb-4557-b782-a9b67dbfa3ea,2026-08-22 15:37:14.098127,AVAILABLE
113dd3c5-753a-402a-a994-89a9e2b8e4b7,e9ce1e40-149e-4ce9-9fa9-805e7fe159fa,bbb0edc5-3567-4e80-a3d2-ff87a8ff38d2,3a19d3ca-1898-4db4-b347-55af1376c897,B803382,630,79,251.84,2026-05-29,2027-10-20,389d9f94-94f3-497d-9ad3-80b154c36b08,2026-09-03 15:37:14.098164,AVAILABLE
5dedb621-b094-4201-98d1-c48d1483b5ed,e9ce1e40-149e-4ce9-9fa9-805e7fe159fa,bbb0edc5-3567-4e80-a3d2-ff87a8ff38d2,3a19d3ca-1898-4db4-b347-55af1376c897,B792557,496,30,1420.49,2026-12-26,2027-07-17,43b13eff-affb-4e79-a137-2d676513f12b,2026-09-11 15:37:14.098203,AVAILABLE
c4536e67-109f-4c2f-8d7c-b3b6d068850a,e9ce1e40-149e-4ce9-9fa9-805e7fe159fa,bbb0edc5-3567-4e80-a3d2-ff87a8ff38d2,3e9b0bad-6728-4523-be87-a00adf0fff30,B990791,965,73,901.0,2026-06-23,2027-06-05,e6d69402-090c-458e-ab40-7589f32bf4bf,2026-07-11 15:37:14.098242,AVAILABLE
2e401d80-b34f-447c-a6c9-c26562482bfa,e9ce1e40-149e-4ce9-9fa9-805e7fe159fa,bbb0edc5-3567-4e80-a3d2-ff87a8ff38d2,3e9b0bad-6728-4523-be87-a00adf0fff30,B232447,302,30,717.21,2026-05-27,2027-01-04,85ba89f5-0cbe-423d-9b09-8edf117efeb7,2026-04-25 15:37:14.098377,AVAILABLE
dcd099b8-f9ae-4498-a254-65f5bcce8598,e9ce1e40-149e-4ce9-9fa9-805e7fe159fa,bbb0edc5-3567-4e80-a3d2-ff87a8ff38d2,3e9b0bad-6728-4523-be87-a00adf0fff30,B861444,163,0,1351.97,2025-10-09,2026-10-10,b55d3c34-369b-4934-9015-9e38109b79f2,2026-06-16 15:37:14.098424,AVAILABLE
f5f1bc69-0bfc-442c-bb54-370572813eb8,e9ce1e40-149e-4ce9-9fa9-805e7fe159fa,bbb0edc5-3567-4e80-a3d2-ff87a8ff38d2,4bd504ed-a1c0-48c9-bff0-b66723a5f08d,B348462,262,20,1254.55,2027-05-19,2028-02-06,b55d3c34-369b-4934-9015-9e38109b79f2,2026-09-03 15:37:14.098465,AVAILABLE
694ae308-1828-406d-b707-a721696cd817,e9ce1e40-149e-4ce9-9fa9-805e7fe159fa,bbb0edc5-3567-4e80-a3d2-ff87a8ff38d2,4bd504ed-a1c0-48c9-bff0-b66723a5f08d,B464856,447,14,1020.57,2026-05-25,2027-07-19,301e3cd3-c948-49e9-add4-e8080a9fab7f,2026-09-11 15:37:14.098504,AVAILABLE
d5b15f9b-d115-4906-a1a3-2de973e1917f,e9ce1e40-149e-4ce9-9fa9-805e7fe159fa,bbb0edc5-3567-4e80-a3d2-ff87a8ff38d2,4fda6990-76da-4515-8f85-4b5ce64dd1ce,B202088,659,47,566.39,2026-09-03,2027-07-02,e692d4b3-4456-49eb-87f5-ee22fc6e4200,2026-07-15 15:37:14.098543,AVAILABLE
e59b8dbc-126d-4563-8cc5-1d950405aa3b,e9ce1e40-149e-4ce9-9fa9-805e7fe159fa,bbb0edc5-3567-4e80-a3d2-ff87a8ff38d2,4fda6990-76da-4515-8f85-4b5ce64dd1ce,B917138,471,34,1474.75,2025-09-06,2027-05-21,85ba89f5-0cbe-423d-9b09-8edf117efeb7,2026-07-21 15:37:14.098579,AVAILABLE
a81ce444-2d1b-4903-bed7-783561b8377d,e9ce1e40-149e-4ce9-9fa9-805e7fe159fa,bbb0edc5-3567-4e80-a3d2-ff87a8ff38d2,a88fd15f-1bbb-4271-941e-899867a89583,B660189,93,9,1510.0,2025-10-04,2026-11-15,e692d4b3-4456-49eb-87f5-ee22fc6e4200,2026-06-28 15:37:14.098658,AVAILABLE
7b299bc9-1f04-4d4b-b1ff-27afac919569,e9ce1e40-149e-4ce9-9fa9-805e7fe159fa,bbb0edc5-3567-4e80-a3d2-ff87a8ff38d2,a88fd15f-1bbb-4271-941e-899867a89583,B120057,647,3,1426.71,2027-06-10,2028-03-11,1400ecad-7beb-4557-b782-a9b67dbfa3ea,2026-09-08 15:37:14.098701,AVAILABLE
15abe311-1686-402a-886b-338c46976ff9,e9ce1e40-149e-4ce9-9fa9-805e7fe159fa,8177e642-5983-433b-bffb-906c433fe5c7,2c10bfc8-d106-4422-b38f-e414215c8def,B504503,887,7,1270.34,2026-03-06,2026-11-15,8a3cc937-5d2e-4b04-b961-e6372fb37757,2026-07-18 15:37:14.099652,AVAILABLE
4a54c245-bd48-4cc7-a515-24db3d9fe3cf,e9ce1e40-149e-4ce9-9fa9-805e7fe159fa,8177e642-5983-433b-bffb-906c433fe5c7,c51619a8-ba83-483f-9b52-064f926d96a2,B167166,201,24,74.9,2027-04-05,2028-01-01,301e3cd3-c948-49e9-add4-e8080a9fab7f,2026-05-15 15:37:14.099739,AVAILABLE
6579bd0b-f07a-437e-b61c-5bd50ac09d1f,e9ce1e40-149e-4ce9-9fa9-805e7fe159fa,8177e642-5983-433b-bffb-906c433fe5c7,c51619a8-ba83-483f-9b52-064f926d96a2,B299161,86,7,54.26,2026-11-01,2027-06-06,301e3cd3-c948-49e9-add4-e8080a9fab7f,2026-07-29 15:37:14.099885,AVAILABLE
4a144a99-6cd7-4b6f-90fb-264736fcc859,e9ce1e40-149e-4ce9-9fa9-805e7fe159fa,8177e642-5983-433b-bffb-906c433fe5c7,2b376704-d06b-441d-a2bf-f0973873411c,B691514,225,25,114.32,2026-04-09,2027-09-25,b55d3c34-369b-4934-9015-9e38109b79f2,2026-05-23 15:37:14.099975,AVAILABLE
21c4da58-1a23-4aa4-814f-6515006a83e8,e9ce1e40-149e-4ce9-9fa9-805e7fe159fa,8177e642-5983-433b-bffb-906c433fe5c7,2b376704-d06b-441d-a2bf-f0973873411c,B781211,283,3,1510.82,2026-09-19,2027-10-14,1400ecad-7beb-4557-b782-a9b67dbfa3ea,2026-06-29 15:37:14.100366,AVAILABLE
7686b6d2-1a1e-45a5-8e9d-1debec9cc8e3,e9ce1e40-149e-4ce9-9fa9-805e7fe159fa,8177e642-5983-433b-bffb-906c433fe5c7,2b376704-d06b-441d-a2bf-f0973873411c,B289719,514,25,1604.28,2025-12-27,2027-11-30,e6d69402-090c-458e-ab40-7589f32bf4bf,2026-06-01 15:37:14.100509,AVAILABLE
45dd8cd5-ebae-416b-9e92-b19e751e67fb,e9ce1e40-149e-4ce9-9fa9-805e7fe159fa,8177e642-5983-433b-bffb-906c433fe5c7,3e8ecc15-190b-4bcd-a7fd-92ec541c75f4,B917020,859,127,243.96,2027-06-24,2028-02-20,8a3cc937-5d2e-4b04-b961-e6372fb37757,2026-08-12 15:37:14.100691,AVAILABLE
0abcaf5a-15e8-4149-b1c1-14b89ed365d9,e9ce1e40-149e-4ce9-9fa9-805e7fe159fa,8177e642-5983-433b-bffb-906c433fe5c7,3e8ecc15-190b-4bcd-a7fd-92ec541c75f4,B679935,936,39,1737.55,2026-04-01,2027-12-13,85ba89f5-0cbe-423d-9b09-8edf117efeb7,2026-04-23 15:37:14.100778,AVAILABLE
1cec82f1-8033-4115-9765-54da9274f1f3,e9ce1e40-149e-4ce9-9fa9-805e7fe159fa,8177e642-5983-433b-bffb-906c433fe5c7,3e8ecc15-190b-4bcd-a7fd-92ec541c75f4,B569337,846,20,1302.77,2025-10-01,2027-06-27,301e3cd3-c948-49e9-add4-e8080a9fab7f,2026-09-24 15:37:14.101518,AVAILABLE
5dbf93c8-db2a-4b3c-b647-a825f42600d1,e9ce1e40-149e-4ce9-9fa9-805e7fe159fa,8177e642-5983-433b-bffb-906c433fe5c7,b699a59a-a0ec-49d9-b327-482e55347adf,B161398,851,90,288.94,2026-05-26,2027-05-29,b55d3c34-369b-4934-9015-9e38109b79f2,2026-05-09 15:37:14.101626,AVAILABLE
868068dd-586b-4ffe-a534-bef302f570a9,e9ce1e40-149e-4ce9-9fa9-805e7fe159fa,8177e642-5983-433b-bffb-906c433fe5c7,b699a59a-a0ec-49d9-b327-482e55347adf,B898289,952,98,914.45,2026-01-26,2026-10-15,301e3cd3-c948-49e9-add4-e8080a9fab7f,2026-07-04 15:37:14.101763,AVAILABLE
8637c30e-6214-4f2c-8643-08b71ef1c24b,e9ce1e40-149e-4ce9-9fa9-805e7fe159fa,8177e642-5983-433b-bffb-906c433fe5c7,b699a59a-a0ec-49d9-b327-482e55347adf,B892636,712,64,421.77,2026-01-17,2027-04-05,85ba89f5-0cbe-423d-9b09-8edf117efeb7,2026-08-01 15:37:14.101894,AVAILABLE
c82265e0-1a18-4ca7-b85e-850edfc91a11,e9ce1e40-149e-4ce9-9fa9-805e7fe159fa,8177e642-5983-433b-bffb-906c433fe5c7,f1b95f47-94a2-4979-a411-02444c727d3e,B198912,292,26,338.24,2026-04-18,2028-01-16,389d9f94-94f3-497d-9ad3-80b154c36b08,2026-05-27 15:37:14.102160,AVAILABLE
3845b26b-4729-4beb-a115-f764e931fc00,e9ce1e40-149e-4ce9-9fa9-805e7fe159fa,8177e642-5983-433b-bffb-906c433fe5c7,f1b95f47-94a2-4979-a411-02444c727d3e,B462743,276,10,790.83,2026-12-30,2027-08-10,41e5f347-011f-49c8-a809-9ebc6ef93e37,2026-08-20 15:37:14.102508,AVAILABLE
649d9742-247c-4158-9044-4c2fc2a554ef,e9ce1e40-149e-4ce9-9fa9-805e7fe159fa,8177e642-5983-433b-bffb-906c433fe5c7,f1b95f47-94a2-4979-a411-02444c727d3e,B522540,475,53,687.25,2026-08-13,2027-07-02,e692d4b3-4456-49eb-87f5-ee22fc6e4200,2026-06-29 15:37:14.102910,AVAILABLE
189ba766-5f14-49ce-9c0a-4c1da5900ae7,e9ce1e40-149e-4ce9-9fa9-805e7fe159fa,8177e642-5983-433b-bffb-906c433fe5c7,24856ba7-ab81-4f22-985e-e30a3b9397cb,B625458,167,21,1630.82,2025-11-17,2027-06-05,301e3cd3-c948-49e9-add4-e8080a9fab7f,2026-05-03 15:37:14.103008,AVAILABLE
855a92a9-8c1c-4c64-8075-c01b960c2f1c,e9ce1e40-149e-4ce9-9fa9-805e7fe159fa,8177e642-5983-433b-bffb-906c433fe5c7,24856ba7-ab81-4f22-985e-e30a3b9397cb,B470780,462,44,1718.83,2026-04-28,2027-03-27,e692d4b3-4456-49eb-87f5-ee22fc6e4200,2026-05-30 15:37:14.103298,AVAILABLE
e5b45f72-6f3a-4223-b471-0afea0509948,e9ce1e40-149e-4ce9-9fa9-805e7fe159fa,8177e642-5983-433b-bffb-906c433fe5c7,7b6b643c-11d8-4a62-8cfe-a28f5fe4f2d6,B719927,744,86,1655.33,2026-11-01,2027-06-24,8a3cc937-5d2e-4b04-b961-e6372fb37757,2026-07-29 15:37:14.103471,AVAILABLE
62eeca10-fa20-498b-ad2e-72c099bb08ce,e9ce1e40-149e-4ce9-9fa9-805e7fe159fa,8177e642-5983-433b-bffb-906c433fe5c7,7b6b643c-11d8-4a62-8cfe-a28f5fe4f2d6,B346245,786,58,596.09,2026-04-09,2027-05-21,41e5f347-011f-49c8-a809-9ebc6ef93e37,2026-09-19 15:37:14.103545,AVAILABLE
dc18e227-4f5e-4d2f-9ba7-c6ae22d6a2aa,e9ce1e40-149e-4ce9-9fa9-805e7fe159fa,8177e642-5983-433b-bffb-906c433fe5c7,1d534fd0-ecdb-47f7-8df1-911899944ac3,B609415,482,46,939.93,2026-12-27,2027-12-30,e692d4b3-4456-49eb-87f5-ee22fc6e4200,2026-09-14 15:37:14.103883,AVAILABLE
d6d306cd-4d6d-40c1-92e5-235850284d72,e9ce1e40-149e-4ce9-9fa9-805e7fe159fa,8177e642-5983-433b-bffb-906c433fe5c7,1d534fd0-ecdb-47f7-8df1-911899944ac3,B911755,871,56,376.56,2027-02-21,2028-02-29,b55d3c34-369b-4934-9015-9e38109b79f2,2026-06-30 15:37:14.103998,AVAILABLE
61e9432d-79ee-47d6-bbb2-5cf834697291,e9ce1e40-149e-4ce9-9fa9-805e7fe159fa,8177e642-5983-433b-bffb-906c433fe5c7,220f964e-a351-4ad0-827e-502f5ded939c,B893047,468,3,1752.21,2026-10-29,2027-10-17,8a3cc937-5d2e-4b04-b961-e6372fb37757,2026-05-10 15:37:14.104063,AVAILABLE
7368496a-ca09-4ee0-87f7-a438450db3ce,e9ce1e40-149e-4ce9-9fa9-805e7fe159fa,8177e642-5983-433b-bffb-906c433fe5c7,97a16fda-9cba-4dc2-8770-0b5104c507d2,B425985,220,28,530.17,2026-10-10,2027-09-14,389d9f94-94f3-497d-9ad3-80b154c36b08,2026-07-17 15:37:14.104119,AVAILABLE
a2720f32-c4d2-40a8-acbf-2b5fffd1cff9,e9ce1e40-149e-4ce9-9fa9-805e7fe159fa,8177e642-5983-433b-bffb-906c433fe5c7,378ef267-9155-41bc-a431-7c700c1731e3,B884790,154,15,1357.57,2026-05-27,2027-10-19,1400ecad-7beb-4557-b782-a9b67dbfa3ea,2026-09-04 15:37:14.104188,AVAILABLE
a5029df6-2850-42aa-9fad-24e01aa63b41,e9ce1e40-149e-4ce9-9fa9-805e7fe159fa,8177e642-5983-433b-bffb-906c433fe5c7,378ef267-9155-41bc-a431-7c700c1731e3,B348146,529,10,1757.43,2026-12-26,2028-01-22,85ba89f5-0cbe-423d-9b09-8edf117efeb7,2026-07-25 15:37:14.104668,AVAILABLE
741b5620-0747-4466-964b-6772db69f554,e9ce1e40-149e-4ce9-9fa9-805e7fe159fa,8177e642-5983-433b-bffb-906c433fe5c7,24d1b68c-2a5b-464e-bb4e-c1071b3b4f3d,B986758,633,12,1085.21,2026-08-07,2027-07-25,301e3cd3-c948-49e9-add4-e8080a9fab7f,2026-05-25 15:37:14.104835,AVAILABLE
086bc142-989e-4377-a10a-598cc5c709fd,e9ce1e40-149e-4ce9-9fa9-805e7fe159fa,8177e642-5983-433b-bffb-906c433fe5c7,c5533566-0e57-4058-9e8f-cc921a574da9,B239961,474,39,1466.11,2026-02-22,2027-12-07,1400ecad-7beb-4557-b782-a9b67dbfa3ea,2026-08-12 15:37:14.105071,AVAILABLE
522f6082-67c5-4435-8697-07ab4d7199ce,e9ce1e40-149e-4ce9-9fa9-805e7fe159fa,8177e642-5983-433b-bffb-906c433fe5c7,c5533566-0e57-4058-9e8f-cc921a574da9,B102170,124,9,356.87,2026-05-18,2027-01-16,8a3cc937-5d2e-4b04-b961-e6372fb37757,2026-06-16 15:37:14.105196,AVAILABLE
ad2c1b4d-6e1e-4a37-b8ac-8af1cf98fc9f,e9ce1e40-149e-4ce9-9fa9-805e7fe159fa,8177e642-5983-433b-bffb-906c433fe5c7,3b4f2db0-078e-4414-849b-1ba2782649be,B510129,224,7,40.27,2025-06-11,2026-11-23,b55d3c34-369b-4934-9015-9e38109b79f2,2026-05-25 15:37:14.105277,AVAILABLE
bde8b3aa-f7c8-4939-8e90-8067a57038f3,e9ce1e40-149e-4ce9-9fa9-805e7fe159fa,8177e642-5983-433b-bffb-906c433fe5c7,3b4f2db0-078e-4414-849b-1ba2782649be,B539124,445,35,290.21,2025-08-20,2027-07-12,301e3cd3-c948-49e9-add4-e8080a9fab7f,2026-07-19 15:37:14.105343,AVAILABLE
67e98298-d4b3-461b-b3fb-0a4929c26b7f,e9ce1e40-149e-4ce9-9fa9-805e7fe159fa,8177e642-5983-433b-bffb-906c433fe5c7,3b4f2db0-078e-4414-849b-1ba2782649be,B207553,218,22,619.5,2025-06-02,2027-03-18,43b13eff-affb-4e79-a137-2d676513f12b,2026-07-05 15:37:14.105411,AVAILABLE
0aa6c3b7-03ef-4298-a567-781ed11c6f93,e3bbe120-0a9b-4cd8-b137-17f5c377e253,b35df925-ba9e-4c1f-ae30-b292ad2c55bb,419b95a7-17e5-4918-ad68-d58ee6b6e6f5,B713447,991,17,89.41,2026-07-23,2027-11-21,41e5f347-011f-49c8-a809-9ebc6ef93e37,2026-05-19 15:37:14.106661,AVAILABLE
c1743b6b-2574-42b4-8f44-068db62083ff,e3bbe120-0a9b-4cd8-b137-17f5c377e253,b35df925-ba9e-4c1f-ae30-b292ad2c55bb,419b95a7-17e5-4918-ad68-d58ee6b6e6f5,B535253,435,22,1365.21,2026-04-07,2027-02-14,301e3cd3-c948-49e9-add4-e8080a9fab7f,2026-07-16 15:37:14.106987,AVAILABLE
8e986616-14c2-4e2d-b572-b09c89a17848,e3bbe120-0a9b-4cd8-b137-17f5c377e253,b35df925-ba9e-4c1f-ae30-b292ad2c55bb,fb695fdf-9397-485a-aa21-6d65c73c7b07,B761432,797,116,1600.2,2026-03-19,2028-01-18,85ba89f5-0cbe-423d-9b09-8edf117efeb7,2026-10-05 15:37:14.107222,AVAILABLE
cccdfd95-0c3a-4804-8187-fa25b92ee07d,e3bbe120-0a9b-4cd8-b137-17f5c377e253,b35df925-ba9e-4c1f-ae30-b292ad2c55bb,fb695fdf-9397-485a-aa21-6d65c73c7b07,B118488,469,69,475.72,2026-04-08,2027-09-23,43b13eff-affb-4e79-a137-2d676513f12b,2026-08-09 15:37:14.108286,AVAILABLE
a18fe2f4-672f-4e9d-97ff-ca8720c1f71c,e3bbe120-0a9b-4cd8-b137-17f5c377e253,b35df925-ba9e-4c1f-ae30-b292ad2c55bb,fb695fdf-9397-485a-aa21-6d65c73c7b07,B244418,588,74,29.94,2026-07-22,2028-01-07,e692d4b3-4456-49eb-87f5-ee22fc6e4200,2026-08-23 15:37:14.108392,AVAILABLE
f95b8c51-77df-4dbe-b8c3-612f54690722,e3bbe120-0a9b-4cd8-b137-17f5c377e253,b35df925-ba9e-4c1f-ae30-b292ad2c55bb,4f7512b2-6b9d-434f-807e-2fc43528691e,B310513,386,52,593.96,2025-08-24,2027-01-02,85ba89f5-0cbe-423d-9b09-8edf117efeb7,2026-06-26 15:37:14.108454,AVAILABLE
9de7b934-e415-4497-9b5f-3b42ce20c8ca,e3bbe120-0a9b-4cd8-b137-17f5c377e253,b35df925-ba9e-4c1f-ae30-b292ad2c55bb,4f7512b2-6b9d-434f-807e-2fc43528691e,B927115,879,5,1697.48,2025-11-25,2027-07-15,85ba89f5-0cbe-423d-9b09-8edf117efeb7,2026-09-29 15:37:14.108504,AVAILABLE
225544bb-d0fa-4e52-8da7-d429f19c6ece,e3bbe120-0a9b-4cd8-b137-17f5c377e253,b35df925-ba9e-4c1f-ae30-b292ad2c55bb,2b376704-d06b-441d-a2bf-f0973873411c,B617817,891,105,274.01,2025-12-22,2027-08-15,1400ecad-7beb-4557-b782-a9b67dbfa3ea,2026-09-01 15:37:14.108550,AVAILABLE
897999ad-55c0-4e45-b2f4-bd151cc66fa7,e3bbe120-0a9b-4cd8-b137-17f5c377e253,b35df925-ba9e-4c1f-ae30-b292ad2c55bb,2b376704-d06b-441d-a2bf-f0973873411c,B234554,220,15,1319.11,2026-01-14,2027-11-14,43b13eff-affb-4e79-a137-2d676513f12b,2026-05-25 15:37:14.108591,AVAILABLE
2ccc739a-7bc7-4d7c-8811-26f3ab68fe0b,e3bbe120-0a9b-4cd8-b137-17f5c377e253,b35df925-ba9e-4c1f-ae30-b292ad2c55bb,2b376704-d06b-441d-a2bf-f0973873411c,B373563,353,51,812.02,2026-01-10,2027-01-17,301e3cd3-c948-49e9-add4-e8080a9fab7f,2026-04-29 15:37:14.108680,AVAILABLE
bf1eae50-838e-4cd6-9556-81629a596aa8,e3bbe120-0a9b-4cd8-b137-17f5c377e253,b35df925-ba9e-4c1f-ae30-b292ad2c55bb,0073cc32-e309-402c-96aa-1fb03de469f1,B229391,355,16,55.3,2024-11-28,2026-11-17,301e3cd3-c948-49e9-add4-e8080a9fab7f,2026-07-08 15:37:14.108728,AVAILABLE
e8f862dd-3ce0-42a3-8a40-1b37acc1c837,e3bbe120-0a9b-4cd8-b137-17f5c377e253,b35df925-ba9e-4c1f-ae30-b292ad2c55bb,4fda6990-76da-4515-8f85-4b5ce64dd1ce,B346660,305,45,1270.71,2025-03-24,2026-11-08,301e3cd3-c948-49e9-add4-e8080a9fab7f,2026-07-10 15:37:14.108771,AVAILABLE
8dfe0068-bf27-4fe0-b2a2-7fac93917aa9,e3bbe120-0a9b-4cd8-b137-17f5c377e253,b35df925-ba9e-4c1f-ae30-b292ad2c55bb,bd5b3f87-5b53-4347-ac00-12fb9d5cd5a6,B518560,188,16,914.14,2026-10-28,2027-07-01,41e5f347-011f-49c8-a809-9ebc6ef93e37,2026-05-28 15:37:14.108841,AVAILABLE
e2bad26b-4dd0-49b2-b826-bd443f0e3129,e3bbe120-0a9b-4cd8-b137-17f5c377e253,b35df925-ba9e-4c1f-ae30-b292ad2c55bb,bd5b3f87-5b53-4347-ac00-12fb9d5cd5a6,B266970,894,123,936.24,2026-04-14,2027-02-21,43b13eff-affb-4e79-a137-2d676513f12b,2026-08-22 15:37:14.108898,AVAILABLE
72f61b8a-179c-48ec-bb98-f9703ac6fc57,e3bbe120-0a9b-4cd8-b137-17f5c377e253,b35df925-ba9e-4c1f-ae30-b292ad2c55bb,67ae158e-8140-49ce-b874-0acf92a800c2,B131976,964,80,1301.15,2026-02-14,2028-01-05,85ba89f5-0cbe-423d-9b09-8edf117efeb7,2026-08-16 15:37:14.108942,AVAILABLE
51562241-4a22-456b-bc8b-ad57ae1e64b4,e3bbe120-0a9b-4cd8-b137-17f5c377e253,b35df925-ba9e-4c1f-ae30-b292ad2c55bb,2aceb2a6-c859-4f95-a238-9ad796b698fa,B175849,255,3,294.59,2025-07-14,2027-04-08,1400ecad-7beb-4557-b782-a9b67dbfa3ea,2026-07-31 15:37:14.108999,AVAILABLE
68c15c9d-9f44-4d87-94b0-c3b55461ee2a,e3bbe120-0a9b-4cd8-b137-17f5c377e253,b35df925-ba9e-4c1f-ae30-b292ad2c55bb,2aceb2a6-c859-4f95-a238-9ad796b698fa,B729774,856,112,419.68,2026-09-07,2027-05-23,1400ecad-7beb-4557-b782-a9b67dbfa3ea,2026-07-19 15:37:14.109042,AVAILABLE
45c73221-43d9-4b4b-9ea4-87da96c15384,e3bbe120-0a9b-4cd8-b137-17f5c377e253,b35df925-ba9e-4c1f-ae30-b292ad2c55bb,2aceb2a6-c859-4f95-a238-9ad796b698fa,B198337,365,51,793.22,2026-10-12,2027-06-12,41e5f347-011f-49c8-a809-9ebc6ef93e37,2026-06-06 15:37:14.109079,AVAILABLE
c5287102-6e42-4438-b660-7305de6cb434,e3bbe120-0a9b-4cd8-b137-17f5c377e253,b35df925-ba9e-4c1f-ae30-b292ad2c55bb,33e37cdb-690b-4dd6-aa0b-3e189bf6bc51,B551543,767,70,1617.83,2026-09-04,2027-08-08,43b13eff-affb-4e79-a137-2d676513f12b,2026-10-02 15:37:14.109118,AVAILABLE
9fade5c8-8b2a-4310-b807-2db7915ac08c,e3bbe120-0a9b-4cd8-b137-17f5c377e253,b35df925-ba9e-4c1f-ae30-b292ad2c55bb,33e37cdb-690b-4dd6-aa0b-3e189bf6bc51,B680666,900,81,784.15,2026-09-15,2027-07-15,43b13eff-affb-4e79-a137-2d676513f12b,2026-09-02 15:37:14.109154,AVAILABLE
e6aba52a-3260-4365-82d7-a792d2a2d770,e3bbe120-0a9b-4cd8-b137-17f5c377e253,b35df925-ba9e-4c1f-ae30-b292ad2c55bb,33e37cdb-690b-4dd6-aa0b-3e189bf6bc51,B781852,940,136,1728.08,2026-05-22,2027-05-27,389d9f94-94f3-497d-9ad3-80b154c36b08,2026-04-21 15:37:14.109215,AVAILABLE
f8344827-5d2a-4803-95bb-78ea260fe508,e3bbe120-0a9b-4cd8-b137-17f5c377e253,b35df925-ba9e-4c1f-ae30-b292ad2c55bb,6cbb6f57-d6cb-41b0-aca5-9ea4e8c5be47,B315773,754,54,469.09,2026-11-24,2027-08-27,e6d69402-090c-458e-ab40-7589f32bf4bf,2026-10-07 15:37:14.109257,AVAILABLE
c634ec76-77f1-474d-a563-52d96d28276f,e3bbe120-0a9b-4cd8-b137-17f5c377e253,b35df925-ba9e-4c1f-ae30-b292ad2c55bb,6cbb6f57-d6cb-41b0-aca5-9ea4e8c5be47,B865262,967,74,463.44,2025-01-02,2026-10-10,8a3cc937-5d2e-4b04-b961-e6372fb37757,2026-06-05 15:37:14.109293,AVAILABLE
e2aae3aa-5ee9-4362-b1c0-c48d30d9f230,e3bbe120-0a9b-4cd8-b137-17f5c377e253,b35df925-ba9e-4c1f-ae30-b292ad2c55bb,220f964e-a351-4ad0-827e-502f5ded939c,B823013,321,48,633.56,2025-09-28,2027-05-22,85ba89f5-0cbe-423d-9b09-8edf117efeb7,2026-04-30 15:37:14.109329,AVAILABLE
72fb4ef4-177b-4abb-b4d3-8d0b834cac56,e3bbe120-0a9b-4cd8-b137-17f5c377e253,b35df925-ba9e-4c1f-ae30-b292ad2c55bb,220f964e-a351-4ad0-827e-502f5ded939c,B184011,414,24,39.23,2025-05-23,2027-02-18,1400ecad-7beb-4557-b782-a9b67dbfa3ea,2026-04-12 15:37:14.109364,AVAILABLE
1757d088-fb2c-4717-9fa7-e85980388139,e3bbe120-0a9b-4cd8-b137-17f5c377e253,b35df925-ba9e-4c1f-ae30-b292ad2c55bb,7b6b643c-11d8-4a62-8cfe-a28f5fe4f2d6,B841981,176,2,1559.86,2025-09-23,2027-04-21,1400ecad-7beb-4557-b782-a9b67dbfa3ea,2026-08-29 15:37:14.109401,AVAILABLE
825dc4c5-e484-488c-88b0-b8d9a32c040c,e3bbe120-0a9b-4cd8-b137-17f5c377e253,b35df925-ba9e-4c1f-ae30-b292ad2c55bb,b3163dc0-3ac7-41cc-b4fc-244bcbe446ad,B109095,318,34,467.86,2025-10-09,2026-11-22,e6d69402-090c-458e-ab40-7589f32bf4bf,2026-09-08 15:37:14.109439,AVAILABLE
c0f5816e-eceb-45c2-a0a5-7f95b47756c6,e3bbe120-0a9b-4cd8-b137-17f5c377e253,b35df925-ba9e-4c1f-ae30-b292ad2c55bb,b3163dc0-3ac7-41cc-b4fc-244bcbe446ad,B986765,198,3,746.17,2026-02-19,2026-11-23,389d9f94-94f3-497d-9ad3-80b154c36b08,2026-04-22 15:37:14.109749,AVAILABLE
f23ff110-8eef-4003-b8b4-053dde74b0f4,e3bbe120-0a9b-4cd8-b137-17f5c377e253,b35df925-ba9e-4c1f-ae30-b292ad2c55bb,97a16fda-9cba-4dc2-8770-0b5104c507d2,B624276,281,11,13.15,2025-01-24,2026-10-02,301e3cd3-c948-49e9-add4-e8080a9fab7f,2026-07-23 15:37:14.109995,EXPIRED
21a54dc3-b913-4e35-8b50-fa4bcce9e95a,e3bbe120-0a9b-4cd8-b137-17f5c377e253,b35df925-ba9e-4c1f-ae30-b292ad2c55bb,27bdd8c0-778d-42ea-ae25-964ce81e391d,B918812,216,20,1052.76,2025-09-14,2026-09-29,85ba89f5-0cbe-423d-9b09-8edf117efeb7,2026-08-01 15:37:14.110058,EXPIRED
e1bd7b63-c1ea-4679-b135-60fdee1bc742,e3bbe120-0a9b-4cd8-b137-17f5c377e253,b35df925-ba9e-4c1f-ae30-b292ad2c55bb,27bdd8c0-778d-42ea-ae25-964ce81e391d,B709528,669,6,1586.48,2026-05-04,2027-10-16,e6d69402-090c-458e-ab40-7589f32bf4bf,2026-08-28 15:37:14.110103,AVAILABLE
21ddc2fb-c6a3-4e22-94b9-3cc362740815,e3bbe120-0a9b-4cd8-b137-17f5c377e253,b35df925-ba9e-4c1f-ae30-b292ad2c55bb,ec00005f-8d61-4b61-825c-d8c696ae49aa,B540858,277,29,1430.64,2026-09-28,2027-05-31,301e3cd3-c948-49e9-add4-e8080a9fab7f,2026-07-30 15:37:14.110549,AVAILABLE
2502334e-3dc9-4a32-8235-69943acbe822,e3bbe120-0a9b-4cd8-b137-17f5c377e253,b35df925-ba9e-4c1f-ae30-b292ad2c55bb,ec00005f-8d61-4b61-825c-d8c696ae49aa,B737852,43,1,615.55,2026-01-06,2027-09-19,8a3cc937-5d2e-4b04-b961-e6372fb37757,2026-06-17 15:37:14.110671,AVAILABLE
051019be-46a3-493a-9062-141a1d528539,e3bbe120-0a9b-4cd8-b137-17f5c377e253,b35df925-ba9e-4c1f-ae30-b292ad2c55bb,ec00005f-8d61-4b61-825c-d8c696ae49aa,B113647,117,0,1650.62,2026-04-09,2026-11-13,1400ecad-7beb-4557-b782-a9b67dbfa3ea,2026-08-13 15:37:14.110731,AVAILABLE
8b2e9927-368b-4cec-a9a3-0b8bdea67a8c,e3bbe120-0a9b-4cd8-b137-17f5c377e253,b35df925-ba9e-4c1f-ae30-b292ad2c55bb,061b886b-98ed-480e-9810-63995f2f47ed,B990310,589,59,948.97,2026-10-22,2027-09-24,e6d69402-090c-458e-ab40-7589f32bf4bf,2026-04-26 15:37:14.111278,AVAILABLE
c0a2f93b-c3a0-4a3f-875a-1fe8c7de4389,e3bbe120-0a9b-4cd8-b137-17f5c377e253,b35df925-ba9e-4c1f-ae30-b292ad2c55bb,061b886b-98ed-480e-9810-63995f2f47ed,B639801,150,21,1420.17,2026-06-09,2027-04-20,e692d4b3-4456-49eb-87f5-ee22fc6e4200,2026-07-24 15:37:14.111373,AVAILABLE
ea39f55c-1a5d-452a-85a3-3cdc286b8a08,e3bbe120-0a9b-4cd8-b137-17f5c377e253,b35df925-ba9e-4c1f-ae30-b292ad2c55bb,061b886b-98ed-480e-9810-63995f2f47ed,B895177,721,14,1530.46,2025-05-11,2027-03-26,85ba89f5-0cbe-423d-9b09-8edf117efeb7,2026-06-01 15:37:14.111425,AVAILABLE
f039fb4e-e915-4289-9ec4-bb4059d91a63,e3bbe120-0a9b-4cd8-b137-17f5c377e253,b35df925-ba9e-4c1f-ae30-b292ad2c55bb,8cb385ca-cfdc-404f-8298-512a7c8578b3,B957261,810,23,1521.82,2026-09-24,2027-12-05,301e3cd3-c948-49e9-add4-e8080a9fab7f,2026-08-03 15:37:14.111483,AVAILABLE
4b957129-21ad-49f3-8d10-66f0c96e2329,e3bbe120-0a9b-4cd8-b137-17f5c377e253,b35df925-ba9e-4c1f-ae30-b292ad2c55bb,8cb385ca-cfdc-404f-8298-512a7c8578b3,B674915,334,21,1232.03,2025-11-08,2027-02-06,301e3cd3-c948-49e9-add4-e8080a9fab7f,2026-09-13 15:37:14.111665,AVAILABLE
2d5765c3-6719-46a1-a4db-9d8334c1ff32,e3bbe120-0a9b-4cd8-b137-17f5c377e253,b35df925-ba9e-4c1f-ae30-b292ad2c55bb,8cb385ca-cfdc-404f-8298-512a7c8578b3,B996594,446,2,827.55,2025-06-08,2027-03-31,e6d69402-090c-458e-ab40-7589f32bf4bf,2026-06-11 15:37:14.111718,AVAILABLE
fc029f2f-d0be-42c0-85f4-79147454e0e8,e3bbe120-0a9b-4cd8-b137-17f5c377e253,b35df925-ba9e-4c1f-ae30-b292ad2c55bb,2cd10b6d-063e-4f55-a0b6-37edb93b63a6,B634407,503,62,407.06,2027-02-10,2028-01-28,b55d3c34-369b-4934-9015-9e38109b79f2,2026-10-03 15:37:14.111764,AVAILABLE
f2ff011a-04fa-4c28-84b4-a2641129cd01,e3bbe120-0a9b-4cd8-b137-17f5c377e253,b35df925-ba9e-4c1f-ae30-b292ad2c55bb,ea61edd3-7fbd-4c08-b312-d866041879c2,B418275,888,63,816.31,2026-08-18,2027-12-12,8a3cc937-5d2e-4b04-b961-e6372fb37757,2026-09-27 15:37:14.111808,AVAILABLE
b6d1bf08-cfd6-4cc4-a321-4df6602633cd,e3bbe120-0a9b-4cd8-b137-17f5c377e253,b35df925-ba9e-4c1f-ae30-b292ad2c55bb,ea61edd3-7fbd-4c08-b312-d866041879c2,B894108,894,61,508.76,2025-04-26,2027-01-07,8a3cc937-5d2e-4b04-b961-e6372fb37757,2026-08-07 15:37:14.111846,AVAILABLE
e2ed51c7-175a-4003-be37-82629c49b716,e3bbe120-0a9b-4cd8-b137-17f5c377e253,b35df925-ba9e-4c1f-ae30-b292ad2c55bb,ea61edd3-7fbd-4c08-b312-d866041879c2,B546740,140,11,427.51,2025-11-24,2027-06-16,85ba89f5-0cbe-423d-9b09-8edf117efeb7,2026-06-18 15:37:14.111891,AVAILABLE
065b5d28-1740-4d52-b10a-55063e8dcde1,e3bbe120-0a9b-4cd8-b137-17f5c377e253,b35df925-ba9e-4c1f-ae30-b292ad2c55bb,ceee2775-c68b-4199-9eb8-21746763c4ba,B210155,78,5,893.53,2027-01-28,2028-03-19,1400ecad-7beb-4557-b782-a9b67dbfa3ea,2026-07-22 15:37:14.112300,AVAILABLE
9eefeb1e-5766-4649-af00-7505e1a0b38d,e3bbe120-0a9b-4cd8-b137-17f5c377e253,b35df925-ba9e-4c1f-ae30-b292ad2c55bb,ceee2775-c68b-4199-9eb8-21746763c4ba,B645378,592,13,285.27,2026-02-16,2027-07-15,389d9f94-94f3-497d-9ad3-80b154c36b08,2026-05-02 15:37:14.112371,AVAILABLE
cb12d039-daf7-4e47-b26e-6fe52eeb9b1e,e3bbe120-0a9b-4cd8-b137-17f5c377e253,b35df925-ba9e-4c1f-ae30-b292ad2c55bb,a88fd15f-1bbb-4271-941e-899867a89583,B134540,637,80,1333.89,2025-06-06,2026-11-06,e692d4b3-4456-49eb-87f5-ee22fc6e4200,2026-05-10 15:37:14.112431,AVAILABLE
e62aa8a0-c3db-4d1d-a800-a0d21403a509,e3bbe120-0a9b-4cd8-b137-17f5c377e253,b35df925-ba9e-4c1f-ae30-b292ad2c55bb,9c021848-0377-486f-a048-370334cce953,B504510,373,22,687.22,2026-08-09,2027-09-04,e692d4b3-4456-49eb-87f5-ee22fc6e4200,2026-09-25 15:37:14.112481,AVAILABLE
44459055-0bdb-414c-8b81-c9f3e7a823f9,e3bbe120-0a9b-4cd8-b137-17f5c377e253,b35df925-ba9e-4c1f-ae30-b292ad2c55bb,9c021848-0377-486f-a048-370334cce953,B481562,337,19,69.95,2026-01-22,2026-12-03,85ba89f5-0cbe-423d-9b09-8edf117efeb7,2026-09-12 15:37:14.112529,AVAILABLE
58492f5f-c6df-41e5-b577-79a555a1922d,e3bbe120-0a9b-4cd8-b137-17f5c377e253,b35df925-ba9e-4c1f-ae30-b292ad2c55bb,957c588f-5e69-469f-b353-4b24fef25a65,B698801,586,47,1538.52,2025-02-25,2026-11-02,85ba89f5-0cbe-423d-9b09-8edf117efeb7,2026-05-18 15:37:14.112685,AVAILABLE
b11bd207-88ed-4a09-9298-8ccb0c6ee4fb,e3bbe120-0a9b-4cd8-b137-17f5c377e253,b35df925-ba9e-4c1f-ae30-b292ad2c55bb,957c588f-5e69-469f-b353-4b24fef25a65,B651184,116,0,1077.53,2025-06-29,2027-06-06,85ba89f5-0cbe-423d-9b09-8edf117efeb7,2026-05-19 15:37:14.112749,AVAILABLE
c67d6cf4-fa5a-4766-a68c-edf457ba4e68,e3bbe120-0a9b-4cd8-b137-17f5c377e253,b35df925-ba9e-4c1f-ae30-b292ad2c55bb,957c588f-5e69-469f-b353-4b24fef25a65,B360825,345,18,116.62,2025-12-12,2027-04-29,8a3cc937-5d2e-4b04-b961-e6372fb37757,2026-10-06 15:37:14.112793,AVAILABLE
b2dafaae-c48e-4f5b-a13c-d8570e7e245c,e3bbe120-0a9b-4cd8-b137-17f5c377e253,b35df925-ba9e-4c1f-ae30-b292ad2c55bb,b8b41174-e4bb-41e0-8dc8-fbdaf9d470ec,B188568,371,33,950.35,2025-03-28,2026-11-14,e692d4b3-4456-49eb-87f5-ee22fc6e4200,2026-09-17 15:37:14.112833,AVAILABLE
363e178b-5b36-411b-b8fe-7d6c1ef80a7f,e3bbe120-0a9b-4cd8-b137-17f5c377e253,b35df925-ba9e-4c1f-ae30-b292ad2c55bb,b8b41174-e4bb-41e0-8dc8-fbdaf9d470ec,B115143,202,8,1401.09,2026-05-27,2027-10-12,41e5f347-011f-49c8-a809-9ebc6ef93e37,2026-07-14 15:37:14.112887,AVAILABLE
f7d305cc-d58b-43db-a548-b5e93d813175,e3bbe120-0a9b-4cd8-b137-17f5c377e253,b35df925-ba9e-4c1f-ae30-b292ad2c55bb,b8b41174-e4bb-41e0-8dc8-fbdaf9d470ec,B173335,845,101,1594.23,2026-06-25,2027-05-24,e692d4b3-4456-49eb-87f5-ee22fc6e4200,2026-04-30 15:37:14.112934,AVAILABLE
dd659dc5-f194-493e-ab90-1da9ab1dbec0,e3bbe120-0a9b-4cd8-b137-17f5c377e253,b35df925-ba9e-4c1f-ae30-b292ad2c55bb,573f39b9-7855-4b4d-8a9e-14a5e9d8b2cd,B339219,63,8,1222.78,2026-10-31,2028-03-13,43b13eff-affb-4e79-a137-2d676513f12b,2026-08-12 15:37:14.113119,AVAILABLE
f3d29eeb-4192-4979-8ed5-0be5c1976c3d,e3bbe120-0a9b-4cd8-b137-17f5c377e253,b35df925-ba9e-4c1f-ae30-b292ad2c55bb,b3fa980f-96f4-474d-8999-454117e0d5d6,B848860,43,3,1476.99,2026-10-25,2027-09-14,b55d3c34-369b-4934-9015-9e38109b79f2,2026-09-30 15:37:14.113362,AVAILABLE
2102fbba-5c19-4c97-ba81-94c43dbe92ad,e3bbe120-0a9b-4cd8-b137-17f5c377e253,b35df925-ba9e-4c1f-ae30-b292ad2c55bb,b3fa980f-96f4-474d-8999-454117e0d5d6,B624689,106,7,1758.98,2026-09-07,2027-04-04,e6d69402-090c-458e-ab40-7589f32bf4bf,2026-07-05 15:37:14.113443,AVAILABLE
91c69a91-50d4-4944-a67f-89940cab3b4b,e3bbe120-0a9b-4cd8-b137-17f5c377e253,b35df925-ba9e-4c1f-ae30-b292ad2c55bb,b3fa980f-96f4-474d-8999-454117e0d5d6,B455439,833,68,644.0,2026-01-28,2027-04-24,8a3cc937-5d2e-4b04-b961-e6372fb37757,2026-08-19 15:37:14.113490,AVAILABLE
bf291724-1da2-4dc7-a68e-398c3117faa8,e3bbe120-0a9b-4cd8-b137-17f5c377e253,b35df925-ba9e-4c1f-ae30-b292ad2c55bb,c51619a8-ba83-483f-9b52-064f926d96a2,B622205,396,3,1182.4,2025-06-04,2026-10-30,301e3cd3-c948-49e9-add4-e8080a9fab7f,2026-07-09 15:37:14.113534,AVAILABLE
136da88b-f734-4c22-ba2e-895f9da0419c,e3bbe120-0a9b-4cd8-b137-17f5c377e253,b35df925-ba9e-4c1f-ae30-b292ad2c55bb,c51619a8-ba83-483f-9b52-064f926d96a2,B676758,463,52,1524.5,2025-04-25,2026-11-14,b55d3c34-369b-4934-9015-9e38109b79f2,2026-08-01 15:37:14.113573,AVAILABLE
4f0debac-7af5-430c-ab9f-7f028e20ea26,e3bbe120-0a9b-4cd8-b137-17f5c377e253,b35df925-ba9e-4c1f-ae30-b292ad2c55bb,0a915249-7e9b-4a22-be4b-d5a6c9628e04,B742907,93,8,1140.19,2026-06-09,2027-03-23,e6d69402-090c-458e-ab40-7589f32bf4bf,2026-07-09 15:37:14.113772,AVAILABLE
be8c3db2-b277-4c0d-917e-7935f4265e81,e3bbe120-0a9b-4cd8-b137-17f5c377e253,b35df925-ba9e-4c1f-ae30-b292ad2c55bb,0a915249-7e9b-4a22-be4b-d5a6c9628e04,B271036,977,81,291.32,2026-09-08,2027-11-25,e692d4b3-4456-49eb-87f5-ee22fc6e4200,2026-08-12 15:37:14.113827,AVAILABLE
51136bb9-c8ca-453f-be9a-4e94798ea2d8,e3bbe120-0a9b-4cd8-b137-17f5c377e253,b35df925-ba9e-4c1f-ae30-b292ad2c55bb,0a915249-7e9b-4a22-be4b-d5a6c9628e04,B543763,309,17,1593.87,2026-11-02,2027-09-26,8a3cc937-5d2e-4b04-b961-e6372fb37757,2026-05-24 15:37:14.113869,AVAILABLE
55dd2dc1-ea1f-420c-a9e1-154e95157473,e3bbe120-0a9b-4cd8-b137-17f5c377e253,b35df925-ba9e-4c1f-ae30-b292ad2c55bb,1941089d-b192-4af2-b696-484fa9286d80,B712785,951,112,308.94,2025-09-27,2026-11-10,43b13eff-affb-4e79-a137-2d676513f12b,2026-08-17 15:37:14.113913,AVAILABLE
e6823d5b-a270-48a0-9035-c7fdbf1c5bc6,e3bbe120-0a9b-4cd8-b137-17f5c377e253,b35df925-ba9e-4c1f-ae30-b292ad2c55bb,1941089d-b192-4af2-b696-484fa9286d80,B193628,351,26,352.53,2026-03-13,2026-11-05,8a3cc937-5d2e-4b04-b961-e6372fb37757,2026-06-16 15:37:14.113960,AVAILABLE
90d4ab10-ab18-4667-bd75-37e5b379beae,e3bbe120-0a9b-4cd8-b137-17f5c377e253,b35df925-ba9e-4c1f-ae30-b292ad2c55bb,3e8ecc15-190b-4bcd-a7fd-92ec541c75f4,B211155,141,20,1187.57,2025-01-26,2027-01-06,41e5f347-011f-49c8-a809-9ebc6ef93e37,2026-08-11 15:37:14.114021,AVAILABLE
76cf3e2b-046c-4ced-b082-510eae7b1c01,e3bbe120-0a9b-4cd8-b137-17f5c377e253,b35df925-ba9e-4c1f-ae30-b292ad2c55bb,3e8ecc15-190b-4bcd-a7fd-92ec541c75f4,B130062,473,40,1008.53,2025-11-21,2027-06-21,301e3cd3-c948-49e9-add4-e8080a9fab7f,2026-06-14 15:37:14.114073,AVAILABLE
49506370-9d9a-4ef9-8e42-72c4fe4b4383,e3bbe120-0a9b-4cd8-b137-17f5c377e253,b35df925-ba9e-4c1f-ae30-b292ad2c55bb,4bd504ed-a1c0-48c9-bff0-b66723a5f08d,B181489,627,46,1116.18,2026-03-28,2027-10-31,1400ecad-7beb-4557-b782-a9b67dbfa3ea,2026-08-22 15:37:14.114121,AVAILABLE
cf198b8e-b24c-4c40-9e19-d3909d24b566,e3bbe120-0a9b-4cd8-b137-17f5c377e253,b35df925-ba9e-4c1f-ae30-b292ad2c55bb,4bd504ed-a1c0-48c9-bff0-b66723a5f08d,B343085,974,23,108.2,2026-11-05,2027-12-06,85ba89f5-0cbe-423d-9b09-8edf117efeb7,2026-06-16 15:37:14.114158,AVAILABLE
956012be-abc5-472a-8c44-8267922244f0,e3bbe120-0a9b-4cd8-b137-17f5c377e253,b35df925-ba9e-4c1f-ae30-b292ad2c55bb,4bd504ed-a1c0-48c9-bff0-b66723a5f08d,B902398,983,103,1783.15,2025-06-10,2027-04-04,301e3cd3-c948-49e9-add4-e8080a9fab7f,2026-05-31 15:37:14.114212,AVAILABLE
22f0038c-e09b-4658-aada-504e6d465e71,e3bbe120-0a9b-4cd8-b137-17f5c377e253,b35df925-ba9e-4c1f-ae30-b292ad2c55bb,3e98e5ab-52e7-4056-8353-5ac655247948,B641095,270,3,405.26,2026-08-21,2027-03-30,e692d4b3-4456-49eb-87f5-ee22fc6e4200,2026-06-25 15:37:14.114253,AVAILABLE
706e738e-9998-4a05-9e2a-f4795b11a894,e3bbe120-0a9b-4cd8-b137-17f5c377e253,b35df925-ba9e-4c1f-ae30-b292ad2c55bb,2f7de1c2-cb62-4261-83f5-d8323f438333,B412078,954,53,1278.94,2025-05-10,2027-04-27,e692d4b3-4456-49eb-87f5-ee22fc6e4200,2026-07-27 15:37:14.114302,AVAILABLE
cf6804af-ba4f-4808-b89a-b43b385a9c07,e3bbe120-0a9b-4cd8-b137-17f5c377e253,b35df925-ba9e-4c1f-ae30-b292ad2c55bb,0eecbfea-7628-487c-b590-fece2c687e7a,B403233,44,1,595.92,2025-07-24,2026-12-09,85ba89f5-0cbe-423d-9b09-8edf117efeb7,2026-08-29 15:37:14.114482,AVAILABLE
4467eeae-5ff7-4b0b-9688-7458af1c0d39,e3bbe120-0a9b-4cd8-b137-17f5c377e253,b35df925-ba9e-4c1f-ae30-b292ad2c55bb,99f2ef21-d83e-4cde-a73a-10b587a903a3,B848084,233,2,589.96,2025-05-26,2027-03-26,e692d4b3-4456-49eb-87f5-ee22fc6e4200,2026-07-05 15:37:14.114550,AVAILABLE
5acbc8e6-04f9-457e-ba83-410450107996,e3bbe120-0a9b-4cd8-b137-17f5c377e253,b35df925-ba9e-4c1f-ae30-b292ad2c55bb,8e15b3a9-915f-4bf0-84c7-182f335e062c,B565845,298,1,1170.24,2025-10-11,2027-04-07,e6d69402-090c-458e-ab40-7589f32bf4bf,2026-07-05 15:37:14.114593,AVAILABLE
e5e9c451-ea4b-4e26-bd2c-2ec1f208da3a,e3bbe120-0a9b-4cd8-b137-17f5c377e253,b35df925-ba9e-4c1f-ae30-b292ad2c55bb,f6dc8117-e75f-4920-a0cf-04c7bafc7542,B387517,575,30,413.77,2026-02-28,2027-04-20,e692d4b3-4456-49eb-87f5-ee22fc6e4200,2026-07-10 15:37:14.114908,AVAILABLE
66a8f08b-c548-49dd-b81a-c9d706c441b7,e3bbe120-0a9b-4cd8-b137-17f5c377e253,b35df925-ba9e-4c1f-ae30-b292ad2c55bb,f6dc8117-e75f-4920-a0cf-04c7bafc7542,B908705,45,4,202.82,2027-03-07,2028-02-27,41e5f347-011f-49c8-a809-9ebc6ef93e37,2026-09-26 15:37:14.115108,AVAILABLE
fc97d563-000e-4bc8-a765-a260af285903,e3bbe120-0a9b-4cd8-b137-17f5c377e253,b35df925-ba9e-4c1f-ae30-b292ad2c55bb,f6dc8117-e75f-4920-a0cf-04c7bafc7542,B533722,659,79,1687.66,2026-12-24,2028-01-22,8a3cc937-5d2e-4b04-b961-e6372fb37757,2026-04-19 15:37:14.115157,AVAILABLE
a10a572e-1b34-4431-b4f6-3054b75104b2,e3bbe120-0a9b-4cd8-b137-17f5c377e253,b35df925-ba9e-4c1f-ae30-b292ad2c55bb,6f12778d-43ca-4220-8b3b-11201ac91209,B337894,709,64,1133.72,2026-06-22,2027-05-17,43b13eff-affb-4e79-a137-2d676513f12b,2026-07-15 15:37:14.115202,AVAILABLE
267182b7-49ce-4389-aee6-3e61a2180dc0,e3bbe120-0a9b-4cd8-b137-17f5c377e253,b35df925-ba9e-4c1f-ae30-b292ad2c55bb,6f12778d-43ca-4220-8b3b-11201ac91209,B157376,976,30,284.72,2026-07-28,2027-03-20,1400ecad-7beb-4557-b782-a9b67dbfa3ea,2026-05-11 15:37:14.115248,AVAILABLE
f279bb51-5670-414d-8a71-fed3df76f1df,e3bbe120-0a9b-4cd8-b137-17f5c377e253,b35df925-ba9e-4c1f-ae30-b292ad2c55bb,6f12778d-43ca-4220-8b3b-11201ac91209,B112462,593,53,1705.87,2027-01-14,2028-02-19,b55d3c34-369b-4934-9015-9e38109b79f2,2026-05-21 15:37:14.115534,AVAILABLE
a4476f75-ac0b-41d7-837d-6c71c3d95888,e3bbe120-0a9b-4cd8-b137-17f5c377e253,b35df925-ba9e-4c1f-ae30-b292ad2c55bb,c2b13e9e-9865-4a6b-ba11-417dbd416417,B855497,701,50,1472.25,2026-11-08,2027-10-25,85ba89f5-0cbe-423d-9b09-8edf117efeb7,2026-05-27 15:37:14.115632,AVAILABLE
d787165a-472f-4493-899f-ac296fd35532,e3bbe120-0a9b-4cd8-b137-17f5c377e253,b35df925-ba9e-4c1f-ae30-b292ad2c55bb,c2b13e9e-9865-4a6b-ba11-417dbd416417,B827263,812,45,1346.79,2026-01-14,2027-12-28,85ba89f5-0cbe-423d-9b09-8edf117efeb7,2026-06-22 15:37:14.115693,AVAILABLE
fd6414be-cba7-41f5-9613-e62cad80e625,e3bbe120-0a9b-4cd8-b137-17f5c377e253,b35df925-ba9e-4c1f-ae30-b292ad2c55bb,9c06c388-c751-407e-9c97-3b46b1db5e7c,B765885,432,48,1595.26,2025-11-18,2027-09-27,b55d3c34-369b-4934-9015-9e38109b79f2,2026-09-29 15:37:14.115735,AVAILABLE
6aee6ee3-abc7-4766-9c86-71d2a442103d,e3bbe120-0a9b-4cd8-b137-17f5c377e253,b35df925-ba9e-4c1f-ae30-b292ad2c55bb,9c06c388-c751-407e-9c97-3b46b1db5e7c,B352261,108,9,1354.11,2026-12-26,2027-09-20,8a3cc937-5d2e-4b04-b961-e6372fb37757,2026-06-25 15:37:14.115773,AVAILABLE
336426a3-2469-4c49-b11c-301c22911fa8,e3bbe120-0a9b-4cd8-b137-17f5c377e253,b35df925-ba9e-4c1f-ae30-b292ad2c55bb,d039d8bd-44d3-44fc-a49f-83d1987d0b48,B595323,518,13,474.85,2026-06-12,2027-06-07,e6d69402-090c-458e-ab40-7589f32bf4bf,2026-04-27 15:37:14.115842,AVAILABLE
f88a9736-d89d-4bd0-a6e0-719a23eb6df6,e3bbe120-0a9b-4cd8-b137-17f5c377e253,b35df925-ba9e-4c1f-ae30-b292ad2c55bb,d039d8bd-44d3-44fc-a49f-83d1987d0b48,B144236,322,11,1303.74,2024-12-15,2026-11-21,41e5f347-011f-49c8-a809-9ebc6ef93e37,2026-06-27 15:37:14.116039,AVAILABLE
412698d5-d6ff-4ed3-bdd3-d8b9bce68f3f,e3bbe120-0a9b-4cd8-b137-17f5c377e253,b35df925-ba9e-4c1f-ae30-b292ad2c55bb,0c98fcbf-9121-467b-910d-10fcfbcd35b6,B679561,692,73,1630.74,2025-12-27,2027-10-14,e6d69402-090c-458e-ab40-7589f32bf4bf,2026-06-14 15:37:14.116088,AVAILABLE
95e46a89-4376-4cd5-a6f1-e02df3a70a32,e3bbe120-0a9b-4cd8-b137-17f5c377e253,b35df925-ba9e-4c1f-ae30-b292ad2c55bb,24d1b68c-2a5b-464e-bb4e-c1071b3b4f3d,B335894,285,21,991.01,2026-07-08,2028-01-21,85ba89f5-0cbe-423d-9b09-8edf117efeb7,2026-06-23 15:37:14.116129,AVAILABLE
139b123e-c251-4658-a7ad-c062681c31f0,e3bbe120-0a9b-4cd8-b137-17f5c377e253,b35df925-ba9e-4c1f-ae30-b292ad2c55bb,ebb48eae-a1ef-4da9-8ae1-b2f70e717661,B796505,777,84,1288.02,2025-05-16,2027-04-23,8a3cc937-5d2e-4b04-b961-e6372fb37757,2026-05-11 15:37:14.116168,AVAILABLE
47ae57d9-271f-44f1-9e9f-492692e05f8b,e3bbe120-0a9b-4cd8-b137-17f5c377e253,b35df925-ba9e-4c1f-ae30-b292ad2c55bb,ebb48eae-a1ef-4da9-8ae1-b2f70e717661,B635852,983,142,221.59,2026-04-13,2028-01-30,43b13eff-affb-4e79-a137-2d676513f12b,2026-07-23 15:37:14.116204,AVAILABLE
7bdabd42-40af-4471-a15f-a548ca7a486f,e3bbe120-0a9b-4cd8-b137-17f5c377e253,b35df925-ba9e-4c1f-ae30-b292ad2c55bb,ebb48eae-a1ef-4da9-8ae1-b2f70e717661,B529497,52,2,993.67,2027-02-12,2027-10-25,b55d3c34-369b-4934-9015-9e38109b79f2,2026-08-25 15:37:14.116241,AVAILABLE
886f8ca4-65b9-4730-8971-2cd6266f5f9a,e3bbe120-0a9b-4cd8-b137-17f5c377e253,b35df925-ba9e-4c1f-ae30-b292ad2c55bb,305d6d9c-7521-4f74-8c0d-0bf7d5af8dfd,B400739,369,31,717.62,2026-06-02,2027-03-03,43b13eff-affb-4e79-a137-2d676513f12b,2026-09-20 15:37:14.116436,AVAILABLE
a8126312-32b9-425c-a0c0-04ddd5847faf,e3bbe120-0a9b-4cd8-b137-17f5c377e253,b35df925-ba9e-4c1f-ae30-b292ad2c55bb,305d6d9c-7521-4f74-8c0d-0bf7d5af8dfd,B304891,573,14,1078.97,2026-11-09,2028-02-22,389d9f94-94f3-497d-9ad3-80b154c36b08,2026-06-28 15:37:14.116484,AVAILABLE
db52faf8-dee2-4cc8-b921-dc1111387d88,e3bbe120-0a9b-4cd8-b137-17f5c377e253,b35df925-ba9e-4c1f-ae30-b292ad2c55bb,305d6d9c-7521-4f74-8c0d-0bf7d5af8dfd,B902015,778,29,1712.59,2026-10-26,2027-11-05,85ba89f5-0cbe-423d-9b09-8edf117efeb7,2026-06-29 15:37:14.116524,AVAILABLE
a7b8b288-d843-431d-bf88-88748092d147,e3bbe120-0a9b-4cd8-b137-17f5c377e253,b35df925-ba9e-4c1f-ae30-b292ad2c55bb,2c10bfc8-d106-4422-b38f-e414215c8def,B838639,710,20,1416.58,2026-04-10,2026-10-08,8a3cc937-5d2e-4b04-b961-e6372fb37757,2026-06-17 15:37:14.116564,AVAILABLE
da870196-e031-4c98-ab75-1ae4dcf83f6e,e3bbe120-0a9b-4cd8-b137-17f5c377e253,b35df925-ba9e-4c1f-ae30-b292ad2c55bb,2c10bfc8-d106-4422-b38f-e414215c8def,B969020,62,2,1381.48,2026-03-27,2028-03-13,b55d3c34-369b-4934-9015-9e38109b79f2,2026-04-14 15:37:14.116655,AVAILABLE
4ec4caea-6746-4ab2-9823-4dcf19dbd858,e3bbe120-0a9b-4cd8-b137-17f5c377e253,b35df925-ba9e-4c1f-ae30-b292ad2c55bb,2c10bfc8-d106-4422-b38f-e414215c8def,B637970,208,1,17.29,2026-05-07,2027-09-07,301e3cd3-c948-49e9-add4-e8080a9fab7f,2026-04-24 15:37:14.116704,AVAILABLE
5f5733e1-dd0c-48d1-afcc-624dd99e94ec,e3bbe120-0a9b-4cd8-b137-17f5c377e253,b35df925-ba9e-4c1f-ae30-b292ad2c55bb,b699a59a-a0ec-49d9-b327-482e55347adf,B786865,272,21,1436.03,2025-01-01,2026-11-01,1400ecad-7beb-4557-b782-a9b67dbfa3ea,2026-05-10 15:37:14.116746,AVAILABLE
cd120b0b-6d5f-4bdf-87c7-0bf537613ab2,e3bbe120-0a9b-4cd8-b137-17f5c377e253,b35df925-ba9e-4c1f-ae30-b292ad2c55bb,13cd9912-56bb-4721-abb1-986f20a370cb,B452246,536,69,1337.75,2026-10-05,2027-11-04,8a3cc937-5d2e-4b04-b961-e6372fb37757,2026-09-22 15:37:14.116803,AVAILABLE
926975e6-05d0-432b-aa14-fb6bdb8f8e01,e3bbe120-0a9b-4cd8-b137-17f5c377e253,b35df925-ba9e-4c1f-ae30-b292ad2c55bb,13cd9912-56bb-4721-abb1-986f20a370cb,B638796,525,41,1603.17,2026-07-01,2028-02-05,e692d4b3-4456-49eb-87f5-ee22fc6e4200,2026-05-11 15:37:14.116847,AVAILABLE
9900f975-7309-4e9e-8b7c-343efbb7b707,e3bbe120-0a9b-4cd8-b137-17f5c377e253,b35df925-ba9e-4c1f-ae30-b292ad2c55bb,13cd9912-56bb-4721-abb1-986f20a370cb,B148461,136,0,954.7,2026-09-03,2027-12-17,301e3cd3-c948-49e9-add4-e8080a9fab7f,2026-04-26 15:37:14.116884,AVAILABLE
d47b68de-5468-48b1-8f5f-0f4828578f6a,e3bbe120-0a9b-4cd8-b137-17f5c377e253,f94a5088-6d05-4f73-9adb-3ba28d5e1028,1941089d-b192-4af2-b696-484fa9286d80,B325955,98,8,1620.25,2025-12-12,2027-08-21,301e3cd3-c948-49e9-add4-e8080a9fab7f,2026-06-22 15:37:14.117073,AVAILABLE
f689a4f3-a6c6-432f-9c5b-3f6fcf821665,e3bbe120-0a9b-4cd8-b137-17f5c377e253,f94a5088-6d05-4f73-9adb-3ba28d5e1028,24db962d-9a6b-4de6-982b-b719e504efb9,B510312,225,5,1129.64,2026-06-17,2027-02-18,1400ecad-7beb-4557-b782-a9b67dbfa3ea,2026-09-19 15:37:14.117209,AVAILABLE
d3beda45-7caf-4bdf-b007-c6eb18cf77af,e3bbe120-0a9b-4cd8-b137-17f5c377e253,f94a5088-6d05-4f73-9adb-3ba28d5e1028,2c10bfc8-d106-4422-b38f-e414215c8def,B898319,276,38,1191.04,2027-04-30,2027-11-06,1400ecad-7beb-4557-b782-a9b67dbfa3ea,2026-07-27 15:37:14.117358,AVAILABLE
87ec0c6d-50e0-4d3a-87e4-ca20264db701,e3bbe120-0a9b-4cd8-b137-17f5c377e253,f94a5088-6d05-4f73-9adb-3ba28d5e1028,2c10bfc8-d106-4422-b38f-e414215c8def,B308822,467,67,1732.52,2026-02-19,2026-11-09,b55d3c34-369b-4934-9015-9e38109b79f2,2026-08-10 15:37:14.117494,AVAILABLE
397629d7-3ca1-4d2c-b1f5-c33df457bec6,e3bbe120-0a9b-4cd8-b137-17f5c377e253,f94a5088-6d05-4f73-9adb-3ba28d5e1028,2c10bfc8-d106-4422-b38f-e414215c8def,B559009,428,18,1763.56,2026-03-29,2027-03-22,85ba89f5-0cbe-423d-9b09-8edf117efeb7,2026-07-04 15:37:14.117573,AVAILABLE
29c89f87-1db3-4094-b182-6e2da2f8bb9f,e3bbe120-0a9b-4cd8-b137-17f5c377e253,f94a5088-6d05-4f73-9adb-3ba28d5e1028,3e9b0bad-6728-4523-be87-a00adf0fff30,B135802,440,25,1543.26,2027-07-20,2028-03-23,389d9f94-94f3-497d-9ad3-80b154c36b08,2026-09-12 15:37:14.117718,AVAILABLE
765ca6b3-e4e6-4c95-8c17-e794432260a8,e3bbe120-0a9b-4cd8-b137-17f5c377e253,f94a5088-6d05-4f73-9adb-3ba28d5e1028,3e9b0bad-6728-4523-be87-a00adf0fff30,B376128,592,15,30.11,2027-01-26,2028-02-29,301e3cd3-c948-49e9-add4-e8080a9fab7f,2026-08-20 15:37:14.117771,AVAILABLE
ad1933ed-7be3-4ab8-a82e-f7a391780c07,e3bbe120-0a9b-4cd8-b137-17f5c377e253,f94a5088-6d05-4f73-9adb-3ba28d5e1028,58bf12e5-ee8a-4194-a34c-aa820079144d,B439091,395,48,1297.68,2025-07-23,2026-10-27,41e5f347-011f-49c8-a809-9ebc6ef93e37,2026-08-06 15:37:14.117942,AVAILABLE
c2cbc418-9a44-4147-af50-d221b15f5679,e3bbe120-0a9b-4cd8-b137-17f5c377e253,f94a5088-6d05-4f73-9adb-3ba28d5e1028,cbb4966e-7bea-4df2-82bc-5fcfe9617ff8,B183247,713,23,552.02,2025-04-10,2026-10-01,b55d3c34-369b-4934-9015-9e38109b79f2,2026-07-05 15:37:14.117994,EXPIRED
301de780-cd6e-4dfe-986d-bfc65928c057,e3bbe120-0a9b-4cd8-b137-17f5c377e253,f94a5088-6d05-4f73-9adb-3ba28d5e1028,cbb4966e-7bea-4df2-82bc-5fcfe9617ff8,B455164,800,27,1788.29,2025-12-06,2027-02-08,b55d3c34-369b-4934-9015-9e38109b79f2,2026-09-17 15:37:14.118036,AVAILABLE
fcac50b0-87aa-44ff-ad52-0493a101a8dd,e3bbe120-0a9b-4cd8-b137-17f5c377e253,f94a5088-6d05-4f73-9adb-3ba28d5e1028,a197882a-31bc-40ba-be53-5a7c2f5930f7,B828140,763,96,1432.49,2026-05-21,2028-03-06,85ba89f5-0cbe-423d-9b09-8edf117efeb7,2026-04-23 15:37:14.118258,AVAILABLE
dfeecf18-b169-408e-9385-640a132c68a9,e3bbe120-0a9b-4cd8-b137-17f5c377e253,f94a5088-6d05-4f73-9adb-3ba28d5e1028,a7d4d675-bb94-424a-b6e4-1709b9e91e6d,B251603,761,30,332.57,2026-03-30,2027-11-02,41e5f347-011f-49c8-a809-9ebc6ef93e37,2026-08-10 15:37:14.118324,AVAILABLE
b361d9ec-b664-4211-8cb3-8dc3c1cc33bc,e3bbe120-0a9b-4cd8-b137-17f5c377e253,f94a5088-6d05-4f73-9adb-3ba28d5e1028,a7d4d675-bb94-424a-b6e4-1709b9e91e6d,B741644,490,61,1386.11,2025-12-22,2027-04-25,41e5f347-011f-49c8-a809-9ebc6ef93e37,2026-06-08 15:37:14.118480,AVAILABLE
754873f2-25c4-4f2a-8ba9-1f5bf4e50f14,e3bbe120-0a9b-4cd8-b137-17f5c377e253,f94a5088-6d05-4f73-9adb-3ba28d5e1028,b3fa980f-96f4-474d-8999-454117e0d5d6,B530991,625,31,428.99,2025-06-24,2027-02-16,301e3cd3-c948-49e9-add4-e8080a9fab7f,2026-05-11 15:37:14.118539,AVAILABLE
421bb3f3-4116-4af2-a513-0617605670e0,e3bbe120-0a9b-4cd8-b137-17f5c377e253,f94a5088-6d05-4f73-9adb-3ba28d5e1028,ca8399a1-143e-4717-be95-7836c2f21dcb,B845898,270,2,492.77,2026-08-14,2027-12-15,b55d3c34-369b-4934-9015-9e38109b79f2,2026-09-29 15:37:14.118582,AVAILABLE
ec0b4169-1e4e-4920-932a-6a4b00f95b81,e3bbe120-0a9b-4cd8-b137-17f5c377e253,f94a5088-6d05-4f73-9adb-3ba28d5e1028,ca8399a1-143e-4717-be95-7836c2f21dcb,B982827,648,32,272.02,2026-11-05,2028-03-05,41e5f347-011f-49c8-a809-9ebc6ef93e37,2026-04-19 15:37:14.118777,AVAILABLE
7ee9f2fc-27e3-4111-82db-52305caa2237,e3bbe120-0a9b-4cd8-b137-17f5c377e253,f94a5088-6d05-4f73-9adb-3ba28d5e1028,0d430ec5-4d86-4820-8a2c-9a0885280906,B711201,709,56,1453.31,2026-03-30,2027-08-13,389d9f94-94f3-497d-9ad3-80b154c36b08,2026-06-25 15:37:14.119076,AVAILABLE
12b5a6e6-518e-4a99-a34e-9197ad7e63a4,e3bbe120-0a9b-4cd8-b137-17f5c377e253,f94a5088-6d05-4f73-9adb-3ba28d5e1028,0d430ec5-4d86-4820-8a2c-9a0885280906,B721022,453,15,1176.12,2025-09-08,2027-04-23,b55d3c34-369b-4934-9015-9e38109b79f2,2026-06-14 15:37:14.119130,AVAILABLE
39fc9ee6-e122-419a-88b5-e0b8a5527667,e3bbe120-0a9b-4cd8-b137-17f5c377e253,f94a5088-6d05-4f73-9adb-3ba28d5e1028,67ae158e-8140-49ce-b874-0acf92a800c2,B618842,956,41,1795.98,2025-05-24,2027-03-03,389d9f94-94f3-497d-9ad3-80b154c36b08,2026-08-12 15:37:14.119173,AVAILABLE
dff95f0f-395b-4bef-bd31-4b3d49a458c7,e3bbe120-0a9b-4cd8-b137-17f5c377e253,f94a5088-6d05-4f73-9adb-3ba28d5e1028,c51619a8-ba83-483f-9b52-064f926d96a2,B866132,847,38,815.37,2026-04-17,2027-06-04,43b13eff-affb-4e79-a137-2d676513f12b,2026-04-23 15:37:14.119213,AVAILABLE
8cde345b-afe7-4832-b0c2-0206bd52f1a5,e3bbe120-0a9b-4cd8-b137-17f5c377e253,f94a5088-6d05-4f73-9adb-3ba28d5e1028,c51619a8-ba83-483f-9b52-064f926d96a2,B480114,984,45,1220.78,2025-08-06,2026-12-04,1400ecad-7beb-4557-b782-a9b67dbfa3ea,2026-07-12 15:37:14.119251,AVAILABLE
a5439836-c0e2-4f99-b0ee-2eb5f747cbd9,e3bbe120-0a9b-4cd8-b137-17f5c377e253,f94a5088-6d05-4f73-9adb-3ba28d5e1028,c51619a8-ba83-483f-9b52-064f926d96a2,B740237,284,6,764.26,2026-02-03,2027-01-30,8a3cc937-5d2e-4b04-b961-e6372fb37757,2026-08-24 15:37:14.119287,AVAILABLE
ad7aaad0-4eb5-42ec-9ed5-d82eeae7f640,e3bbe120-0a9b-4cd8-b137-17f5c377e253,f94a5088-6d05-4f73-9adb-3ba28d5e1028,ec00005f-8d61-4b61-825c-d8c696ae49aa,B813023,112,12,616.02,2025-08-01,2027-05-03,b55d3c34-369b-4934-9015-9e38109b79f2,2026-05-24 15:37:14.119326,AVAILABLE
7c460c08-368d-4b5b-b6e1-069d99b7167d,e3bbe120-0a9b-4cd8-b137-17f5c377e253,f94a5088-6d05-4f73-9adb-3ba28d5e1028,ec00005f-8d61-4b61-825c-d8c696ae49aa,B376159,733,61,1324.59,2025-11-18,2027-04-06,301e3cd3-c948-49e9-add4-e8080a9fab7f,2026-04-12 15:37:14.119362,AVAILABLE
4594385d-afa2-4022-8a64-a760ee59ecef,e3bbe120-0a9b-4cd8-b137-17f5c377e253,f94a5088-6d05-4f73-9adb-3ba28d5e1028,ec00005f-8d61-4b61-825c-d8c696ae49aa,B918618,586,65,1541.61,2026-04-25,2028-01-01,389d9f94-94f3-497d-9ad3-80b154c36b08,2026-04-20 15:37:14.119933,AVAILABLE
da574503-d160-4213-82bf-d9782c1d6dee,e3bbe120-0a9b-4cd8-b137-17f5c377e253,f94a5088-6d05-4f73-9adb-3ba28d5e1028,378ef267-9155-41bc-a431-7c700c1731e3,B248913,142,12,813.14,2026-04-10,2027-01-08,e6d69402-090c-458e-ab40-7589f32bf4bf,2026-07-23 15:37:14.120024,AVAILABLE
86c24080-0ad4-4189-a6af-91360b535b5c,e3bbe120-0a9b-4cd8-b137-17f5c377e253,f94a5088-6d05-4f73-9adb-3ba28d5e1028,378ef267-9155-41bc-a431-7c700c1731e3,B938542,40,2,1294.54,2026-06-22,2027-12-09,1400ecad-7beb-4557-b782-a9b67dbfa3ea,2026-07-12 15:37:14.120073,AVAILABLE
2cd0f1df-acce-4d48-b823-95ed6ee66df1,e3bbe120-0a9b-4cd8-b137-17f5c377e253,9c8705d0-e1d2-4f7e-b2a8-2da9e93836db,13cd9912-56bb-4721-abb1-986f20a370cb,B160564,242,14,474.98,2025-10-30,2027-04-09,b55d3c34-369b-4934-9015-9e38109b79f2,2026-08-14 15:37:14.120210,AVAILABLE
9e9e5eb8-8bdd-42df-824b-9c6287925622,e3bbe120-0a9b-4cd8-b137-17f5c377e253,9c8705d0-e1d2-4f7e-b2a8-2da9e93836db,13cd9912-56bb-4721-abb1-986f20a370cb,B692955,572,45,493.39,2025-06-17,2026-12-22,e6d69402-090c-458e-ab40-7589f32bf4bf,2026-09-26 15:37:14.120254,AVAILABLE
21c327a5-ce38-4d2b-9bb2-19115a3fcb58,e3bbe120-0a9b-4cd8-b137-17f5c377e253,9c8705d0-e1d2-4f7e-b2a8-2da9e93836db,16d1b73f-8881-425f-82b2-7ab4974b08ef,B375959,800,15,1591.97,2025-05-31,2027-04-27,85ba89f5-0cbe-423d-9b09-8edf117efeb7,2026-06-03 15:37:14.120300,AVAILABLE
08862b88-bd2f-4542-9bf4-44a7e8cac065,e3bbe120-0a9b-4cd8-b137-17f5c377e253,9c8705d0-e1d2-4f7e-b2a8-2da9e93836db,16d1b73f-8881-425f-82b2-7ab4974b08ef,B181340,698,36,18.11,2026-11-14,2027-12-01,e6d69402-090c-458e-ab40-7589f32bf4bf,2026-04-15 15:37:14.120348,AVAILABLE
d758fe60-39a1-4cb8-93f9-859c1311e2e3,e3bbe120-0a9b-4cd8-b137-17f5c377e253,9c8705d0-e1d2-4f7e-b2a8-2da9e93836db,831a67ea-b75d-494e-8ba6-e91b1b1eae6e,B462095,997,81,80.62,2025-10-30,2027-08-25,1400ecad-7beb-4557-b782-a9b67dbfa3ea,2026-08-05 15:37:14.120542,AVAILABLE
b6dd7262-3001-49c0-8fcc-ef6cc349a3b5,e3bbe120-0a9b-4cd8-b137-17f5c377e253,9c8705d0-e1d2-4f7e-b2a8-2da9e93836db,831a67ea-b75d-494e-8ba6-e91b1b1eae6e,B562835,584,68,1188.47,2025-09-25,2027-09-03,43b13eff-affb-4e79-a137-2d676513f12b,2026-07-03 15:37:14.120592,AVAILABLE
64961393-9169-4ed8-90b7-2acdb757d60a,e3bbe120-0a9b-4cd8-b137-17f5c377e253,9c8705d0-e1d2-4f7e-b2a8-2da9e93836db,831a67ea-b75d-494e-8ba6-e91b1b1eae6e,B161436,871,90,1290.34,2026-02-07,2027-12-19,85ba89f5-0cbe-423d-9b09-8edf117efeb7,2026-09-04 15:37:14.120686,AVAILABLE
3dc83738-d834-4cce-9283-73949da9d4ac,e3bbe120-0a9b-4cd8-b137-17f5c377e253,9c8705d0-e1d2-4f7e-b2a8-2da9e93836db,6cbb6f57-d6cb-41b0-aca5-9ea4e8c5be47,B497455,229,17,251.04,2026-04-29,2027-02-09,e6d69402-090c-458e-ab40-7589f32bf4bf,2026-06-11 15:37:14.120816,AVAILABLE
9018b8cc-9c06-4dcd-a516-f2c498150e58,e3bbe120-0a9b-4cd8-b137-17f5c377e253,9c8705d0-e1d2-4f7e-b2a8-2da9e93836db,6b615b69-ae0e-4f1b-a6dc-2d69233addaa,B124200,739,35,351.81,2025-03-28,2026-11-20,41e5f347-011f-49c8-a809-9ebc6ef93e37,2026-04-19 15:37:14.120889,AVAILABLE
dfb63f7d-b38d-4945-b292-fdd011e88f81,e3bbe120-0a9b-4cd8-b137-17f5c377e253,9c8705d0-e1d2-4f7e-b2a8-2da9e93836db,6b615b69-ae0e-4f1b-a6dc-2d69233addaa,B299857,113,3,677.94,2025-07-24,2027-03-10,43b13eff-affb-4e79-a137-2d676513f12b,2026-06-25 15:37:14.121037,AVAILABLE
67d0b92d-1026-4066-9687-2f9d4ff8592e,e3bbe120-0a9b-4cd8-b137-17f5c377e253,9c8705d0-e1d2-4f7e-b2a8-2da9e93836db,6b615b69-ae0e-4f1b-a6dc-2d69233addaa,B428118,955,89,871.85,2026-11-13,2027-11-30,389d9f94-94f3-497d-9ad3-80b154c36b08,2026-04-20 15:37:14.121104,AVAILABLE
c0ea1f6a-ee71-46c7-a27e-b3440eb9467d,e3bbe120-0a9b-4cd8-b137-17f5c377e253,9c8705d0-e1d2-4f7e-b2a8-2da9e93836db,fdd23e22-960c-4a44-af67-60d832b98217,B516654,304,37,842.07,2025-05-09,2026-11-19,8a3cc937-5d2e-4b04-b961-e6372fb37757,2026-04-14 15:37:14.121149,AVAILABLE
1a54a3ce-2ec4-4fb9-9fef-214c4f8b15f4,e3bbe120-0a9b-4cd8-b137-17f5c377e253,9c8705d0-e1d2-4f7e-b2a8-2da9e93836db,fdd23e22-960c-4a44-af67-60d832b98217,B106992,881,103,1084.9,2026-02-28,2026-12-11,43b13eff-affb-4e79-a137-2d676513f12b,2026-07-04 15:37:14.121188,AVAILABLE
80ac18f4-e8ba-40b4-9983-9c3e4122e91d,e3bbe120-0a9b-4cd8-b137-17f5c377e253,9c8705d0-e1d2-4f7e-b2a8-2da9e93836db,27bdd8c0-778d-42ea-ae25-964ce81e391d,B868069,306,28,971.57,2026-02-10,2027-07-05,301e3cd3-c948-49e9-add4-e8080a9fab7f,2026-08-12 15:37:14.121226,AVAILABLE
51c35d81-55fa-426c-b10d-b2ad8ab31ddf,e3bbe120-0a9b-4cd8-b137-17f5c377e253,9c8705d0-e1d2-4f7e-b2a8-2da9e93836db,27bdd8c0-778d-42ea-ae25-964ce81e391d,B917236,406,43,99.31,2025-10-19,2027-05-29,389d9f94-94f3-497d-9ad3-80b154c36b08,2026-07-12 15:37:14.121476,AVAILABLE
8d77d4f0-e160-4b3e-aff7-78231b5b9a15,e3bbe120-0a9b-4cd8-b137-17f5c377e253,9c8705d0-e1d2-4f7e-b2a8-2da9e93836db,4fda6990-76da-4515-8f85-4b5ce64dd1ce,B288609,555,46,105.82,2027-08-13,2028-02-21,41e5f347-011f-49c8-a809-9ebc6ef93e37,2026-08-11 15:37:14.121557,AVAILABLE
a2b12f1c-1bc7-4d1b-9fca-7d0984d9a0c2,e3bbe120-0a9b-4cd8-b137-17f5c377e253,9c8705d0-e1d2-4f7e-b2a8-2da9e93836db,4fda6990-76da-4515-8f85-4b5ce64dd1ce,B427999,636,34,1549.16,2025-05-20,2027-03-23,e6d69402-090c-458e-ab40-7589f32bf4bf,2026-04-26 15:37:14.121686,AVAILABLE
2f0498eb-9384-4c76-8264-86f668f9e97d,e3bbe120-0a9b-4cd8-b137-17f5c377e253,9c8705d0-e1d2-4f7e-b2a8-2da9e93836db,4fda6990-76da-4515-8f85-4b5ce64dd1ce,B909204,40,4,1364.26,2026-05-28,2027-04-02,301e3cd3-c948-49e9-add4-e8080a9fab7f,2026-07-29 15:37:14.121818,AVAILABLE
9089b157-bd82-46de-b67b-b5c09be1362f,e3bbe120-0a9b-4cd8-b137-17f5c377e253,9c8705d0-e1d2-4f7e-b2a8-2da9e93836db,a7d4d675-bb94-424a-b6e4-1709b9e91e6d,B650942,543,60,1295.84,2027-02-27,2027-09-22,301e3cd3-c948-49e9-add4-e8080a9fab7f,2026-05-31 15:37:14.122000,AVAILABLE
9f4663c0-4223-4cfb-ac4f-ede95af0fd69,e3bbe120-0a9b-4cd8-b137-17f5c377e253,9c8705d0-e1d2-4f7e-b2a8-2da9e93836db,a7d4d675-bb94-424a-b6e4-1709b9e91e6d,B219454,774,108,1645.07,2025-12-17,2026-12-19,8a3cc937-5d2e-4b04-b961-e6372fb37757,2026-04-22 15:37:14.122068,AVAILABLE
363f6350-c30c-4605-85f4-2ed9e9d30ac2,e3bbe120-0a9b-4cd8-b137-17f5c377e253,9c8705d0-e1d2-4f7e-b2a8-2da9e93836db,6989db76-adcc-4a3d-b3c0-61fb496a0f5d,B878963,582,32,486.63,2026-06-17,2027-03-25,1400ecad-7beb-4557-b782-a9b67dbfa3ea,2026-05-12 15:37:14.122113,AVAILABLE
5f0f18f4-ec28-4a81-a3af-2f4ae7298355,e3bbe120-0a9b-4cd8-b137-17f5c377e253,9c8705d0-e1d2-4f7e-b2a8-2da9e93836db,ebb48eae-a1ef-4da9-8ae1-b2f70e717661,B681560,546,80,1239.2,2026-05-29,2026-12-12,301e3cd3-c948-49e9-add4-e8080a9fab7f,2026-06-19 15:37:14.122152,AVAILABLE
ca91d10c-37fd-4f96-8c23-86cc648d3514,e3bbe120-0a9b-4cd8-b137-17f5c377e253,9c8705d0-e1d2-4f7e-b2a8-2da9e93836db,ebb48eae-a1ef-4da9-8ae1-b2f70e717661,B678771,411,28,1190.17,2027-06-12,2028-02-08,389d9f94-94f3-497d-9ad3-80b154c36b08,2026-04-25 15:37:14.122189,AVAILABLE
08b8153d-9408-4dfe-b3f2-1bb1a5798621,e3bbe120-0a9b-4cd8-b137-17f5c377e253,9c8705d0-e1d2-4f7e-b2a8-2da9e93836db,ebb48eae-a1ef-4da9-8ae1-b2f70e717661,B578188,353,23,138.08,2025-10-04,2027-06-14,8a3cc937-5d2e-4b04-b961-e6372fb37757,2026-05-22 15:37:14.122227,AVAILABLE
6e2156ab-a6c2-4aa1-867b-93f7a12aefb8,e3bbe120-0a9b-4cd8-b137-17f5c377e253,9c8705d0-e1d2-4f7e-b2a8-2da9e93836db,2c10bfc8-d106-4422-b38f-e414215c8def,B307768,406,17,729.29,2025-12-03,2026-12-26,8a3cc937-5d2e-4b04-b961-e6372fb37757,2026-06-19 15:37:14.122264,AVAILABLE
6e474caf-c178-4f8a-b78a-ec2338c1b92f,e3bbe120-0a9b-4cd8-b137-17f5c377e253,9c8705d0-e1d2-4f7e-b2a8-2da9e93836db,419b95a7-17e5-4918-ad68-d58ee6b6e6f5,B255260,592,77,1747.73,2026-09-03,2027-03-14,e692d4b3-4456-49eb-87f5-ee22fc6e4200,2026-06-10 15:37:14.122302,AVAILABLE
ee7fa4a6-51f0-47b9-adef-e15a1771b87d,e3bbe120-0a9b-4cd8-b137-17f5c377e253,9c8705d0-e1d2-4f7e-b2a8-2da9e93836db,0073cc32-e309-402c-96aa-1fb03de469f1,B754654,66,3,1674.99,2026-06-29,2027-01-14,389d9f94-94f3-497d-9ad3-80b154c36b08,2026-05-30 15:37:14.122466,AVAILABLE
53df1988-bf75-4eb9-a1ff-e17944af5138,e3bbe120-0a9b-4cd8-b137-17f5c377e253,9c8705d0-e1d2-4f7e-b2a8-2da9e93836db,2c4e6d71-0152-4e82-9c16-bfc9c81ea55e,B971240,183,11,504.01,2025-10-29,2027-04-04,e692d4b3-4456-49eb-87f5-ee22fc6e4200,2026-06-25 15:37:14.122534,AVAILABLE
fb6b4b1e-92d9-4a4f-8777-4e1e24660b13,e3bbe120-0a9b-4cd8-b137-17f5c377e253,9c8705d0-e1d2-4f7e-b2a8-2da9e93836db,2c4e6d71-0152-4e82-9c16-bfc9c81ea55e,B897074,100,5,1187.08,2025-09-21,2027-01-18,b55d3c34-369b-4934-9015-9e38109b79f2,2026-04-24 15:37:14.122574,AVAILABLE
fb378e8f-5f5e-40b0-86b3-833cb45c0b64,e3bbe120-0a9b-4cd8-b137-17f5c377e253,67d7c42e-3283-4f46-b7d7-e88964f358f5,ca8399a1-143e-4717-be95-7836c2f21dcb,B241881,631,90,1039.12,2026-02-12,2026-10-13,e692d4b3-4456-49eb-87f5-ee22fc6e4200,2026-05-01 15:37:14.122750,AVAILABLE
eba4ee20-7bb5-4dfb-b8ab-62b88d961bb8,e3bbe120-0a9b-4cd8-b137-17f5c377e253,67d7c42e-3283-4f46-b7d7-e88964f358f5,957c588f-5e69-469f-b353-4b24fef25a65,B340093,714,29,1183.38,2027-04-13,2027-12-25,e6d69402-090c-458e-ab40-7589f32bf4bf,2026-07-14 15:37:14.122851,AVAILABLE
03767ec8-e1fb-49b4-a27e-fc3ef41a6575,e3bbe120-0a9b-4cd8-b137-17f5c377e253,67d7c42e-3283-4f46-b7d7-e88964f358f5,957c588f-5e69-469f-b353-4b24fef25a65,B742139,774,95,338.1,2026-01-03,2027-10-29,1400ecad-7beb-4557-b782-a9b67dbfa3ea,2026-09-21 15:37:14.123031,AVAILABLE
d6e8f67e-3733-4e4a-9316-99356ae2b09f,e3bbe120-0a9b-4cd8-b137-17f5c377e253,67d7c42e-3283-4f46-b7d7-e88964f358f5,3e6ecca3-9ad1-49a9-ad9a-5509b28de79d,B805176,838,114,1666.4,2025-10-04,2026-12-26,85ba89f5-0cbe-423d-9b09-8edf117efeb7,2026-09-30 15:37:14.123225,AVAILABLE
43f4699d-4802-4cee-b0e9-415505ff510c,e3bbe120-0a9b-4cd8-b137-17f5c377e253,67d7c42e-3283-4f46-b7d7-e88964f358f5,3e6ecca3-9ad1-49a9-ad9a-5509b28de79d,B582611,875,107,990.67,2026-07-15,2028-01-02,1400ecad-7beb-4557-b782-a9b67dbfa3ea,2026-09-26 15:37:14.123295,AVAILABLE
e135126b-d172-4e11-8239-6c6d166355dc,e3bbe120-0a9b-4cd8-b137-17f5c377e253,67d7c42e-3283-4f46-b7d7-e88964f358f5,3e6ecca3-9ad1-49a9-ad9a-5509b28de79d,B961496,959,61,636.13,2025-07-20,2026-11-05,b55d3c34-369b-4934-9015-9e38109b79f2,2026-06-19 15:37:14.123338,AVAILABLE
70356fc8-dd7b-4bd0-b654-3bc8fb6811f7,e3bbe120-0a9b-4cd8-b137-17f5c377e253,67d7c42e-3283-4f46-b7d7-e88964f358f5,6989db76-adcc-4a3d-b3c0-61fb496a0f5d,B285232,946,16,1423.06,2027-02-06,2027-09-07,e692d4b3-4456-49eb-87f5-ee22fc6e4200,2026-07-01 15:37:14.123380,AVAILABLE
3e832ddd-9ce7-4f48-88ed-5caa068c6fbf,e3bbe120-0a9b-4cd8-b137-17f5c377e253,67d7c42e-3283-4f46-b7d7-e88964f358f5,6989db76-adcc-4a3d-b3c0-61fb496a0f5d,B530776,145,4,475.37,2027-05-13,2027-11-27,85ba89f5-0cbe-423d-9b09-8edf117efeb7,2026-10-05 15:37:14.123417,AVAILABLE
a1e2293b-e69d-41fa-8540-501e331e6166,e3bbe120-0a9b-4cd8-b137-17f5c377e253,67d7c42e-3283-4f46-b7d7-e88964f358f5,3a19d3ca-1898-4db4-b347-55af1376c897,B764486,243,31,1617.64,2025-11-21,2027-01-20,b55d3c34-369b-4934-9015-9e38109b79f2,2026-06-13 15:37:14.123461,AVAILABLE
a5fbaaa1-a2a1-49a0-b6b7-516fc261935c,e3bbe120-0a9b-4cd8-b137-17f5c377e253,67d7c42e-3283-4f46-b7d7-e88964f358f5,2cd10b6d-063e-4f55-a0b6-37edb93b63a6,B278305,999,80,464.55,2026-01-06,2027-08-24,1400ecad-7beb-4557-b782-a9b67dbfa3ea,2026-08-11 15:37:14.123638,AVAILABLE
a68b5446-75b5-4df6-a78b-a833ab572c4d,e3bbe120-0a9b-4cd8-b137-17f5c377e253,67d7c42e-3283-4f46-b7d7-e88964f358f5,cf8bc62c-4d72-4142-8ab6-03524280a750,B587874,237,0,1727.24,2025-11-29,2027-07-06,e6d69402-090c-458e-ab40-7589f32bf4bf,2026-04-28 15:37:14.123697,AVAILABLE
ec46f356-d3f4-4d22-a1de-05085895efb9,e3bbe120-0a9b-4cd8-b137-17f5c377e253,67d7c42e-3283-4f46-b7d7-e88964f358f5,cf8bc62c-4d72-4142-8ab6-03524280a750,B290323,530,60,1329.18,2026-01-20,2027-08-15,301e3cd3-c948-49e9-add4-e8080a9fab7f,2026-09-09 15:37:14.123744,AVAILABLE
c5876f78-bfa0-4e26-8b6a-d212365ec735,e3bbe120-0a9b-4cd8-b137-17f5c377e253,67d7c42e-3283-4f46-b7d7-e88964f358f5,cf8bc62c-4d72-4142-8ab6-03524280a750,B692373,631,79,377.32,2026-12-20,2027-08-19,389d9f94-94f3-497d-9ad3-80b154c36b08,2026-06-03 15:37:14.123880,AVAILABLE
bc6435c9-0ecb-443b-8ba3-2d1d54226208,e3bbe120-0a9b-4cd8-b137-17f5c377e253,67d7c42e-3283-4f46-b7d7-e88964f358f5,c5533566-0e57-4058-9e8f-cc921a574da9,B237505,114,3,514.69,2026-05-25,2027-01-17,43b13eff-affb-4e79-a137-2d676513f12b,2026-07-11 15:37:14.123925,AVAILABLE
9dbd747d-4092-4000-b539-ec8b610c5f00,e3bbe120-0a9b-4cd8-b137-17f5c377e253,67d7c42e-3283-4f46-b7d7-e88964f358f5,c5533566-0e57-4058-9e8f-cc921a574da9,B540605,753,112,297.45,2026-03-12,2026-12-17,b55d3c34-369b-4934-9015-9e38109b79f2,2026-06-22 15:37:14.123965,AVAILABLE
72934b18-5bfd-4a9a-bdc7-59bd55d5a009,e3bbe120-0a9b-4cd8-b137-17f5c377e253,67d7c42e-3283-4f46-b7d7-e88964f358f5,b3fa980f-96f4-474d-8999-454117e0d5d6,B849255,934,90,1290.16,2026-09-14,2028-02-20,1400ecad-7beb-4557-b782-a9b67dbfa3ea,2026-05-03 15:37:14.124010,AVAILABLE
f86a5d50-f3a0-494b-bfcf-a67195dfcf9e,e3bbe120-0a9b-4cd8-b137-17f5c377e253,67d7c42e-3283-4f46-b7d7-e88964f358f5,b3fa980f-96f4-474d-8999-454117e0d5d6,B490733,437,5,649.09,2026-02-08,2026-09-28,85ba89f5-0cbe-423d-9b09-8edf117efeb7,2026-07-24 15:37:14.124069,EXPIRED
58cb5e51-805e-4c06-9725-3880dc6722ac,e3bbe120-0a9b-4cd8-b137-17f5c377e253,67d7c42e-3283-4f46-b7d7-e88964f358f5,b3fa980f-96f4-474d-8999-454117e0d5d6,B892049,400,49,1287.39,2026-07-17,2028-02-13,1400ecad-7beb-4557-b782-a9b67dbfa3ea,2026-06-01 15:37:14.124109,AVAILABLE
9b2ae039-bcb8-4ddc-81cc-e71777246330,e3bbe120-0a9b-4cd8-b137-17f5c377e253,67d7c42e-3283-4f46-b7d7-e88964f358f5,a197882a-31bc-40ba-be53-5a7c2f5930f7,B781239,660,36,855.05,2026-05-29,2027-11-06,b55d3c34-369b-4934-9015-9e38109b79f2,2026-07-12 15:37:14.124146,AVAILABLE
9a917114-b717-4d01-95a5-11a1a017a99b,e3bbe120-0a9b-4cd8-b137-17f5c377e253,67d7c42e-3283-4f46-b7d7-e88964f358f5,ebb48eae-a1ef-4da9-8ae1-b2f70e717661,B382749,645,40,1088.9,2025-07-07,2027-02-03,41e5f347-011f-49c8-a809-9ebc6ef93e37,2026-08-18 15:37:14.124184,AVAILABLE
32cee526-46fd-467e-b317-ff54df96a772,e3bbe120-0a9b-4cd8-b137-17f5c377e253,67d7c42e-3283-4f46-b7d7-e88964f358f5,ebb48eae-a1ef-4da9-8ae1-b2f70e717661,B758046,513,62,211.41,2026-07-12,2027-07-18,43b13eff-affb-4e79-a137-2d676513f12b,2026-07-02 15:37:14.124220,AVAILABLE
0958c9d8-e262-4478-9dd5-0251038a4610,e3bbe120-0a9b-4cd8-b137-17f5c377e253,67d7c42e-3283-4f46-b7d7-e88964f358f5,220f964e-a351-4ad0-827e-502f5ded939c,B766520,580,78,1715.39,2026-06-11,2026-12-28,b55d3c34-369b-4934-9015-9e38109b79f2,2026-10-07 15:37:14.124259,AVAILABLE
6943c7ab-ed18-4e8c-8dc6-8addc45d028f,e3bbe120-0a9b-4cd8-b137-17f5c377e253,67d7c42e-3283-4f46-b7d7-e88964f358f5,220f964e-a351-4ad0-827e-502f5ded939c,B108715,228,26,1079.76,2027-01-02,2027-10-06,b55d3c34-369b-4934-9015-9e38109b79f2,2026-09-06 15:37:14.124293,AVAILABLE
e04feee3-8903-4b3c-b3aa-b4971cd132f8,e3bbe120-0a9b-4cd8-b137-17f5c377e253,67d7c42e-3283-4f46-b7d7-e88964f358f5,b699a59a-a0ec-49d9-b327-482e55347adf,B418127,376,25,702.05,2026-10-23,2027-12-18,e6d69402-090c-458e-ab40-7589f32bf4bf,2026-09-30 15:37:14.124330,AVAILABLE
174b730d-505d-4cfb-a7a2-2c8da9679029,e3bbe120-0a9b-4cd8-b137-17f5c377e253,67d7c42e-3283-4f46-b7d7-e88964f358f5,b699a59a-a0ec-49d9-b327-482e55347adf,B347125,451,28,1635.74,2026-03-08,2027-06-16,e6d69402-090c-458e-ab40-7589f32bf4bf,2026-08-21 15:37:14.124365,AVAILABLE
6581d3dd-2187-4767-a258-4f9688259b3b,e3bbe120-0a9b-4cd8-b137-17f5c377e253,67d7c42e-3283-4f46-b7d7-e88964f358f5,b699a59a-a0ec-49d9-b327-482e55347adf,B595113,42,4,534.12,2027-07-17,2028-02-13,8a3cc937-5d2e-4b04-b961-e6372fb37757,2026-07-29 15:37:14.124400,AVAILABLE
49422f3a-9eb4-4695-b9bd-7381b8e8add4,e3bbe120-0a9b-4cd8-b137-17f5c377e253,67d7c42e-3283-4f46-b7d7-e88964f358f5,9c021848-0377-486f-a048-370334cce953,B521950,39,0,1705.14,2027-04-13,2028-01-04,e692d4b3-4456-49eb-87f5-ee22fc6e4200,2026-04-12 15:37:14.124438,AVAILABLE
7daa2f0c-1856-4fa0-aa97-3db24ad971a1,e3bbe120-0a9b-4cd8-b137-17f5c377e253,67d7c42e-3283-4f46-b7d7-e88964f358f5,9d6f82ea-a6c1-4ee5-bd74-c517ba546a27,B197315,107,14,1340.85,2026-01-09,2027-11-20,b55d3c34-369b-4934-9015-9e38109b79f2,2026-05-31 15:37:14.124475,AVAILABLE
74958b7b-a642-4b3a-a092-44c244fb7fc1,e3bbe120-0a9b-4cd8-b137-17f5c377e253,86170553-3fde-426d-9613-2a9e7eb4d848,b3fa980f-96f4-474d-8999-454117e0d5d6,B728466,677,72,926.36,2026-04-03,2026-10-25,389d9f94-94f3-497d-9ad3-80b154c36b08,2026-07-16 15:37:14.124627,AVAILABLE
ac83dd9d-cd75-4240-b1e8-03631b0e66b8,e3bbe120-0a9b-4cd8-b137-17f5c377e253,86170553-3fde-426d-9613-2a9e7eb4d848,70745aec-f24f-4b18-807e-6adb80d01ba0,B659794,375,3,638.42,2027-08-04,2028-02-10,301e3cd3-c948-49e9-add4-e8080a9fab7f,2026-07-17 15:37:14.124694,AVAILABLE
eeecb74d-9488-4935-8f24-7624ea4dba68,e3bbe120-0a9b-4cd8-b137-17f5c377e253,86170553-3fde-426d-9613-2a9e7eb4d848,70745aec-f24f-4b18-807e-6adb80d01ba0,B363044,183,6,1406.68,2027-05-18,2028-02-24,43b13eff-affb-4e79-a137-2d676513f12b,2026-05-22 15:37:14.124907,AVAILABLE
dab6d754-6911-4f77-8408-a9ae60ef7b99,e3bbe120-0a9b-4cd8-b137-17f5c377e253,86170553-3fde-426d-9613-2a9e7eb4d848,70745aec-f24f-4b18-807e-6adb80d01ba0,B910219,395,6,164.14,2027-01-25,2027-10-25,85ba89f5-0cbe-423d-9b09-8edf117efeb7,2026-07-29 15:37:14.125321,AVAILABLE
bd421f13-5e40-4a8c-bd11-7274df9648ee,e3bbe120-0a9b-4cd8-b137-17f5c377e253,86170553-3fde-426d-9613-2a9e7eb4d848,0eecbfea-7628-487c-b590-fece2c687e7a,B400271,272,39,917.45,2025-10-22,2026-10-18,389d9f94-94f3-497d-9ad3-80b154c36b08,2026-09-18 15:37:14.125404,AVAILABLE
cff8390c-cb41-4a67-9c67-b479c36bd6d5,e3bbe120-0a9b-4cd8-b137-17f5c377e253,86170553-3fde-426d-9613-2a9e7eb4d848,0eecbfea-7628-487c-b590-fece2c687e7a,B341270,217,30,695.32,2026-02-12,2026-12-03,43b13eff-affb-4e79-a137-2d676513f12b,2026-08-23 15:37:14.125453,AVAILABLE
628ce0c0-a2c3-4b87-85e3-8f67748bae34,e3bbe120-0a9b-4cd8-b137-17f5c377e253,86170553-3fde-426d-9613-2a9e7eb4d848,0eecbfea-7628-487c-b590-fece2c687e7a,B595708,488,22,961.25,2027-04-26,2028-03-17,301e3cd3-c948-49e9-add4-e8080a9fab7f,2026-08-18 15:37:14.125735,AVAILABLE
77912a59-7b84-4412-8f46-bcadd5b9b3ea,e3bbe120-0a9b-4cd8-b137-17f5c377e253,86170553-3fde-426d-9613-2a9e7eb4d848,24bad869-7045-4954-b58f-10edc0407e69,B384844,27,2,542.61,2025-12-15,2027-10-03,43b13eff-affb-4e79-a137-2d676513f12b,2026-08-29 15:37:14.125888,AVAILABLE
16301d60-00b1-4069-8efe-441931eba978,e3bbe120-0a9b-4cd8-b137-17f5c377e253,86170553-3fde-426d-9613-2a9e7eb4d848,3e9b0bad-6728-4523-be87-a00adf0fff30,B927577,878,39,584.23,2026-05-11,2027-10-07,389d9f94-94f3-497d-9ad3-80b154c36b08,2026-08-22 15:37:14.125971,AVAILABLE
10155ba9-1924-476d-a97b-de48c70a1bc1,e3bbe120-0a9b-4cd8-b137-17f5c377e253,86170553-3fde-426d-9613-2a9e7eb4d848,3e9b0bad-6728-4523-be87-a00adf0fff30,B922631,884,38,223.6,2027-07-07,2028-01-31,e692d4b3-4456-49eb-87f5-ee22fc6e4200,2026-09-22 15:37:14.126017,AVAILABLE
b8f5a8e6-bb06-486e-aa8b-ec9493bfca1f,e3bbe120-0a9b-4cd8-b137-17f5c377e253,86170553-3fde-426d-9613-2a9e7eb4d848,d6c64038-55ae-44a3-863b-be781e1a4649,B943379,886,84,1631.88,2027-09-03,2028-03-20,e692d4b3-4456-49eb-87f5-ee22fc6e4200,2026-04-16 15:37:14.126202,AVAILABLE
d34d5577-1290-4741-bd9d-3fdbbd1081e4,e3bbe120-0a9b-4cd8-b137-17f5c377e253,86170553-3fde-426d-9613-2a9e7eb4d848,b699a59a-a0ec-49d9-b327-482e55347adf,B954929,148,1,651.83,2027-03-16,2027-09-18,301e3cd3-c948-49e9-add4-e8080a9fab7f,2026-04-25 15:37:14.126255,AVAILABLE
28e1ae77-9161-44c0-a13f-6a861940a3a6,e3bbe120-0a9b-4cd8-b137-17f5c377e253,86170553-3fde-426d-9613-2a9e7eb4d848,be0b42c5-6bfe-48dc-8f33-e20d29d25a48,B689702,904,2,665.61,2027-01-03,2027-07-17,1400ecad-7beb-4557-b782-a9b67dbfa3ea,2026-08-22 15:37:14.126299,AVAILABLE
7ec80c41-b97c-4324-abfb-302b59a95ba9,e3bbe120-0a9b-4cd8-b137-17f5c377e253,86170553-3fde-426d-9613-2a9e7eb4d848,be0b42c5-6bfe-48dc-8f33-e20d29d25a48,B613651,849,100,1001.59,2027-01-14,2027-10-07,41e5f347-011f-49c8-a809-9ebc6ef93e37,2026-08-01 15:37:14.126338,AVAILABLE
44c53146-85e2-48b6-a920-7f74016aceeb,e3bbe120-0a9b-4cd8-b137-17f5c377e253,86170553-3fde-426d-9613-2a9e7eb4d848,be0b42c5-6bfe-48dc-8f33-e20d29d25a48,B640284,162,15,795.37,2024-10-19,2026-10-07,301e3cd3-c948-49e9-add4-e8080a9fab7f,2026-08-02 15:37:14.126377,EXPIRED
6aedc7a3-6d62-4ec9-bb76-cd8a9aee2b05,e3bbe120-0a9b-4cd8-b137-17f5c377e253,86170553-3fde-426d-9613-2a9e7eb4d848,f1b95f47-94a2-4979-a411-02444c727d3e,B839071,923,112,1112.23,2026-03-18,2028-02-07,389d9f94-94f3-497d-9ad3-80b154c36b08,2026-06-11 15:37:14.126417,AVAILABLE
c842b073-832a-473c-a299-05ae8752a6af,e3bbe120-0a9b-4cd8-b137-17f5c377e253,86170553-3fde-426d-9613-2a9e7eb4d848,f1b95f47-94a2-4979-a411-02444c727d3e,B733334,530,32,1083.2,2026-08-21,2027-03-08,41e5f347-011f-49c8-a809-9ebc6ef93e37,2026-09-19 15:37:14.126556,AVAILABLE
55a8596b-d01f-45ee-a4ea-e697e9f16e8b,e3bbe120-0a9b-4cd8-b137-17f5c377e253,86170553-3fde-426d-9613-2a9e7eb4d848,0d430ec5-4d86-4820-8a2c-9a0885280906,B475823,522,70,1774.26,2025-06-10,2026-10-12,43b13eff-affb-4e79-a137-2d676513f12b,2026-05-21 15:37:14.126669,AVAILABLE
e3e02d80-8fcb-4dad-a9d7-fc480b79fd56,e3bbe120-0a9b-4cd8-b137-17f5c377e253,86170553-3fde-426d-9613-2a9e7eb4d848,0d430ec5-4d86-4820-8a2c-9a0885280906,B457321,83,11,1384.89,2025-12-20,2026-12-09,301e3cd3-c948-49e9-add4-e8080a9fab7f,2026-05-28 15:37:14.126720,AVAILABLE
8a55d029-16e3-4e93-a10f-d99d7871d339,e3bbe120-0a9b-4cd8-b137-17f5c377e253,86170553-3fde-426d-9613-2a9e7eb4d848,0d430ec5-4d86-4820-8a2c-9a0885280906,B443933,674,40,1457.61,2025-10-09,2026-11-17,b55d3c34-369b-4934-9015-9e38109b79f2,2026-08-16 15:37:14.126761,AVAILABLE
f2d599cb-20bd-4781-904f-d5103e8f5f21,e3bbe120-0a9b-4cd8-b137-17f5c377e253,86170553-3fde-426d-9613-2a9e7eb4d848,522740d6-f3db-4ac1-a547-6b62598fe57f,B753586,198,25,581.23,2026-10-19,2027-10-08,8a3cc937-5d2e-4b04-b961-e6372fb37757,2026-07-18 15:37:14.126840,AVAILABLE
12582021-20af-415d-8300-89e8af6e22e6,e3bbe120-0a9b-4cd8-b137-17f5c377e253,86170553-3fde-426d-9613-2a9e7eb4d848,522740d6-f3db-4ac1-a547-6b62598fe57f,B224255,684,42,106.96,2026-02-24,2026-11-21,41e5f347-011f-49c8-a809-9ebc6ef93e37,2026-07-03 15:37:14.126888,AVAILABLE
9810ef05-a7ce-4ffa-96d7-9700ac60a637,e3bbe120-0a9b-4cd8-b137-17f5c377e253,86170553-3fde-426d-9613-2a9e7eb4d848,2c10bfc8-d106-4422-b38f-e414215c8def,B442705,67,5,1265.92,2026-06-13,2028-03-06,41e5f347-011f-49c8-a809-9ebc6ef93e37,2026-05-02 15:37:14.127271,AVAILABLE
b70c6f62-2215-4fdf-98d5-a3f242ea55b5,e3bbe120-0a9b-4cd8-b137-17f5c377e253,86170553-3fde-426d-9613-2a9e7eb4d848,2c10bfc8-d106-4422-b38f-e414215c8def,B424895,585,0,898.48,2027-01-05,2027-09-04,8a3cc937-5d2e-4b04-b961-e6372fb37757,2026-04-21 15:37:14.127705,AVAILABLE
b528a9ea-b5ac-4ab5-9d2d-8dea6dfbd23a,e3bbe120-0a9b-4cd8-b137-17f5c377e253,86170553-3fde-426d-9613-2a9e7eb4d848,2c10bfc8-d106-4422-b38f-e414215c8def,B538634,581,2,1647.64,2026-07-10,2027-07-26,301e3cd3-c948-49e9-add4-e8080a9fab7f,2026-08-10 15:37:14.127890,AVAILABLE
5dbf31b4-e789-4751-8289-6e12519857ae,e3bbe120-0a9b-4cd8-b137-17f5c377e253,86170553-3fde-426d-9613-2a9e7eb4d848,a197882a-31bc-40ba-be53-5a7c2f5930f7,B724812,740,28,122.29,2026-10-19,2027-10-19,b55d3c34-369b-4934-9015-9e38109b79f2,2026-04-15 15:37:14.128032,AVAILABLE
bbed296b-ce24-4cec-ac42-43a330303054,e3bbe120-0a9b-4cd8-b137-17f5c377e253,86170553-3fde-426d-9613-2a9e7eb4d848,a197882a-31bc-40ba-be53-5a7c2f5930f7,B730230,971,119,406.62,2026-02-04,2027-03-18,e6d69402-090c-458e-ab40-7589f32bf4bf,2026-04-16 15:37:14.128115,AVAILABLE
2a24a559-fcf6-4aec-81b3-16842178a964,e3bbe120-0a9b-4cd8-b137-17f5c377e253,86170553-3fde-426d-9613-2a9e7eb4d848,24856ba7-ab81-4f22-985e-e30a3b9397cb,B286125,229,27,1399.32,2025-10-31,2027-06-14,1400ecad-7beb-4557-b782-a9b67dbfa3ea,2026-09-12 15:37:14.128338,AVAILABLE
65eccbd7-11dd-48a7-b90e-dba22ecb9b8f,e3bbe120-0a9b-4cd8-b137-17f5c377e253,86170553-3fde-426d-9613-2a9e7eb4d848,67f10774-4e14-4f09-90b6-00a732111449,B480437,782,116,1180.09,2026-01-16,2027-07-25,41e5f347-011f-49c8-a809-9ebc6ef93e37,2026-07-14 15:37:14.128403,AVAILABLE
712fc779-26d2-40cf-84eb-91820d8e3601,e3bbe120-0a9b-4cd8-b137-17f5c377e253,86170553-3fde-426d-9613-2a9e7eb4d848,67f10774-4e14-4f09-90b6-00a732111449,B505785,613,70,667.2,2025-10-31,2026-12-12,43b13eff-affb-4e79-a137-2d676513f12b,2026-06-15 15:37:14.128510,AVAILABLE
3e5b911d-e7fb-4771-a2c0-cda0c6c67514,e3bbe120-0a9b-4cd8-b137-17f5c377e253,11935e10-e2a1-4fcc-8d9e-d393f734dadd,1b0a2521-7dda-4bed-8313-954689f28c33,B850962,700,52,1214.41,2025-04-16,2026-10-06,b55d3c34-369b-4934-9015-9e38109b79f2,2026-07-27 15:37:14.128709,EXPIRED
806ca231-088f-42da-b2ae-8dcf6b520d3e,e3bbe120-0a9b-4cd8-b137-17f5c377e253,11935e10-e2a1-4fcc-8d9e-d393f734dadd,1b0a2521-7dda-4bed-8313-954689f28c33,B128545,64,4,739.77,2025-05-20,2027-04-15,85ba89f5-0cbe-423d-9b09-8edf117efeb7,2026-07-29 15:37:14.129161,AVAILABLE
c647f1f6-352f-4298-8b71-4f96027b54df,e3bbe120-0a9b-4cd8-b137-17f5c377e253,11935e10-e2a1-4fcc-8d9e-d393f734dadd,1b0a2521-7dda-4bed-8313-954689f28c33,B625725,313,14,1495.81,2026-04-19,2027-02-07,1400ecad-7beb-4557-b782-a9b67dbfa3ea,2026-08-26 15:37:14.129284,AVAILABLE
e13089bc-0bda-409f-9afd-b8443dc798a5,e3bbe120-0a9b-4cd8-b137-17f5c377e253,11935e10-e2a1-4fcc-8d9e-d393f734dadd,85b186aa-f3a1-45ba-8d0c-349f8a13c3d4,B138490,176,14,1159.0,2026-11-29,2028-03-08,301e3cd3-c948-49e9-add4-e8080a9fab7f,2026-07-23 15:37:14.129366,AVAILABLE
c797612a-f2b6-4884-bfd0-eaf1dd2b5dfa,e3bbe120-0a9b-4cd8-b137-17f5c377e253,11935e10-e2a1-4fcc-8d9e-d393f734dadd,85b186aa-f3a1-45ba-8d0c-349f8a13c3d4,B275318,519,36,676.47,2027-02-20,2027-11-24,b55d3c34-369b-4934-9015-9e38109b79f2,2026-06-10 15:37:14.129420,AVAILABLE
fc9c498c-df92-442c-b623-6eb9825139bf,e3bbe120-0a9b-4cd8-b137-17f5c377e253,11935e10-e2a1-4fcc-8d9e-d393f734dadd,3e9b0bad-6728-4523-be87-a00adf0fff30,B801406,383,24,430.5,2026-08-01,2027-05-22,85ba89f5-0cbe-423d-9b09-8edf117efeb7,2026-05-24 15:37:14.129467,AVAILABLE
25c0f689-8b60-4593-9dea-f9fe062e226f,e3bbe120-0a9b-4cd8-b137-17f5c377e253,11935e10-e2a1-4fcc-8d9e-d393f734dadd,f1b95f47-94a2-4979-a411-02444c727d3e,B301109,549,63,792.52,2025-01-17,2026-10-07,e692d4b3-4456-49eb-87f5-ee22fc6e4200,2026-09-02 15:37:14.129511,EXPIRED
ffe9b1a8-5ab6-4976-a46b-a461e571e144,e3bbe120-0a9b-4cd8-b137-17f5c377e253,11935e10-e2a1-4fcc-8d9e-d393f734dadd,24db962d-9a6b-4de6-982b-b719e504efb9,B151102,271,16,1543.05,2026-02-21,2028-01-15,b55d3c34-369b-4934-9015-9e38109b79f2,2026-04-29 15:37:14.129554,AVAILABLE
ea4db3be-99fa-4548-919a-4dfe31048d1f,e3bbe120-0a9b-4cd8-b137-17f5c377e253,11935e10-e2a1-4fcc-8d9e-d393f734dadd,24db962d-9a6b-4de6-982b-b719e504efb9,B339354,385,34,280.45,2025-04-04,2026-11-27,43b13eff-affb-4e79-a137-2d676513f12b,2026-05-08 15:37:14.129625,AVAILABLE
80f34fff-3e8d-41a4-9eda-0774888aed31,e3bbe120-0a9b-4cd8-b137-17f5c377e253,11935e10-e2a1-4fcc-8d9e-d393f734dadd,9d6f82ea-a6c1-4ee5-bd74-c517ba546a27,B658066,347,42,718.84,2026-02-08,2026-12-15,e6d69402-090c-458e-ab40-7589f32bf4bf,2026-05-28 15:37:14.129726,AVAILABLE
b59a5d91-c426-4c5f-abba-81ef292d89f9,e3bbe120-0a9b-4cd8-b137-17f5c377e253,11935e10-e2a1-4fcc-8d9e-d393f734dadd,9d6f82ea-a6c1-4ee5-bd74-c517ba546a27,B328813,451,29,917.78,2026-02-06,2026-09-23,8a3cc937-5d2e-4b04-b961-e6372fb37757,2026-07-18 15:37:14.129777,EXPIRED
ea0e7f61-d4cb-4182-bcc2-c08e44ae44ce,e3bbe120-0a9b-4cd8-b137-17f5c377e253,11935e10-e2a1-4fcc-8d9e-d393f734dadd,27bdd8c0-778d-42ea-ae25-964ce81e391d,B919765,664,78,1052.35,2027-06-21,2027-12-20,e6d69402-090c-458e-ab40-7589f32bf4bf,2026-05-07 15:37:14.129822,AVAILABLE
6fe9c680-f0b2-4040-a8f9-1c2c1ae857ac,e3bbe120-0a9b-4cd8-b137-17f5c377e253,11935e10-e2a1-4fcc-8d9e-d393f734dadd,27bdd8c0-778d-42ea-ae25-964ce81e391d,B359046,24,2,1543.47,2026-01-14,2027-09-15,85ba89f5-0cbe-423d-9b09-8edf117efeb7,2026-09-03 15:37:14.129863,AVAILABLE
2b033210-a468-4369-b016-762470aa7d6a,e3bbe120-0a9b-4cd8-b137-17f5c377e253,11935e10-e2a1-4fcc-8d9e-d393f734dadd,c5533566-0e57-4058-9e8f-cc921a574da9,B929923,851,116,223.83,2026-07-03,2027-08-16,e6d69402-090c-458e-ab40-7589f32bf4bf,2026-10-02 15:37:14.129922,AVAILABLE
256bf787-22cc-4e9f-bdf5-86d428eecd24,e3bbe120-0a9b-4cd8-b137-17f5c377e253,11935e10-e2a1-4fcc-8d9e-d393f734dadd,c5533566-0e57-4058-9e8f-cc921a574da9,B508916,360,18,1696.19,2025-11-02,2027-03-02,8a3cc937-5d2e-4b04-b961-e6372fb37757,2026-08-23 15:37:14.129988,AVAILABLE
719fb85f-a7f3-4f27-a5c0-30624260840b,e3bbe120-0a9b-4cd8-b137-17f5c377e253,11935e10-e2a1-4fcc-8d9e-d393f734dadd,c5533566-0e57-4058-9e8f-cc921a574da9,B530120,295,0,1311.78,2026-04-30,2027-10-04,1400ecad-7beb-4557-b782-a9b67dbfa3ea,2026-08-01 15:37:14.130033,AVAILABLE
c40b733a-14e2-42de-b751-883126d5371e,e3bbe120-0a9b-4cd8-b137-17f5c377e253,11935e10-e2a1-4fcc-8d9e-d393f734dadd,c51619a8-ba83-483f-9b52-064f926d96a2,B722275,942,7,173.99,2026-07-21,2028-03-18,301e3cd3-c948-49e9-add4-e8080a9fab7f,2026-06-08 15:37:14.130090,AVAILABLE
232e6070-59c8-45ed-b1e9-be6a6cf4abfd,e3bbe120-0a9b-4cd8-b137-17f5c377e253,11935e10-e2a1-4fcc-8d9e-d393f734dadd,e5b7da92-602a-4a8f-9b36-3acfc3414ba7,B891204,690,20,1573.56,2026-01-26,2027-03-12,43b13eff-affb-4e79-a137-2d676513f12b,2026-09-01 15:37:14.130154,AVAILABLE
daa1fc71-769e-46b4-a386-70a7ed9400a3,e3bbe120-0a9b-4cd8-b137-17f5c377e253,11935e10-e2a1-4fcc-8d9e-d393f734dadd,e5b7da92-602a-4a8f-9b36-3acfc3414ba7,B169607,712,31,912.81,2025-11-27,2027-07-12,41e5f347-011f-49c8-a809-9ebc6ef93e37,2026-08-29 15:37:14.130196,AVAILABLE
51455293-763d-4c90-98ca-96337cae91a2,e3bbe120-0a9b-4cd8-b137-17f5c377e253,11935e10-e2a1-4fcc-8d9e-d393f734dadd,e5b7da92-602a-4a8f-9b36-3acfc3414ba7,B871548,391,40,1525.13,2025-03-12,2027-02-11,43b13eff-affb-4e79-a137-2d676513f12b,2026-07-03 15:37:14.130233,AVAILABLE
c8a51d25-b265-47fb-99ec-bc8cef27cfb8,e3bbe120-0a9b-4cd8-b137-17f5c377e253,11935e10-e2a1-4fcc-8d9e-d393f734dadd,305d6d9c-7521-4f74-8c0d-0bf7d5af8dfd,B741591,375,28,324.91,2025-05-30,2027-02-02,e692d4b3-4456-49eb-87f5-ee22fc6e4200,2026-05-06 15:37:14.130271,AVAILABLE
e382a4a9-c875-4a47-ae2b-014f76731490,e3bbe120-0a9b-4cd8-b137-17f5c377e253,11935e10-e2a1-4fcc-8d9e-d393f734dadd,305d6d9c-7521-4f74-8c0d-0bf7d5af8dfd,B761797,174,6,1577.79,2027-02-17,2027-09-10,b55d3c34-369b-4934-9015-9e38109b79f2,2026-09-21 15:37:14.130307,AVAILABLE
8994cad9-5edb-4786-829e-0082479f57b1,e3bbe120-0a9b-4cd8-b137-17f5c377e253,11935e10-e2a1-4fcc-8d9e-d393f734dadd,305d6d9c-7521-4f74-8c0d-0bf7d5af8dfd,B275607,968,116,642.66,2025-08-13,2027-02-20,e692d4b3-4456-49eb-87f5-ee22fc6e4200,2026-09-18 15:37:14.130343,AVAILABLE
417e4e8e-80fc-4a11-b780-49049bee1d1e,e3bbe120-0a9b-4cd8-b137-17f5c377e253,11935e10-e2a1-4fcc-8d9e-d393f734dadd,8e15b3a9-915f-4bf0-84c7-182f335e062c,B568983,692,35,1701.58,2026-03-21,2027-11-12,41e5f347-011f-49c8-a809-9ebc6ef93e37,2026-10-02 15:37:14.130381,AVAILABLE
95d953b3-bb94-4c3a-a90a-e176ea7655ab,e3bbe120-0a9b-4cd8-b137-17f5c377e253,11935e10-e2a1-4fcc-8d9e-d393f734dadd,220f964e-a351-4ad0-827e-502f5ded939c,B629907,864,90,457.22,2025-03-30,2026-12-05,e6d69402-090c-458e-ab40-7589f32bf4bf,2026-07-02 15:37:14.130418,AVAILABLE
2e99dbfd-fa4b-41da-a3fc-e5840541b2e9,e3bbe120-0a9b-4cd8-b137-17f5c377e253,11935e10-e2a1-4fcc-8d9e-d393f734dadd,220f964e-a351-4ad0-827e-502f5ded939c,B598679,29,2,1751.27,2025-09-17,2027-03-18,e692d4b3-4456-49eb-87f5-ee22fc6e4200,2026-06-03 15:37:14.130452,AVAILABLE
497993c1-8af5-47d8-b7fd-a7aae5386476,e3bbe120-0a9b-4cd8-b137-17f5c377e253,11935e10-e2a1-4fcc-8d9e-d393f734dadd,220f964e-a351-4ad0-827e-502f5ded939c,B620234,628,29,461.49,2026-05-18,2027-09-17,41e5f347-011f-49c8-a809-9ebc6ef93e37,2026-06-21 15:37:14.130492,AVAILABLE
49370e90-fbb3-4f35-b0c1-543fe4cffba7,e3bbe120-0a9b-4cd8-b137-17f5c377e253,11935e10-e2a1-4fcc-8d9e-d393f734dadd,fda2f8a3-95ba-4f42-97f3-dbce57a916f1,B496119,794,95,340.83,2027-06-02,2028-02-16,1400ecad-7beb-4557-b782-a9b67dbfa3ea,2026-04-17 15:37:14.130532,AVAILABLE
c7981442-3345-42f0-b0e3-ff468dbd5803,e3bbe120-0a9b-4cd8-b137-17f5c377e253,11935e10-e2a1-4fcc-8d9e-d393f734dadd,d2219992-909f-48be-967e-2e3f1c3ddfa9,B181106,373,38,1089.69,2026-08-18,2027-10-08,b55d3c34-369b-4934-9015-9e38109b79f2,2026-08-23 15:37:14.130568,AVAILABLE
c60dadf0-f4a8-4e15-9956-4d57d466314b,e3bbe120-0a9b-4cd8-b137-17f5c377e253,11935e10-e2a1-4fcc-8d9e-d393f734dadd,d2219992-909f-48be-967e-2e3f1c3ddfa9,B746883,270,30,594.35,2025-04-06,2027-02-14,389d9f94-94f3-497d-9ad3-80b154c36b08,2026-07-28 15:37:14.130874,AVAILABLE
776b40a7-fb3e-48da-8bbb-020d3e5b2919,e3bbe120-0a9b-4cd8-b137-17f5c377e253,1e6220fc-015e-423b-aeaa-e360e53fc160,ca8399a1-143e-4717-be95-7836c2f21dcb,B318005,305,38,1336.22,2025-06-03,2027-01-10,43b13eff-affb-4e79-a137-2d676513f12b,2026-05-05 15:37:14.131317,AVAILABLE
7b07e044-9fe3-44e0-9c68-006eb15d73ca,e3bbe120-0a9b-4cd8-b137-17f5c377e253,1e6220fc-015e-423b-aeaa-e360e53fc160,c037d58f-eb63-482e-81f7-b1f739423cdf,B907304,144,16,839.67,2026-07-24,2027-10-16,b55d3c34-369b-4934-9015-9e38109b79f2,2026-10-04 15:37:14.131722,AVAILABLE
d52efa22-99da-4cfa-8def-ce9b590702ce,e3bbe120-0a9b-4cd8-b137-17f5c377e253,1e6220fc-015e-423b-aeaa-e360e53fc160,dee6b134-5f4e-4d83-8133-35e34f0b48e8,B629889,845,87,67.9,2025-01-18,2027-01-03,301e3cd3-c948-49e9-add4-e8080a9fab7f,2026-04-12 15:37:14.131797,AVAILABLE
e6b44a94-aa16-4711-9cc2-ccee77d78cc3,e3bbe120-0a9b-4cd8-b137-17f5c377e253,1e6220fc-015e-423b-aeaa-e360e53fc160,dee6b134-5f4e-4d83-8133-35e34f0b48e8,B175151,848,68,229.67,2026-07-31,2027-02-15,43b13eff-affb-4e79-a137-2d676513f12b,2026-09-29 15:37:14.131849,AVAILABLE
449cad51-6eb9-4375-b8b7-3359e75d27aa,e3bbe120-0a9b-4cd8-b137-17f5c377e253,1e6220fc-015e-423b-aeaa-e360e53fc160,dee6b134-5f4e-4d83-8133-35e34f0b48e8,B973464,57,8,497.87,2026-09-29,2027-11-28,301e3cd3-c948-49e9-add4-e8080a9fab7f,2026-09-19 15:37:14.131892,AVAILABLE
5eae4fdf-d13e-492c-b2b3-caa82d53f29c,e3bbe120-0a9b-4cd8-b137-17f5c377e253,1e6220fc-015e-423b-aeaa-e360e53fc160,1b0a2521-7dda-4bed-8313-954689f28c33,B178127,714,38,542.08,2027-04-08,2027-11-06,b55d3c34-369b-4934-9015-9e38109b79f2,2026-08-29 15:37:14.131933,AVAILABLE
a5b8cae9-937a-4484-8254-14791d26040f,e3bbe120-0a9b-4cd8-b137-17f5c377e253,1e6220fc-015e-423b-aeaa-e360e53fc160,9c06c388-c751-407e-9c97-3b46b1db5e7c,B693186,481,38,1640.11,2026-09-06,2027-10-19,1400ecad-7beb-4557-b782-a9b67dbfa3ea,2026-06-05 15:37:14.131973,AVAILABLE
0e88f613-a0bf-44de-a981-2dca56713ba9,e3bbe120-0a9b-4cd8-b137-17f5c377e253,1e6220fc-015e-423b-aeaa-e360e53fc160,0eecbfea-7628-487c-b590-fece2c687e7a,B806080,395,34,140.68,2026-08-24,2028-02-09,8a3cc937-5d2e-4b04-b961-e6372fb37757,2026-04-19 15:37:14.132013,AVAILABLE
2dd2f5f9-783f-4f18-b459-6eeb60f7726b,e3bbe120-0a9b-4cd8-b137-17f5c377e253,1e6220fc-015e-423b-aeaa-e360e53fc160,6b615b69-ae0e-4f1b-a6dc-2d69233addaa,B423074,370,34,1701.74,2026-02-13,2027-03-11,43b13eff-affb-4e79-a137-2d676513f12b,2026-07-10 15:37:14.132053,AVAILABLE
4c0a8501-4172-47a9-91b1-e88a2304f129,e3bbe120-0a9b-4cd8-b137-17f5c377e253,1e6220fc-015e-423b-aeaa-e360e53fc160,6b615b69-ae0e-4f1b-a6dc-2d69233addaa,B268831,366,33,1493.35,2027-08-29,2028-03-05,e6d69402-090c-458e-ab40-7589f32bf4bf,2026-09-09 15:37:14.132091,AVAILABLE
ae399ee1-bdb5-4ab9-a864-4aa81367dbe0,e3bbe120-0a9b-4cd8-b137-17f5c377e253,1e6220fc-015e-423b-aeaa-e360e53fc160,6b615b69-ae0e-4f1b-a6dc-2d69233addaa,B986281,945,19,744.39,2026-02-23,2027-04-12,389d9f94-94f3-497d-9ad3-80b154c36b08,2026-04-26 15:37:14.132127,AVAILABLE
a55ee253-be05-448d-b9f3-3619a99adea5,e3bbe120-0a9b-4cd8-b137-17f5c377e253,1e6220fc-015e-423b-aeaa-e360e53fc160,522740d6-f3db-4ac1-a547-6b62598fe57f,B747874,980,7,1674.14,2026-02-12,2027-12-01,b55d3c34-369b-4934-9015-9e38109b79f2,2026-07-23 15:37:14.132174,AVAILABLE
36ba87ea-1f51-4fae-a69c-55d60e01d0be,e3bbe120-0a9b-4cd8-b137-17f5c377e253,1e6220fc-015e-423b-aeaa-e360e53fc160,522740d6-f3db-4ac1-a547-6b62598fe57f,B707275,658,80,1040.05,2026-07-10,2027-08-06,301e3cd3-c948-49e9-add4-e8080a9fab7f,2026-05-09 15:37:14.132353,AVAILABLE
d0a432e1-1c38-4e84-a476-9371830257bc,e3bbe120-0a9b-4cd8-b137-17f5c377e253,1e6220fc-015e-423b-aeaa-e360e53fc160,522740d6-f3db-4ac1-a547-6b62598fe57f,B356657,209,13,16.51,2026-01-31,2026-11-06,85ba89f5-0cbe-423d-9b09-8edf117efeb7,2026-06-05 15:37:14.132403,AVAILABLE
e83db788-2742-4935-a0ff-84a520a187bb,e3bbe120-0a9b-4cd8-b137-17f5c377e253,1e6220fc-015e-423b-aeaa-e360e53fc160,ebb48eae-a1ef-4da9-8ae1-b2f70e717661,B601568,91,0,313.79,2026-04-21,2027-03-06,43b13eff-affb-4e79-a137-2d676513f12b,2026-09-28 15:37:14.132721,AVAILABLE
e0035451-7bb5-43d0-85af-b0768f2f2a46,e3bbe120-0a9b-4cd8-b137-17f5c377e253,1e6220fc-015e-423b-aeaa-e360e53fc160,ebb48eae-a1ef-4da9-8ae1-b2f70e717661,B293249,156,5,392.96,2026-07-28,2027-03-11,43b13eff-affb-4e79-a137-2d676513f12b,2026-04-16 15:37:14.133149,AVAILABLE
a2ec84ff-a3a5-48aa-ae96-f51b2b835390,e3bbe120-0a9b-4cd8-b137-17f5c377e253,1e6220fc-015e-423b-aeaa-e360e53fc160,ebb48eae-a1ef-4da9-8ae1-b2f70e717661,B426435,734,75,928.5,2025-09-28,2026-12-25,e6d69402-090c-458e-ab40-7589f32bf4bf,2026-09-13 15:37:14.133221,AVAILABLE
f087f748-1780-4555-a052-e97114ce3c7b,e3bbe120-0a9b-4cd8-b137-17f5c377e253,1e6220fc-015e-423b-aeaa-e360e53fc160,fda2f8a3-95ba-4f42-97f3-dbce57a916f1,B110552,934,40,1628.55,2026-09-29,2027-11-06,41e5f347-011f-49c8-a809-9ebc6ef93e37,2026-06-12 15:37:14.133401,AVAILABLE
b5705a0b-29c9-426b-b504-a61f2780e226,e3bbe120-0a9b-4cd8-b137-17f5c377e253,1e6220fc-015e-423b-aeaa-e360e53fc160,a7d4d675-bb94-424a-b6e4-1709b9e91e6d,B898060,297,2,1509.12,2025-12-18,2027-08-29,43b13eff-affb-4e79-a137-2d676513f12b,2026-08-01 15:37:14.133567,AVAILABLE
e4adb971-1dea-4fb3-b699-81fd084dc210,e3bbe120-0a9b-4cd8-b137-17f5c377e253,1e6220fc-015e-423b-aeaa-e360e53fc160,a7d4d675-bb94-424a-b6e4-1709b9e91e6d,B330715,437,6,1694.4,2025-09-26,2027-04-10,1400ecad-7beb-4557-b782-a9b67dbfa3ea,2026-08-17 15:37:14.133669,AVAILABLE
1c5d54f8-b9a5-4bf0-83be-7d674cbb3e47,e3bbe120-0a9b-4cd8-b137-17f5c377e253,1e6220fc-015e-423b-aeaa-e360e53fc160,a7d4d675-bb94-424a-b6e4-1709b9e91e6d,B721995,296,31,296.1,2026-06-01,2027-02-13,389d9f94-94f3-497d-9ad3-80b154c36b08,2026-06-08 15:37:14.133726,AVAILABLE
c41344e0-5807-4f4f-9360-5004418745d7,e3bbe120-0a9b-4cd8-b137-17f5c377e253,1e6220fc-015e-423b-aeaa-e360e53fc160,ea61edd3-7fbd-4c08-b312-d866041879c2,B832431,851,5,1149.49,2026-12-25,2027-08-09,85ba89f5-0cbe-423d-9b09-8edf117efeb7,2026-09-11 15:37:14.133770,AVAILABLE
a244aeb9-5e13-46ff-b355-0a0f3ecb0ecc,e3bbe120-0a9b-4cd8-b137-17f5c377e253,1e6220fc-015e-423b-aeaa-e360e53fc160,ea61edd3-7fbd-4c08-b312-d866041879c2,B742690,534,62,1619.96,2026-12-17,2027-06-22,389d9f94-94f3-497d-9ad3-80b154c36b08,2026-05-10 15:37:14.133808,AVAILABLE
6fae5544-c094-4309-9274-746c3fb80e79,e3bbe120-0a9b-4cd8-b137-17f5c377e253,1e6220fc-015e-423b-aeaa-e360e53fc160,0073cc32-e309-402c-96aa-1fb03de469f1,B912785,427,28,721.84,2027-06-22,2028-03-07,389d9f94-94f3-497d-9ad3-80b154c36b08,2026-07-18 15:37:14.133847,AVAILABLE
241f40b7-39be-4b01-860c-e0d50825c0ec,e3bbe120-0a9b-4cd8-b137-17f5c377e253,1e6220fc-015e-423b-aeaa-e360e53fc160,0073cc32-e309-402c-96aa-1fb03de469f1,B975551,411,47,369.96,2026-06-09,2028-02-19,41e5f347-011f-49c8-a809-9ebc6ef93e37,2026-06-11 15:37:14.133885,AVAILABLE
0f1c3026-3ac2-479f-9062-5f0bbebd41c9,e3bbe120-0a9b-4cd8-b137-17f5c377e253,1e6220fc-015e-423b-aeaa-e360e53fc160,01d77a5e-a466-4d48-b24b-31edb500e5fa,B529485,672,56,1699.88,2026-04-03,2028-01-05,85ba89f5-0cbe-423d-9b09-8edf117efeb7,2026-09-21 15:37:14.133930,AVAILABLE
1d592b17-c6bd-4887-83d7-0137e0744a0a,e3bbe120-0a9b-4cd8-b137-17f5c377e253,1e6220fc-015e-423b-aeaa-e360e53fc160,01d77a5e-a466-4d48-b24b-31edb500e5fa,B571446,866,44,250.5,2026-08-30,2027-03-27,e692d4b3-4456-49eb-87f5-ee22fc6e4200,2026-07-14 15:37:14.133968,AVAILABLE
6f5e629b-08e3-48b2-8320-56f894fff435,e3bbe120-0a9b-4cd8-b137-17f5c377e253,1e6220fc-015e-423b-aeaa-e360e53fc160,01d77a5e-a466-4d48-b24b-31edb500e5fa,B697981,247,20,1616.73,2025-02-16,2027-01-11,41e5f347-011f-49c8-a809-9ebc6ef93e37,2026-08-19 15:37:14.134005,AVAILABLE
5e4eb5d8-8fef-43ac-bc70-8c366a50b914,e3bbe120-0a9b-4cd8-b137-17f5c377e253,1e6220fc-015e-423b-aeaa-e360e53fc160,2c4e6d71-0152-4e82-9c16-bfc9c81ea55e,B798088,805,84,985.52,2025-12-14,2026-10-07,389d9f94-94f3-497d-9ad3-80b154c36b08,2026-07-27 15:37:14.134044,EXPIRED
fdfd19e5-3cc8-407d-a9e5-33e97d6d1e16,e3bbe120-0a9b-4cd8-b137-17f5c377e253,1e6220fc-015e-423b-aeaa-e360e53fc160,2c4e6d71-0152-4e82-9c16-bfc9c81ea55e,B629112,165,23,1297.72,2027-05-21,2028-01-02,43b13eff-affb-4e79-a137-2d676513f12b,2026-09-19 15:37:14.134081,AVAILABLE
b496a3f9-9765-4e03-97ec-78b45ff3baa9,e3bbe120-0a9b-4cd8-b137-17f5c377e253,fcc94dd3-4d95-4c0d-bff7-de301508935b,063be93d-6835-4b65-a8a1-c36e83278d83,B632563,867,76,661.78,2027-06-26,2028-03-09,e6d69402-090c-458e-ab40-7589f32bf4bf,2026-05-17 15:37:14.134214,AVAILABLE
b047b51d-425d-401e-8b8a-c8feee61c8b7,e3bbe120-0a9b-4cd8-b137-17f5c377e253,fcc94dd3-4d95-4c0d-bff7-de301508935b,c037d58f-eb63-482e-81f7-b1f739423cdf,B733469,21,1,889.82,2025-08-25,2027-06-03,41e5f347-011f-49c8-a809-9ebc6ef93e37,2026-09-23 15:37:14.134274,AVAILABLE
ed20cfc9-c88e-4a7f-baf8-29af83ef27bc,e3bbe120-0a9b-4cd8-b137-17f5c377e253,fcc94dd3-4d95-4c0d-bff7-de301508935b,33e37cdb-690b-4dd6-aa0b-3e189bf6bc51,B253303,576,35,1513.76,2026-03-14,2027-12-31,e692d4b3-4456-49eb-87f5-ee22fc6e4200,2026-07-24 15:37:14.134319,AVAILABLE
cb4c6904-8f61-4102-8112-b2d74337be63,e3bbe120-0a9b-4cd8-b137-17f5c377e253,fcc94dd3-4d95-4c0d-bff7-de301508935b,97a16fda-9cba-4dc2-8770-0b5104c507d2,B713144,225,33,992.91,2026-05-11,2027-11-28,e692d4b3-4456-49eb-87f5-ee22fc6e4200,2026-06-06 15:37:14.134359,AVAILABLE
1cdd3b2a-4e2f-468d-99f1-7d1cec01ddc7,e3bbe120-0a9b-4cd8-b137-17f5c377e253,fcc94dd3-4d95-4c0d-bff7-de301508935b,97a16fda-9cba-4dc2-8770-0b5104c507d2,B446077,405,55,1267.88,2026-06-30,2028-02-05,8a3cc937-5d2e-4b04-b961-e6372fb37757,2026-04-23 15:37:14.134397,AVAILABLE
ac6ceb66-6a21-457f-ab07-0e75ba3918e0,e3bbe120-0a9b-4cd8-b137-17f5c377e253,fcc94dd3-4d95-4c0d-bff7-de301508935b,97a16fda-9cba-4dc2-8770-0b5104c507d2,B130630,596,27,1279.65,2025-05-25,2026-09-28,e6d69402-090c-458e-ab40-7589f32bf4bf,2026-05-03 15:37:14.134434,EXPIRED
818c3947-edbf-4d20-9016-d841b8960372,e3bbe120-0a9b-4cd8-b137-17f5c377e253,fcc94dd3-4d95-4c0d-bff7-de301508935b,3e9b0bad-6728-4523-be87-a00adf0fff30,B309735,173,14,1362.64,2026-07-26,2027-09-16,41e5f347-011f-49c8-a809-9ebc6ef93e37,2026-08-02 15:37:14.134473,AVAILABLE
aa534722-7bd5-469a-8322-d29a080cec44,e3bbe120-0a9b-4cd8-b137-17f5c377e253,fcc94dd3-4d95-4c0d-bff7-de301508935b,a7d4d675-bb94-424a-b6e4-1709b9e91e6d,B500606,144,2,1764.93,2025-09-06,2026-10-13,301e3cd3-c948-49e9-add4-e8080a9fab7f,2026-07-24 15:37:14.134511,AVAILABLE
25875d58-1c59-4796-8163-d04e11aeaa1c,e3bbe120-0a9b-4cd8-b137-17f5c377e253,fcc94dd3-4d95-4c0d-bff7-de301508935b,f1b95f47-94a2-4979-a411-02444c727d3e,B304378,974,65,1772.57,2026-11-26,2027-07-16,e692d4b3-4456-49eb-87f5-ee22fc6e4200,2026-05-26 15:37:14.134549,AVAILABLE
861664c7-b5f9-4ce7-a322-f6ece42d8f74,e3bbe120-0a9b-4cd8-b137-17f5c377e253,fcc94dd3-4d95-4c0d-bff7-de301508935b,8e15b3a9-915f-4bf0-84c7-182f335e062c,B566558,257,38,385.2,2026-01-05,2027-12-14,43b13eff-affb-4e79-a137-2d676513f12b,2026-06-19 15:37:14.134586,AVAILABLE
9d001088-72e9-4eb6-856f-3eb41fed2894,e3bbe120-0a9b-4cd8-b137-17f5c377e253,fcc94dd3-4d95-4c0d-bff7-de301508935b,dee6b134-5f4e-4d83-8133-35e34f0b48e8,B619696,655,12,1475.04,2025-01-12,2026-11-04,41e5f347-011f-49c8-a809-9ebc6ef93e37,2026-08-31 15:37:14.134662,AVAILABLE
cd3f0f58-af65-4867-b96c-5f26e9049b1a,e3bbe120-0a9b-4cd8-b137-17f5c377e253,fcc94dd3-4d95-4c0d-bff7-de301508935b,9c06c388-c751-407e-9c97-3b46b1db5e7c,B310898,473,24,124.66,2026-12-16,2027-08-08,1400ecad-7beb-4557-b782-a9b67dbfa3ea,2026-08-21 15:37:14.134703,AVAILABLE
0cc9ef33-f613-4d4f-aa65-6f5a0a9a146b,e3bbe120-0a9b-4cd8-b137-17f5c377e253,fcc94dd3-4d95-4c0d-bff7-de301508935b,1640337f-9614-4c3f-bda8-20c0eb4c6bce,B140142,451,58,146.8,2026-07-04,2028-03-25,e6d69402-090c-458e-ab40-7589f32bf4bf,2026-08-06 15:37:14.134761,AVAILABLE
783c056d-01df-41c1-8884-7af32fb0483b,e3bbe120-0a9b-4cd8-b137-17f5c377e253,fcc94dd3-4d95-4c0d-bff7-de301508935b,1640337f-9614-4c3f-bda8-20c0eb4c6bce,B938398,240,7,329.99,2026-04-02,2027-05-31,8a3cc937-5d2e-4b04-b961-e6372fb37757,2026-10-01 15:37:14.134850,AVAILABLE
2fbbc51c-3b12-4e69-8991-b065e2a2d225,e3bbe120-0a9b-4cd8-b137-17f5c377e253,fcc94dd3-4d95-4c0d-bff7-de301508935b,1640337f-9614-4c3f-bda8-20c0eb4c6bce,B729262,241,0,473.85,2025-12-05,2027-10-30,389d9f94-94f3-497d-9ad3-80b154c36b08,2026-09-03 15:37:14.134905,AVAILABLE
fc47c9cc-1835-4d5f-bdbb-c39508d077e5,e3bbe120-0a9b-4cd8-b137-17f5c377e253,fcc94dd3-4d95-4c0d-bff7-de301508935b,43110ae2-2c0b-4654-936a-72afad56219d,B601302,610,23,1704.23,2026-05-07,2027-04-11,1400ecad-7beb-4557-b782-a9b67dbfa3ea,2026-05-30 15:37:14.134961,AVAILABLE
929a9bda-6eb4-4b88-b2d3-2bd80eb357b5,e3bbe120-0a9b-4cd8-b137-17f5c377e253,fcc94dd3-4d95-4c0d-bff7-de301508935b,43110ae2-2c0b-4654-936a-72afad56219d,B765666,144,12,605.39,2026-04-05,2028-02-20,85ba89f5-0cbe-423d-9b09-8edf117efeb7,2026-07-28 15:37:14.135200,AVAILABLE
cb73dc0a-9e3b-426f-93bd-7e235826ff4d,e3bbe120-0a9b-4cd8-b137-17f5c377e253,fcc94dd3-4d95-4c0d-bff7-de301508935b,1941089d-b192-4af2-b696-484fa9286d80,B438645,383,33,1281.22,2026-01-10,2027-10-30,1400ecad-7beb-4557-b782-a9b67dbfa3ea,2026-04-23 15:37:14.135270,AVAILABLE
360ffd4f-a823-4147-87e4-da8196bce823,e3bbe120-0a9b-4cd8-b137-17f5c377e253,fcc94dd3-4d95-4c0d-bff7-de301508935b,1941089d-b192-4af2-b696-484fa9286d80,B420555,59,3,1259.74,2027-05-11,2028-02-29,43b13eff-affb-4e79-a137-2d676513f12b,2026-04-16 15:37:14.135325,AVAILABLE
309c54ca-0dc2-4ad3-b72a-9cfc06b582ef,e3bbe120-0a9b-4cd8-b137-17f5c377e253,fcc94dd3-4d95-4c0d-bff7-de301508935b,2cd10b6d-063e-4f55-a0b6-37edb93b63a6,B932463,656,78,1485.07,2026-04-24,2028-02-20,389d9f94-94f3-497d-9ad3-80b154c36b08,2026-08-22 15:37:14.135576,AVAILABLE
4ed60a8b-0b9a-4ca0-a914-cf86084cea56,e3bbe120-0a9b-4cd8-b137-17f5c377e253,fcc94dd3-4d95-4c0d-bff7-de301508935b,2cd10b6d-063e-4f55-a0b6-37edb93b63a6,B372678,431,2,1387.47,2025-07-07,2026-10-29,b55d3c34-369b-4934-9015-9e38109b79f2,2026-08-11 15:37:14.135670,AVAILABLE
ef348ad6-8e2e-4678-9ad0-4ba8a0170f12,e3bbe120-0a9b-4cd8-b137-17f5c377e253,fcc94dd3-4d95-4c0d-bff7-de301508935b,9f081f26-ba8d-47d6-870e-ca0ca1cae51f,B333362,312,13,613.72,2025-07-19,2027-02-26,43b13eff-affb-4e79-a137-2d676513f12b,2026-06-15 15:37:14.135720,AVAILABLE
77a35aa3-949c-4d50-bf7a-c5b27b4ca18f,08edb0d0-edbf-44ce-9d32-b74a11e02048,2d8f4baf-a053-49ce-bf90-68dcad2ff737,b261960f-23be-4297-9c50-f27ceac7eedb,B662267,731,23,810.72,2025-08-20,2027-07-08,85ba89f5-0cbe-423d-9b09-8edf117efeb7,2026-08-10 15:37:14.137446,AVAILABLE
cd017b56-8b84-480f-86a7-ccc59ef8d812,08edb0d0-edbf-44ce-9d32-b74a11e02048,2d8f4baf-a053-49ce-bf90-68dcad2ff737,70745aec-f24f-4b18-807e-6adb80d01ba0,B862912,981,87,546.05,2026-01-31,2026-12-16,41e5f347-011f-49c8-a809-9ebc6ef93e37,2026-08-02 15:37:14.137510,AVAILABLE
83c2e306-ea98-4414-847f-d68e2c9d8013,08edb0d0-edbf-44ce-9d32-b74a11e02048,2d8f4baf-a053-49ce-bf90-68dcad2ff737,67ae158e-8140-49ce-b874-0acf92a800c2,B401541,678,64,1730.0,2025-10-16,2027-05-01,e692d4b3-4456-49eb-87f5-ee22fc6e4200,2026-09-13 15:37:14.137808,AVAILABLE
8ff142a1-cb8f-4b6b-ac2b-7ac4bd89cbb1,08edb0d0-edbf-44ce-9d32-b74a11e02048,2d8f4baf-a053-49ce-bf90-68dcad2ff737,67ae158e-8140-49ce-b874-0acf92a800c2,B701016,759,69,432.89,2027-08-07,2028-03-16,301e3cd3-c948-49e9-add4-e8080a9fab7f,2026-05-30 15:37:14.137987,AVAILABLE
595f6062-6fc6-4a14-9997-9aa8be273056,08edb0d0-edbf-44ce-9d32-b74a11e02048,2d8f4baf-a053-49ce-bf90-68dcad2ff737,67ae158e-8140-49ce-b874-0acf92a800c2,B616582,180,11,1463.05,2026-02-15,2028-01-08,b55d3c34-369b-4934-9015-9e38109b79f2,2026-04-21 15:37:14.138067,AVAILABLE
ba51aea4-08a0-4ec6-8c6c-3dd53af3d003,08edb0d0-edbf-44ce-9d32-b74a11e02048,2d8f4baf-a053-49ce-bf90-68dcad2ff737,01d77a5e-a466-4d48-b24b-31edb500e5fa,B196806,341,13,254.5,2025-05-21,2027-03-29,389d9f94-94f3-497d-9ad3-80b154c36b08,2026-06-05 15:37:14.138118,AVAILABLE
a59a87c8-d095-41ed-b83a-5fd5a3895273,08edb0d0-edbf-44ce-9d32-b74a11e02048,2d8f4baf-a053-49ce-bf90-68dcad2ff737,01d77a5e-a466-4d48-b24b-31edb500e5fa,B119796,179,17,421.7,2025-01-25,2026-12-18,e6d69402-090c-458e-ab40-7589f32bf4bf,2026-08-31 15:37:14.138162,AVAILABLE
b1ccf56f-2d11-46d2-b2fb-3ff92aa52c01,08edb0d0-edbf-44ce-9d32-b74a11e02048,2d8f4baf-a053-49ce-bf90-68dcad2ff737,01d77a5e-a466-4d48-b24b-31edb500e5fa,B374589,925,124,205.52,2026-04-08,2027-08-29,41e5f347-011f-49c8-a809-9ebc6ef93e37,2026-04-25 15:37:14.138213,AVAILABLE
62fdfcb3-5d16-4acf-a3fc-7287c12ed529,08edb0d0-edbf-44ce-9d32-b74a11e02048,2d8f4baf-a053-49ce-bf90-68dcad2ff737,305d6d9c-7521-4f74-8c0d-0bf7d5af8dfd,B701579,581,32,113.98,2026-12-23,2027-07-08,41e5f347-011f-49c8-a809-9ebc6ef93e37,2026-09-06 15:37:14.138339,AVAILABLE
a42facc2-71e0-4c55-b502-807aa772c9fb,08edb0d0-edbf-44ce-9d32-b74a11e02048,2d8f4baf-a053-49ce-bf90-68dcad2ff737,d2219992-909f-48be-967e-2e3f1c3ddfa9,B125180,377,9,285.19,2025-04-10,2027-02-28,8a3cc937-5d2e-4b04-b961-e6372fb37757,2026-09-24 15:37:14.138386,AVAILABLE
df998cac-afd3-4c55-bf64-31547fbb56fb,08edb0d0-edbf-44ce-9d32-b74a11e02048,2d8f4baf-a053-49ce-bf90-68dcad2ff737,d2219992-909f-48be-967e-2e3f1c3ddfa9,B133460,403,23,256.0,2026-12-01,2027-06-27,389d9f94-94f3-497d-9ad3-80b154c36b08,2026-05-30 15:37:14.138427,AVAILABLE
024c6962-8e48-4a1a-9556-221c5770192e,08edb0d0-edbf-44ce-9d32-b74a11e02048,2d8f4baf-a053-49ce-bf90-68dcad2ff737,d2219992-909f-48be-967e-2e3f1c3ddfa9,B162375,836,25,1382.19,2026-02-21,2027-08-26,43b13eff-affb-4e79-a137-2d676513f12b,2026-08-24 15:37:14.138466,AVAILABLE
4db757d9-adcf-41e0-9307-016bb6a43e19,08edb0d0-edbf-44ce-9d32-b74a11e02048,2d8f4baf-a053-49ce-bf90-68dcad2ff737,220f964e-a351-4ad0-827e-502f5ded939c,B610657,29,1,157.62,2026-04-12,2027-11-18,389d9f94-94f3-497d-9ad3-80b154c36b08,2026-07-24 15:37:14.138506,AVAILABLE
648681e9-c53b-4e59-b775-1c04e41d62e4,08edb0d0-edbf-44ce-9d32-b74a11e02048,2d8f4baf-a053-49ce-bf90-68dcad2ff737,220f964e-a351-4ad0-827e-502f5ded939c,B699325,929,134,1681.93,2026-03-20,2028-02-26,1400ecad-7beb-4557-b782-a9b67dbfa3ea,2026-06-11 15:37:14.138690,AVAILABLE
04e003b8-9e04-4eca-85a8-64fb719c1120,08edb0d0-edbf-44ce-9d32-b74a11e02048,2d8f4baf-a053-49ce-bf90-68dcad2ff737,a041cc1e-bb11-4e03-9969-5026c46ed837,B875442,362,8,1754.8,2026-10-05,2027-12-22,8a3cc937-5d2e-4b04-b961-e6372fb37757,2026-05-31 15:37:14.138772,AVAILABLE
081dc71d-3d97-4336-b75f-c2135970bc25,08edb0d0-edbf-44ce-9d32-b74a11e02048,2d8f4baf-a053-49ce-bf90-68dcad2ff737,a041cc1e-bb11-4e03-9969-5026c46ed837,B695393,281,17,1347.58,2027-01-18,2028-02-02,8a3cc937-5d2e-4b04-b961-e6372fb37757,2026-04-25 15:37:14.138885,AVAILABLE
aadce88f-f629-4352-809b-c1bc69df588c,08edb0d0-edbf-44ce-9d32-b74a11e02048,2d8f4baf-a053-49ce-bf90-68dcad2ff737,a041cc1e-bb11-4e03-9969-5026c46ed837,B569363,335,29,712.87,2026-09-26,2027-12-05,1400ecad-7beb-4557-b782-a9b67dbfa3ea,2026-07-09 15:37:14.138942,AVAILABLE
54791b80-8962-4849-a8e4-18e72b12e8f4,08edb0d0-edbf-44ce-9d32-b74a11e02048,2d8f4baf-a053-49ce-bf90-68dcad2ff737,7b6b643c-11d8-4a62-8cfe-a28f5fe4f2d6,B250906,642,38,1647.57,2026-04-18,2026-11-20,b55d3c34-369b-4934-9015-9e38109b79f2,2026-05-29 15:37:14.138986,AVAILABLE
36e73f2a-820a-4008-90fc-181a24b247f8,08edb0d0-edbf-44ce-9d32-b74a11e02048,2d8f4baf-a053-49ce-bf90-68dcad2ff737,7b6b643c-11d8-4a62-8cfe-a28f5fe4f2d6,B768575,981,139,830.75,2025-07-06,2027-02-08,301e3cd3-c948-49e9-add4-e8080a9fab7f,2026-07-19 15:37:14.139121,AVAILABLE
77fb7da2-477b-419d-9fbc-871a5c84c47f,08edb0d0-edbf-44ce-9d32-b74a11e02048,2d8f4baf-a053-49ce-bf90-68dcad2ff737,4f7512b2-6b9d-434f-807e-2fc43528691e,B876712,426,17,12.32,2026-06-12,2027-12-07,1400ecad-7beb-4557-b782-a9b67dbfa3ea,2026-08-07 15:37:14.139186,AVAILABLE
7c54d66f-3b7e-4fb5-a949-f21282e4f528,08edb0d0-edbf-44ce-9d32-b74a11e02048,2d8f4baf-a053-49ce-bf90-68dcad2ff737,4f7512b2-6b9d-434f-807e-2fc43528691e,B232894,710,23,839.5,2027-03-01,2028-03-27,8a3cc937-5d2e-4b04-b961-e6372fb37757,2026-05-26 15:37:14.139229,AVAILABLE
32a18ca8-8614-4fa3-8a0e-4b19b3e0bba0,08edb0d0-edbf-44ce-9d32-b74a11e02048,2d8f4baf-a053-49ce-bf90-68dcad2ff737,4f7512b2-6b9d-434f-807e-2fc43528691e,B508459,137,13,672.36,2026-06-24,2027-12-29,1400ecad-7beb-4557-b782-a9b67dbfa3ea,2026-04-17 15:37:14.139269,AVAILABLE
29f425b9-2215-4544-b6e1-f5a5782520c6,08edb0d0-edbf-44ce-9d32-b74a11e02048,2d8f4baf-a053-49ce-bf90-68dcad2ff737,cbb4966e-7bea-4df2-82bc-5fcfe9617ff8,B384545,313,1,560.48,2026-02-18,2028-02-01,85ba89f5-0cbe-423d-9b09-8edf117efeb7,2026-07-09 15:37:14.139309,AVAILABLE
56622265-ba34-471f-befa-c7f8982830b3,08edb0d0-edbf-44ce-9d32-b74a11e02048,2d8f4baf-a053-49ce-bf90-68dcad2ff737,cbb4966e-7bea-4df2-82bc-5fcfe9617ff8,B926869,372,48,556.05,2025-12-06,2027-07-23,e692d4b3-4456-49eb-87f5-ee22fc6e4200,2026-04-17 15:37:14.139489,AVAILABLE
1a276bae-1165-48ff-a132-328e34aefc08,08edb0d0-edbf-44ce-9d32-b74a11e02048,2d8f4baf-a053-49ce-bf90-68dcad2ff737,cbb4966e-7bea-4df2-82bc-5fcfe9617ff8,B589746,49,0,1689.98,2025-07-28,2026-10-13,389d9f94-94f3-497d-9ad3-80b154c36b08,2026-05-25 15:37:14.139561,AVAILABLE
53d63efc-a56c-4852-be77-0308d43bda80,08edb0d0-edbf-44ce-9d32-b74a11e02048,2d8f4baf-a053-49ce-bf90-68dcad2ff737,13cd9912-56bb-4721-abb1-986f20a370cb,B111320,705,84,860.37,2026-09-11,2028-01-10,85ba89f5-0cbe-423d-9b09-8edf117efeb7,2026-09-03 15:37:14.139641,AVAILABLE
25663314-89c9-4e3d-a505-d7144db85019,08edb0d0-edbf-44ce-9d32-b74a11e02048,2d8f4baf-a053-49ce-bf90-68dcad2ff737,3e8ecc15-190b-4bcd-a7fd-92ec541c75f4,B172252,960,84,389.17,2026-10-15,2027-09-13,43b13eff-affb-4e79-a137-2d676513f12b,2026-08-15 15:37:14.139697,AVAILABLE
7af7f13f-124d-44cc-8571-8b9907e4c65f,08edb0d0-edbf-44ce-9d32-b74a11e02048,2d8f4baf-a053-49ce-bf90-68dcad2ff737,957c588f-5e69-469f-b353-4b24fef25a65,B185927,127,13,301.36,2026-03-16,2027-04-16,85ba89f5-0cbe-423d-9b09-8edf117efeb7,2026-06-28 15:37:14.139739,AVAILABLE
3f4a849b-4611-4aa2-b642-038f1631436a,08edb0d0-edbf-44ce-9d32-b74a11e02048,2d8f4baf-a053-49ce-bf90-68dcad2ff737,957c588f-5e69-469f-b353-4b24fef25a65,B930713,678,84,923.1,2026-03-21,2027-03-27,b55d3c34-369b-4934-9015-9e38109b79f2,2026-06-17 15:37:14.139777,AVAILABLE
a6f4fa91-b86c-4d5e-ae7b-03c60161d7c0,08edb0d0-edbf-44ce-9d32-b74a11e02048,2d8f4baf-a053-49ce-bf90-68dcad2ff737,957c588f-5e69-469f-b353-4b24fef25a65,B268719,158,1,1627.82,2027-05-01,2027-11-09,e692d4b3-4456-49eb-87f5-ee22fc6e4200,2026-05-03 15:37:14.139814,AVAILABLE
4e4fff76-2456-4701-a740-182ce2df0bdf,08edb0d0-edbf-44ce-9d32-b74a11e02048,2d8f4baf-a053-49ce-bf90-68dcad2ff737,67f10774-4e14-4f09-90b6-00a732111449,B279650,745,58,1434.64,2027-04-19,2027-12-15,43b13eff-affb-4e79-a137-2d676513f12b,2026-05-11 15:37:14.139852,AVAILABLE
1f3e3731-e9d4-48df-ad24-d048dc7d7393,08edb0d0-edbf-44ce-9d32-b74a11e02048,2d8f4baf-a053-49ce-bf90-68dcad2ff737,67f10774-4e14-4f09-90b6-00a732111449,B905986,426,10,315.86,2025-05-16,2026-11-26,41e5f347-011f-49c8-a809-9ebc6ef93e37,2026-07-10 15:37:14.139888,AVAILABLE
93cb7b4a-a090-4b46-8b65-f18fbfa7562a,08edb0d0-edbf-44ce-9d32-b74a11e02048,2d8f4baf-a053-49ce-bf90-68dcad2ff737,67f10774-4e14-4f09-90b6-00a732111449,B435602,440,36,1766.66,2025-09-09,2027-06-18,1400ecad-7beb-4557-b782-a9b67dbfa3ea,2026-08-14 15:37:14.139924,AVAILABLE
b4d40b52-a622-40fc-9a0f-c1ceebac2967,08edb0d0-edbf-44ce-9d32-b74a11e02048,2d8f4baf-a053-49ce-bf90-68dcad2ff737,27bdd8c0-778d-42ea-ae25-964ce81e391d,B380070,347,21,991.37,2026-11-21,2027-07-22,85ba89f5-0cbe-423d-9b09-8edf117efeb7,2026-09-01 15:37:14.140043,AVAILABLE
cbcce5f0-a5bc-49b2-b493-899a4a5dee5a,08edb0d0-edbf-44ce-9d32-b74a11e02048,2d8f4baf-a053-49ce-bf90-68dcad2ff737,27bdd8c0-778d-42ea-ae25-964ce81e391d,B329275,417,36,1303.9,2026-08-23,2028-01-28,1400ecad-7beb-4557-b782-a9b67dbfa3ea,2026-05-11 15:37:14.140105,AVAILABLE
a99ac462-d250-4ab5-8977-33bf2fbf8a62,08edb0d0-edbf-44ce-9d32-b74a11e02048,2d8f4baf-a053-49ce-bf90-68dcad2ff737,27bdd8c0-778d-42ea-ae25-964ce81e391d,B449641,420,31,1022.91,2026-04-03,2027-05-16,85ba89f5-0cbe-423d-9b09-8edf117efeb7,2026-09-18 15:37:14.140146,AVAILABLE
6533d374-2748-4ed0-9bfd-291dbbf94b1a,08edb0d0-edbf-44ce-9d32-b74a11e02048,2d8f4baf-a053-49ce-bf90-68dcad2ff737,dee6b134-5f4e-4d83-8133-35e34f0b48e8,B254702,603,34,1752.25,2026-04-01,2027-03-15,e6d69402-090c-458e-ab40-7589f32bf4bf,2026-06-28 15:37:14.140301,AVAILABLE
7a0cab6a-98a7-41d8-95de-2a460ae75c70,08edb0d0-edbf-44ce-9d32-b74a11e02048,2d8f4baf-a053-49ce-bf90-68dcad2ff737,dee6b134-5f4e-4d83-8133-35e34f0b48e8,B609342,593,59,787.44,2026-05-08,2027-05-19,e692d4b3-4456-49eb-87f5-ee22fc6e4200,2026-09-25 15:37:14.140876,AVAILABLE
75c09f22-2fd7-4443-a9a6-db4f4398c113,08edb0d0-edbf-44ce-9d32-b74a11e02048,2d8f4baf-a053-49ce-bf90-68dcad2ff737,dee6b134-5f4e-4d83-8133-35e34f0b48e8,B154776,430,34,988.81,2026-03-27,2027-10-17,8a3cc937-5d2e-4b04-b961-e6372fb37757,2026-05-04 15:37:14.140954,AVAILABLE
841368e8-906e-45de-a209-4ceea7540d94,08edb0d0-edbf-44ce-9d32-b74a11e02048,2d8f4baf-a053-49ce-bf90-68dcad2ff737,c5533566-0e57-4058-9e8f-cc921a574da9,B487874,799,20,1062.16,2026-11-01,2028-01-27,e6d69402-090c-458e-ab40-7589f32bf4bf,2026-05-11 15:37:14.141027,AVAILABLE
a5298d24-7ab6-4bf1-bc3d-a8fdc7673775,08edb0d0-edbf-44ce-9d32-b74a11e02048,2d8f4baf-a053-49ce-bf90-68dcad2ff737,c5533566-0e57-4058-9e8f-cc921a574da9,B978859,933,26,1284.94,2026-01-22,2027-10-09,389d9f94-94f3-497d-9ad3-80b154c36b08,2026-05-03 15:37:14.141076,AVAILABLE
bf45da6c-4dd2-4673-936f-05df8edc237a,08edb0d0-edbf-44ce-9d32-b74a11e02048,2d8f4baf-a053-49ce-bf90-68dcad2ff737,c5533566-0e57-4058-9e8f-cc921a574da9,B956743,687,51,1149.46,2026-04-05,2027-10-07,43b13eff-affb-4e79-a137-2d676513f12b,2026-08-16 15:37:14.141118,AVAILABLE
fad26747-cb43-4c91-abe2-b4fc94cb1d96,08edb0d0-edbf-44ce-9d32-b74a11e02048,2d8f4baf-a053-49ce-bf90-68dcad2ff737,c51619a8-ba83-483f-9b52-064f926d96a2,B844942,307,43,1543.43,2026-02-07,2026-11-11,b55d3c34-369b-4934-9015-9e38109b79f2,2026-09-27 15:37:14.141158,AVAILABLE
ede49195-c76e-4b18-8f1e-fad090e5938c,08edb0d0-edbf-44ce-9d32-b74a11e02048,2d8f4baf-a053-49ce-bf90-68dcad2ff737,be0b42c5-6bfe-48dc-8f33-e20d29d25a48,B113851,294,28,1740.32,2025-05-04,2027-01-29,1400ecad-7beb-4557-b782-a9b67dbfa3ea,2026-08-07 15:37:14.141197,AVAILABLE
ebf9aa45-6c78-41dd-ac79-95ed0933ddb3,08edb0d0-edbf-44ce-9d32-b74a11e02048,2d8f4baf-a053-49ce-bf90-68dcad2ff737,fdd23e22-960c-4a44-af67-60d832b98217,B811033,535,18,1735.65,2026-03-21,2027-07-26,e6d69402-090c-458e-ab40-7589f32bf4bf,2026-09-06 15:37:14.141236,AVAILABLE
c264430f-564a-4e73-9a2e-6b6c6b502ff6,08edb0d0-edbf-44ce-9d32-b74a11e02048,2d8f4baf-a053-49ce-bf90-68dcad2ff737,9d6f82ea-a6c1-4ee5-bd74-c517ba546a27,B507025,44,4,1375.43,2025-04-01,2027-01-17,43b13eff-affb-4e79-a137-2d676513f12b,2026-05-20 15:37:14.141274,AVAILABLE
12046e51-4a07-4de1-b594-f779750a28b7,08edb0d0-edbf-44ce-9d32-b74a11e02048,2d8f4baf-a053-49ce-bf90-68dcad2ff737,419b95a7-17e5-4918-ad68-d58ee6b6e6f5,B818749,411,57,316.53,2025-10-25,2027-05-14,8a3cc937-5d2e-4b04-b961-e6372fb37757,2026-06-08 15:37:14.141312,AVAILABLE
63f0861f-d74f-403d-8ac3-0c0d53700673,08edb0d0-edbf-44ce-9d32-b74a11e02048,2d8f4baf-a053-49ce-bf90-68dcad2ff737,573f39b9-7855-4b4d-8a9e-14a5e9d8b2cd,B519966,335,43,47.52,2025-08-22,2026-09-28,1400ecad-7beb-4557-b782-a9b67dbfa3ea,2026-07-22 15:37:14.141483,EXPIRED
d6b1dcff-ec78-4a61-b7f2-1f3795cb4250,08edb0d0-edbf-44ce-9d32-b74a11e02048,2d8f4baf-a053-49ce-bf90-68dcad2ff737,2b376704-d06b-441d-a2bf-f0973873411c,B199373,310,36,1695.89,2026-05-23,2027-10-05,301e3cd3-c948-49e9-add4-e8080a9fab7f,2026-04-17 15:37:14.141564,AVAILABLE
a1770a2f-c6b4-424b-9684-78b88d2fd2dd,08edb0d0-edbf-44ce-9d32-b74a11e02048,2d8f4baf-a053-49ce-bf90-68dcad2ff737,2b376704-d06b-441d-a2bf-f0973873411c,B976686,282,8,149.46,2025-12-31,2026-12-16,41e5f347-011f-49c8-a809-9ebc6ef93e37,2026-08-15 15:37:14.141890,AVAILABLE
5ad0a2f7-548b-4003-93ef-fee8c2507786,08edb0d0-edbf-44ce-9d32-b74a11e02048,2d8f4baf-a053-49ce-bf90-68dcad2ff737,b699a59a-a0ec-49d9-b327-482e55347adf,B732695,662,91,1182.69,2026-03-31,2027-07-21,e6d69402-090c-458e-ab40-7589f32bf4bf,2026-06-12 15:37:14.141969,AVAILABLE
bc64efa9-f887-4b2a-8f5f-1f4041874c9f,08edb0d0-edbf-44ce-9d32-b74a11e02048,2d8f4baf-a053-49ce-bf90-68dcad2ff737,b699a59a-a0ec-49d9-b327-482e55347adf,B301885,846,63,706.38,2025-10-22,2027-04-07,301e3cd3-c948-49e9-add4-e8080a9fab7f,2026-07-09 15:37:14.142019,AVAILABLE
7bb68eeb-2031-49d0-91fd-bfac94e9fa35,08edb0d0-edbf-44ce-9d32-b74a11e02048,2d8f4baf-a053-49ce-bf90-68dcad2ff737,b699a59a-a0ec-49d9-b327-482e55347adf,B781345,532,35,1444.95,2026-09-30,2027-10-09,389d9f94-94f3-497d-9ad3-80b154c36b08,2026-07-25 15:37:14.142058,AVAILABLE
f293c788-e106-4382-a67a-8c5b581a6fd8,08edb0d0-edbf-44ce-9d32-b74a11e02048,2d8f4baf-a053-49ce-bf90-68dcad2ff737,97a16fda-9cba-4dc2-8770-0b5104c507d2,B354717,171,5,1430.1,2025-08-07,2026-10-07,e692d4b3-4456-49eb-87f5-ee22fc6e4200,2026-09-27 15:37:14.142101,EXPIRED
8cc36478-6cbb-4d49-ab31-9fd867bc81a7,08edb0d0-edbf-44ce-9d32-b74a11e02048,2d8f4baf-a053-49ce-bf90-68dcad2ff737,97a16fda-9cba-4dc2-8770-0b5104c507d2,B829633,811,2,320.26,2025-10-23,2027-02-25,389d9f94-94f3-497d-9ad3-80b154c36b08,2026-05-20 15:37:14.142294,AVAILABLE
05cb865b-c35a-45af-9fcb-c5c202259fc8,08edb0d0-edbf-44ce-9d32-b74a11e02048,2d8f4baf-a053-49ce-bf90-68dcad2ff737,97a16fda-9cba-4dc2-8770-0b5104c507d2,B796284,389,48,1696.0,2025-12-07,2027-07-25,301e3cd3-c948-49e9-add4-e8080a9fab7f,2026-08-16 15:37:14.142371,AVAILABLE
eb4fc5a5-4ba5-4b02-a792-ae4e4a4ec8bf,08edb0d0-edbf-44ce-9d32-b74a11e02048,2d8f4baf-a053-49ce-bf90-68dcad2ff737,24856ba7-ab81-4f22-985e-e30a3b9397cb,B406519,714,99,732.33,2026-02-08,2026-11-26,301e3cd3-c948-49e9-add4-e8080a9fab7f,2026-05-02 15:37:14.142421,AVAILABLE
bfaa8d15-0653-4728-870a-998fb7414897,08edb0d0-edbf-44ce-9d32-b74a11e02048,2d8f4baf-a053-49ce-bf90-68dcad2ff737,24856ba7-ab81-4f22-985e-e30a3b9397cb,B665708,613,14,1646.48,2026-10-26,2028-02-02,301e3cd3-c948-49e9-add4-e8080a9fab7f,2026-06-30 15:37:14.142459,AVAILABLE
dc988119-bb52-4109-b75d-afd294ea5bd1,08edb0d0-edbf-44ce-9d32-b74a11e02048,2d8f4baf-a053-49ce-bf90-68dcad2ff737,24856ba7-ab81-4f22-985e-e30a3b9397cb,B927310,25,2,298.19,2026-10-05,2027-04-12,389d9f94-94f3-497d-9ad3-80b154c36b08,2026-06-22 15:37:14.142498,AVAILABLE
3bf31eed-2449-4848-8701-f5fa50f6a4e5,08edb0d0-edbf-44ce-9d32-b74a11e02048,2d8f4baf-a053-49ce-bf90-68dcad2ff737,8e15b3a9-915f-4bf0-84c7-182f335e062c,B351428,354,30,438.54,2026-11-28,2027-10-06,41e5f347-011f-49c8-a809-9ebc6ef93e37,2026-07-07 15:37:14.142566,AVAILABLE
beef2c80-6597-46a3-8f93-6fbded441c94,08edb0d0-edbf-44ce-9d32-b74a11e02048,2d8f4baf-a053-49ce-bf90-68dcad2ff737,8e15b3a9-915f-4bf0-84c7-182f335e062c,B359238,343,27,905.13,2027-02-08,2028-01-13,41e5f347-011f-49c8-a809-9ebc6ef93e37,2026-06-27 15:37:14.142641,AVAILABLE
58a79354-7203-48f7-b39c-60e4a82963db,08edb0d0-edbf-44ce-9d32-b74a11e02048,2d8f4baf-a053-49ce-bf90-68dcad2ff737,24db962d-9a6b-4de6-982b-b719e504efb9,B658956,570,13,994.47,2024-11-16,2026-09-28,301e3cd3-c948-49e9-add4-e8080a9fab7f,2026-09-19 15:37:14.142918,EXPIRED
d787c23e-c011-4783-8527-e7009505c232,08edb0d0-edbf-44ce-9d32-b74a11e02048,2d8f4baf-a053-49ce-bf90-68dcad2ff737,24db962d-9a6b-4de6-982b-b719e504efb9,B319331,625,90,752.41,2026-06-01,2027-06-13,b55d3c34-369b-4934-9015-9e38109b79f2,2026-09-13 15:37:14.143262,AVAILABLE
1060d091-5463-4886-9283-880d0b5fbb5f,08edb0d0-edbf-44ce-9d32-b74a11e02048,2d8f4baf-a053-49ce-bf90-68dcad2ff737,3e9b0bad-6728-4523-be87-a00adf0fff30,B838779,56,5,1349.87,2026-06-04,2027-12-29,85ba89f5-0cbe-423d-9b09-8edf117efeb7,2026-06-22 15:37:14.143345,AVAILABLE
f7704dac-ab75-440f-944d-e8473bad5b96,08edb0d0-edbf-44ce-9d32-b74a11e02048,2d8f4baf-a053-49ce-bf90-68dcad2ff737,3b4f2db0-078e-4414-849b-1ba2782649be,B921188,57,7,1332.71,2026-08-04,2027-05-17,43b13eff-affb-4e79-a137-2d676513f12b,2026-08-27 15:37:14.143401,AVAILABLE
cd3bda94-a0b8-4499-8192-d5e3bfe97747,08edb0d0-edbf-44ce-9d32-b74a11e02048,2d8f4baf-a053-49ce-bf90-68dcad2ff737,3b4f2db0-078e-4414-849b-1ba2782649be,B323820,129,2,468.67,2026-01-25,2027-12-18,301e3cd3-c948-49e9-add4-e8080a9fab7f,2026-09-05 15:37:14.143577,AVAILABLE
c6ee6588-2f58-447f-8f62-2c4131ea4f7a,08edb0d0-edbf-44ce-9d32-b74a11e02048,2d8f4baf-a053-49ce-bf90-68dcad2ff737,2c10bfc8-d106-4422-b38f-e414215c8def,B382720,301,43,620.69,2025-06-20,2026-09-27,e6d69402-090c-458e-ab40-7589f32bf4bf,2026-05-07 15:37:14.143679,EXPIRED
75b0eac1-8d0c-4b28-9d66-a861cc37d3d7,08edb0d0-edbf-44ce-9d32-b74a11e02048,2d8f4baf-a053-49ce-bf90-68dcad2ff737,2c10bfc8-d106-4422-b38f-e414215c8def,B595971,908,101,1193.65,2026-11-14,2027-11-10,43b13eff-affb-4e79-a137-2d676513f12b,2026-08-05 15:37:14.143752,AVAILABLE
2fc4d464-d0f4-47aa-ae1a-8ff51d12b02a,08edb0d0-edbf-44ce-9d32-b74a11e02048,2d8f4baf-a053-49ce-bf90-68dcad2ff737,0d430ec5-4d86-4820-8a2c-9a0885280906,B614229,803,95,268.91,2025-07-28,2027-02-11,b55d3c34-369b-4934-9015-9e38109b79f2,2026-06-08 15:37:14.143809,AVAILABLE
84d02dd3-8a34-459a-916c-6d4355be1d0f,08edb0d0-edbf-44ce-9d32-b74a11e02048,2d8f4baf-a053-49ce-bf90-68dcad2ff737,0d430ec5-4d86-4820-8a2c-9a0885280906,B524526,742,97,554.04,2027-02-13,2028-01-20,e692d4b3-4456-49eb-87f5-ee22fc6e4200,2026-08-25 15:37:14.143933,AVAILABLE
c798681d-9569-4530-aa55-bc47e0ffc885,08edb0d0-edbf-44ce-9d32-b74a11e02048,2d8f4baf-a053-49ce-bf90-68dcad2ff737,e5b7da92-602a-4a8f-9b36-3acfc3414ba7,B322317,189,11,667.32,2026-07-23,2028-01-17,389d9f94-94f3-497d-9ad3-80b154c36b08,2026-04-26 15:37:14.144037,AVAILABLE
8835b283-ea42-41cd-9b4b-b7f1b7e71116,08edb0d0-edbf-44ce-9d32-b74a11e02048,2d8f4baf-a053-49ce-bf90-68dcad2ff737,e5b7da92-602a-4a8f-9b36-3acfc3414ba7,B724877,831,98,1133.2,2025-11-10,2027-06-02,41e5f347-011f-49c8-a809-9ebc6ef93e37,2026-04-21 15:37:14.144261,AVAILABLE
d04cb807-d365-4258-aaae-39bdabc46a9f,08edb0d0-edbf-44ce-9d32-b74a11e02048,2d8f4baf-a053-49ce-bf90-68dcad2ff737,e5b7da92-602a-4a8f-9b36-3acfc3414ba7,B460185,515,73,948.04,2026-06-14,2027-12-12,301e3cd3-c948-49e9-add4-e8080a9fab7f,2026-06-16 15:37:14.144482,AVAILABLE
e0e33c82-becb-464a-b7f5-2cd3a9a6eb03,08edb0d0-edbf-44ce-9d32-b74a11e02048,2d8f4baf-a053-49ce-bf90-68dcad2ff737,6cbb6f57-d6cb-41b0-aca5-9ea4e8c5be47,B108001,629,55,655.98,2026-06-06,2027-02-25,b55d3c34-369b-4934-9015-9e38109b79f2,2026-07-04 15:37:14.144676,AVAILABLE
f603c4e3-564e-42b5-af08-6bd82cef5d67,08edb0d0-edbf-44ce-9d32-b74a11e02048,2d8f4baf-a053-49ce-bf90-68dcad2ff737,16d1b73f-8881-425f-82b2-7ab4974b08ef,B863578,539,29,259.16,2025-11-21,2026-09-24,e692d4b3-4456-49eb-87f5-ee22fc6e4200,2026-06-23 15:37:14.144738,EXPIRED
314f7524-58f8-4dfd-99d7-99a648663e54,08edb0d0-edbf-44ce-9d32-b74a11e02048,2d8f4baf-a053-49ce-bf90-68dcad2ff737,1d534fd0-ecdb-47f7-8df1-911899944ac3,B120693,644,4,1569.75,2026-12-03,2028-03-10,b55d3c34-369b-4934-9015-9e38109b79f2,2026-07-18 15:37:14.144785,AVAILABLE
c1418468-8cce-4660-a5eb-7c72cc056914,08edb0d0-edbf-44ce-9d32-b74a11e02048,2d8f4baf-a053-49ce-bf90-68dcad2ff737,1d534fd0-ecdb-47f7-8df1-911899944ac3,B386382,95,9,1171.79,2025-06-05,2027-01-23,43b13eff-affb-4e79-a137-2d676513f12b,2026-07-23 15:37:14.144859,AVAILABLE
ced605e0-bbd1-4b31-929d-f488925bb3b1,08edb0d0-edbf-44ce-9d32-b74a11e02048,2d8f4baf-a053-49ce-bf90-68dcad2ff737,ec00005f-8d61-4b61-825c-d8c696ae49aa,B582704,867,6,543.73,2026-04-29,2027-05-08,41e5f347-011f-49c8-a809-9ebc6ef93e37,2026-07-17 15:37:14.144995,AVAILABLE
3784c14a-3c44-4c7e-831a-1b9ace92cc5d,08edb0d0-edbf-44ce-9d32-b74a11e02048,2d8f4baf-a053-49ce-bf90-68dcad2ff737,fda2f8a3-95ba-4f42-97f3-dbce57a916f1,B969693,430,48,474.44,2026-11-19,2027-09-15,389d9f94-94f3-497d-9ad3-80b154c36b08,2026-09-08 15:37:14.145047,AVAILABLE
b6c49dcc-117c-4616-9e9e-5699840efa2e,08edb0d0-edbf-44ce-9d32-b74a11e02048,2d8f4baf-a053-49ce-bf90-68dcad2ff737,fda2f8a3-95ba-4f42-97f3-dbce57a916f1,B267619,171,16,133.09,2025-07-16,2027-02-09,43b13eff-affb-4e79-a137-2d676513f12b,2026-09-17 15:37:14.145114,AVAILABLE
e1d99dfc-352c-443b-9518-ab0197266125,08edb0d0-edbf-44ce-9d32-b74a11e02048,2d8f4baf-a053-49ce-bf90-68dcad2ff737,58bf12e5-ee8a-4194-a34c-aa820079144d,B614003,764,78,327.05,2025-11-28,2027-09-09,8a3cc937-5d2e-4b04-b961-e6372fb37757,2026-09-22 15:37:14.145170,AVAILABLE
a087a2e5-8ffd-4f2a-8286-a84714a6ade7,08edb0d0-edbf-44ce-9d32-b74a11e02048,2d8f4baf-a053-49ce-bf90-68dcad2ff737,58bf12e5-ee8a-4194-a34c-aa820079144d,B640944,196,5,1225.74,2026-08-23,2028-02-24,b55d3c34-369b-4934-9015-9e38109b79f2,2026-05-14 15:37:14.145309,AVAILABLE
efccfb83-de02-4f7f-944f-2f96813c818c,08edb0d0-edbf-44ce-9d32-b74a11e02048,2d8f4baf-a053-49ce-bf90-68dcad2ff737,58bf12e5-ee8a-4194-a34c-aa820079144d,B372104,857,116,744.76,2025-01-31,2026-10-20,389d9f94-94f3-497d-9ad3-80b154c36b08,2026-08-26 15:37:14.145482,AVAILABLE
84adf649-8968-4454-8e5b-0923233d2847,08edb0d0-edbf-44ce-9d32-b74a11e02048,2d8f4baf-a053-49ce-bf90-68dcad2ff737,522740d6-f3db-4ac1-a547-6b62598fe57f,B441241,526,50,201.2,2026-09-25,2027-03-26,301e3cd3-c948-49e9-add4-e8080a9fab7f,2026-07-14 15:37:14.145706,AVAILABLE
fc7f5398-ef50-4f90-8568-873a6c4a62ef,08edb0d0-edbf-44ce-9d32-b74a11e02048,2d8f4baf-a053-49ce-bf90-68dcad2ff737,522740d6-f3db-4ac1-a547-6b62598fe57f,B769953,275,22,33.92,2026-08-23,2027-09-18,1400ecad-7beb-4557-b782-a9b67dbfa3ea,2026-08-18 15:37:14.145933,AVAILABLE
6da78a01-a7a9-4fa3-877b-59e63d915ccb,08edb0d0-edbf-44ce-9d32-b74a11e02048,2d8f4baf-a053-49ce-bf90-68dcad2ff737,cf8bc62c-4d72-4142-8ab6-03524280a750,B151659,233,11,583.99,2026-04-22,2028-03-25,b55d3c34-369b-4934-9015-9e38109b79f2,2026-06-16 15:37:14.146282,AVAILABLE
51234768-4e25-46a6-a526-a3e23192ecc7,08edb0d0-edbf-44ce-9d32-b74a11e02048,2d8f4baf-a053-49ce-bf90-68dcad2ff737,cf8bc62c-4d72-4142-8ab6-03524280a750,B322969,147,10,1163.6,2026-10-31,2027-10-08,b55d3c34-369b-4934-9015-9e38109b79f2,2026-06-22 15:37:14.146358,AVAILABLE
21d9e0a5-de91-4a7e-ab69-715f0a497567,08edb0d0-edbf-44ce-9d32-b74a11e02048,2d8f4baf-a053-49ce-bf90-68dcad2ff737,f1b95f47-94a2-4979-a411-02444c727d3e,B472152,980,50,380.69,2027-05-17,2028-01-16,1400ecad-7beb-4557-b782-a9b67dbfa3ea,2026-09-04 15:37:14.146405,AVAILABLE
1facee67-35b2-47e1-966a-52e7ad768dd0,08edb0d0-edbf-44ce-9d32-b74a11e02048,2d8f4baf-a053-49ce-bf90-68dcad2ff737,f1b95f47-94a2-4979-a411-02444c727d3e,B133804,501,31,496.42,2026-05-27,2027-09-23,b55d3c34-369b-4934-9015-9e38109b79f2,2026-08-19 15:37:14.146447,AVAILABLE
44fa5685-edf5-425a-8811-f336b2ed78e5,08edb0d0-edbf-44ce-9d32-b74a11e02048,2d8f4baf-a053-49ce-bf90-68dcad2ff737,f1b95f47-94a2-4979-a411-02444c727d3e,B408958,992,11,1184.54,2026-04-10,2028-02-17,e692d4b3-4456-49eb-87f5-ee22fc6e4200,2026-07-18 15:37:14.146486,AVAILABLE
55516208-f1d1-4c0f-ba56-ad010dd17dcb,08edb0d0-edbf-44ce-9d32-b74a11e02048,2d8f4baf-a053-49ce-bf90-68dcad2ff737,85b186aa-f3a1-45ba-8d0c-349f8a13c3d4,B637264,307,40,128.04,2027-03-24,2027-10-10,b55d3c34-369b-4934-9015-9e38109b79f2,2026-06-21 15:37:14.146524,AVAILABLE
fd91cdf0-a788-4b36-8ec0-e3490c959a4a,08edb0d0-edbf-44ce-9d32-b74a11e02048,2d8f4baf-a053-49ce-bf90-68dcad2ff737,85b186aa-f3a1-45ba-8d0c-349f8a13c3d4,B264056,465,8,1314.32,2027-09-05,2028-03-22,8a3cc937-5d2e-4b04-b961-e6372fb37757,2026-08-28 15:37:14.146560,AVAILABLE
453473c8-37a7-4ad1-9a1b-e124048534e2,08edb0d0-edbf-44ce-9d32-b74a11e02048,2d8f4baf-a053-49ce-bf90-68dcad2ff737,24d1b68c-2a5b-464e-bb4e-c1071b3b4f3d,B702892,780,15,1097.93,2026-06-13,2027-12-19,43b13eff-affb-4e79-a137-2d676513f12b,2026-05-21 15:37:14.146632,AVAILABLE
a849ac1d-cdb5-4305-84b2-c754e4cfc31c,08edb0d0-edbf-44ce-9d32-b74a11e02048,2d8f4baf-a053-49ce-bf90-68dcad2ff737,24d1b68c-2a5b-464e-bb4e-c1071b3b4f3d,B504232,868,16,1407.71,2026-05-05,2027-03-13,8a3cc937-5d2e-4b04-b961-e6372fb37757,2026-08-23 15:37:14.146688,AVAILABLE
a4270962-9f5c-41e5-8c11-1379a9f8b9ce,08edb0d0-edbf-44ce-9d32-b74a11e02048,2d8f4baf-a053-49ce-bf90-68dcad2ff737,24d1b68c-2a5b-464e-bb4e-c1071b3b4f3d,B180438,51,3,593.33,2025-04-08,2026-12-24,1400ecad-7beb-4557-b782-a9b67dbfa3ea,2026-10-05 15:37:14.146728,AVAILABLE
ebb5bc2d-70f5-4250-9c61-91db9502edff,08edb0d0-edbf-44ce-9d32-b74a11e02048,2d8f4baf-a053-49ce-bf90-68dcad2ff737,063be93d-6835-4b65-a8a1-c36e83278d83,B813360,122,8,276.3,2025-08-07,2026-10-12,b55d3c34-369b-4934-9015-9e38109b79f2,2026-07-04 15:37:14.146886,AVAILABLE
bad9ec51-3eb2-42d4-8acb-fef3f0937c25,08edb0d0-edbf-44ce-9d32-b74a11e02048,2d8f4baf-a053-49ce-bf90-68dcad2ff737,063be93d-6835-4b65-a8a1-c36e83278d83,B201593,246,10,992.72,2025-10-01,2026-12-23,85ba89f5-0cbe-423d-9b09-8edf117efeb7,2026-06-04 15:37:14.146952,AVAILABLE
971c1b6c-7d0b-41f0-a2c2-bb377551ff58,08edb0d0-edbf-44ce-9d32-b74a11e02048,2d8f4baf-a053-49ce-bf90-68dcad2ff737,063be93d-6835-4b65-a8a1-c36e83278d83,B530137,354,22,238.5,2025-12-02,2027-04-01,301e3cd3-c948-49e9-add4-e8080a9fab7f,2026-06-21 15:37:14.146994,AVAILABLE
ebe27349-3111-4fee-9040-a5367c0b6ac0,08edb0d0-edbf-44ce-9d32-b74a11e02048,2d8f4baf-a053-49ce-bf90-68dcad2ff737,378ef267-9155-41bc-a431-7c700c1731e3,B653162,363,7,1418.27,2025-06-09,2026-12-29,301e3cd3-c948-49e9-add4-e8080a9fab7f,2026-06-01 15:37:14.147033,AVAILABLE
8d3981f2-ece9-413c-a250-737966ae25a7,08edb0d0-edbf-44ce-9d32-b74a11e02048,2d8f4baf-a053-49ce-bf90-68dcad2ff737,1640337f-9614-4c3f-bda8-20c0eb4c6bce,B124073,700,20,108.57,2026-02-08,2026-09-25,e6d69402-090c-458e-ab40-7589f32bf4bf,2026-04-13 15:37:14.147074,EXPIRED
fda62f4a-e3b9-452a-9baa-54e8870440f1,08edb0d0-edbf-44ce-9d32-b74a11e02048,2d8f4baf-a053-49ce-bf90-68dcad2ff737,1640337f-9614-4c3f-bda8-20c0eb4c6bce,B822380,471,34,1312.49,2025-11-10,2026-10-14,8a3cc937-5d2e-4b04-b961-e6372fb37757,2026-06-09 15:37:14.147112,AVAILABLE
14deb089-6eb2-4f53-9f56-46bba8fddd89,08edb0d0-edbf-44ce-9d32-b74a11e02048,2d8f4baf-a053-49ce-bf90-68dcad2ff737,0df67422-0ffe-4855-b4b7-0f4e8676cbdb,B886851,926,49,233.55,2025-06-10,2027-05-25,41e5f347-011f-49c8-a809-9ebc6ef93e37,2026-08-03 15:37:14.147151,AVAILABLE
d24a1322-aab8-48df-80d9-b65a7960a46e,08edb0d0-edbf-44ce-9d32-b74a11e02048,2d8f4baf-a053-49ce-bf90-68dcad2ff737,0df67422-0ffe-4855-b4b7-0f4e8676cbdb,B118793,238,13,868.97,2025-08-14,2026-11-23,41e5f347-011f-49c8-a809-9ebc6ef93e37,2026-05-24 15:37:14.147187,AVAILABLE
b18830cb-31f7-49e0-b29e-0c601ec561ff,08edb0d0-edbf-44ce-9d32-b74a11e02048,88d258ca-6a27-4799-aad2-b1303be7904b,1d534fd0-ecdb-47f7-8df1-911899944ac3,B509760,728,86,1493.66,2026-05-31,2027-07-08,b55d3c34-369b-4934-9015-9e38109b79f2,2026-09-13 15:37:14.147440,AVAILABLE
e9d041dc-084e-4fb0-9e51-54f7748cf79b,08edb0d0-edbf-44ce-9d32-b74a11e02048,88d258ca-6a27-4799-aad2-b1303be7904b,1d534fd0-ecdb-47f7-8df1-911899944ac3,B282671,253,6,711.42,2027-03-04,2028-01-23,85ba89f5-0cbe-423d-9b09-8edf117efeb7,2026-09-03 15:37:14.147489,AVAILABLE
00f6f5ad-34eb-45d1-b31b-7bce8a83c5ed,08edb0d0-edbf-44ce-9d32-b74a11e02048,88d258ca-6a27-4799-aad2-b1303be7904b,2c4e6d71-0152-4e82-9c16-bfc9c81ea55e,B191453,33,1,1200.61,2025-11-25,2027-08-19,b55d3c34-369b-4934-9015-9e38109b79f2,2026-05-28 15:37:14.147537,AVAILABLE
3467ff04-10c0-4201-af15-642f164398aa,08edb0d0-edbf-44ce-9d32-b74a11e02048,88d258ca-6a27-4799-aad2-b1303be7904b,2c4e6d71-0152-4e82-9c16-bfc9c81ea55e,B818131,126,18,1020.6,2025-12-14,2027-05-14,301e3cd3-c948-49e9-add4-e8080a9fab7f,2026-04-20 15:37:14.147814,AVAILABLE
9497bc56-31f6-4c4d-a9f4-b86fb856adfa,08edb0d0-edbf-44ce-9d32-b74a11e02048,88d258ca-6a27-4799-aad2-b1303be7904b,2c4e6d71-0152-4e82-9c16-bfc9c81ea55e,B971649,283,28,1356.42,2026-04-10,2026-11-19,43b13eff-affb-4e79-a137-2d676513f12b,2026-09-26 15:37:14.147967,AVAILABLE
4d85738b-4bc5-41e5-afa5-4dce62a899b6,08edb0d0-edbf-44ce-9d32-b74a11e02048,88d258ca-6a27-4799-aad2-b1303be7904b,3e9b0bad-6728-4523-be87-a00adf0fff30,B237289,459,59,433.31,2025-10-28,2027-06-30,85ba89f5-0cbe-423d-9b09-8edf117efeb7,2026-06-23 15:37:14.148033,AVAILABLE
90d66185-1c1b-41bd-92c3-493797950cc0,08edb0d0-edbf-44ce-9d32-b74a11e02048,88d258ca-6a27-4799-aad2-b1303be7904b,0eecbfea-7628-487c-b590-fece2c687e7a,B962448,579,21,1310.13,2026-04-10,2026-12-19,85ba89f5-0cbe-423d-9b09-8edf117efeb7,2026-08-26 15:37:14.148229,AVAILABLE
2ffff1be-732a-44ed-a8fb-ff50a9c57d57,08edb0d0-edbf-44ce-9d32-b74a11e02048,88d258ca-6a27-4799-aad2-b1303be7904b,0eecbfea-7628-487c-b590-fece2c687e7a,B693337,100,4,1475.35,2025-12-25,2027-08-30,389d9f94-94f3-497d-9ad3-80b154c36b08,2026-08-27 15:37:14.148296,AVAILABLE
415ab654-86ce-4fb4-83b6-256fc76a210d,08edb0d0-edbf-44ce-9d32-b74a11e02048,88d258ca-6a27-4799-aad2-b1303be7904b,3e98e5ab-52e7-4056-8353-5ac655247948,B599966,344,28,1069.99,2025-05-27,2026-12-29,e692d4b3-4456-49eb-87f5-ee22fc6e4200,2026-07-14 15:37:14.148408,AVAILABLE
6dbe725c-c868-4669-b6fa-6ae6d73fd0d5,08edb0d0-edbf-44ce-9d32-b74a11e02048,88d258ca-6a27-4799-aad2-b1303be7904b,3e98e5ab-52e7-4056-8353-5ac655247948,B396965,608,37,326.39,2026-12-04,2027-08-14,41e5f347-011f-49c8-a809-9ebc6ef93e37,2026-08-18 15:37:14.148477,AVAILABLE
df2e0a68-bece-4d1b-aec8-c67dc7c42033,08edb0d0-edbf-44ce-9d32-b74a11e02048,88d258ca-6a27-4799-aad2-b1303be7904b,3e98e5ab-52e7-4056-8353-5ac655247948,B975071,145,17,993.31,2027-01-17,2027-11-07,8a3cc937-5d2e-4b04-b961-e6372fb37757,2026-10-03 15:37:14.148655,AVAILABLE
598366ff-b5bc-4d46-888c-69464a147f09,08edb0d0-edbf-44ce-9d32-b74a11e02048,88d258ca-6a27-4799-aad2-b1303be7904b,a7d4d675-bb94-424a-b6e4-1709b9e91e6d,B918520,277,36,1482.85,2026-11-12,2027-12-04,41e5f347-011f-49c8-a809-9ebc6ef93e37,2026-08-07 15:37:14.148717,AVAILABLE
756da87c-8ce1-4803-aa94-5cb0ca37b470,08edb0d0-edbf-44ce-9d32-b74a11e02048,88d258ca-6a27-4799-aad2-b1303be7904b,2f7de1c2-cb62-4261-83f5-d8323f438333,B632665,963,45,1555.27,2024-11-03,2026-09-26,e6d69402-090c-458e-ab40-7589f32bf4bf,2026-05-19 15:37:14.148932,EXPIRED
2e9f8335-eeab-4c4f-90d0-86729e9c173e,08edb0d0-edbf-44ce-9d32-b74a11e02048,88d258ca-6a27-4799-aad2-b1303be7904b,2f7de1c2-cb62-4261-83f5-d8323f438333,B759214,780,44,724.9,2025-03-28,2027-01-20,8a3cc937-5d2e-4b04-b961-e6372fb37757,2026-06-15 15:37:14.148987,AVAILABLE
8ea5aa97-2dd0-4341-8fa8-81ca180e19c5,08edb0d0-edbf-44ce-9d32-b74a11e02048,88d258ca-6a27-4799-aad2-b1303be7904b,f6dc8117-e75f-4920-a0cf-04c7bafc7542,B891762,992,130,1300.64,2026-08-02,2027-11-06,41e5f347-011f-49c8-a809-9ebc6ef93e37,2026-07-09 15:37:14.149030,AVAILABLE
09c526ca-8659-4965-addd-e1e458d3a1d0,08edb0d0-edbf-44ce-9d32-b74a11e02048,88d258ca-6a27-4799-aad2-b1303be7904b,f6dc8117-e75f-4920-a0cf-04c7bafc7542,B955304,729,7,1003.67,2025-09-11,2026-12-31,301e3cd3-c948-49e9-add4-e8080a9fab7f,2026-06-27 15:37:14.149071,AVAILABLE
49fa1582-64d9-4392-b6fc-29a58d7706f7,08edb0d0-edbf-44ce-9d32-b74a11e02048,88d258ca-6a27-4799-aad2-b1303be7904b,f6dc8117-e75f-4920-a0cf-04c7bafc7542,B451098,852,10,1169.43,2026-09-07,2027-08-04,8a3cc937-5d2e-4b04-b961-e6372fb37757,2026-04-23 15:37:14.149109,AVAILABLE
3b512695-2782-4287-9268-3e716cfdfe13,08edb0d0-edbf-44ce-9d32-b74a11e02048,88d258ca-6a27-4799-aad2-b1303be7904b,70745aec-f24f-4b18-807e-6adb80d01ba0,B116619,700,14,272.07,2026-11-03,2027-08-06,389d9f94-94f3-497d-9ad3-80b154c36b08,2026-06-22 15:37:14.149153,AVAILABLE
8afa6708-8dd5-45f5-907b-73676526010a,08edb0d0-edbf-44ce-9d32-b74a11e02048,88d258ca-6a27-4799-aad2-b1303be7904b,b1b122eb-1ba2-4148-b9ac-5d21b2adf647,B637203,38,4,1067.93,2026-04-14,2027-11-29,8a3cc937-5d2e-4b04-b961-e6372fb37757,2026-09-06 15:37:14.149232,AVAILABLE
08bf1227-9db0-4b0e-b478-ab9b0cceafc5,08edb0d0-edbf-44ce-9d32-b74a11e02048,88d258ca-6a27-4799-aad2-b1303be7904b,987c980e-f5ed-4388-b102-971ff25870b1,B272852,403,8,1078.68,2026-06-07,2027-02-22,b55d3c34-369b-4934-9015-9e38109b79f2,2026-07-02 15:37:14.149280,AVAILABLE
6f702d7a-08f4-4587-8553-f05e3c387b06,08edb0d0-edbf-44ce-9d32-b74a11e02048,88d258ca-6a27-4799-aad2-b1303be7904b,987c980e-f5ed-4388-b102-971ff25870b1,B367262,200,28,461.76,2025-11-06,2027-08-24,b55d3c34-369b-4934-9015-9e38109b79f2,2026-08-31 15:37:14.149330,AVAILABLE
ec783cf1-d4ee-4aad-a756-d3f93ae54b22,08edb0d0-edbf-44ce-9d32-b74a11e02048,88d258ca-6a27-4799-aad2-b1303be7904b,987c980e-f5ed-4388-b102-971ff25870b1,B811613,229,29,1075.96,2026-07-07,2027-07-31,301e3cd3-c948-49e9-add4-e8080a9fab7f,2026-09-25 15:37:14.149373,AVAILABLE
cbe26f09-b5b7-4834-85a5-eadc863f4da2,08edb0d0-edbf-44ce-9d32-b74a11e02048,88d258ca-6a27-4799-aad2-b1303be7904b,6f12778d-43ca-4220-8b3b-11201ac91209,B181298,410,24,731.11,2026-03-21,2027-06-12,43b13eff-affb-4e79-a137-2d676513f12b,2026-05-24 15:37:14.149415,AVAILABLE
6e2d90fd-5ab8-478e-a2f7-427b88fbfb2f,08edb0d0-edbf-44ce-9d32-b74a11e02048,88d258ca-6a27-4799-aad2-b1303be7904b,6f12778d-43ca-4220-8b3b-11201ac91209,B887278,182,0,1395.01,2026-07-01,2027-07-24,301e3cd3-c948-49e9-add4-e8080a9fab7f,2026-05-15 15:37:14.149826,AVAILABLE
354c6bfa-e0d3-4b2f-82d3-d90d36dca9d0,08edb0d0-edbf-44ce-9d32-b74a11e02048,88d258ca-6a27-4799-aad2-b1303be7904b,99f2ef21-d83e-4cde-a73a-10b587a903a3,B143350,882,22,887.49,2026-09-13,2028-03-18,1400ecad-7beb-4557-b782-a9b67dbfa3ea,2026-05-31 15:37:14.149903,AVAILABLE
e8d5a968-c808-475e-8fc2-a5a3f3382d21,08edb0d0-edbf-44ce-9d32-b74a11e02048,88d258ca-6a27-4799-aad2-b1303be7904b,0df67422-0ffe-4855-b4b7-0f4e8676cbdb,B670888,805,2,903.47,2026-07-04,2028-02-25,1400ecad-7beb-4557-b782-a9b67dbfa3ea,2026-06-03 15:37:14.149952,AVAILABLE
0e83930b-96b3-47eb-b5a2-96d9d120d2b9,08edb0d0-edbf-44ce-9d32-b74a11e02048,88d258ca-6a27-4799-aad2-b1303be7904b,9f081f26-ba8d-47d6-870e-ca0ca1cae51f,B845535,606,3,1412.19,2025-06-28,2027-02-17,301e3cd3-c948-49e9-add4-e8080a9fab7f,2026-06-03 15:37:14.149998,AVAILABLE
1a27a000-d655-4eb6-ae8f-1694b065bf7e,08edb0d0-edbf-44ce-9d32-b74a11e02048,0db50fbf-07f1-48a2-af75-5a23c775909b,9c06c388-c751-407e-9c97-3b46b1db5e7c,B881852,817,28,668.42,2025-09-13,2026-11-06,85ba89f5-0cbe-423d-9b09-8edf117efeb7,2026-07-10 15:37:14.150130,AVAILABLE
2670c474-0626-4d67-be1d-e634869d451c,08edb0d0-edbf-44ce-9d32-b74a11e02048,0db50fbf-07f1-48a2-af75-5a23c775909b,9c06c388-c751-407e-9c97-3b46b1db5e7c,B772911,628,40,480.99,2026-01-15,2027-02-18,8a3cc937-5d2e-4b04-b961-e6372fb37757,2026-07-04 15:37:14.150174,AVAILABLE
9f784303-2bc2-4cd6-9d23-916ef02bfb52,08edb0d0-edbf-44ce-9d32-b74a11e02048,0db50fbf-07f1-48a2-af75-5a23c775909b,8e15b3a9-915f-4bf0-84c7-182f335e062c,B880772,212,23,743.22,2025-08-01,2027-01-22,8a3cc937-5d2e-4b04-b961-e6372fb37757,2026-08-19 15:37:14.150219,AVAILABLE
0f3d59b8-559b-410f-9637-e774d0cec4e2,08edb0d0-edbf-44ce-9d32-b74a11e02048,0db50fbf-07f1-48a2-af75-5a23c775909b,8e15b3a9-915f-4bf0-84c7-182f335e062c,B410039,92,6,849.88,2025-11-15,2026-09-26,8a3cc937-5d2e-4b04-b961-e6372fb37757,2026-05-31 15:37:14.150260,EXPIRED
0f85564b-1be5-45ac-8770-9ebaf1402371,08edb0d0-edbf-44ce-9d32-b74a11e02048,0db50fbf-07f1-48a2-af75-5a23c775909b,8e15b3a9-915f-4bf0-84c7-182f335e062c,B441997,829,43,1102.04,2026-06-19,2028-03-10,85ba89f5-0cbe-423d-9b09-8edf117efeb7,2026-10-05 15:37:14.150300,AVAILABLE
223bf9a9-cfc1-4c2a-b6d0-1a29e7e990c4,08edb0d0-edbf-44ce-9d32-b74a11e02048,0db50fbf-07f1-48a2-af75-5a23c775909b,99f2ef21-d83e-4cde-a73a-10b587a903a3,B664337,962,138,398.36,2025-11-04,2027-07-14,389d9f94-94f3-497d-9ad3-80b154c36b08,2026-10-04 15:37:14.150340,AVAILABLE
005fd3ce-a946-44c0-b2e8-a6f9918af352,08edb0d0-edbf-44ce-9d32-b74a11e02048,0db50fbf-07f1-48a2-af75-5a23c775909b,522740d6-f3db-4ac1-a547-6b62598fe57f,B940247,315,6,218.0,2026-06-13,2027-05-23,301e3cd3-c948-49e9-add4-e8080a9fab7f,2026-08-21 15:37:14.150380,AVAILABLE
50986779-fecc-4d6f-80e2-4e3c9e706b04,08edb0d0-edbf-44ce-9d32-b74a11e02048,0db50fbf-07f1-48a2-af75-5a23c775909b,522740d6-f3db-4ac1-a547-6b62598fe57f,B807333,876,91,103.5,2026-01-22,2027-11-21,8a3cc937-5d2e-4b04-b961-e6372fb37757,2026-07-30 15:37:14.150419,AVAILABLE
3783c223-cdea-4dfe-967a-0d4dd7c89234,08edb0d0-edbf-44ce-9d32-b74a11e02048,0db50fbf-07f1-48a2-af75-5a23c775909b,6989db76-adcc-4a3d-b3c0-61fb496a0f5d,B307287,174,13,598.74,2026-06-19,2027-05-24,1400ecad-7beb-4557-b782-a9b67dbfa3ea,2026-04-17 15:37:14.150563,AVAILABLE
69c3408f-bd30-462a-bb49-7e351130404b,08edb0d0-edbf-44ce-9d32-b74a11e02048,0db50fbf-07f1-48a2-af75-5a23c775909b,6989db76-adcc-4a3d-b3c0-61fb496a0f5d,B750402,485,48,1173.78,2026-09-19,2027-10-04,e6d69402-090c-458e-ab40-7589f32bf4bf,2026-10-07 15:37:14.150868,AVAILABLE
9e892c18-9d02-4e6f-b5d5-8993f902a539,08edb0d0-edbf-44ce-9d32-b74a11e02048,0db50fbf-07f1-48a2-af75-5a23c775909b,ca8399a1-143e-4717-be95-7836c2f21dcb,B319391,424,23,1273.78,2026-06-18,2027-09-01,e6d69402-090c-458e-ab40-7589f32bf4bf,2026-06-13 15:37:14.151035,AVAILABLE
39c74c29-7fc8-4856-bcb4-07a7ec2ade4f,08edb0d0-edbf-44ce-9d32-b74a11e02048,0db50fbf-07f1-48a2-af75-5a23c775909b,ca8399a1-143e-4717-be95-7836c2f21dcb,B250669,169,12,580.3,2025-09-23,2027-04-15,41e5f347-011f-49c8-a809-9ebc6ef93e37,2026-05-23 15:37:14.151206,AVAILABLE
1f0ed9a9-f295-47a8-afbe-35c4808e327c,08edb0d0-edbf-44ce-9d32-b74a11e02048,0db50fbf-07f1-48a2-af75-5a23c775909b,1d534fd0-ecdb-47f7-8df1-911899944ac3,B870692,868,107,109.31,2026-05-19,2027-06-13,1400ecad-7beb-4557-b782-a9b67dbfa3ea,2026-08-15 15:37:14.151260,AVAILABLE
38fe5054-9782-41b3-a405-5fb50114db46,08edb0d0-edbf-44ce-9d32-b74a11e02048,0db50fbf-07f1-48a2-af75-5a23c775909b,1d534fd0-ecdb-47f7-8df1-911899944ac3,B174585,96,13,1292.63,2027-05-06,2027-11-19,85ba89f5-0cbe-423d-9b09-8edf117efeb7,2026-06-18 15:37:14.151302,AVAILABLE
7c42a99a-9d55-4702-a86c-32d112da238c,08edb0d0-edbf-44ce-9d32-b74a11e02048,0db50fbf-07f1-48a2-af75-5a23c775909b,573f39b9-7855-4b4d-8a9e-14a5e9d8b2cd,B612598,859,82,1489.23,2026-04-22,2027-07-15,e6d69402-090c-458e-ab40-7589f32bf4bf,2026-04-16 15:37:14.151350,AVAILABLE
e6a88bb3-aab9-418b-b341-1f645704bb00,08edb0d0-edbf-44ce-9d32-b74a11e02048,0db50fbf-07f1-48a2-af75-5a23c775909b,573f39b9-7855-4b4d-8a9e-14a5e9d8b2cd,B352879,512,75,65.16,2027-03-15,2027-11-12,b55d3c34-369b-4934-9015-9e38109b79f2,2026-09-09 15:37:14.151390,AVAILABLE
1eb86c46-b859-4479-ac49-f7e244c887da,08edb0d0-edbf-44ce-9d32-b74a11e02048,0db50fbf-07f1-48a2-af75-5a23c775909b,573f39b9-7855-4b4d-8a9e-14a5e9d8b2cd,B262470,915,19,662.85,2027-07-08,2028-01-25,e692d4b3-4456-49eb-87f5-ee22fc6e4200,2026-05-13 15:37:14.151428,AVAILABLE
3acb5a99-c93c-41ed-9954-0933ebfc739e,08edb0d0-edbf-44ce-9d32-b74a11e02048,0db50fbf-07f1-48a2-af75-5a23c775909b,01d77a5e-a466-4d48-b24b-31edb500e5fa,B363922,839,122,1158.96,2025-09-25,2026-11-29,8a3cc937-5d2e-4b04-b961-e6372fb37757,2026-05-04 15:37:14.151474,AVAILABLE
0514da6e-604d-4b9f-ada8-602fa5ddd50e,08edb0d0-edbf-44ce-9d32-b74a11e02048,0db50fbf-07f1-48a2-af75-5a23c775909b,01d77a5e-a466-4d48-b24b-31edb500e5fa,B133606,261,1,23.91,2025-09-23,2026-12-11,8a3cc937-5d2e-4b04-b961-e6372fb37757,2026-06-03 15:37:14.151672,AVAILABLE
dc9a4f7d-e9ea-4e85-9720-960b0fb47518,08edb0d0-edbf-44ce-9d32-b74a11e02048,0db50fbf-07f1-48a2-af75-5a23c775909b,01d77a5e-a466-4d48-b24b-31edb500e5fa,B883336,135,14,65.76,2026-08-31,2027-12-19,43b13eff-affb-4e79-a137-2d676513f12b,2026-07-19 15:37:14.151734,AVAILABLE
e8a893b8-f203-43f2-b27d-ed51b759efd4,08edb0d0-edbf-44ce-9d32-b74a11e02048,0db50fbf-07f1-48a2-af75-5a23c775909b,063be93d-6835-4b65-a8a1-c36e83278d83,B900756,92,4,1753.8,2027-01-18,2027-10-07,389d9f94-94f3-497d-9ad3-80b154c36b08,2026-08-29 15:37:14.151778,AVAILABLE
2fe6ffa6-6c8e-48a9-8807-f9e0db2592de,08edb0d0-edbf-44ce-9d32-b74a11e02048,0db50fbf-07f1-48a2-af75-5a23c775909b,063be93d-6835-4b65-a8a1-c36e83278d83,B452732,108,11,1470.62,2026-06-16,2027-09-19,b55d3c34-369b-4934-9015-9e38109b79f2,2026-08-22 15:37:14.151817,AVAILABLE
e9401d5b-3ca4-46af-aa30-80fb1cf1ea7d,08edb0d0-edbf-44ce-9d32-b74a11e02048,0db50fbf-07f1-48a2-af75-5a23c775909b,063be93d-6835-4b65-a8a1-c36e83278d83,B917756,616,44,1303.31,2027-06-13,2028-03-27,e6d69402-090c-458e-ab40-7589f32bf4bf,2026-08-30 15:37:14.152096,AVAILABLE
d2ab3bc8-d4e5-4bcc-ad59-933f17a5a9b2,08edb0d0-edbf-44ce-9d32-b74a11e02048,0db50fbf-07f1-48a2-af75-5a23c775909b,c51619a8-ba83-483f-9b52-064f926d96a2,B936147,830,9,610.95,2026-03-31,2026-10-09,e6d69402-090c-458e-ab40-7589f32bf4bf,2026-04-26 15:37:14.152160,AVAILABLE
072cf5a2-f4c7-4aad-9cf0-f4b90ab9a2b3,08edb0d0-edbf-44ce-9d32-b74a11e02048,0db50fbf-07f1-48a2-af75-5a23c775909b,c51619a8-ba83-483f-9b52-064f926d96a2,B183501,410,28,525.62,2025-08-16,2027-06-06,e6d69402-090c-458e-ab40-7589f32bf4bf,2026-04-29 15:37:14.152201,AVAILABLE
25339067-c422-4c5f-9e69-a05c5a809b90,08edb0d0-edbf-44ce-9d32-b74a11e02048,0db50fbf-07f1-48a2-af75-5a23c775909b,c51619a8-ba83-483f-9b52-064f926d96a2,B888077,569,3,206.79,2026-03-15,2027-03-24,85ba89f5-0cbe-423d-9b09-8edf117efeb7,2026-09-13 15:37:14.152238,AVAILABLE
f5fab132-8134-44b0-b91c-94870771a2c7,08edb0d0-edbf-44ce-9d32-b74a11e02048,0db50fbf-07f1-48a2-af75-5a23c775909b,2c10bfc8-d106-4422-b38f-e414215c8def,B646599,710,32,125.43,2026-02-02,2027-04-13,85ba89f5-0cbe-423d-9b09-8edf117efeb7,2026-09-22 15:37:14.152285,AVAILABLE
f8a06af7-96f7-43cd-84f6-541d30243475,08edb0d0-edbf-44ce-9d32-b74a11e02048,0db50fbf-07f1-48a2-af75-5a23c775909b,2c10bfc8-d106-4422-b38f-e414215c8def,B993041,462,27,167.84,2026-04-14,2027-05-07,e6d69402-090c-458e-ab40-7589f32bf4bf,2026-10-04 15:37:14.152469,AVAILABLE
af86f4fe-ef5c-45b3-afab-007fdd36bbf7,08edb0d0-edbf-44ce-9d32-b74a11e02048,0db50fbf-07f1-48a2-af75-5a23c775909b,2c10bfc8-d106-4422-b38f-e414215c8def,B808025,524,65,1671.39,2026-11-11,2028-02-15,43b13eff-affb-4e79-a137-2d676513f12b,2026-09-01 15:37:14.152514,AVAILABLE
32cd78b1-00d0-44f7-ab9c-7ecc5b665a58,08edb0d0-edbf-44ce-9d32-b74a11e02048,0db50fbf-07f1-48a2-af75-5a23c775909b,220f964e-a351-4ad0-827e-502f5ded939c,B495847,52,6,1650.73,2025-04-17,2027-01-07,e692d4b3-4456-49eb-87f5-ee22fc6e4200,2026-07-14 15:37:14.152554,AVAILABLE
66d1fa79-e502-4f87-b95e-63b36ea6639f,08edb0d0-edbf-44ce-9d32-b74a11e02048,0db50fbf-07f1-48a2-af75-5a23c775909b,220f964e-a351-4ad0-827e-502f5ded939c,B384484,792,71,650.69,2026-03-22,2027-01-01,b55d3c34-369b-4934-9015-9e38109b79f2,2026-06-23 15:37:14.152592,AVAILABLE
7a05c34b-52f8-47f0-9447-5a25750e7c01,08edb0d0-edbf-44ce-9d32-b74a11e02048,0db50fbf-07f1-48a2-af75-5a23c775909b,220f964e-a351-4ad0-827e-502f5ded939c,B227045,682,22,584.46,2026-10-22,2027-10-24,43b13eff-affb-4e79-a137-2d676513f12b,2026-06-11 15:37:14.152675,AVAILABLE
d5897739-172b-4b5b-947a-175cb4af8468,08edb0d0-edbf-44ce-9d32-b74a11e02048,0db50fbf-07f1-48a2-af75-5a23c775909b,6f12778d-43ca-4220-8b3b-11201ac91209,B767184,210,3,1474.78,2026-08-16,2027-10-03,43b13eff-affb-4e79-a137-2d676513f12b,2026-05-27 15:37:14.152716,AVAILABLE
52e51227-f27e-4052-98e9-09b78e8bddf7,08edb0d0-edbf-44ce-9d32-b74a11e02048,0db50fbf-07f1-48a2-af75-5a23c775909b,1640337f-9614-4c3f-bda8-20c0eb4c6bce,B814064,348,18,218.41,2026-12-16,2028-02-21,389d9f94-94f3-497d-9ad3-80b154c36b08,2026-08-31 15:37:14.152883,AVAILABLE
f1c47211-7cd1-4be7-b45c-f1f6de647dbf,08edb0d0-edbf-44ce-9d32-b74a11e02048,03064900-6fa5-4b9f-802d-f3b7ef2b3cbe,6f12778d-43ca-4220-8b3b-11201ac91209,B439483,970,75,868.82,2026-03-07,2027-02-19,85ba89f5-0cbe-423d-9b09-8edf117efeb7,2026-06-01 15:37:14.153033,AVAILABLE
91df434e-c531-4f81-b02c-e96d0b4a2135,08edb0d0-edbf-44ce-9d32-b74a11e02048,03064900-6fa5-4b9f-802d-f3b7ef2b3cbe,6f12778d-43ca-4220-8b3b-11201ac91209,B946121,735,22,812.77,2026-01-11,2027-08-07,b55d3c34-369b-4934-9015-9e38109b79f2,2026-05-15 15:37:14.153078,AVAILABLE
e7c4be27-0718-4920-9143-1ff68280ec1b,08edb0d0-edbf-44ce-9d32-b74a11e02048,03064900-6fa5-4b9f-802d-f3b7ef2b3cbe,d039d8bd-44d3-44fc-a49f-83d1987d0b48,B985828,687,37,899.82,2025-08-23,2027-04-22,e692d4b3-4456-49eb-87f5-ee22fc6e4200,2026-09-26 15:37:14.153121,AVAILABLE
1872e889-e29d-4dca-b9cc-6c3acf419c21,08edb0d0-edbf-44ce-9d32-b74a11e02048,03064900-6fa5-4b9f-802d-f3b7ef2b3cbe,d039d8bd-44d3-44fc-a49f-83d1987d0b48,B861067,416,9,1025.26,2025-06-03,2027-05-21,43b13eff-affb-4e79-a137-2d676513f12b,2026-05-14 15:37:14.153160,AVAILABLE
33f4c2d8-de7e-4db9-b4a0-b5d4f4cd7cbd,08edb0d0-edbf-44ce-9d32-b74a11e02048,03064900-6fa5-4b9f-802d-f3b7ef2b3cbe,d039d8bd-44d3-44fc-a49f-83d1987d0b48,B648279,608,87,1570.92,2026-01-27,2028-01-08,b55d3c34-369b-4934-9015-9e38109b79f2,2026-09-12 15:37:14.153283,AVAILABLE
d96c51fb-89ec-4435-9ff8-710e7512a78f,08edb0d0-edbf-44ce-9d32-b74a11e02048,03064900-6fa5-4b9f-802d-f3b7ef2b3cbe,cbb4966e-7bea-4df2-82bc-5fcfe9617ff8,B725043,959,87,512.99,2026-07-29,2027-06-12,85ba89f5-0cbe-423d-9b09-8edf117efeb7,2026-06-13 15:37:14.153423,AVAILABLE
d1d46f89-9ce5-4529-8897-bdb3e2b3cf90,08edb0d0-edbf-44ce-9d32-b74a11e02048,03064900-6fa5-4b9f-802d-f3b7ef2b3cbe,cbb4966e-7bea-4df2-82bc-5fcfe9617ff8,B138281,111,6,1060.45,2025-03-15,2026-10-12,301e3cd3-c948-49e9-add4-e8080a9fab7f,2026-10-03 15:37:14.153474,AVAILABLE
58e95406-72bb-4a22-8277-77156c1ace31,08edb0d0-edbf-44ce-9d32-b74a11e02048,03064900-6fa5-4b9f-802d-f3b7ef2b3cbe,cbb4966e-7bea-4df2-82bc-5fcfe9617ff8,B198662,701,65,573.68,2026-02-16,2027-05-09,41e5f347-011f-49c8-a809-9ebc6ef93e37,2026-09-11 15:37:14.153513,AVAILABLE
cb3b6587-4efe-4c36-9e1c-8882c8490196,08edb0d0-edbf-44ce-9d32-b74a11e02048,03064900-6fa5-4b9f-802d-f3b7ef2b3cbe,831a67ea-b75d-494e-8ba6-e91b1b1eae6e,B949580,51,1,1219.1,2026-02-02,2027-05-22,301e3cd3-c948-49e9-add4-e8080a9fab7f,2026-04-14 15:37:14.153553,AVAILABLE
d63e0f47-5eb0-487b-b104-d54b2822b6b2,08edb0d0-edbf-44ce-9d32-b74a11e02048,03064900-6fa5-4b9f-802d-f3b7ef2b3cbe,831a67ea-b75d-494e-8ba6-e91b1b1eae6e,B314593,473,32,667.01,2027-01-02,2027-10-26,1400ecad-7beb-4557-b782-a9b67dbfa3ea,2026-09-15 15:37:14.153742,AVAILABLE
b99edc73-b40e-4e71-bb1a-848e1387d52a,08edb0d0-edbf-44ce-9d32-b74a11e02048,03064900-6fa5-4b9f-802d-f3b7ef2b3cbe,987c980e-f5ed-4388-b102-971ff25870b1,B720967,363,52,850.27,2026-01-17,2027-04-23,301e3cd3-c948-49e9-add4-e8080a9fab7f,2026-04-27 15:37:14.153803,AVAILABLE
74d1b8e2-bf73-4602-8674-302c923322f5,08edb0d0-edbf-44ce-9d32-b74a11e02048,03064900-6fa5-4b9f-802d-f3b7ef2b3cbe,987c980e-f5ed-4388-b102-971ff25870b1,B245578,472,16,738.27,2027-03-17,2027-11-10,301e3cd3-c948-49e9-add4-e8080a9fab7f,2026-08-10 15:37:14.153844,AVAILABLE
0991fa47-f32a-409b-afb4-9c0c93f9a733,08edb0d0-edbf-44ce-9d32-b74a11e02048,03064900-6fa5-4b9f-802d-f3b7ef2b3cbe,ec00005f-8d61-4b61-825c-d8c696ae49aa,B710780,28,2,888.28,2027-03-27,2028-01-16,b55d3c34-369b-4934-9015-9e38109b79f2,2026-04-23 15:37:14.153885,AVAILABLE
72930922-2f51-4ba2-aa3d-f685fd9b9814,08edb0d0-edbf-44ce-9d32-b74a11e02048,03064900-6fa5-4b9f-802d-f3b7ef2b3cbe,ec00005f-8d61-4b61-825c-d8c696ae49aa,B212146,442,10,551.18,2026-10-02,2027-08-28,1400ecad-7beb-4557-b782-a9b67dbfa3ea,2026-08-01 15:37:14.153923,AVAILABLE
c9ae171f-ea6b-47fc-9d01-7417537abbee,08edb0d0-edbf-44ce-9d32-b74a11e02048,03064900-6fa5-4b9f-802d-f3b7ef2b3cbe,ec00005f-8d61-4b61-825c-d8c696ae49aa,B122291,428,10,1625.47,2025-11-03,2027-10-03,41e5f347-011f-49c8-a809-9ebc6ef93e37,2026-09-17 15:37:14.153959,AVAILABLE
67e7db40-8d25-4364-9136-78b616aa0c85,08edb0d0-edbf-44ce-9d32-b74a11e02048,03064900-6fa5-4b9f-802d-f3b7ef2b3cbe,8cb385ca-cfdc-404f-8298-512a7c8578b3,B619008,505,2,773.22,2025-02-28,2026-10-18,43b13eff-affb-4e79-a137-2d676513f12b,2026-09-20 15:37:14.153997,AVAILABLE
9b2c7911-b953-4f6e-a369-d2eb64c4fd59,08edb0d0-edbf-44ce-9d32-b74a11e02048,03064900-6fa5-4b9f-802d-f3b7ef2b3cbe,8cb385ca-cfdc-404f-8298-512a7c8578b3,B765122,412,46,1773.2,2025-09-17,2027-08-29,e692d4b3-4456-49eb-87f5-ee22fc6e4200,2026-05-27 15:37:14.154032,AVAILABLE
22e32170-89ce-441e-8395-76779077fe8f,08edb0d0-edbf-44ce-9d32-b74a11e02048,03064900-6fa5-4b9f-802d-f3b7ef2b3cbe,43110ae2-2c0b-4654-936a-72afad56219d,B778797,396,39,839.61,2026-12-26,2027-08-26,85ba89f5-0cbe-423d-9b09-8edf117efeb7,2026-04-23 15:37:14.154069,AVAILABLE
523d5deb-1b36-4d13-affb-8fd9b9e7763e,08edb0d0-edbf-44ce-9d32-b74a11e02048,03064900-6fa5-4b9f-802d-f3b7ef2b3cbe,43110ae2-2c0b-4654-936a-72afad56219d,B332643,643,46,269.87,2026-06-10,2027-07-08,e6d69402-090c-458e-ab40-7589f32bf4bf,2026-08-18 15:37:14.154105,AVAILABLE
8369526d-770a-4f32-a155-f8c460314de4,08edb0d0-edbf-44ce-9d32-b74a11e02048,03064900-6fa5-4b9f-802d-f3b7ef2b3cbe,43110ae2-2c0b-4654-936a-72afad56219d,B364246,284,21,299.25,2025-10-20,2027-02-06,41e5f347-011f-49c8-a809-9ebc6ef93e37,2026-05-27 15:37:14.154364,AVAILABLE
4e946530-483a-4a8e-82f8-8b736227b6d2,08edb0d0-edbf-44ce-9d32-b74a11e02048,03064900-6fa5-4b9f-802d-f3b7ef2b3cbe,33e37cdb-690b-4dd6-aa0b-3e189bf6bc51,B124175,365,46,1129.49,2026-08-29,2027-03-12,41e5f347-011f-49c8-a809-9ebc6ef93e37,2026-07-25 15:37:14.154434,AVAILABLE
7f247824-2047-4a2d-833d-ef7d37fbd92d,08edb0d0-edbf-44ce-9d32-b74a11e02048,03064900-6fa5-4b9f-802d-f3b7ef2b3cbe,33e37cdb-690b-4dd6-aa0b-3e189bf6bc51,B312975,260,36,690.41,2025-07-09,2027-02-11,8a3cc937-5d2e-4b04-b961-e6372fb37757,2026-09-13 15:37:14.154477,AVAILABLE
98a9a9bb-5567-4e1a-9a89-4cfa54c3c674,08edb0d0-edbf-44ce-9d32-b74a11e02048,03064900-6fa5-4b9f-802d-f3b7ef2b3cbe,8e67a041-f702-4f16-b57b-c66dff30e18b,B105725,129,14,1766.66,2024-12-22,2026-11-22,41e5f347-011f-49c8-a809-9ebc6ef93e37,2026-10-05 15:37:14.154742,AVAILABLE
871d5f11-2d7f-495a-99f0-b703233802ba,08edb0d0-edbf-44ce-9d32-b74a11e02048,03064900-6fa5-4b9f-802d-f3b7ef2b3cbe,8e67a041-f702-4f16-b57b-c66dff30e18b,B245965,728,106,595.44,2027-04-26,2027-12-02,b55d3c34-369b-4934-9015-9e38109b79f2,2026-10-07 15:37:14.154883,AVAILABLE
51856115-aa90-41e8-92ef-efb86b5c7051,08edb0d0-edbf-44ce-9d32-b74a11e02048,03064900-6fa5-4b9f-802d-f3b7ef2b3cbe,4fda6990-76da-4515-8f85-4b5ce64dd1ce,B981747,68,10,1396.93,2025-08-04,2027-04-21,8a3cc937-5d2e-4b04-b961-e6372fb37757,2026-05-21 15:37:14.154960,AVAILABLE
800a9e32-9fe4-4cf2-bbf1-e02cc9f5f296,08edb0d0-edbf-44ce-9d32-b74a11e02048,03064900-6fa5-4b9f-802d-f3b7ef2b3cbe,4fda6990-76da-4515-8f85-4b5ce64dd1ce,B936225,402,47,1078.11,2026-07-17,2027-02-17,8a3cc937-5d2e-4b04-b961-e6372fb37757,2026-04-28 15:37:14.155004,AVAILABLE
030abb27-39c6-45d5-bde5-deec64047ed0,08edb0d0-edbf-44ce-9d32-b74a11e02048,03064900-6fa5-4b9f-802d-f3b7ef2b3cbe,4fda6990-76da-4515-8f85-4b5ce64dd1ce,B320085,133,7,1232.44,2026-12-13,2027-11-22,1400ecad-7beb-4557-b782-a9b67dbfa3ea,2026-05-19 15:37:14.155045,AVAILABLE
cabb2c4a-ca1c-4e01-b481-733b73e23421,08edb0d0-edbf-44ce-9d32-b74a11e02048,03064900-6fa5-4b9f-802d-f3b7ef2b3cbe,d6c64038-55ae-44a3-863b-be781e1a4649,B365866,26,1,59.9,2026-07-27,2028-03-09,85ba89f5-0cbe-423d-9b09-8edf117efeb7,2026-04-18 15:37:14.155085,AVAILABLE
c0ca25a9-7e7e-4694-a5fa-7162ae314e1d,08edb0d0-edbf-44ce-9d32-b74a11e02048,03064900-6fa5-4b9f-802d-f3b7ef2b3cbe,d6c64038-55ae-44a3-863b-be781e1a4649,B634424,204,14,661.14,2026-03-20,2027-04-18,43b13eff-affb-4e79-a137-2d676513f12b,2026-09-07 15:37:14.155123,AVAILABLE
b4822d0e-ffb1-4b6f-a1cc-0f390298fb6a,08edb0d0-edbf-44ce-9d32-b74a11e02048,03064900-6fa5-4b9f-802d-f3b7ef2b3cbe,a197882a-31bc-40ba-be53-5a7c2f5930f7,B109644,256,27,1402.07,2026-01-28,2027-01-28,b55d3c34-369b-4934-9015-9e38109b79f2,2026-05-13 15:37:14.155161,AVAILABLE
c0ab4969-2b2d-4d75-be8d-ca216a145172,08edb0d0-edbf-44ce-9d32-b74a11e02048,03064900-6fa5-4b9f-802d-f3b7ef2b3cbe,a197882a-31bc-40ba-be53-5a7c2f5930f7,B422258,225,30,710.38,2025-09-24,2027-01-08,43b13eff-affb-4e79-a137-2d676513f12b,2026-07-23 15:37:14.155197,AVAILABLE
263121f9-58e6-49b3-b796-edfbb59b4e74,08edb0d0-edbf-44ce-9d32-b74a11e02048,03064900-6fa5-4b9f-802d-f3b7ef2b3cbe,a197882a-31bc-40ba-be53-5a7c2f5930f7,B492287,985,104,1531.53,2026-09-06,2027-05-05,b55d3c34-369b-4934-9015-9e38109b79f2,2026-09-11 15:37:14.155233,AVAILABLE
cef93477-8a2e-4334-94e7-b8513ce36d7c,08edb0d0-edbf-44ce-9d32-b74a11e02048,03064900-6fa5-4b9f-802d-f3b7ef2b3cbe,c2b13e9e-9865-4a6b-ba11-417dbd416417,B522763,231,29,1634.15,2026-11-15,2027-10-24,389d9f94-94f3-497d-9ad3-80b154c36b08,2026-08-24 15:37:14.155270,AVAILABLE
5bf79308-09c4-435f-a3b6-b1a780783d0a,08edb0d0-edbf-44ce-9d32-b74a11e02048,03064900-6fa5-4b9f-802d-f3b7ef2b3cbe,1d534fd0-ecdb-47f7-8df1-911899944ac3,B933691,761,70,1084.77,2025-12-22,2027-10-30,301e3cd3-c948-49e9-add4-e8080a9fab7f,2026-09-29 15:37:14.155307,AVAILABLE
2abeeb81-cfa9-4d16-9ab9-d5313e2f6741,08edb0d0-edbf-44ce-9d32-b74a11e02048,c4cbc153-ee64-42e9-87a1-cab68276472b,58bf12e5-ee8a-4194-a34c-aa820079144d,B821811,868,10,294.55,2025-05-10,2026-11-20,e6d69402-090c-458e-ab40-7589f32bf4bf,2026-07-29 15:37:14.155416,AVAILABLE
f5c086de-6eb9-420c-bbd7-18bee3660c63,08edb0d0-edbf-44ce-9d32-b74a11e02048,c4cbc153-ee64-42e9-87a1-cab68276472b,58bf12e5-ee8a-4194-a34c-aa820079144d,B755159,119,11,177.92,2026-01-06,2027-11-21,85ba89f5-0cbe-423d-9b09-8edf117efeb7,2026-05-19 15:37:14.155473,AVAILABLE
e5d473d6-40ef-4e94-8776-d157a611b7c1,08edb0d0-edbf-44ce-9d32-b74a11e02048,c4cbc153-ee64-42e9-87a1-cab68276472b,9c06c388-c751-407e-9c97-3b46b1db5e7c,B320383,124,10,31.96,2025-08-21,2027-04-15,e692d4b3-4456-49eb-87f5-ee22fc6e4200,2026-07-02 15:37:14.155734,AVAILABLE
b29792e2-dde0-4297-9305-a3fe43fcf8b3,08edb0d0-edbf-44ce-9d32-b74a11e02048,c4cbc153-ee64-42e9-87a1-cab68276472b,9c06c388-c751-407e-9c97-3b46b1db5e7c,B935250,571,29,1159.25,2026-05-24,2028-01-04,85ba89f5-0cbe-423d-9b09-8edf117efeb7,2026-06-09 15:37:14.156038,AVAILABLE
1c46b9b8-75a1-4194-83fa-dd79e8961fca,08edb0d0-edbf-44ce-9d32-b74a11e02048,c4cbc153-ee64-42e9-87a1-cab68276472b,9c06c388-c751-407e-9c97-3b46b1db5e7c,B328624,123,10,315.73,2026-10-06,2027-07-30,41e5f347-011f-49c8-a809-9ebc6ef93e37,2026-07-24 15:37:14.156116,AVAILABLE
8b2619f0-cf2b-46d0-a308-5fe573ad6a75,08edb0d0-edbf-44ce-9d32-b74a11e02048,c4cbc153-ee64-42e9-87a1-cab68276472b,cf8bc62c-4d72-4142-8ab6-03524280a750,B954557,350,5,1334.73,2026-04-25,2027-12-15,1400ecad-7beb-4557-b782-a9b67dbfa3ea,2026-08-18 15:37:14.156278,AVAILABLE
dfae7292-ec31-4fac-b95a-102e1b82d404,08edb0d0-edbf-44ce-9d32-b74a11e02048,c4cbc153-ee64-42e9-87a1-cab68276472b,cf8bc62c-4d72-4142-8ab6-03524280a750,B397387,152,10,958.01,2025-11-22,2027-05-22,e692d4b3-4456-49eb-87f5-ee22fc6e4200,2026-07-06 15:37:14.156329,AVAILABLE
b70446c7-8a24-4b6b-b989-e2517b2e42df,08edb0d0-edbf-44ce-9d32-b74a11e02048,c4cbc153-ee64-42e9-87a1-cab68276472b,cf8bc62c-4d72-4142-8ab6-03524280a750,B562042,78,7,1125.97,2027-08-13,2028-03-07,e692d4b3-4456-49eb-87f5-ee22fc6e4200,2026-09-29 15:37:14.156452,AVAILABLE
b70abd61-0d89-4634-9bf2-fd187d5d9479,08edb0d0-edbf-44ce-9d32-b74a11e02048,c4cbc153-ee64-42e9-87a1-cab68276472b,2cd10b6d-063e-4f55-a0b6-37edb93b63a6,B651565,43,4,1492.27,2026-03-11,2027-04-21,e692d4b3-4456-49eb-87f5-ee22fc6e4200,2026-05-17 15:37:14.156502,AVAILABLE
e8172860-df94-435a-b6c0-2e66e0dc8ca2,08edb0d0-edbf-44ce-9d32-b74a11e02048,c4cbc153-ee64-42e9-87a1-cab68276472b,2cd10b6d-063e-4f55-a0b6-37edb93b63a6,B620703,21,0,104.46,2025-10-26,2027-07-24,301e3cd3-c948-49e9-add4-e8080a9fab7f,2026-06-25 15:37:14.156543,AVAILABLE
288509ad-9377-43c8-ae50-fc2ca852a74b,08edb0d0-edbf-44ce-9d32-b74a11e02048,c4cbc153-ee64-42e9-87a1-cab68276472b,2cd10b6d-063e-4f55-a0b6-37edb93b63a6,B280208,365,34,1042.07,2027-07-04,2027-12-31,b55d3c34-369b-4934-9015-9e38109b79f2,2026-08-14 15:37:14.156583,AVAILABLE
3261e40e-cb2f-4963-9e4f-f010e4aaabfa,08edb0d0-edbf-44ce-9d32-b74a11e02048,c4cbc153-ee64-42e9-87a1-cab68276472b,67ae158e-8140-49ce-b874-0acf92a800c2,B760984,704,82,916.54,2027-09-08,2028-03-18,43b13eff-affb-4e79-a137-2d676513f12b,2026-08-06 15:37:14.156737,AVAILABLE
f765ff56-f85a-4847-ba30-da251018b63d,08edb0d0-edbf-44ce-9d32-b74a11e02048,c4cbc153-ee64-42e9-87a1-cab68276472b,67ae158e-8140-49ce-b874-0acf92a800c2,B316337,732,34,1769.61,2026-04-04,2027-10-06,301e3cd3-c948-49e9-add4-e8080a9fab7f,2026-06-13 15:37:14.156783,AVAILABLE
e6dad9cf-9c44-4312-bda2-f5101b7ccaea,08edb0d0-edbf-44ce-9d32-b74a11e02048,c4cbc153-ee64-42e9-87a1-cab68276472b,67ae158e-8140-49ce-b874-0acf92a800c2,B808122,613,25,808.98,2026-12-31,2027-08-05,301e3cd3-c948-49e9-add4-e8080a9fab7f,2026-06-17 15:37:14.156825,AVAILABLE
0b85c69a-ab01-4102-9d43-f4289524fbfa,08edb0d0-edbf-44ce-9d32-b74a11e02048,c4cbc153-ee64-42e9-87a1-cab68276472b,c037d58f-eb63-482e-81f7-b1f739423cdf,B786728,49,1,1266.27,2026-05-30,2027-07-04,389d9f94-94f3-497d-9ad3-80b154c36b08,2026-04-23 15:37:14.156864,AVAILABLE
232f9201-92a7-4ca2-bcd3-299be776bd57,08edb0d0-edbf-44ce-9d32-b74a11e02048,c4cbc153-ee64-42e9-87a1-cab68276472b,c037d58f-eb63-482e-81f7-b1f739423cdf,B793761,58,7,158.85,2027-04-02,2027-11-21,43b13eff-affb-4e79-a137-2d676513f12b,2026-09-12 15:37:14.156900,AVAILABLE
4912d48e-1688-4249-b3d7-45334a8ae11b,08edb0d0-edbf-44ce-9d32-b74a11e02048,c4cbc153-ee64-42e9-87a1-cab68276472b,a88fd15f-1bbb-4271-941e-899867a89583,B874268,582,87,321.02,2026-09-25,2027-07-19,1400ecad-7beb-4557-b782-a9b67dbfa3ea,2026-08-08 15:37:14.156937,AVAILABLE
283661b2-b5be-4c31-b60d-5066312bda28,08edb0d0-edbf-44ce-9d32-b74a11e02048,c4cbc153-ee64-42e9-87a1-cab68276472b,a88fd15f-1bbb-4271-941e-899867a89583,B867414,188,11,888.3,2025-09-30,2026-12-04,e692d4b3-4456-49eb-87f5-ee22fc6e4200,2026-04-24 15:37:14.156974,AVAILABLE
0e03b201-8fc9-49c1-9236-4c13b19a8045,08edb0d0-edbf-44ce-9d32-b74a11e02048,c4cbc153-ee64-42e9-87a1-cab68276472b,a88fd15f-1bbb-4271-941e-899867a89583,B773405,488,64,1473.42,2025-07-13,2026-10-13,85ba89f5-0cbe-423d-9b09-8edf117efeb7,2026-08-26 15:37:14.157009,AVAILABLE
e4ce7cd1-c02d-4dfe-b0b7-1a42037a28ba,08edb0d0-edbf-44ce-9d32-b74a11e02048,c4cbc153-ee64-42e9-87a1-cab68276472b,7b6b643c-11d8-4a62-8cfe-a28f5fe4f2d6,B666549,366,46,998.71,2026-01-26,2026-09-30,85ba89f5-0cbe-423d-9b09-8edf117efeb7,2026-09-06 15:37:14.157047,EXPIRED
a9ba46f4-28fe-43df-9dd0-081f3f81ea52,08edb0d0-edbf-44ce-9d32-b74a11e02048,c4cbc153-ee64-42e9-87a1-cab68276472b,7b6b643c-11d8-4a62-8cfe-a28f5fe4f2d6,B702584,218,18,1555.1,2027-05-06,2027-11-08,8a3cc937-5d2e-4b04-b961-e6372fb37757,2026-04-19 15:37:14.157090,AVAILABLE
63a5e7bd-7967-4fac-8a29-abaab79c0fd2,08edb0d0-edbf-44ce-9d32-b74a11e02048,c4cbc153-ee64-42e9-87a1-cab68276472b,7b6b643c-11d8-4a62-8cfe-a28f5fe4f2d6,B698282,203,20,949.1,2026-04-14,2027-09-28,e692d4b3-4456-49eb-87f5-ee22fc6e4200,2026-05-22 15:37:14.157211,AVAILABLE
7709b0f2-2774-4cb4-b797-2294272e9c3b,08edb0d0-edbf-44ce-9d32-b74a11e02048,c4cbc153-ee64-42e9-87a1-cab68276472b,9d6f82ea-a6c1-4ee5-bd74-c517ba546a27,B780870,618,11,1265.86,2025-12-21,2027-03-10,389d9f94-94f3-497d-9ad3-80b154c36b08,2026-06-14 15:37:14.157257,AVAILABLE
347a21ec-60ea-4fe9-b8f5-3de448d965a6,08edb0d0-edbf-44ce-9d32-b74a11e02048,c4cbc153-ee64-42e9-87a1-cab68276472b,9d6f82ea-a6c1-4ee5-bd74-c517ba546a27,B730833,355,13,1731.75,2026-09-19,2027-09-26,e692d4b3-4456-49eb-87f5-ee22fc6e4200,2026-05-07 15:37:14.157295,AVAILABLE
a4ceb7cf-47ab-47ec-97fd-04baf767e145,08edb0d0-edbf-44ce-9d32-b74a11e02048,c4cbc153-ee64-42e9-87a1-cab68276472b,9d6f82ea-a6c1-4ee5-bd74-c517ba546a27,B823881,569,62,953.69,2026-10-28,2027-11-28,e692d4b3-4456-49eb-87f5-ee22fc6e4200,2026-04-16 15:37:14.157353,AVAILABLE
a9bf5b2d-f1b6-45c6-aa83-d8fdb589f364,08edb0d0-edbf-44ce-9d32-b74a11e02048,c4cbc153-ee64-42e9-87a1-cab68276472b,b699a59a-a0ec-49d9-b327-482e55347adf,B130857,489,41,372.28,2025-11-24,2026-10-23,43b13eff-affb-4e79-a137-2d676513f12b,2026-04-20 15:37:14.157408,AVAILABLE
561e520d-ceb3-465d-8070-d11ba56bfc71,08edb0d0-edbf-44ce-9d32-b74a11e02048,c4cbc153-ee64-42e9-87a1-cab68276472b,061b886b-98ed-480e-9810-63995f2f47ed,B318392,155,16,1502.28,2026-06-01,2027-07-23,85ba89f5-0cbe-423d-9b09-8edf117efeb7,2026-07-11 15:37:14.157447,AVAILABLE
33dcea42-8d54-4bc9-83fc-8745eea746de,08edb0d0-edbf-44ce-9d32-b74a11e02048,c4cbc153-ee64-42e9-87a1-cab68276472b,061b886b-98ed-480e-9810-63995f2f47ed,B785294,222,15,1391.29,2026-06-15,2027-10-24,1400ecad-7beb-4557-b782-a9b67dbfa3ea,2026-06-30 15:37:14.157482,AVAILABLE
26591db1-7925-4c05-a4bd-3dea244875c3,08edb0d0-edbf-44ce-9d32-b74a11e02048,c4cbc153-ee64-42e9-87a1-cab68276472b,061b886b-98ed-480e-9810-63995f2f47ed,B582810,293,22,326.16,2026-06-29,2028-02-06,1400ecad-7beb-4557-b782-a9b67dbfa3ea,2026-06-29 15:37:14.157517,AVAILABLE
d37336fd-eac7-4c8e-880b-dc4398950f75,08edb0d0-edbf-44ce-9d32-b74a11e02048,c4cbc153-ee64-42e9-87a1-cab68276472b,70745aec-f24f-4b18-807e-6adb80d01ba0,B734963,533,23,1281.88,2027-02-02,2028-03-02,85ba89f5-0cbe-423d-9b09-8edf117efeb7,2026-09-12 15:37:14.157554,AVAILABLE
6f14c805-faf9-4c14-bd89-1906fdfa50a8,08edb0d0-edbf-44ce-9d32-b74a11e02048,c4cbc153-ee64-42e9-87a1-cab68276472b,cbb4966e-7bea-4df2-82bc-5fcfe9617ff8,B329403,536,27,1696.39,2026-11-26,2027-10-05,b55d3c34-369b-4934-9015-9e38109b79f2,2026-08-24 15:37:14.157591,AVAILABLE
4e2e051b-51ad-4b41-a10b-beb381d19440,08edb0d0-edbf-44ce-9d32-b74a11e02048,c4cbc153-ee64-42e9-87a1-cab68276472b,cbb4966e-7bea-4df2-82bc-5fcfe9617ff8,B518223,805,64,254.43,2026-03-03,2027-08-25,e6d69402-090c-458e-ab40-7589f32bf4bf,2026-09-01 15:37:14.157673,AVAILABLE
e5b64a76-503a-4acc-be2b-8f871ea4d138,08edb0d0-edbf-44ce-9d32-b74a11e02048,c4cbc153-ee64-42e9-87a1-cab68276472b,85b186aa-f3a1-45ba-8d0c-349f8a13c3d4,B628114,777,113,1580.01,2025-12-30,2026-12-31,301e3cd3-c948-49e9-add4-e8080a9fab7f,2026-09-18 15:37:14.157714,AVAILABLE
6db8da53-9581-4739-a134-8e65bca9f79f,08edb0d0-edbf-44ce-9d32-b74a11e02048,c4cbc153-ee64-42e9-87a1-cab68276472b,27bdd8c0-778d-42ea-ae25-964ce81e391d,B445011,174,6,368.75,2025-01-28,2027-01-04,389d9f94-94f3-497d-9ad3-80b154c36b08,2026-06-18 15:37:14.157751,AVAILABLE
a0fb63a9-07a1-4f08-aa5f-f2fa409c3b7d,08edb0d0-edbf-44ce-9d32-b74a11e02048,3c57d214-4249-4577-945a-ed97bdeb4c65,b8b41174-e4bb-41e0-8dc8-fbdaf9d470ec,B642191,645,24,1160.42,2025-04-24,2026-11-29,301e3cd3-c948-49e9-add4-e8080a9fab7f,2026-07-08 15:37:14.157874,AVAILABLE
c0b28932-cd2e-48e5-9e07-bb7b1ec4c554,08edb0d0-edbf-44ce-9d32-b74a11e02048,3c57d214-4249-4577-945a-ed97bdeb4c65,b8b41174-e4bb-41e0-8dc8-fbdaf9d470ec,B786884,957,56,1704.79,2025-02-06,2026-12-06,1400ecad-7beb-4557-b782-a9b67dbfa3ea,2026-05-02 15:37:14.157922,AVAILABLE
a9700157-cc88-4d6a-a451-d2354dd8ed10,08edb0d0-edbf-44ce-9d32-b74a11e02048,3c57d214-4249-4577-945a-ed97bdeb4c65,b8b41174-e4bb-41e0-8dc8-fbdaf9d470ec,B700287,598,14,145.76,2026-10-03,2027-05-15,43b13eff-affb-4e79-a137-2d676513f12b,2026-09-18 15:37:14.157960,AVAILABLE
66051aa9-b571-4c63-a775-df5471d2c01e,08edb0d0-edbf-44ce-9d32-b74a11e02048,3c57d214-4249-4577-945a-ed97bdeb4c65,24d1b68c-2a5b-464e-bb4e-c1071b3b4f3d,B290950,425,44,1148.66,2026-11-10,2028-03-18,43b13eff-affb-4e79-a137-2d676513f12b,2026-08-30 15:37:14.158000,AVAILABLE
2501b773-bf25-4e52-8ec1-2403e73ef666,08edb0d0-edbf-44ce-9d32-b74a11e02048,3c57d214-4249-4577-945a-ed97bdeb4c65,24d1b68c-2a5b-464e-bb4e-c1071b3b4f3d,B621411,932,87,1030.17,2025-07-11,2027-01-15,1400ecad-7beb-4557-b782-a9b67dbfa3ea,2026-07-17 15:37:14.158036,AVAILABLE
1bcb3a32-8758-48c6-9083-911682867b56,08edb0d0-edbf-44ce-9d32-b74a11e02048,3c57d214-4249-4577-945a-ed97bdeb4c65,24d1b68c-2a5b-464e-bb4e-c1071b3b4f3d,B165918,105,9,789.78,2027-02-19,2027-10-29,85ba89f5-0cbe-423d-9b09-8edf117efeb7,2026-10-04 15:37:14.158073,AVAILABLE
b7b84c73-6256-48a9-9291-7ef79a8ff785,08edb0d0-edbf-44ce-9d32-b74a11e02048,3c57d214-4249-4577-945a-ed97bdeb4c65,ca8399a1-143e-4717-be95-7836c2f21dcb,B573600,192,25,654.17,2025-07-25,2027-06-08,b55d3c34-369b-4934-9015-9e38109b79f2,2026-08-14 15:37:14.158110,AVAILABLE
0430fa1b-7ac3-422c-a749-5afd5aec643b,08edb0d0-edbf-44ce-9d32-b74a11e02048,3c57d214-4249-4577-945a-ed97bdeb4c65,ca8399a1-143e-4717-be95-7836c2f21dcb,B866302,154,14,64.96,2026-04-12,2028-02-15,389d9f94-94f3-497d-9ad3-80b154c36b08,2026-07-08 15:37:14.158167,AVAILABLE
36602481-893b-4346-941e-ed81ba3e0d02,08edb0d0-edbf-44ce-9d32-b74a11e02048,3c57d214-4249-4577-945a-ed97bdeb4c65,ca8399a1-143e-4717-be95-7836c2f21dcb,B937048,104,7,156.46,2026-11-04,2028-03-07,e6d69402-090c-458e-ab40-7589f32bf4bf,2026-05-14 15:37:14.158223,AVAILABLE
452b2edc-8f17-4986-9571-d657c1eb6413,08edb0d0-edbf-44ce-9d32-b74a11e02048,3c57d214-4249-4577-945a-ed97bdeb4c65,2b376704-d06b-441d-a2bf-f0973873411c,B587335,403,38,1732.45,2026-03-10,2027-02-15,e692d4b3-4456-49eb-87f5-ee22fc6e4200,2026-09-23 15:37:14.158269,AVAILABLE
b03a3dc7-29ca-41a4-afc0-4af3cc2d1295,08edb0d0-edbf-44ce-9d32-b74a11e02048,3c57d214-4249-4577-945a-ed97bdeb4c65,24db962d-9a6b-4de6-982b-b719e504efb9,B514436,367,12,1275.8,2026-03-26,2027-12-29,85ba89f5-0cbe-423d-9b09-8edf117efeb7,2026-09-22 15:37:14.158308,AVAILABLE
489afebe-cf7c-4d63-920a-350ece3f26a3,08edb0d0-edbf-44ce-9d32-b74a11e02048,3c57d214-4249-4577-945a-ed97bdeb4c65,24db962d-9a6b-4de6-982b-b719e504efb9,B885563,986,65,946.89,2025-01-27,2026-12-23,301e3cd3-c948-49e9-add4-e8080a9fab7f,2026-06-22 15:37:14.158345,AVAILABLE
c0e9020f-8960-4b14-a84b-a232772bfdeb,08edb0d0-edbf-44ce-9d32-b74a11e02048,3c57d214-4249-4577-945a-ed97bdeb4c65,24db962d-9a6b-4de6-982b-b719e504efb9,B363120,289,30,948.94,2025-04-18,2026-10-14,e6d69402-090c-458e-ab40-7589f32bf4bf,2026-09-11 15:37:14.158381,AVAILABLE
118d9327-b8c2-4d23-a3eb-77fcc848cc1e,08edb0d0-edbf-44ce-9d32-b74a11e02048,3c57d214-4249-4577-945a-ed97bdeb4c65,4fda6990-76da-4515-8f85-4b5ce64dd1ce,B203540,255,24,192.73,2026-09-03,2028-02-15,1400ecad-7beb-4557-b782-a9b67dbfa3ea,2026-09-25 15:37:14.158419,AVAILABLE
4cfda886-a1ad-4da8-a66d-5326e8331d58,08edb0d0-edbf-44ce-9d32-b74a11e02048,3c57d214-4249-4577-945a-ed97bdeb4c65,4fda6990-76da-4515-8f85-4b5ce64dd1ce,B427027,711,68,942.61,2025-07-20,2026-10-04,43b13eff-affb-4e79-a137-2d676513f12b,2026-06-18 15:37:14.158455,EXPIRED
67c157d6-a2d2-474b-9792-5f2131b9655f,08edb0d0-edbf-44ce-9d32-b74a11e02048,3c57d214-4249-4577-945a-ed97bdeb4c65,4fda6990-76da-4515-8f85-4b5ce64dd1ce,B226156,228,1,1128.64,2026-01-17,2027-10-02,43b13eff-affb-4e79-a137-2d676513f12b,2026-04-12 15:37:14.158490,AVAILABLE
8bcd3f20-f57b-4069-ab53-60db67119f5a,08edb0d0-edbf-44ce-9d32-b74a11e02048,3c57d214-4249-4577-945a-ed97bdeb4c65,dee6b134-5f4e-4d83-8133-35e34f0b48e8,B705811,260,2,1141.1,2025-09-18,2027-05-28,43b13eff-affb-4e79-a137-2d676513f12b,2026-09-16 15:37:14.158528,AVAILABLE
b5198695-f3af-4b1d-bc0d-6badbef95daf,08edb0d0-edbf-44ce-9d32-b74a11e02048,3c57d214-4249-4577-945a-ed97bdeb4c65,dee6b134-5f4e-4d83-8133-35e34f0b48e8,B457976,661,71,101.53,2025-08-26,2026-10-05,301e3cd3-c948-49e9-add4-e8080a9fab7f,2026-06-30 15:37:14.158564,EXPIRED
1d5a50d6-964d-4121-8823-bbd64197043f,08edb0d0-edbf-44ce-9d32-b74a11e02048,3c57d214-4249-4577-945a-ed97bdeb4c65,6b615b69-ae0e-4f1b-a6dc-2d69233addaa,B714142,174,3,139.86,2026-02-11,2026-12-12,8a3cc937-5d2e-4b04-b961-e6372fb37757,2026-08-29 15:37:14.159027,AVAILABLE
0cd719f5-9ef9-4b50-9f26-bb4dae4fd7bd,08edb0d0-edbf-44ce-9d32-b74a11e02048,3c57d214-4249-4577-945a-ed97bdeb4c65,6b615b69-ae0e-4f1b-a6dc-2d69233addaa,B302077,960,118,1458.96,2025-10-30,2026-10-28,389d9f94-94f3-497d-9ad3-80b154c36b08,2026-10-05 15:37:14.159113,AVAILABLE
da9d4bd5-e468-47ac-aa49-acc0667b54d3,08edb0d0-edbf-44ce-9d32-b74a11e02048,3c57d214-4249-4577-945a-ed97bdeb4c65,2cd10b6d-063e-4f55-a0b6-37edb93b63a6,B902442,537,11,1306.11,2025-05-24,2027-01-11,e692d4b3-4456-49eb-87f5-ee22fc6e4200,2026-09-20 15:37:14.159166,AVAILABLE
56f419cd-5cb4-4355-86a0-b312160d658a,08edb0d0-edbf-44ce-9d32-b74a11e02048,3c57d214-4249-4577-945a-ed97bdeb4c65,cbb4966e-7bea-4df2-82bc-5fcfe9617ff8,B673578,309,22,876.63,2027-04-14,2028-02-11,1400ecad-7beb-4557-b782-a9b67dbfa3ea,2026-05-15 15:37:14.159210,AVAILABLE
771944f6-2806-4df8-bc64-23e6b73ac366,08edb0d0-edbf-44ce-9d32-b74a11e02048,3c57d214-4249-4577-945a-ed97bdeb4c65,0c98fcbf-9121-467b-910d-10fcfbcd35b6,B594479,732,58,357.88,2026-06-23,2027-10-08,85ba89f5-0cbe-423d-9b09-8edf117efeb7,2026-06-06 15:37:14.159251,AVAILABLE
8c569242-85ff-4d99-8bef-80120ccc843e,08edb0d0-edbf-44ce-9d32-b74a11e02048,3c57d214-4249-4577-945a-ed97bdeb4c65,0c98fcbf-9121-467b-910d-10fcfbcd35b6,B845491,404,57,916.18,2027-06-16,2028-03-20,1400ecad-7beb-4557-b782-a9b67dbfa3ea,2026-07-05 15:37:14.159288,AVAILABLE
74b9b105-f827-4c28-8566-fc392be6c09d,08edb0d0-edbf-44ce-9d32-b74a11e02048,3c57d214-4249-4577-945a-ed97bdeb4c65,58bf12e5-ee8a-4194-a34c-aa820079144d,B429765,216,30,1253.31,2026-06-05,2028-03-20,43b13eff-affb-4e79-a137-2d676513f12b,2026-07-23 15:37:14.159430,AVAILABLE
283041bc-007c-4bc1-aad5-24e76c46f4f3,08edb0d0-edbf-44ce-9d32-b74a11e02048,3c57d214-4249-4577-945a-ed97bdeb4c65,58bf12e5-ee8a-4194-a34c-aa820079144d,B146580,302,19,26.23,2025-07-26,2027-01-31,301e3cd3-c948-49e9-add4-e8080a9fab7f,2026-09-12 15:37:14.159504,AVAILABLE
5c0ad0a9-6e09-4301-bcd4-969c17b843cf,08edb0d0-edbf-44ce-9d32-b74a11e02048,3c57d214-4249-4577-945a-ed97bdeb4c65,ea61edd3-7fbd-4c08-b312-d866041879c2,B129270,729,80,1709.91,2027-05-22,2028-02-16,389d9f94-94f3-497d-9ad3-80b154c36b08,2026-05-27 15:37:14.159550,AVAILABLE
68702549-9607-41bb-9284-6c00400f9b6e,08edb0d0-edbf-44ce-9d32-b74a11e02048,3c57d214-4249-4577-945a-ed97bdeb4c65,ea61edd3-7fbd-4c08-b312-d866041879c2,B233588,789,26,654.71,2026-05-03,2027-11-12,85ba89f5-0cbe-423d-9b09-8edf117efeb7,2026-04-21 15:37:14.159729,AVAILABLE
1023e772-09fa-4f14-aa76-7601bb6dfc8c,08edb0d0-edbf-44ce-9d32-b74a11e02048,3c57d214-4249-4577-945a-ed97bdeb4c65,8e67a041-f702-4f16-b57b-c66dff30e18b,B810121,982,142,422.73,2026-03-01,2027-09-24,b55d3c34-369b-4934-9015-9e38109b79f2,2026-08-09 15:37:14.159794,AVAILABLE
06bd0a3c-dd8f-404c-8b2d-0ea2dd8692b0,08edb0d0-edbf-44ce-9d32-b74a11e02048,3c57d214-4249-4577-945a-ed97bdeb4c65,8e67a041-f702-4f16-b57b-c66dff30e18b,B121921,329,28,1457.17,2026-04-11,2027-09-15,43b13eff-affb-4e79-a137-2d676513f12b,2026-05-19 15:37:14.159912,AVAILABLE
21d0a2da-e36d-43c9-a218-382b6bbbcefb,08edb0d0-edbf-44ce-9d32-b74a11e02048,3c57d214-4249-4577-945a-ed97bdeb4c65,c037d58f-eb63-482e-81f7-b1f739423cdf,B263901,729,97,188.84,2027-04-12,2027-12-26,389d9f94-94f3-497d-9ad3-80b154c36b08,2026-05-06 15:37:14.159979,AVAILABLE
dfe85558-f1f4-4b1f-a28a-de466bf902b2,08edb0d0-edbf-44ce-9d32-b74a11e02048,a0d764f4-1c3d-4776-bf09-dc25f26b1294,a88fd15f-1bbb-4271-941e-899867a89583,B423781,373,14,1503.87,2026-01-29,2027-09-11,e6d69402-090c-458e-ab40-7589f32bf4bf,2026-09-24 15:37:14.160094,AVAILABLE
48584ddd-5683-4a06-912b-5513d954088b,08edb0d0-edbf-44ce-9d32-b74a11e02048,a0d764f4-1c3d-4776-bf09-dc25f26b1294,a88fd15f-1bbb-4271-941e-899867a89583,B340194,745,111,1663.46,2026-02-09,2028-01-11,389d9f94-94f3-497d-9ad3-80b154c36b08,2026-05-05 15:37:14.160141,AVAILABLE
72d81ab1-3a97-4826-bcd1-f897917f5ed1,08edb0d0-edbf-44ce-9d32-b74a11e02048,a0d764f4-1c3d-4776-bf09-dc25f26b1294,b699a59a-a0ec-49d9-b327-482e55347adf,B969982,242,33,965.6,2026-07-20,2027-02-24,e692d4b3-4456-49eb-87f5-ee22fc6e4200,2026-06-30 15:37:14.160183,AVAILABLE
4e99d851-00f6-4cfc-9ddc-7445f1535372,08edb0d0-edbf-44ce-9d32-b74a11e02048,a0d764f4-1c3d-4776-bf09-dc25f26b1294,b699a59a-a0ec-49d9-b327-482e55347adf,B631570,178,18,731.96,2026-03-24,2026-11-22,e692d4b3-4456-49eb-87f5-ee22fc6e4200,2026-07-02 15:37:14.160408,AVAILABLE
17c36cd3-67e1-4ba0-b931-9043ef73192c,08edb0d0-edbf-44ce-9d32-b74a11e02048,a0d764f4-1c3d-4776-bf09-dc25f26b1294,0df67422-0ffe-4855-b4b7-0f4e8676cbdb,B941329,47,2,260.48,2025-03-24,2027-02-19,41e5f347-011f-49c8-a809-9ebc6ef93e37,2026-10-07 15:37:14.160490,AVAILABLE
a29629cd-5b8a-4d2e-aa0f-d2df85bc7684,08edb0d0-edbf-44ce-9d32-b74a11e02048,a0d764f4-1c3d-4776-bf09-dc25f26b1294,0df67422-0ffe-4855-b4b7-0f4e8676cbdb,B753004,859,12,280.82,2025-09-03,2027-06-11,301e3cd3-c948-49e9-add4-e8080a9fab7f,2026-07-19 15:37:14.160537,AVAILABLE
56409d16-a932-45b0-a2d5-b6d504e5dfcc,08edb0d0-edbf-44ce-9d32-b74a11e02048,a0d764f4-1c3d-4776-bf09-dc25f26b1294,13cd9912-56bb-4721-abb1-986f20a370cb,B762238,431,3,993.08,2026-01-01,2027-01-04,b55d3c34-369b-4934-9015-9e38109b79f2,2026-05-09 15:37:14.160579,AVAILABLE
b521a0f1-463b-4b5e-b0a2-4ce5a45033ff,08edb0d0-edbf-44ce-9d32-b74a11e02048,a0d764f4-1c3d-4776-bf09-dc25f26b1294,220f964e-a351-4ad0-827e-502f5ded939c,B161588,436,14,124.14,2026-05-20,2027-02-06,43b13eff-affb-4e79-a137-2d676513f12b,2026-09-17 15:37:14.160757,AVAILABLE
81807347-3bfb-453e-bb97-9238ef6a9162,08edb0d0-edbf-44ce-9d32-b74a11e02048,a0d764f4-1c3d-4776-bf09-dc25f26b1294,220f964e-a351-4ad0-827e-502f5ded939c,B105317,978,45,235.77,2026-02-24,2027-01-21,e692d4b3-4456-49eb-87f5-ee22fc6e4200,2026-05-25 15:37:14.161039,AVAILABLE
7708253d-08c6-4043-9417-1d6a2f6f08e1,08edb0d0-edbf-44ce-9d32-b74a11e02048,a0d764f4-1c3d-4776-bf09-dc25f26b1294,9c06c388-c751-407e-9c97-3b46b1db5e7c,B810774,705,64,1465.31,2026-11-24,2028-02-17,e692d4b3-4456-49eb-87f5-ee22fc6e4200,2026-09-25 15:37:14.161347,AVAILABLE
8b4c3bd5-f932-47fd-b3af-6a163a039ce8,08edb0d0-edbf-44ce-9d32-b74a11e02048,a0d764f4-1c3d-4776-bf09-dc25f26b1294,9c06c388-c751-407e-9c97-3b46b1db5e7c,B818666,446,0,882.13,2027-03-10,2028-01-13,85ba89f5-0cbe-423d-9b09-8edf117efeb7,2026-06-15 15:37:14.161528,AVAILABLE
bb2e12eb-5322-4cd8-8209-19039611d8d8,08edb0d0-edbf-44ce-9d32-b74a11e02048,a0d764f4-1c3d-4776-bf09-dc25f26b1294,f6dc8117-e75f-4920-a0cf-04c7bafc7542,B178160,849,92,1778.84,2027-02-22,2027-08-25,301e3cd3-c948-49e9-add4-e8080a9fab7f,2026-07-13 15:37:14.161807,AVAILABLE
df534e4c-228a-4787-8742-86fd1ddc0536,08edb0d0-edbf-44ce-9d32-b74a11e02048,a0d764f4-1c3d-4776-bf09-dc25f26b1294,e3420e6d-9ba0-43de-991d-15b61159daa1,B645249,321,38,438.53,2026-05-24,2027-04-17,85ba89f5-0cbe-423d-9b09-8edf117efeb7,2026-08-05 15:37:14.161872,AVAILABLE
26bebf66-60d2-4717-8d50-f3c4e5d24ca9,08edb0d0-edbf-44ce-9d32-b74a11e02048,a0d764f4-1c3d-4776-bf09-dc25f26b1294,b8b41174-e4bb-41e0-8dc8-fbdaf9d470ec,B732629,941,53,1788.05,2026-12-01,2027-11-07,b55d3c34-369b-4934-9015-9e38109b79f2,2026-09-06 15:37:14.161942,AVAILABLE
6cadacb1-ce5b-4029-80f0-aa65607a86a6,08edb0d0-edbf-44ce-9d32-b74a11e02048,a0d764f4-1c3d-4776-bf09-dc25f26b1294,b8b41174-e4bb-41e0-8dc8-fbdaf9d470ec,B673183,95,0,331.34,2025-05-15,2026-09-25,b55d3c34-369b-4934-9015-9e38109b79f2,2026-06-18 15:37:14.162000,EXPIRED
6180fec8-93ba-4a7f-8821-191c8c6a2669,08edb0d0-edbf-44ce-9d32-b74a11e02048,a0d764f4-1c3d-4776-bf09-dc25f26b1294,a197882a-31bc-40ba-be53-5a7c2f5930f7,B559382,303,17,1040.55,2025-10-10,2027-09-24,43b13eff-affb-4e79-a137-2d676513f12b,2026-05-27 15:37:14.162049,AVAILABLE
4701bdb7-7654-4173-a11c-99b458985b1a,08edb0d0-edbf-44ce-9d32-b74a11e02048,a0d764f4-1c3d-4776-bf09-dc25f26b1294,cf8bc62c-4d72-4142-8ab6-03524280a750,B318218,796,106,1509.74,2025-04-24,2026-10-14,43b13eff-affb-4e79-a137-2d676513f12b,2026-09-14 15:37:14.162092,AVAILABLE
37ddb595-c192-4471-a5d7-90d11d164b6a,08edb0d0-edbf-44ce-9d32-b74a11e02048,a0d764f4-1c3d-4776-bf09-dc25f26b1294,cf8bc62c-4d72-4142-8ab6-03524280a750,B923691,957,46,44.17,2025-04-13,2027-02-03,389d9f94-94f3-497d-9ad3-80b154c36b08,2026-06-21 15:37:14.162244,AVAILABLE
043f2a8d-d84c-4e59-9985-be5cc4994665,08edb0d0-edbf-44ce-9d32-b74a11e02048,a0d764f4-1c3d-4776-bf09-dc25f26b1294,cf8bc62c-4d72-4142-8ab6-03524280a750,B981372,449,35,145.07,2026-02-02,2027-09-09,8a3cc937-5d2e-4b04-b961-e6372fb37757,2026-08-25 15:37:14.162312,AVAILABLE
a0fa4e28-b6da-4337-a61c-16b232814109,08edb0d0-edbf-44ce-9d32-b74a11e02048,a0d764f4-1c3d-4776-bf09-dc25f26b1294,9f081f26-ba8d-47d6-870e-ca0ca1cae51f,B133920,502,55,531.16,2026-03-11,2028-01-25,e692d4b3-4456-49eb-87f5-ee22fc6e4200,2026-09-27 15:37:14.162358,AVAILABLE
9fb4c7e3-eeef-43de-89fc-bdccdb4a4614,08edb0d0-edbf-44ce-9d32-b74a11e02048,a0d764f4-1c3d-4776-bf09-dc25f26b1294,9f081f26-ba8d-47d6-870e-ca0ca1cae51f,B325072,974,95,1250.65,2026-06-13,2027-07-14,301e3cd3-c948-49e9-add4-e8080a9fab7f,2026-05-05 15:37:14.162398,AVAILABLE
22cd4cc4-3182-44cc-a84d-5a21063aa72c,08edb0d0-edbf-44ce-9d32-b74a11e02048,a0d764f4-1c3d-4776-bf09-dc25f26b1294,85b186aa-f3a1-45ba-8d0c-349f8a13c3d4,B174613,749,61,1401.59,2026-01-10,2027-08-02,1400ecad-7beb-4557-b782-a9b67dbfa3ea,2026-09-18 15:37:14.162442,AVAILABLE
b4696dbd-b690-4d18-951e-844e4b71bb81,08edb0d0-edbf-44ce-9d32-b74a11e02048,a0d764f4-1c3d-4776-bf09-dc25f26b1294,85b186aa-f3a1-45ba-8d0c-349f8a13c3d4,B318451,135,14,1467.63,2025-11-20,2027-05-09,e692d4b3-4456-49eb-87f5-ee22fc6e4200,2026-09-05 15:37:14.162591,AVAILABLE
fc99f42d-4b20-4441-bdef-4a82ffb2f4f8,08edb0d0-edbf-44ce-9d32-b74a11e02048,a0d764f4-1c3d-4776-bf09-dc25f26b1294,24856ba7-ab81-4f22-985e-e30a3b9397cb,B694747,383,12,934.33,2026-12-11,2027-07-06,43b13eff-affb-4e79-a137-2d676513f12b,2026-07-21 15:37:14.162690,AVAILABLE
d72344ab-8f7e-495e-b7bd-f0ef776cbea6,08edb0d0-edbf-44ce-9d32-b74a11e02048,a0d764f4-1c3d-4776-bf09-dc25f26b1294,24856ba7-ab81-4f22-985e-e30a3b9397cb,B438006,606,19,1626.07,2025-08-24,2027-01-20,85ba89f5-0cbe-423d-9b09-8edf117efeb7,2026-05-11 15:37:14.162760,AVAILABLE
4d60a8b4-a030-422f-891b-dd69942d6694,08edb0d0-edbf-44ce-9d32-b74a11e02048,a0d764f4-1c3d-4776-bf09-dc25f26b1294,24856ba7-ab81-4f22-985e-e30a3b9397cb,B131639,303,2,351.32,2026-02-08,2026-11-29,43b13eff-affb-4e79-a137-2d676513f12b,2026-05-17 15:37:14.162860,AVAILABLE
4766490f-14bd-4a29-93b5-2bbe28ee264d,08edb0d0-edbf-44ce-9d32-b74a11e02048,a0d764f4-1c3d-4776-bf09-dc25f26b1294,1b0a2521-7dda-4bed-8313-954689f28c33,B949200,301,18,95.05,2026-05-23,2026-12-20,e6d69402-090c-458e-ab40-7589f32bf4bf,2026-06-21 15:37:14.162932,AVAILABLE
15c641fc-2ee4-4c36-8769-2e365f99ce8f,08edb0d0-edbf-44ce-9d32-b74a11e02048,911f1aeb-4fd9-4446-a325-21cb5a9fb972,6f12778d-43ca-4220-8b3b-11201ac91209,B636511,25,3,1477.01,2026-10-31,2027-11-30,41e5f347-011f-49c8-a809-9ebc6ef93e37,2026-04-27 15:37:14.163178,AVAILABLE
988d8bed-7e60-4e9e-8822-7dae4765df3e,08edb0d0-edbf-44ce-9d32-b74a11e02048,911f1aeb-4fd9-4446-a325-21cb5a9fb972,3e8ecc15-190b-4bcd-a7fd-92ec541c75f4,B503871,703,40,91.18,2025-10-17,2027-07-16,41e5f347-011f-49c8-a809-9ebc6ef93e37,2026-07-24 15:37:14.163237,AVAILABLE
5d747ae9-0512-4911-b643-104016e7feeb,08edb0d0-edbf-44ce-9d32-b74a11e02048,911f1aeb-4fd9-4446-a325-21cb5a9fb972,3e8ecc15-190b-4bcd-a7fd-92ec541c75f4,B509560,844,65,1431.12,2026-09-14,2027-06-25,85ba89f5-0cbe-423d-9b09-8edf117efeb7,2026-06-06 15:37:14.163283,AVAILABLE
ac363a44-d3a4-48db-9b65-f71f745fed13,08edb0d0-edbf-44ce-9d32-b74a11e02048,911f1aeb-4fd9-4446-a325-21cb5a9fb972,3e8ecc15-190b-4bcd-a7fd-92ec541c75f4,B739692,955,121,23.56,2026-06-16,2027-10-21,1400ecad-7beb-4557-b782-a9b67dbfa3ea,2026-07-25 15:37:14.163328,AVAILABLE
c7a3b844-11d0-4283-a9b2-019aeb32355e,08edb0d0-edbf-44ce-9d32-b74a11e02048,911f1aeb-4fd9-4446-a325-21cb5a9fb972,cf8bc62c-4d72-4142-8ab6-03524280a750,B559313,853,76,388.14,2024-12-02,2026-11-03,41e5f347-011f-49c8-a809-9ebc6ef93e37,2026-09-04 15:37:14.163371,AVAILABLE
92c0551b-537e-4779-abcb-17cf116b2118,08edb0d0-edbf-44ce-9d32-b74a11e02048,911f1aeb-4fd9-4446-a325-21cb5a9fb972,cf8bc62c-4d72-4142-8ab6-03524280a750,B566881,646,53,1503.98,2027-06-09,2028-03-28,e692d4b3-4456-49eb-87f5-ee22fc6e4200,2026-07-30 15:37:14.163430,AVAILABLE
6f8a1e94-2c60-4db7-a347-7b2e7266fd85,08edb0d0-edbf-44ce-9d32-b74a11e02048,911f1aeb-4fd9-4446-a325-21cb5a9fb972,a041cc1e-bb11-4e03-9969-5026c46ed837,B132526,33,1,1259.16,2025-11-29,2027-04-21,b55d3c34-369b-4934-9015-9e38109b79f2,2026-05-26 15:37:14.163480,AVAILABLE
4ce60750-37ad-4842-a51e-28de38cf7667,08edb0d0-edbf-44ce-9d32-b74a11e02048,911f1aeb-4fd9-4446-a325-21cb5a9fb972,a041cc1e-bb11-4e03-9969-5026c46ed837,B195190,483,6,1189.17,2026-02-10,2026-12-19,43b13eff-affb-4e79-a137-2d676513f12b,2026-08-06 15:37:14.163518,AVAILABLE
3f90e658-c684-43a3-a01b-9cdd16686e97,08edb0d0-edbf-44ce-9d32-b74a11e02048,911f1aeb-4fd9-4446-a325-21cb5a9fb972,1640337f-9614-4c3f-bda8-20c0eb4c6bce,B196100,510,38,115.41,2026-04-06,2026-12-24,e692d4b3-4456-49eb-87f5-ee22fc6e4200,2026-04-25 15:37:14.163560,AVAILABLE
5f05bdca-ff75-4331-a7a6-84bbb7a612a4,08edb0d0-edbf-44ce-9d32-b74a11e02048,911f1aeb-4fd9-4446-a325-21cb5a9fb972,1640337f-9614-4c3f-bda8-20c0eb4c6bce,B944096,76,0,1416.78,2026-09-07,2027-10-20,b55d3c34-369b-4934-9015-9e38109b79f2,2026-09-08 15:37:14.163627,AVAILABLE
fbda0847-a145-49c2-97d4-23cf7ce9aaa8,08edb0d0-edbf-44ce-9d32-b74a11e02048,911f1aeb-4fd9-4446-a325-21cb5a9fb972,a88fd15f-1bbb-4271-941e-899867a89583,B139579,816,100,1184.69,2027-04-05,2028-02-18,85ba89f5-0cbe-423d-9b09-8edf117efeb7,2026-06-02 15:37:14.163787,AVAILABLE
740533ff-7595-48bd-9f28-55f37dc59195,08edb0d0-edbf-44ce-9d32-b74a11e02048,911f1aeb-4fd9-4446-a325-21cb5a9fb972,27bdd8c0-778d-42ea-ae25-964ce81e391d,B235232,370,47,322.11,2025-07-20,2027-04-08,85ba89f5-0cbe-423d-9b09-8edf117efeb7,2026-08-05 15:37:14.163867,AVAILABLE
38488184-a217-465f-8dff-f517faa88a73,08edb0d0-edbf-44ce-9d32-b74a11e02048,911f1aeb-4fd9-4446-a325-21cb5a9fb972,70745aec-f24f-4b18-807e-6adb80d01ba0,B210378,699,67,627.8,2026-01-26,2027-02-01,85ba89f5-0cbe-423d-9b09-8edf117efeb7,2026-06-22 15:37:14.163914,AVAILABLE
4154e1ff-9f1a-4a2b-9400-d58f9aaf0d0a,08edb0d0-edbf-44ce-9d32-b74a11e02048,911f1aeb-4fd9-4446-a325-21cb5a9fb972,70745aec-f24f-4b18-807e-6adb80d01ba0,B773485,256,29,78.24,2027-07-09,2028-01-16,41e5f347-011f-49c8-a809-9ebc6ef93e37,2026-09-10 15:37:14.163954,AVAILABLE
f705a1a0-e6bd-427c-89ad-ca5e29cf74ec,08edb0d0-edbf-44ce-9d32-b74a11e02048,911f1aeb-4fd9-4446-a325-21cb5a9fb972,70745aec-f24f-4b18-807e-6adb80d01ba0,B553422,758,1,1616.61,2026-08-07,2027-08-07,e6d69402-090c-458e-ab40-7589f32bf4bf,2026-04-23 15:37:14.163992,AVAILABLE
41c98d53-c511-4563-ba85-7f88edaf6d1a,08edb0d0-edbf-44ce-9d32-b74a11e02048,911f1aeb-4fd9-4446-a325-21cb5a9fb972,b699a59a-a0ec-49d9-b327-482e55347adf,B965165,662,68,1658.37,2025-11-16,2027-07-19,301e3cd3-c948-49e9-add4-e8080a9fab7f,2026-08-28 15:37:14.164031,AVAILABLE
d4de3afd-db89-47cd-ad43-91a3a85e26f9,08edb0d0-edbf-44ce-9d32-b74a11e02048,911f1aeb-4fd9-4446-a325-21cb5a9fb972,b699a59a-a0ec-49d9-b327-482e55347adf,B635551,218,16,1081.7,2025-09-16,2027-04-03,301e3cd3-c948-49e9-add4-e8080a9fab7f,2026-06-03 15:37:14.164067,AVAILABLE
3e290319-0350-457b-a4a3-2517aec93504,08edb0d0-edbf-44ce-9d32-b74a11e02048,911f1aeb-4fd9-4446-a325-21cb5a9fb972,b699a59a-a0ec-49d9-b327-482e55347adf,B999819,556,26,1547.31,2025-02-07,2026-10-05,b55d3c34-369b-4934-9015-9e38109b79f2,2026-09-18 15:37:14.164103,EXPIRED
ab0f24e6-3f06-4958-ac3b-21e256986f3c,08edb0d0-edbf-44ce-9d32-b74a11e02048,911f1aeb-4fd9-4446-a325-21cb5a9fb972,24856ba7-ab81-4f22-985e-e30a3b9397cb,B901118,935,35,593.69,2026-07-09,2027-09-09,b55d3c34-369b-4934-9015-9e38109b79f2,2026-07-29 15:37:14.164140,AVAILABLE
87318c7d-e16e-415d-b4ec-bbeca884c744,08edb0d0-edbf-44ce-9d32-b74a11e02048,911f1aeb-4fd9-4446-a325-21cb5a9fb972,24856ba7-ab81-4f22-985e-e30a3b9397cb,B471584,306,4,1605.19,2026-05-14,2027-08-02,85ba89f5-0cbe-423d-9b09-8edf117efeb7,2026-06-14 15:37:14.164177,AVAILABLE
6fcd7953-7c26-4904-b56d-bfbe4171af31,08edb0d0-edbf-44ce-9d32-b74a11e02048,911f1aeb-4fd9-4446-a325-21cb5a9fb972,987c980e-f5ed-4388-b102-971ff25870b1,B746106,602,8,1749.27,2027-01-04,2027-07-25,8a3cc937-5d2e-4b04-b961-e6372fb37757,2026-06-11 15:37:14.164214,AVAILABLE
f286e8af-3579-49d3-8726-9230c4d7009e,08edb0d0-edbf-44ce-9d32-b74a11e02048,911f1aeb-4fd9-4446-a325-21cb5a9fb972,987c980e-f5ed-4388-b102-971ff25870b1,B291985,52,3,142.76,2026-02-14,2027-10-15,8a3cc937-5d2e-4b04-b961-e6372fb37757,2026-06-08 15:37:14.164250,AVAILABLE
bb5ca795-412a-47ff-85a5-389a8988d77c,08edb0d0-edbf-44ce-9d32-b74a11e02048,911f1aeb-4fd9-4446-a325-21cb5a9fb972,24d1b68c-2a5b-464e-bb4e-c1071b3b4f3d,B284427,92,12,530.15,2026-10-19,2027-06-27,85ba89f5-0cbe-423d-9b09-8edf117efeb7,2026-10-06 15:37:14.164379,AVAILABLE
b4cf14a3-83f3-4c3e-959b-d380fb2c2dab,08edb0d0-edbf-44ce-9d32-b74a11e02048,911f1aeb-4fd9-4446-a325-21cb5a9fb972,24d1b68c-2a5b-464e-bb4e-c1071b3b4f3d,B790709,729,77,1626.44,2025-06-17,2027-02-21,85ba89f5-0cbe-423d-9b09-8edf117efeb7,2026-06-24 15:37:14.164427,AVAILABLE
b973b3ed-a905-4e31-bb70-ca408a25f4a3,08edb0d0-edbf-44ce-9d32-b74a11e02048,911f1aeb-4fd9-4446-a325-21cb5a9fb972,2c4e6d71-0152-4e82-9c16-bfc9c81ea55e,B460228,581,3,1475.55,2026-03-30,2027-03-11,43b13eff-affb-4e79-a137-2d676513f12b,2026-08-25 15:37:14.164472,AVAILABLE
9566f7c2-91bb-4e82-b9aa-aa7484bcd1ad,08edb0d0-edbf-44ce-9d32-b74a11e02048,911f1aeb-4fd9-4446-a325-21cb5a9fb972,2c4e6d71-0152-4e82-9c16-bfc9c81ea55e,B279922,639,0,1789.86,2025-06-14,2026-10-03,b55d3c34-369b-4934-9015-9e38109b79f2,2026-05-15 15:37:14.164510,EXPIRED
e3134644-d101-498f-a99a-74f6e74ca736,08edb0d0-edbf-44ce-9d32-b74a11e02048,911f1aeb-4fd9-4446-a325-21cb5a9fb972,2c4e6d71-0152-4e82-9c16-bfc9c81ea55e,B376176,496,35,1342.3,2026-06-27,2027-12-26,85ba89f5-0cbe-423d-9b09-8edf117efeb7,2026-09-13 15:37:14.164548,AVAILABLE
799898df-05f4-47e1-9539-99ad59b73e89,08edb0d0-edbf-44ce-9d32-b74a11e02048,911f1aeb-4fd9-4446-a325-21cb5a9fb972,3b4f2db0-078e-4414-849b-1ba2782649be,B401983,137,9,815.25,2026-02-02,2027-05-28,1400ecad-7beb-4557-b782-a9b67dbfa3ea,2026-09-17 15:37:14.164585,AVAILABLE
9659ebaa-6c90-4f35-b480-8fe42da7af89,08edb0d0-edbf-44ce-9d32-b74a11e02048,911f1aeb-4fd9-4446-a325-21cb5a9fb972,85b186aa-f3a1-45ba-8d0c-349f8a13c3d4,B608626,35,1,1119.71,2027-03-01,2027-09-02,8a3cc937-5d2e-4b04-b961-e6372fb37757,2026-09-05 15:37:14.164888,AVAILABLE
0342623b-7ecd-46d0-ae88-d78cb5da2d6d,08edb0d0-edbf-44ce-9d32-b74a11e02048,911f1aeb-4fd9-4446-a325-21cb5a9fb972,85b186aa-f3a1-45ba-8d0c-349f8a13c3d4,B881830,542,7,1772.08,2025-06-16,2027-01-07,e6d69402-090c-458e-ab40-7589f32bf4bf,2026-08-08 15:37:14.164962,AVAILABLE
5d1fb4d2-ada9-46ed-af99-9793d0bf98fd,08edb0d0-edbf-44ce-9d32-b74a11e02048,911f1aeb-4fd9-4446-a325-21cb5a9fb972,85b186aa-f3a1-45ba-8d0c-349f8a13c3d4,B936189,649,69,1514.1,2027-01-29,2027-09-25,301e3cd3-c948-49e9-add4-e8080a9fab7f,2026-09-19 15:37:14.165009,AVAILABLE
a942575f-44f5-4a80-b031-fddae5a32a5a,a7373a90-b4e1-4e4c-8f0b-7ad06a9fa600,c89006cd-6dca-4543-aa7c-88fc8d5b4314,0d430ec5-4d86-4820-8a2c-9a0885280906,B581000,657,74,1308.99,2025-09-12,2027-01-16,41e5f347-011f-49c8-a809-9ebc6ef93e37,2026-09-18 15:37:14.166255,AVAILABLE
94d2cf14-51d8-4383-9c80-2ef125e7556b,a7373a90-b4e1-4e4c-8f0b-7ad06a9fa600,c89006cd-6dca-4543-aa7c-88fc8d5b4314,0d430ec5-4d86-4820-8a2c-9a0885280906,B582107,999,134,1123.14,2025-11-03,2027-09-22,8a3cc937-5d2e-4b04-b961-e6372fb37757,2026-07-06 15:37:14.166312,AVAILABLE
3e70ecf2-f75e-4e30-884f-0e6ccc2182b4,a7373a90-b4e1-4e4c-8f0b-7ad06a9fa600,c89006cd-6dca-4543-aa7c-88fc8d5b4314,0d430ec5-4d86-4820-8a2c-9a0885280906,B966190,545,40,1125.8,2026-09-10,2027-03-17,b55d3c34-369b-4934-9015-9e38109b79f2,2026-06-12 15:37:14.166359,AVAILABLE
81a1a2b1-7faf-47d6-a2e9-8e26fb5b9fc2,a7373a90-b4e1-4e4c-8f0b-7ad06a9fa600,c89006cd-6dca-4543-aa7c-88fc8d5b4314,2f7de1c2-cb62-4261-83f5-d8323f438333,B524153,698,66,775.52,2025-04-25,2027-03-26,41e5f347-011f-49c8-a809-9ebc6ef93e37,2026-10-01 15:37:14.166406,AVAILABLE
d666bb01-902e-4175-ae0f-b1d88ff0073b,a7373a90-b4e1-4e4c-8f0b-7ad06a9fa600,c89006cd-6dca-4543-aa7c-88fc8d5b4314,27bdd8c0-778d-42ea-ae25-964ce81e391d,B670702,21,2,747.46,2026-12-12,2027-06-22,389d9f94-94f3-497d-9ad3-80b154c36b08,2026-05-10 15:37:14.166451,AVAILABLE
5b2f0dfc-a975-4794-954c-0178d7746710,a7373a90-b4e1-4e4c-8f0b-7ad06a9fa600,c89006cd-6dca-4543-aa7c-88fc8d5b4314,27bdd8c0-778d-42ea-ae25-964ce81e391d,B693276,189,11,1327.03,2026-11-23,2027-05-29,e692d4b3-4456-49eb-87f5-ee22fc6e4200,2026-04-17 15:37:14.166655,AVAILABLE
9a1b98f6-f66d-4c03-8fce-e3877d46e77f,a7373a90-b4e1-4e4c-8f0b-7ad06a9fa600,c89006cd-6dca-4543-aa7c-88fc8d5b4314,27bdd8c0-778d-42ea-ae25-964ce81e391d,B184512,885,107,134.03,2026-09-23,2027-12-08,85ba89f5-0cbe-423d-9b09-8edf117efeb7,2026-06-27 15:37:14.166719,AVAILABLE
f855dff3-6207-4d1c-8546-8bf63f2b13d4,a7373a90-b4e1-4e4c-8f0b-7ad06a9fa600,c89006cd-6dca-4543-aa7c-88fc8d5b4314,24d1b68c-2a5b-464e-bb4e-c1071b3b4f3d,B456746,111,15,403.47,2027-03-14,2028-02-17,1400ecad-7beb-4557-b782-a9b67dbfa3ea,2026-06-14 15:37:14.166767,AVAILABLE
2c67e10a-fabb-42f1-99c3-384b83313128,a7373a90-b4e1-4e4c-8f0b-7ad06a9fa600,c89006cd-6dca-4543-aa7c-88fc8d5b4314,24d1b68c-2a5b-464e-bb4e-c1071b3b4f3d,B916521,566,26,1441.89,2026-04-02,2027-07-11,1400ecad-7beb-4557-b782-a9b67dbfa3ea,2026-06-06 15:37:14.166876,AVAILABLE
e610a197-1ebd-4af8-b14f-a839fc04f807,a7373a90-b4e1-4e4c-8f0b-7ad06a9fa600,c89006cd-6dca-4543-aa7c-88fc8d5b4314,4fda6990-76da-4515-8f85-4b5ce64dd1ce,B607298,565,60,1287.05,2026-05-10,2027-02-08,b55d3c34-369b-4934-9015-9e38109b79f2,2026-07-07 15:37:14.166941,AVAILABLE
1e5f1177-66f0-40a0-aaba-732206e34a79,a7373a90-b4e1-4e4c-8f0b-7ad06a9fa600,c89006cd-6dca-4543-aa7c-88fc8d5b4314,4fda6990-76da-4515-8f85-4b5ce64dd1ce,B687527,240,34,1183.22,2027-07-13,2028-03-20,e6d69402-090c-458e-ab40-7589f32bf4bf,2026-05-16 15:37:14.166983,AVAILABLE
5470c65a-573d-49dd-9648-a8bde5135d16,a7373a90-b4e1-4e4c-8f0b-7ad06a9fa600,c89006cd-6dca-4543-aa7c-88fc8d5b4314,4fda6990-76da-4515-8f85-4b5ce64dd1ce,B904720,703,17,898.53,2025-11-03,2027-07-23,43b13eff-affb-4e79-a137-2d676513f12b,2026-06-10 15:37:14.167022,AVAILABLE
fb0e6d4b-453c-40d3-a0b8-e2c8742849be,a7373a90-b4e1-4e4c-8f0b-7ad06a9fa600,c89006cd-6dca-4543-aa7c-88fc8d5b4314,9c06c388-c751-407e-9c97-3b46b1db5e7c,B234961,189,17,1564.72,2025-12-11,2026-11-19,43b13eff-affb-4e79-a137-2d676513f12b,2026-05-26 15:37:14.167063,AVAILABLE
8feca924-b983-4aa5-9f70-3d7cbcd679c4,a7373a90-b4e1-4e4c-8f0b-7ad06a9fa600,c89006cd-6dca-4543-aa7c-88fc8d5b4314,9c06c388-c751-407e-9c97-3b46b1db5e7c,B973388,867,18,424.75,2025-08-16,2026-10-13,41e5f347-011f-49c8-a809-9ebc6ef93e37,2026-05-24 15:37:14.167101,AVAILABLE
a6bc843e-97a8-472e-b5d4-f2f2948c45ae,a7373a90-b4e1-4e4c-8f0b-7ad06a9fa600,c89006cd-6dca-4543-aa7c-88fc8d5b4314,9c06c388-c751-407e-9c97-3b46b1db5e7c,B942918,433,52,1175.91,2027-04-07,2027-11-24,85ba89f5-0cbe-423d-9b09-8edf117efeb7,2026-05-23 15:37:14.167138,AVAILABLE
a6444415-d9cc-4f5a-aa7a-a73e1dc7bbb5,a7373a90-b4e1-4e4c-8f0b-7ad06a9fa600,c89006cd-6dca-4543-aa7c-88fc8d5b4314,3b4f2db0-078e-4414-849b-1ba2782649be,B539508,948,51,676.9,2025-03-23,2026-12-27,e692d4b3-4456-49eb-87f5-ee22fc6e4200,2026-08-15 15:37:14.167175,AVAILABLE
d3d28351-c469-42f1-95fb-0ef26378498e,a7373a90-b4e1-4e4c-8f0b-7ad06a9fa600,c89006cd-6dca-4543-aa7c-88fc8d5b4314,c037d58f-eb63-482e-81f7-b1f739423cdf,B874599,452,0,789.41,2025-10-09,2027-03-23,41e5f347-011f-49c8-a809-9ebc6ef93e37,2026-09-14 15:37:14.167324,AVAILABLE
0e25062d-d363-47bb-a241-5617b3168998,a7373a90-b4e1-4e4c-8f0b-7ad06a9fa600,c89006cd-6dca-4543-aa7c-88fc8d5b4314,c037d58f-eb63-482e-81f7-b1f739423cdf,B505400,303,14,140.45,2026-04-15,2027-07-21,85ba89f5-0cbe-423d-9b09-8edf117efeb7,2026-08-10 15:37:14.167387,AVAILABLE
17bc9f06-7b4c-40b9-bb04-ff0d0505c31f,a7373a90-b4e1-4e4c-8f0b-7ad06a9fa600,c89006cd-6dca-4543-aa7c-88fc8d5b4314,c037d58f-eb63-482e-81f7-b1f739423cdf,B214029,68,1,549.24,2025-12-10,2026-11-12,301e3cd3-c948-49e9-add4-e8080a9fab7f,2026-09-16 15:37:14.167428,AVAILABLE
29422af4-c7e8-4088-bafa-dbc4f7e7cd78,a7373a90-b4e1-4e4c-8f0b-7ad06a9fa600,c89006cd-6dca-4543-aa7c-88fc8d5b4314,b8b41174-e4bb-41e0-8dc8-fbdaf9d470ec,B355334,141,18,198.97,2026-09-07,2027-09-28,e692d4b3-4456-49eb-87f5-ee22fc6e4200,2026-07-13 15:37:14.167468,AVAILABLE
bb278ef8-aab3-40fd-8509-d122ebb7e081,a7373a90-b4e1-4e4c-8f0b-7ad06a9fa600,c89006cd-6dca-4543-aa7c-88fc8d5b4314,b8b41174-e4bb-41e0-8dc8-fbdaf9d470ec,B388877,847,26,1326.03,2026-05-19,2027-09-11,e692d4b3-4456-49eb-87f5-ee22fc6e4200,2026-06-08 15:37:14.167506,AVAILABLE
33c2616d-cbb3-45dd-a67c-6d27fc1171af,a7373a90-b4e1-4e4c-8f0b-7ad06a9fa600,c89006cd-6dca-4543-aa7c-88fc8d5b4314,b8b41174-e4bb-41e0-8dc8-fbdaf9d470ec,B959536,374,0,1487.1,2027-03-21,2027-10-11,43b13eff-affb-4e79-a137-2d676513f12b,2026-08-11 15:37:14.167543,AVAILABLE
3c965972-4a87-4f9f-9fc6-0ddd357ae068,a7373a90-b4e1-4e4c-8f0b-7ad06a9fa600,c89006cd-6dca-4543-aa7c-88fc8d5b4314,4bd504ed-a1c0-48c9-bff0-b66723a5f08d,B566695,677,93,23.2,2026-04-26,2026-12-08,301e3cd3-c948-49e9-add4-e8080a9fab7f,2026-07-25 15:37:14.167721,AVAILABLE
a6adf44e-4b12-409c-8bc4-c167f77586a6,a7373a90-b4e1-4e4c-8f0b-7ad06a9fa600,c89006cd-6dca-4543-aa7c-88fc8d5b4314,4bd504ed-a1c0-48c9-bff0-b66723a5f08d,B708368,729,52,1616.41,2026-06-09,2027-05-12,301e3cd3-c948-49e9-add4-e8080a9fab7f,2026-09-10 15:37:14.167771,AVAILABLE
f00d9d15-30c1-4279-92b5-3de4b9f2ac22,a7373a90-b4e1-4e4c-8f0b-7ad06a9fa600,c89006cd-6dca-4543-aa7c-88fc8d5b4314,4bd504ed-a1c0-48c9-bff0-b66723a5f08d,B416212,454,23,881.93,2026-08-20,2027-03-30,8a3cc937-5d2e-4b04-b961-e6372fb37757,2026-07-25 15:37:14.167811,AVAILABLE
f37b5ab9-0a9a-4fc3-8896-c36e69055dac,a7373a90-b4e1-4e4c-8f0b-7ad06a9fa600,c89006cd-6dca-4543-aa7c-88fc8d5b4314,2c4e6d71-0152-4e82-9c16-bfc9c81ea55e,B223154,749,62,680.16,2027-05-25,2028-02-08,e6d69402-090c-458e-ab40-7589f32bf4bf,2026-07-03 15:37:14.167854,AVAILABLE
ece9713b-7ada-46ec-9b6c-a34fc132a021,a7373a90-b4e1-4e4c-8f0b-7ad06a9fa600,c89006cd-6dca-4543-aa7c-88fc8d5b4314,378ef267-9155-41bc-a431-7c700c1731e3,B958115,793,107,1488.9,2025-02-03,2026-11-21,389d9f94-94f3-497d-9ad3-80b154c36b08,2026-09-11 15:37:14.167978,AVAILABLE
aee4f18b-f366-4eff-8224-fd6a5c54ed6e,a7373a90-b4e1-4e4c-8f0b-7ad06a9fa600,c89006cd-6dca-4543-aa7c-88fc8d5b4314,f1b95f47-94a2-4979-a411-02444c727d3e,B962325,513,68,347.47,2026-05-18,2027-05-04,85ba89f5-0cbe-423d-9b09-8edf117efeb7,2026-08-29 15:37:14.168051,AVAILABLE
b421d026-d150-4503-a6d1-2a24686e9926,a7373a90-b4e1-4e4c-8f0b-7ad06a9fa600,c89006cd-6dca-4543-aa7c-88fc8d5b4314,0a915249-7e9b-4a22-be4b-d5a6c9628e04,B180009,418,45,488.48,2026-05-28,2027-10-09,43b13eff-affb-4e79-a137-2d676513f12b,2026-06-24 15:37:14.168183,AVAILABLE
97e7fc9e-e835-456d-96ea-b44a0f6f944f,a7373a90-b4e1-4e4c-8f0b-7ad06a9fa600,c89006cd-6dca-4543-aa7c-88fc8d5b4314,0a915249-7e9b-4a22-be4b-d5a6c9628e04,B648649,327,10,96.1,2027-01-03,2028-01-20,301e3cd3-c948-49e9-add4-e8080a9fab7f,2026-05-27 15:37:14.168257,AVAILABLE
d8aad9c8-820d-4aa3-83c4-f12317cd3cd8,a7373a90-b4e1-4e4c-8f0b-7ad06a9fa600,c89006cd-6dca-4543-aa7c-88fc8d5b4314,0a915249-7e9b-4a22-be4b-d5a6c9628e04,B621835,698,36,443.65,2025-07-29,2026-11-11,85ba89f5-0cbe-423d-9b09-8edf117efeb7,2026-09-17 15:37:14.168301,AVAILABLE
3f35cc19-b71a-4481-b44b-3dc501c89af4,a7373a90-b4e1-4e4c-8f0b-7ad06a9fa600,c89006cd-6dca-4543-aa7c-88fc8d5b4314,d2219992-909f-48be-967e-2e3f1c3ddfa9,B656255,136,9,8.81,2026-10-25,2027-10-04,b55d3c34-369b-4934-9015-9e38109b79f2,2026-04-26 15:37:14.168354,AVAILABLE
aa9b9f28-8acc-4974-8df0-f9de4a8cc845,a7373a90-b4e1-4e4c-8f0b-7ad06a9fa600,c89006cd-6dca-4543-aa7c-88fc8d5b4314,d2219992-909f-48be-967e-2e3f1c3ddfa9,B485727,117,11,1457.84,2025-10-28,2027-04-29,8a3cc937-5d2e-4b04-b961-e6372fb37757,2026-06-13 15:37:14.168392,AVAILABLE
dfa5cf1d-17a6-48a8-8b80-400681119bad,a7373a90-b4e1-4e4c-8f0b-7ad06a9fa600,c89006cd-6dca-4543-aa7c-88fc8d5b4314,d2219992-909f-48be-967e-2e3f1c3ddfa9,B309001,773,56,1265.38,2026-12-22,2028-02-02,1400ecad-7beb-4557-b782-a9b67dbfa3ea,2026-06-28 15:37:14.168430,AVAILABLE
902efbd7-8c18-420e-99b4-e325a403c1ea,a7373a90-b4e1-4e4c-8f0b-7ad06a9fa600,c89006cd-6dca-4543-aa7c-88fc8d5b4314,58bf12e5-ee8a-4194-a34c-aa820079144d,B285002,433,16,650.43,2025-11-22,2027-07-03,301e3cd3-c948-49e9-add4-e8080a9fab7f,2026-07-11 15:37:14.168468,AVAILABLE
766b9890-c703-4bb7-a061-b7995f3f8bc5,a7373a90-b4e1-4e4c-8f0b-7ad06a9fa600,c89006cd-6dca-4543-aa7c-88fc8d5b4314,9d6f82ea-a6c1-4ee5-bd74-c517ba546a27,B115592,22,2,1015.37,2026-09-18,2028-01-16,301e3cd3-c948-49e9-add4-e8080a9fab7f,2026-06-05 15:37:14.168508,AVAILABLE
e5ba81c3-0aeb-439a-b13e-a74902d9c504,a7373a90-b4e1-4e4c-8f0b-7ad06a9fa600,c89006cd-6dca-4543-aa7c-88fc8d5b4314,9d6f82ea-a6c1-4ee5-bd74-c517ba546a27,B339233,20,2,1446.8,2026-12-07,2027-07-07,85ba89f5-0cbe-423d-9b09-8edf117efeb7,2026-06-01 15:37:14.168544,AVAILABLE
35ad81f5-7b50-4abb-bbbe-a9053e0f2dd8,a7373a90-b4e1-4e4c-8f0b-7ad06a9fa600,c89006cd-6dca-4543-aa7c-88fc8d5b4314,2aceb2a6-c859-4f95-a238-9ad796b698fa,B736643,831,92,1306.08,2025-12-30,2027-09-25,8a3cc937-5d2e-4b04-b961-e6372fb37757,2026-06-21 15:37:14.168583,AVAILABLE
70ccb287-1e4d-4bb1-ad5a-c1836d93b41e,a7373a90-b4e1-4e4c-8f0b-7ad06a9fa600,c89006cd-6dca-4543-aa7c-88fc8d5b4314,2aceb2a6-c859-4f95-a238-9ad796b698fa,B156944,447,24,953.45,2025-01-06,2026-11-03,8a3cc937-5d2e-4b04-b961-e6372fb37757,2026-07-24 15:37:14.168666,AVAILABLE
050418c8-854b-4031-8db0-83920a117647,a7373a90-b4e1-4e4c-8f0b-7ad06a9fa600,c89006cd-6dca-4543-aa7c-88fc8d5b4314,b1b122eb-1ba2-4148-b9ac-5d21b2adf647,B895253,289,10,1478.95,2026-03-01,2027-10-23,301e3cd3-c948-49e9-add4-e8080a9fab7f,2026-09-06 15:37:14.168711,AVAILABLE
0655dccf-9413-4641-ae38-7791c41297a1,a7373a90-b4e1-4e4c-8f0b-7ad06a9fa600,c89006cd-6dca-4543-aa7c-88fc8d5b4314,b1b122eb-1ba2-4148-b9ac-5d21b2adf647,B738653,372,16,14.02,2026-06-04,2027-07-05,85ba89f5-0cbe-423d-9b09-8edf117efeb7,2026-08-26 15:37:14.168749,AVAILABLE
f554c834-a43c-45b2-8e5e-ea7e9d298cbe,a7373a90-b4e1-4e4c-8f0b-7ad06a9fa600,c89006cd-6dca-4543-aa7c-88fc8d5b4314,e5b7da92-602a-4a8f-9b36-3acfc3414ba7,B382262,219,25,92.88,2025-07-03,2027-03-29,b55d3c34-369b-4934-9015-9e38109b79f2,2026-05-16 15:37:14.168929,AVAILABLE
1ea6292f-01a2-4273-ab55-14c9fcb92c5d,a7373a90-b4e1-4e4c-8f0b-7ad06a9fa600,c89006cd-6dca-4543-aa7c-88fc8d5b4314,e5b7da92-602a-4a8f-9b36-3acfc3414ba7,B937581,633,75,1768.03,2025-03-11,2026-10-13,41e5f347-011f-49c8-a809-9ebc6ef93e37,2026-04-30 15:37:14.168982,AVAILABLE
bba0c604-67d8-4b73-93ad-bcbead3ed50e,a7373a90-b4e1-4e4c-8f0b-7ad06a9fa600,c89006cd-6dca-4543-aa7c-88fc8d5b4314,e5b7da92-602a-4a8f-9b36-3acfc3414ba7,B722424,427,19,1599.67,2026-05-08,2027-03-17,e692d4b3-4456-49eb-87f5-ee22fc6e4200,2026-07-19 15:37:14.169024,AVAILABLE
39fb54e3-f165-4748-b1d7-11523cd0e689,a7373a90-b4e1-4e4c-8f0b-7ad06a9fa600,c89006cd-6dca-4543-aa7c-88fc8d5b4314,063be93d-6835-4b65-a8a1-c36e83278d83,B615616,915,132,127.15,2026-03-07,2027-11-28,301e3cd3-c948-49e9-add4-e8080a9fab7f,2026-08-25 15:37:14.169065,AVAILABLE
825e400d-9b17-4a9b-b6cb-ba15287d0f39,a7373a90-b4e1-4e4c-8f0b-7ad06a9fa600,c89006cd-6dca-4543-aa7c-88fc8d5b4314,063be93d-6835-4b65-a8a1-c36e83278d83,B811810,314,22,530.32,2026-11-17,2027-12-31,e6d69402-090c-458e-ab40-7589f32bf4bf,2026-05-19 15:37:14.169103,AVAILABLE
36b7fc43-4cce-4326-8638-8fbc21670837,a7373a90-b4e1-4e4c-8f0b-7ad06a9fa600,c89006cd-6dca-4543-aa7c-88fc8d5b4314,01d77a5e-a466-4d48-b24b-31edb500e5fa,B726864,723,92,1089.83,2026-02-19,2027-01-24,b55d3c34-369b-4934-9015-9e38109b79f2,2026-07-21 15:37:14.169143,AVAILABLE
eac721d4-4cc2-4198-a3c3-7ab2afe95e0c,a7373a90-b4e1-4e4c-8f0b-7ad06a9fa600,c89006cd-6dca-4543-aa7c-88fc8d5b4314,01d77a5e-a466-4d48-b24b-31edb500e5fa,B220911,319,35,848.68,2025-11-20,2027-01-05,301e3cd3-c948-49e9-add4-e8080a9fab7f,2026-05-12 15:37:14.169180,AVAILABLE
4d61a257-15fc-45e4-a3b9-892fe199ee32,a7373a90-b4e1-4e4c-8f0b-7ad06a9fa600,c89006cd-6dca-4543-aa7c-88fc8d5b4314,1640337f-9614-4c3f-bda8-20c0eb4c6bce,B309434,677,44,1720.15,2025-12-16,2027-09-12,43b13eff-affb-4e79-a137-2d676513f12b,2026-09-02 15:37:14.169298,AVAILABLE
a7c56143-2d53-4fae-a4ca-091035fa20c2,a7373a90-b4e1-4e4c-8f0b-7ad06a9fa600,c89006cd-6dca-4543-aa7c-88fc8d5b4314,1640337f-9614-4c3f-bda8-20c0eb4c6bce,B398372,201,26,902.24,2025-06-03,2027-03-25,e6d69402-090c-458e-ab40-7589f32bf4bf,2026-09-15 15:37:14.169359,AVAILABLE
ecd36415-c11e-4ad2-b95c-800c543c7db5,a7373a90-b4e1-4e4c-8f0b-7ad06a9fa600,c89006cd-6dca-4543-aa7c-88fc8d5b4314,1640337f-9614-4c3f-bda8-20c0eb4c6bce,B153978,319,40,631.0,2025-05-26,2027-01-03,389d9f94-94f3-497d-9ad3-80b154c36b08,2026-09-27 15:37:14.169399,AVAILABLE
b0d6edae-bda8-4e3d-bb42-b74be513b6ca,a7373a90-b4e1-4e4c-8f0b-7ad06a9fa600,c89006cd-6dca-4543-aa7c-88fc8d5b4314,b261960f-23be-4297-9c50-f27ceac7eedb,B765546,476,30,1052.91,2025-12-18,2027-09-27,41e5f347-011f-49c8-a809-9ebc6ef93e37,2026-05-15 15:37:14.169437,AVAILABLE
f9b6725a-a7fc-40e5-993f-443e3cc9a44b,a7373a90-b4e1-4e4c-8f0b-7ad06a9fa600,c89006cd-6dca-4543-aa7c-88fc8d5b4314,b261960f-23be-4297-9c50-f27ceac7eedb,B615679,221,20,992.0,2026-01-30,2027-02-05,389d9f94-94f3-497d-9ad3-80b154c36b08,2026-07-21 15:37:14.169477,AVAILABLE
f7150e56-08f9-46f9-a7a0-e0782430d9a3,a7373a90-b4e1-4e4c-8f0b-7ad06a9fa600,c89006cd-6dca-4543-aa7c-88fc8d5b4314,67f10774-4e14-4f09-90b6-00a732111449,B483675,517,54,244.74,2026-04-05,2026-12-07,301e3cd3-c948-49e9-add4-e8080a9fab7f,2026-10-03 15:37:14.169519,AVAILABLE
861ec0d5-329d-446f-8fda-717ad3309a0e,a7373a90-b4e1-4e4c-8f0b-7ad06a9fa600,c89006cd-6dca-4543-aa7c-88fc8d5b4314,67f10774-4e14-4f09-90b6-00a732111449,B661896,498,74,1284.49,2026-01-18,2027-05-22,301e3cd3-c948-49e9-add4-e8080a9fab7f,2026-05-09 15:37:14.169629,AVAILABLE
9effc0d6-62c1-42c4-999f-85dcb5603bc0,a7373a90-b4e1-4e4c-8f0b-7ad06a9fa600,c89006cd-6dca-4543-aa7c-88fc8d5b4314,0df67422-0ffe-4855-b4b7-0f4e8676cbdb,B558022,152,22,755.96,2025-06-06,2027-04-03,389d9f94-94f3-497d-9ad3-80b154c36b08,2026-05-24 15:37:14.169865,AVAILABLE
15868cfd-87b1-436b-9a16-34bb6c64a4bf,a7373a90-b4e1-4e4c-8f0b-7ad06a9fa600,c89006cd-6dca-4543-aa7c-88fc8d5b4314,0df67422-0ffe-4855-b4b7-0f4e8676cbdb,B301565,875,76,398.77,2026-04-06,2027-07-11,301e3cd3-c948-49e9-add4-e8080a9fab7f,2026-06-02 15:37:14.169936,AVAILABLE
8aa2897e-9e3a-4a04-be2d-78deae991bd6,a7373a90-b4e1-4e4c-8f0b-7ad06a9fa600,c89006cd-6dca-4543-aa7c-88fc8d5b4314,573f39b9-7855-4b4d-8a9e-14a5e9d8b2cd,B518849,209,27,703.03,2026-04-12,2027-04-27,301e3cd3-c948-49e9-add4-e8080a9fab7f,2026-05-09 15:37:14.169983,AVAILABLE
f2aa85f7-5ca4-4193-bc39-9e6236cfb0b3,a7373a90-b4e1-4e4c-8f0b-7ad06a9fa600,c89006cd-6dca-4543-aa7c-88fc8d5b4314,fda2f8a3-95ba-4f42-97f3-dbce57a916f1,B106853,612,17,1676.85,2026-04-18,2027-07-28,43b13eff-affb-4e79-a137-2d676513f12b,2026-06-10 15:37:14.170028,AVAILABLE
fc6b69ee-8ee0-4b8f-b37b-dc9e4d2486a5,a7373a90-b4e1-4e4c-8f0b-7ad06a9fa600,c89006cd-6dca-4543-aa7c-88fc8d5b4314,fda2f8a3-95ba-4f42-97f3-dbce57a916f1,B379107,57,6,1391.47,2026-12-12,2028-02-20,41e5f347-011f-49c8-a809-9ebc6ef93e37,2026-05-23 15:37:14.170068,AVAILABLE
3ee3c4a2-7f89-4372-a052-9316eb9d09b3,a7373a90-b4e1-4e4c-8f0b-7ad06a9fa600,c89006cd-6dca-4543-aa7c-88fc8d5b4314,fda2f8a3-95ba-4f42-97f3-dbce57a916f1,B957012,988,58,1509.68,2025-07-28,2026-10-03,e6d69402-090c-458e-ab40-7589f32bf4bf,2026-10-02 15:37:14.170106,EXPIRED
e35689f0-82a8-4565-8383-4b5d8fd29cb9,a7373a90-b4e1-4e4c-8f0b-7ad06a9fa600,c89006cd-6dca-4543-aa7c-88fc8d5b4314,9c021848-0377-486f-a048-370334cce953,B376086,372,14,890.1,2026-01-08,2027-09-27,85ba89f5-0cbe-423d-9b09-8edf117efeb7,2026-06-29 15:37:14.170145,AVAILABLE
90bd7720-ac4a-4465-9780-219b85c77c1b,a7373a90-b4e1-4e4c-8f0b-7ad06a9fa600,c89006cd-6dca-4543-aa7c-88fc8d5b4314,9c021848-0377-486f-a048-370334cce953,B308204,747,76,877.65,2026-11-05,2028-01-13,b55d3c34-369b-4934-9015-9e38109b79f2,2026-06-11 15:37:14.170182,AVAILABLE
4e4e0244-1e75-4e29-bcd9-8564a33354e5,a7373a90-b4e1-4e4c-8f0b-7ad06a9fa600,c89006cd-6dca-4543-aa7c-88fc8d5b4314,99f2ef21-d83e-4cde-a73a-10b587a903a3,B738496,898,110,976.97,2025-12-31,2027-10-02,1400ecad-7beb-4557-b782-a9b67dbfa3ea,2026-05-21 15:37:14.170220,AVAILABLE
92a98044-a467-4a98-abdb-a2fe68e27fca,a7373a90-b4e1-4e4c-8f0b-7ad06a9fa600,c89006cd-6dca-4543-aa7c-88fc8d5b4314,a7d4d675-bb94-424a-b6e4-1709b9e91e6d,B789157,95,11,787.65,2026-09-18,2027-07-13,301e3cd3-c948-49e9-add4-e8080a9fab7f,2026-07-10 15:37:14.170259,AVAILABLE
f938f614-579a-4d8e-becf-29706fa59101,a7373a90-b4e1-4e4c-8f0b-7ad06a9fa600,c89006cd-6dca-4543-aa7c-88fc8d5b4314,a7d4d675-bb94-424a-b6e4-1709b9e91e6d,B676112,987,2,207.58,2025-12-23,2026-10-25,301e3cd3-c948-49e9-add4-e8080a9fab7f,2026-08-25 15:37:14.170294,AVAILABLE
eb5b93c7-edb0-4b99-8592-68d82ce3cc29,a7373a90-b4e1-4e4c-8f0b-7ad06a9fa600,c89006cd-6dca-4543-aa7c-88fc8d5b4314,a7d4d675-bb94-424a-b6e4-1709b9e91e6d,B901735,731,62,465.04,2025-07-15,2027-03-05,41e5f347-011f-49c8-a809-9ebc6ef93e37,2026-07-06 15:37:14.170330,AVAILABLE
4a1f40e2-d71b-4e95-b292-33ac87def8b0,a7373a90-b4e1-4e4c-8f0b-7ad06a9fa600,c89006cd-6dca-4543-aa7c-88fc8d5b4314,3e9b0bad-6728-4523-be87-a00adf0fff30,B713620,468,43,47.06,2024-12-02,2026-10-01,389d9f94-94f3-497d-9ad3-80b154c36b08,2026-07-24 15:37:14.170368,EXPIRED
b950059c-4122-48b2-9b9e-89bd21d7c818,a7373a90-b4e1-4e4c-8f0b-7ad06a9fa600,c89006cd-6dca-4543-aa7c-88fc8d5b4314,3e9b0bad-6728-4523-be87-a00adf0fff30,B377401,85,8,1085.88,2026-05-05,2027-11-20,1400ecad-7beb-4557-b782-a9b67dbfa3ea,2026-04-23 15:37:14.170403,AVAILABLE
d70192c0-f1de-48bc-8644-8321aabec033,a7373a90-b4e1-4e4c-8f0b-7ad06a9fa600,c89006cd-6dca-4543-aa7c-88fc8d5b4314,0eecbfea-7628-487c-b590-fece2c687e7a,B870981,689,59,1025.52,2025-08-27,2027-07-12,43b13eff-affb-4e79-a137-2d676513f12b,2026-06-14 15:37:14.170441,AVAILABLE
db785060-c394-4c02-917c-15fde8214e71,a7373a90-b4e1-4e4c-8f0b-7ad06a9fa600,c89006cd-6dca-4543-aa7c-88fc8d5b4314,0073cc32-e309-402c-96aa-1fb03de469f1,B148754,211,12,1621.25,2025-11-13,2027-05-25,389d9f94-94f3-497d-9ad3-80b154c36b08,2026-06-26 15:37:14.170574,AVAILABLE
0b843e93-368a-4e6a-9b92-6ce6620a3c62,a7373a90-b4e1-4e4c-8f0b-7ad06a9fa600,c89006cd-6dca-4543-aa7c-88fc8d5b4314,0073cc32-e309-402c-96aa-1fb03de469f1,B237548,940,71,1055.83,2027-08-15,2028-02-19,85ba89f5-0cbe-423d-9b09-8edf117efeb7,2026-09-14 15:37:14.170679,AVAILABLE
9f730111-64c2-45e2-9122-5f675ed3c88a,a7373a90-b4e1-4e4c-8f0b-7ad06a9fa600,c89006cd-6dca-4543-aa7c-88fc8d5b4314,0c98fcbf-9121-467b-910d-10fcfbcd35b6,B544718,786,76,486.44,2025-05-22,2026-11-15,8a3cc937-5d2e-4b04-b961-e6372fb37757,2026-07-09 15:37:14.170726,AVAILABLE
f93bbf5c-46ce-47db-84a6-a91a2ce5a29c,a7373a90-b4e1-4e4c-8f0b-7ad06a9fa600,c89006cd-6dca-4543-aa7c-88fc8d5b4314,c51619a8-ba83-483f-9b52-064f926d96a2,B216951,179,13,562.93,2025-05-16,2026-10-05,41e5f347-011f-49c8-a809-9ebc6ef93e37,2026-04-12 15:37:14.170767,EXPIRED
c6f6a374-7e02-4b8c-84d2-2fc4b60ca7e0,a7373a90-b4e1-4e4c-8f0b-7ad06a9fa600,c89006cd-6dca-4543-aa7c-88fc8d5b4314,c51619a8-ba83-483f-9b52-064f926d96a2,B175207,677,1,1307.66,2025-07-08,2027-06-11,1400ecad-7beb-4557-b782-a9b67dbfa3ea,2026-06-11 15:37:14.170850,AVAILABLE
49e9201c-8566-4b57-87d2-efd660e81f65,a7373a90-b4e1-4e4c-8f0b-7ad06a9fa600,c89006cd-6dca-4543-aa7c-88fc8d5b4314,c51619a8-ba83-483f-9b52-064f926d96a2,B481426,69,2,1112.91,2025-11-15,2027-01-05,e692d4b3-4456-49eb-87f5-ee22fc6e4200,2026-07-16 15:37:14.170906,AVAILABLE
4ff73710-1934-4249-8270-21df296df943,a7373a90-b4e1-4e4c-8f0b-7ad06a9fa600,c89006cd-6dca-4543-aa7c-88fc8d5b4314,ca8399a1-143e-4717-be95-7836c2f21dcb,B479098,789,72,15.06,2026-07-12,2027-08-25,389d9f94-94f3-497d-9ad3-80b154c36b08,2026-06-17 15:37:14.170947,AVAILABLE
f15ba227-4c43-4c92-9901-a63f0078ca5d,a7373a90-b4e1-4e4c-8f0b-7ad06a9fa600,c89006cd-6dca-4543-aa7c-88fc8d5b4314,cf8bc62c-4d72-4142-8ab6-03524280a750,B544933,202,9,1793.3,2026-05-04,2027-02-26,85ba89f5-0cbe-423d-9b09-8edf117efeb7,2026-08-26 15:37:14.170987,AVAILABLE
aed9f935-e31f-4238-81d2-181ef3223dd5,a7373a90-b4e1-4e4c-8f0b-7ad06a9fa600,c89006cd-6dca-4543-aa7c-88fc8d5b4314,cf8bc62c-4d72-4142-8ab6-03524280a750,B926169,538,33,552.77,2026-10-26,2028-02-11,b55d3c34-369b-4934-9015-9e38109b79f2,2026-10-07 15:37:14.171026,AVAILABLE
5f34f0fe-0b09-4e32-aab2-288ec500b56f,a7373a90-b4e1-4e4c-8f0b-7ad06a9fa600,c89006cd-6dca-4543-aa7c-88fc8d5b4314,70745aec-f24f-4b18-807e-6adb80d01ba0,B952069,626,3,1527.33,2025-11-21,2027-03-10,41e5f347-011f-49c8-a809-9ebc6ef93e37,2026-09-22 15:37:14.171068,AVAILABLE
007c1ecf-c3eb-4892-8d35-ddc1da875cdc,a7373a90-b4e1-4e4c-8f0b-7ad06a9fa600,c89006cd-6dca-4543-aa7c-88fc8d5b4314,70745aec-f24f-4b18-807e-6adb80d01ba0,B926133,66,4,1612.36,2026-03-05,2027-01-27,b55d3c34-369b-4934-9015-9e38109b79f2,2026-05-19 15:37:14.171106,AVAILABLE
de06208e-42d3-4733-85b4-261943bc8029,a7373a90-b4e1-4e4c-8f0b-7ad06a9fa600,c89006cd-6dca-4543-aa7c-88fc8d5b4314,70745aec-f24f-4b18-807e-6adb80d01ba0,B195629,213,24,952.55,2026-02-16,2027-03-03,e692d4b3-4456-49eb-87f5-ee22fc6e4200,2026-09-06 15:37:14.171144,AVAILABLE
0bb19c21-35d7-4d2d-bb80-2b04c695f5fe,a7373a90-b4e1-4e4c-8f0b-7ad06a9fa600,c89006cd-6dca-4543-aa7c-88fc8d5b4314,c2b13e9e-9865-4a6b-ba11-417dbd416417,B663341,769,112,1193.97,2026-08-19,2027-04-30,301e3cd3-c948-49e9-add4-e8080a9fab7f,2026-07-02 15:37:14.171182,AVAILABLE
200a5693-8205-4896-a23c-b5a9dd4fb98b,a7373a90-b4e1-4e4c-8f0b-7ad06a9fa600,c89006cd-6dca-4543-aa7c-88fc8d5b4314,c2b13e9e-9865-4a6b-ba11-417dbd416417,B325778,751,97,695.93,2025-11-28,2027-10-19,1400ecad-7beb-4557-b782-a9b67dbfa3ea,2026-08-12 15:37:14.171218,AVAILABLE
35852f90-5a62-4459-b733-1751ef8d0b9d,a7373a90-b4e1-4e4c-8f0b-7ad06a9fa600,c89006cd-6dca-4543-aa7c-88fc8d5b4314,c2b13e9e-9865-4a6b-ba11-417dbd416417,B329677,694,24,1035.29,2026-12-05,2027-06-09,8a3cc937-5d2e-4b04-b961-e6372fb37757,2026-06-10 15:37:14.171254,AVAILABLE
553362a8-5f7c-4a18-92ce-bd71066f41a0,a7373a90-b4e1-4e4c-8f0b-7ad06a9fa600,c89006cd-6dca-4543-aa7c-88fc8d5b4314,67ae158e-8140-49ce-b874-0acf92a800c2,B908711,409,29,785.34,2026-07-21,2027-02-22,8a3cc937-5d2e-4b04-b961-e6372fb37757,2026-09-02 15:37:14.171292,AVAILABLE
e90a2878-feac-41d7-915b-4f219804145d,a7373a90-b4e1-4e4c-8f0b-7ad06a9fa600,c89006cd-6dca-4543-aa7c-88fc8d5b4314,67ae158e-8140-49ce-b874-0acf92a800c2,B261452,898,6,1433.98,2026-02-23,2028-01-30,389d9f94-94f3-497d-9ad3-80b154c36b08,2026-06-14 15:37:14.171328,AVAILABLE
762dd86e-0feb-4bf3-bf6b-f32955b201df,a7373a90-b4e1-4e4c-8f0b-7ad06a9fa600,c89006cd-6dca-4543-aa7c-88fc8d5b4314,67ae158e-8140-49ce-b874-0acf92a800c2,B891089,276,5,132.38,2026-07-13,2027-12-17,85ba89f5-0cbe-423d-9b09-8edf117efeb7,2026-04-13 15:37:14.171363,AVAILABLE
88eb2edc-d458-40fa-a2ff-9bd3c4ab7dd1,a7373a90-b4e1-4e4c-8f0b-7ad06a9fa600,c89006cd-6dca-4543-aa7c-88fc8d5b4314,dee6b134-5f4e-4d83-8133-35e34f0b48e8,B327900,977,65,1710.56,2026-03-26,2027-09-11,e692d4b3-4456-49eb-87f5-ee22fc6e4200,2026-05-15 15:37:14.171401,AVAILABLE
f2af196a-74ca-4281-8920-5c7fe9e19d34,a7373a90-b4e1-4e4c-8f0b-7ad06a9fa600,c89006cd-6dca-4543-aa7c-88fc8d5b4314,987c980e-f5ed-4388-b102-971ff25870b1,B389809,871,90,1191.61,2026-11-30,2027-11-30,e6d69402-090c-458e-ab40-7589f32bf4bf,2026-05-22 15:37:14.171437,AVAILABLE
caa0da10-55db-4e44-a191-18af7d7fbca4,a7373a90-b4e1-4e4c-8f0b-7ad06a9fa600,c89006cd-6dca-4543-aa7c-88fc8d5b4314,987c980e-f5ed-4388-b102-971ff25870b1,B736329,378,9,1112.86,2026-06-07,2027-01-01,389d9f94-94f3-497d-9ad3-80b154c36b08,2026-05-22 15:37:14.171473,AVAILABLE
2b0182ce-f270-4199-b6af-29977e10187b,a7373a90-b4e1-4e4c-8f0b-7ad06a9fa600,c89006cd-6dca-4543-aa7c-88fc8d5b4314,987c980e-f5ed-4388-b102-971ff25870b1,B411847,760,9,38.98,2026-02-26,2027-07-06,e6d69402-090c-458e-ab40-7589f32bf4bf,2026-05-20 15:37:14.171508,AVAILABLE
a07d3c2b-2e23-4fc9-8a4e-2f4c82d29196,a7373a90-b4e1-4e4c-8f0b-7ad06a9fa600,c89006cd-6dca-4543-aa7c-88fc8d5b4314,2c10bfc8-d106-4422-b38f-e414215c8def,B804440,426,10,738.1,2026-05-07,2027-07-24,41e5f347-011f-49c8-a809-9ebc6ef93e37,2026-07-16 15:37:14.171544,AVAILABLE
db0e088b-cf74-4d82-a648-ff8a2a6c8873,a7373a90-b4e1-4e4c-8f0b-7ad06a9fa600,c89006cd-6dca-4543-aa7c-88fc8d5b4314,43110ae2-2c0b-4654-936a-72afad56219d,B410760,80,7,1714.04,2026-05-01,2027-10-15,85ba89f5-0cbe-423d-9b09-8edf117efeb7,2026-04-28 15:37:14.171581,AVAILABLE
2021e230-17b4-456c-94a7-bbef42a93aa7,a7373a90-b4e1-4e4c-8f0b-7ad06a9fa600,c89006cd-6dca-4543-aa7c-88fc8d5b4314,4f7512b2-6b9d-434f-807e-2fc43528691e,B117241,185,13,1613.81,2026-11-21,2027-11-12,e692d4b3-4456-49eb-87f5-ee22fc6e4200,2026-05-31 15:37:14.171733,AVAILABLE
4767fd06-562d-4684-a29c-a6c7bdcc15f1,a7373a90-b4e1-4e4c-8f0b-7ad06a9fa600,c89006cd-6dca-4543-aa7c-88fc8d5b4314,4f7512b2-6b9d-434f-807e-2fc43528691e,B687238,901,14,920.62,2027-07-02,2028-03-09,43b13eff-affb-4e79-a137-2d676513f12b,2026-04-22 15:37:14.171792,AVAILABLE
24c13d36-487c-495b-8d33-4e28dbe78f19,a7373a90-b4e1-4e4c-8f0b-7ad06a9fa600,c89006cd-6dca-4543-aa7c-88fc8d5b4314,7b6b643c-11d8-4a62-8cfe-a28f5fe4f2d6,B458006,357,8,632.23,2026-06-06,2027-12-25,1400ecad-7beb-4557-b782-a9b67dbfa3ea,2026-06-06 15:37:14.171836,AVAILABLE
4d12c550-40e1-461e-868c-144b9929e913,a7373a90-b4e1-4e4c-8f0b-7ad06a9fa600,c89006cd-6dca-4543-aa7c-88fc8d5b4314,1b0a2521-7dda-4bed-8313-954689f28c33,B566660,89,12,1666.19,2027-01-17,2027-11-27,e692d4b3-4456-49eb-87f5-ee22fc6e4200,2026-05-15 15:37:14.172005,AVAILABLE
93dd6982-59d3-47ff-96c9-486145e280a7,a7373a90-b4e1-4e4c-8f0b-7ad06a9fa600,c89006cd-6dca-4543-aa7c-88fc8d5b4314,1941089d-b192-4af2-b696-484fa9286d80,B709191,777,98,1060.16,2027-04-14,2028-02-19,301e3cd3-c948-49e9-add4-e8080a9fab7f,2026-07-29 15:37:14.172086,AVAILABLE
304ac6c5-f221-41a8-a8ae-b9d60721ef52,a7373a90-b4e1-4e4c-8f0b-7ad06a9fa600,c89006cd-6dca-4543-aa7c-88fc8d5b4314,bd5b3f87-5b53-4347-ac00-12fb9d5cd5a6,B579527,557,77,392.14,2026-10-05,2027-07-28,41e5f347-011f-49c8-a809-9ebc6ef93e37,2026-09-21 15:37:14.172132,AVAILABLE
b3d3cce5-43c5-4f18-a022-8c3c2ece60a7,a7373a90-b4e1-4e4c-8f0b-7ad06a9fa600,561818dd-4a11-40a4-b9c7-de7e7a5b3f76,24db962d-9a6b-4de6-982b-b719e504efb9,B940982,281,23,930.0,2025-10-21,2027-03-22,e692d4b3-4456-49eb-87f5-ee22fc6e4200,2026-07-29 15:37:14.172288,AVAILABLE
e6896706-19ca-4739-a6a2-21f672af1655,a7373a90-b4e1-4e4c-8f0b-7ad06a9fa600,561818dd-4a11-40a4-b9c7-de7e7a5b3f76,24db962d-9a6b-4de6-982b-b719e504efb9,B836168,663,67,1394.45,2026-04-06,2027-05-03,e692d4b3-4456-49eb-87f5-ee22fc6e4200,2026-09-28 15:37:14.172332,AVAILABLE
e4dc4288-4fee-4f02-b7da-6d69bf186e33,a7373a90-b4e1-4e4c-8f0b-7ad06a9fa600,561818dd-4a11-40a4-b9c7-de7e7a5b3f76,24db962d-9a6b-4de6-982b-b719e504efb9,B178178,743,86,752.18,2026-01-12,2027-02-15,e6d69402-090c-458e-ab40-7589f32bf4bf,2026-05-23 15:37:14.172377,AVAILABLE
57747ed8-6d68-4868-a1b7-536d850a1beb,a7373a90-b4e1-4e4c-8f0b-7ad06a9fa600,561818dd-4a11-40a4-b9c7-de7e7a5b3f76,0eecbfea-7628-487c-b590-fece2c687e7a,B329181,442,40,1749.92,2025-06-27,2026-12-28,43b13eff-affb-4e79-a137-2d676513f12b,2026-09-13 15:37:14.172418,AVAILABLE
042900c5-9933-45e0-a480-6f37268d9060,a7373a90-b4e1-4e4c-8f0b-7ad06a9fa600,561818dd-4a11-40a4-b9c7-de7e7a5b3f76,0eecbfea-7628-487c-b590-fece2c687e7a,B645970,582,70,1112.43,2027-08-07,2028-03-08,41e5f347-011f-49c8-a809-9ebc6ef93e37,2026-07-23 15:37:14.172458,AVAILABLE
d031225f-7ec5-477d-9b50-4736cbdeadac,a7373a90-b4e1-4e4c-8f0b-7ad06a9fa600,561818dd-4a11-40a4-b9c7-de7e7a5b3f76,9c021848-0377-486f-a048-370334cce953,B509501,84,2,854.72,2027-05-06,2027-12-12,301e3cd3-c948-49e9-add4-e8080a9fab7f,2026-08-23 15:37:14.172498,AVAILABLE
b2d13c03-1af0-4fba-af02-75105f73d41a,a7373a90-b4e1-4e4c-8f0b-7ad06a9fa600,561818dd-4a11-40a4-b9c7-de7e7a5b3f76,9c021848-0377-486f-a048-370334cce953,B757861,237,27,1575.09,2027-01-19,2028-02-03,8a3cc937-5d2e-4b04-b961-e6372fb37757,2026-05-12 15:37:14.172537,AVAILABLE
77e3579d-c364-41ea-84c3-601793b00db2,a7373a90-b4e1-4e4c-8f0b-7ad06a9fa600,561818dd-4a11-40a4-b9c7-de7e7a5b3f76,a197882a-31bc-40ba-be53-5a7c2f5930f7,B546784,136,19,1708.77,2026-09-12,2027-09-28,41e5f347-011f-49c8-a809-9ebc6ef93e37,2026-05-23 15:37:14.172575,AVAILABLE
6d17ca0d-20ec-46f5-b11d-c7af474f273a,a7373a90-b4e1-4e4c-8f0b-7ad06a9fa600,561818dd-4a11-40a4-b9c7-de7e7a5b3f76,a197882a-31bc-40ba-be53-5a7c2f5930f7,B833858,220,29,262.31,2026-11-06,2027-08-18,e6d69402-090c-458e-ab40-7589f32bf4bf,2026-06-25 15:37:14.172656,AVAILABLE
c148374d-0b1d-4adb-97ea-d3297cfba10c,a7373a90-b4e1-4e4c-8f0b-7ad06a9fa600,561818dd-4a11-40a4-b9c7-de7e7a5b3f76,e3420e6d-9ba0-43de-991d-15b61159daa1,B371809,240,24,1727.55,2026-10-18,2027-04-20,8a3cc937-5d2e-4b04-b961-e6372fb37757,2026-04-28 15:37:14.172708,AVAILABLE
bc6c466c-d7fb-42f6-886d-b79ad268ea85,a7373a90-b4e1-4e4c-8f0b-7ad06a9fa600,561818dd-4a11-40a4-b9c7-de7e7a5b3f76,be0b42c5-6bfe-48dc-8f33-e20d29d25a48,B635532,451,39,897.98,2025-12-15,2027-10-16,1400ecad-7beb-4557-b782-a9b67dbfa3ea,2026-06-07 15:37:14.172747,AVAILABLE
fccfb9e2-455f-46a6-a7c4-f3112e4fec93,a7373a90-b4e1-4e4c-8f0b-7ad06a9fa600,561818dd-4a11-40a4-b9c7-de7e7a5b3f76,be0b42c5-6bfe-48dc-8f33-e20d29d25a48,B755849,252,32,1096.21,2027-03-12,2027-10-12,43b13eff-affb-4e79-a137-2d676513f12b,2026-09-08 15:37:14.172783,AVAILABLE
527b9ebe-3683-4548-aa4e-84c79d1c4438,a7373a90-b4e1-4e4c-8f0b-7ad06a9fa600,561818dd-4a11-40a4-b9c7-de7e7a5b3f76,67ae158e-8140-49ce-b874-0acf92a800c2,B990939,790,75,1147.91,2026-01-13,2027-03-07,301e3cd3-c948-49e9-add4-e8080a9fab7f,2026-06-09 15:37:14.172821,AVAILABLE
bc614b82-b57f-40a5-bd07-e33289ee5724,a7373a90-b4e1-4e4c-8f0b-7ad06a9fa600,561818dd-4a11-40a4-b9c7-de7e7a5b3f76,67ae158e-8140-49ce-b874-0acf92a800c2,B903503,101,8,562.42,2026-08-23,2028-03-13,43b13eff-affb-4e79-a137-2d676513f12b,2026-06-26 15:37:14.172857,AVAILABLE
aed2bba4-fc01-433b-816c-dd882d9bbd94,a7373a90-b4e1-4e4c-8f0b-7ad06a9fa600,561818dd-4a11-40a4-b9c7-de7e7a5b3f76,67ae158e-8140-49ce-b874-0acf92a800c2,B807508,878,128,1149.24,2027-03-23,2027-12-29,b55d3c34-369b-4934-9015-9e38109b79f2,2026-04-29 15:37:14.172892,AVAILABLE
2c6cf857-004d-454a-a52f-03e0ff84af0a,a7373a90-b4e1-4e4c-8f0b-7ad06a9fa600,561818dd-4a11-40a4-b9c7-de7e7a5b3f76,24856ba7-ab81-4f22-985e-e30a3b9397cb,B393466,819,28,1306.9,2026-08-14,2027-07-03,b55d3c34-369b-4934-9015-9e38109b79f2,2026-07-20 15:37:14.172929,AVAILABLE
cc64af8f-ac91-4699-9a26-ebee52ae2f12,a7373a90-b4e1-4e4c-8f0b-7ad06a9fa600,561818dd-4a11-40a4-b9c7-de7e7a5b3f76,24856ba7-ab81-4f22-985e-e30a3b9397cb,B572369,820,41,488.44,2026-05-12,2027-01-24,389d9f94-94f3-497d-9ad3-80b154c36b08,2026-06-05 15:37:14.173145,AVAILABLE
e5ee0192-ebd8-41d1-aa19-323e2e0d8293,a7373a90-b4e1-4e4c-8f0b-7ad06a9fa600,561818dd-4a11-40a4-b9c7-de7e7a5b3f76,58bf12e5-ee8a-4194-a34c-aa820079144d,B510401,726,52,244.6,2026-11-19,2027-11-18,8a3cc937-5d2e-4b04-b961-e6372fb37757,2026-07-01 15:37:14.173642,AVAILABLE
d9a4de7a-56cd-4892-a31d-1b20a3bbe6c1,a7373a90-b4e1-4e4c-8f0b-7ad06a9fa600,561818dd-4a11-40a4-b9c7-de7e7a5b3f76,fdd23e22-960c-4a44-af67-60d832b98217,B482900,782,73,536.56,2026-03-27,2027-01-21,389d9f94-94f3-497d-9ad3-80b154c36b08,2026-10-02 15:37:14.173723,AVAILABLE
543dbc73-531f-4d8c-ab37-6e2bf70d4972,a7373a90-b4e1-4e4c-8f0b-7ad06a9fa600,561818dd-4a11-40a4-b9c7-de7e7a5b3f76,fdd23e22-960c-4a44-af67-60d832b98217,B687709,196,5,1433.72,2026-04-04,2026-11-25,389d9f94-94f3-497d-9ad3-80b154c36b08,2026-08-16 15:37:14.174219,AVAILABLE
027dd398-6c1c-4bcc-b904-14078b2175aa,a7373a90-b4e1-4e4c-8f0b-7ad06a9fa600,561818dd-4a11-40a4-b9c7-de7e7a5b3f76,fdd23e22-960c-4a44-af67-60d832b98217,B503836,761,65,877.85,2024-12-11,2026-11-03,301e3cd3-c948-49e9-add4-e8080a9fab7f,2026-05-26 15:37:14.174303,AVAILABLE
08cef233-c630-438e-87da-b2ed33b48731,a7373a90-b4e1-4e4c-8f0b-7ad06a9fa600,561818dd-4a11-40a4-b9c7-de7e7a5b3f76,1b0a2521-7dda-4bed-8313-954689f28c33,B485390,509,38,1497.24,2025-08-12,2026-11-15,389d9f94-94f3-497d-9ad3-80b154c36b08,2026-05-02 15:37:14.174355,AVAILABLE
5d2f566a-2c2c-42a9-bb96-7ad1eb4e17b3,a7373a90-b4e1-4e4c-8f0b-7ad06a9fa600,561818dd-4a11-40a4-b9c7-de7e7a5b3f76,1b0a2521-7dda-4bed-8313-954689f28c33,B728084,956,76,1491.56,2026-07-01,2028-01-06,389d9f94-94f3-497d-9ad3-80b154c36b08,2026-06-04 15:37:14.174400,AVAILABLE
94b75ac4-5378-415b-8621-f995f13bb5c1,a7373a90-b4e1-4e4c-8f0b-7ad06a9fa600,561818dd-4a11-40a4-b9c7-de7e7a5b3f76,220f964e-a351-4ad0-827e-502f5ded939c,B760251,985,75,132.16,2025-05-22,2027-03-05,8a3cc937-5d2e-4b04-b961-e6372fb37757,2026-08-28 15:37:14.174442,AVAILABLE
38bac4d3-6277-4efe-a1db-7492489b0c49,a7373a90-b4e1-4e4c-8f0b-7ad06a9fa600,561818dd-4a11-40a4-b9c7-de7e7a5b3f76,220f964e-a351-4ad0-827e-502f5ded939c,B658476,780,54,1091.9,2026-03-12,2026-11-07,b55d3c34-369b-4934-9015-9e38109b79f2,2026-05-03 15:37:14.174567,AVAILABLE
8bdb5d39-494c-4053-b0e9-dc1989de05cf,a7373a90-b4e1-4e4c-8f0b-7ad06a9fa600,561818dd-4a11-40a4-b9c7-de7e7a5b3f76,2f7de1c2-cb62-4261-83f5-d8323f438333,B787849,26,1,262.91,2027-01-08,2028-01-06,43b13eff-affb-4e79-a137-2d676513f12b,2026-05-31 15:37:14.174684,AVAILABLE
d3e10459-db9a-40b3-950e-5c0a18eabcef,a7373a90-b4e1-4e4c-8f0b-7ad06a9fa600,561818dd-4a11-40a4-b9c7-de7e7a5b3f76,16d1b73f-8881-425f-82b2-7ab4974b08ef,B622706,570,47,1164.84,2024-10-20,2026-09-29,e692d4b3-4456-49eb-87f5-ee22fc6e4200,2026-06-08 15:37:14.174757,EXPIRED
505c13be-e622-4679-852d-370bcdef348a,a7373a90-b4e1-4e4c-8f0b-7ad06a9fa600,561818dd-4a11-40a4-b9c7-de7e7a5b3f76,e5b7da92-602a-4a8f-9b36-3acfc3414ba7,B491482,864,64,323.34,2026-12-28,2027-12-27,43b13eff-affb-4e79-a137-2d676513f12b,2026-06-05 15:37:14.175443,AVAILABLE
0d5dba72-ff44-4b1a-aa40-888df3c31918,a7373a90-b4e1-4e4c-8f0b-7ad06a9fa600,c506f2b9-bae3-47fb-8d2f-79b524f3d792,987c980e-f5ed-4388-b102-971ff25870b1,B131755,579,61,1772.41,2026-03-26,2027-07-08,85ba89f5-0cbe-423d-9b09-8edf117efeb7,2026-07-14 15:37:14.175745,AVAILABLE
5bdf469b-6e8e-4106-986d-fc57e5e96ce8,a7373a90-b4e1-4e4c-8f0b-7ad06a9fa600,c506f2b9-bae3-47fb-8d2f-79b524f3d792,987c980e-f5ed-4388-b102-971ff25870b1,B425146,409,23,1300.75,2025-12-15,2027-06-07,b55d3c34-369b-4934-9015-9e38109b79f2,2026-06-17 15:37:14.175800,AVAILABLE
2039f123-6d0e-4971-958a-2e2776a99b5c,a7373a90-b4e1-4e4c-8f0b-7ad06a9fa600,c506f2b9-bae3-47fb-8d2f-79b524f3d792,0d430ec5-4d86-4820-8a2c-9a0885280906,B625007,793,97,1392.96,2027-08-08,2028-02-18,41e5f347-011f-49c8-a809-9ebc6ef93e37,2026-07-07 15:37:14.175961,AVAILABLE
b33fe112-5386-4a8a-86b5-86bf39034534,a7373a90-b4e1-4e4c-8f0b-7ad06a9fa600,c506f2b9-bae3-47fb-8d2f-79b524f3d792,0d430ec5-4d86-4820-8a2c-9a0885280906,B386842,506,32,293.76,2025-03-01,2026-11-22,301e3cd3-c948-49e9-add4-e8080a9fab7f,2026-08-12 15:37:14.176019,AVAILABLE
a3d45b0a-4c98-4848-8106-27a529f20cd7,a7373a90-b4e1-4e4c-8f0b-7ad06a9fa600,c506f2b9-bae3-47fb-8d2f-79b524f3d792,0d430ec5-4d86-4820-8a2c-9a0885280906,B998624,279,7,1163.43,2025-08-05,2027-02-03,e6d69402-090c-458e-ab40-7589f32bf4bf,2026-07-16 15:37:14.176062,AVAILABLE
016d9d92-95a5-443c-bab9-a168bdfb1902,a7373a90-b4e1-4e4c-8f0b-7ad06a9fa600,c506f2b9-bae3-47fb-8d2f-79b524f3d792,4fda6990-76da-4515-8f85-4b5ce64dd1ce,B536498,725,101,1621.64,2026-08-13,2028-01-02,1400ecad-7beb-4557-b782-a9b67dbfa3ea,2026-04-17 15:37:14.176110,AVAILABLE
31d4b452-a03e-471d-81cf-b60c4c9d7efb,a7373a90-b4e1-4e4c-8f0b-7ad06a9fa600,c506f2b9-bae3-47fb-8d2f-79b524f3d792,4fda6990-76da-4515-8f85-4b5ce64dd1ce,B293162,398,49,1147.22,2027-02-09,2027-10-08,85ba89f5-0cbe-423d-9b09-8edf117efeb7,2026-06-28 15:37:14.176150,AVAILABLE
9874248b-50a8-4e60-a16c-7a5d136a6395,a7373a90-b4e1-4e4c-8f0b-7ad06a9fa600,c506f2b9-bae3-47fb-8d2f-79b524f3d792,97a16fda-9cba-4dc2-8770-0b5104c507d2,B623348,440,52,67.81,2025-10-30,2027-07-04,e692d4b3-4456-49eb-87f5-ee22fc6e4200,2026-08-14 15:37:14.176189,AVAILABLE
a13c838a-e0db-4c02-8209-2160519721a2,a7373a90-b4e1-4e4c-8f0b-7ad06a9fa600,c506f2b9-bae3-47fb-8d2f-79b524f3d792,f00273a7-acae-43ae-a0b4-b85c0ed6d4d3,B627023,871,19,608.83,2025-09-24,2027-05-15,389d9f94-94f3-497d-9ad3-80b154c36b08,2026-09-19 15:37:14.176231,AVAILABLE
80e0203f-92eb-46d9-a2da-f5b99d79e180,a7373a90-b4e1-4e4c-8f0b-7ad06a9fa600,c506f2b9-bae3-47fb-8d2f-79b524f3d792,c5533566-0e57-4058-9e8f-cc921a574da9,B284953,749,52,1122.49,2026-02-14,2027-05-01,e6d69402-090c-458e-ab40-7589f32bf4bf,2026-08-22 15:37:14.176270,AVAILABLE
045aa5ae-0c54-4574-826b-8fe2f28829c9,a7373a90-b4e1-4e4c-8f0b-7ad06a9fa600,c506f2b9-bae3-47fb-8d2f-79b524f3d792,c5533566-0e57-4058-9e8f-cc921a574da9,B937890,264,34,1330.06,2026-04-12,2028-03-26,301e3cd3-c948-49e9-add4-e8080a9fab7f,2026-09-13 15:37:14.176308,AVAILABLE
680b3a23-b27d-4008-aacd-1c40e181f943,a7373a90-b4e1-4e4c-8f0b-7ad06a9fa600,c506f2b9-bae3-47fb-8d2f-79b524f3d792,522740d6-f3db-4ac1-a547-6b62598fe57f,B257871,839,118,1470.79,2024-11-10,2026-10-09,e6d69402-090c-458e-ab40-7589f32bf4bf,2026-04-25 15:37:14.176428,AVAILABLE
e1c2e58c-4913-492d-b9eb-ed63c50cc251,a7373a90-b4e1-4e4c-8f0b-7ad06a9fa600,c506f2b9-bae3-47fb-8d2f-79b524f3d792,957c588f-5e69-469f-b353-4b24fef25a65,B432944,163,4,557.12,2025-08-18,2026-12-12,85ba89f5-0cbe-423d-9b09-8edf117efeb7,2026-04-22 15:37:14.176496,AVAILABLE
63ed7ff6-a5a9-444d-80c1-e2e1e117c022,a7373a90-b4e1-4e4c-8f0b-7ad06a9fa600,c506f2b9-bae3-47fb-8d2f-79b524f3d792,957c588f-5e69-469f-b353-4b24fef25a65,B150294,870,32,1073.36,2026-09-08,2027-04-30,1400ecad-7beb-4557-b782-a9b67dbfa3ea,2026-09-27 15:37:14.176538,AVAILABLE
17621572-2d7b-464a-9ef3-432317fdccce,a7373a90-b4e1-4e4c-8f0b-7ad06a9fa600,c506f2b9-bae3-47fb-8d2f-79b524f3d792,957c588f-5e69-469f-b353-4b24fef25a65,B574623,559,24,533.28,2025-12-27,2027-05-06,e6d69402-090c-458e-ab40-7589f32bf4bf,2026-08-27 15:37:14.176576,AVAILABLE
26350304-d275-410e-8ba1-cecb2968b965,a7373a90-b4e1-4e4c-8f0b-7ad06a9fa600,c506f2b9-bae3-47fb-8d2f-79b524f3d792,b3163dc0-3ac7-41cc-b4fc-244bcbe446ad,B449983,667,58,548.42,2027-08-08,2028-02-24,8a3cc937-5d2e-4b04-b961-e6372fb37757,2026-06-11 15:37:14.176794,AVAILABLE
36fcbad3-1785-470e-95be-22002a4015bf,a7373a90-b4e1-4e4c-8f0b-7ad06a9fa600,c506f2b9-bae3-47fb-8d2f-79b524f3d792,b3163dc0-3ac7-41cc-b4fc-244bcbe446ad,B164477,634,70,1310.19,2026-03-18,2026-11-18,85ba89f5-0cbe-423d-9b09-8edf117efeb7,2026-06-03 15:37:14.176847,AVAILABLE
2d5d049f-0423-498f-bfde-b0d50735e2d9,a7373a90-b4e1-4e4c-8f0b-7ad06a9fa600,c506f2b9-bae3-47fb-8d2f-79b524f3d792,cf8bc62c-4d72-4142-8ab6-03524280a750,B988215,958,26,778.63,2027-07-26,2028-03-18,8a3cc937-5d2e-4b04-b961-e6372fb37757,2026-08-18 15:37:14.176890,AVAILABLE
ffb3af60-f969-47d5-a1f7-b03053bab20a,a7373a90-b4e1-4e4c-8f0b-7ad06a9fa600,c506f2b9-bae3-47fb-8d2f-79b524f3d792,cf8bc62c-4d72-4142-8ab6-03524280a750,B655535,656,51,1103.27,2025-07-08,2027-01-11,41e5f347-011f-49c8-a809-9ebc6ef93e37,2026-07-22 15:37:14.176931,AVAILABLE
855eb958-c605-46bf-909e-09d8031973ae,a7373a90-b4e1-4e4c-8f0b-7ad06a9fa600,c506f2b9-bae3-47fb-8d2f-79b524f3d792,2c10bfc8-d106-4422-b38f-e414215c8def,B137888,471,22,1234.5,2026-06-27,2027-11-19,b55d3c34-369b-4934-9015-9e38109b79f2,2026-09-22 15:37:14.176976,AVAILABLE
af2fcccc-1164-4ac5-b006-2793a648eb3d,a7373a90-b4e1-4e4c-8f0b-7ad06a9fa600,c506f2b9-bae3-47fb-8d2f-79b524f3d792,0073cc32-e309-402c-96aa-1fb03de469f1,B196562,358,6,1306.54,2026-08-14,2028-02-29,85ba89f5-0cbe-423d-9b09-8edf117efeb7,2026-05-22 15:37:14.177174,AVAILABLE
5004497e-a377-4601-adc7-1083e34dd1f2,a7373a90-b4e1-4e4c-8f0b-7ad06a9fa600,c506f2b9-bae3-47fb-8d2f-79b524f3d792,a7d4d675-bb94-424a-b6e4-1709b9e91e6d,B319810,144,17,392.28,2026-04-20,2027-09-10,41e5f347-011f-49c8-a809-9ebc6ef93e37,2026-06-09 15:37:14.177224,AVAILABLE
e0c1acca-0c78-41ac-90f2-a93f0050ce54,a7373a90-b4e1-4e4c-8f0b-7ad06a9fa600,c506f2b9-bae3-47fb-8d2f-79b524f3d792,a7d4d675-bb94-424a-b6e4-1709b9e91e6d,B149247,400,47,915.53,2026-12-18,2027-10-20,e692d4b3-4456-49eb-87f5-ee22fc6e4200,2026-08-25 15:37:14.177264,AVAILABLE
a28d17cc-d026-412f-8e2b-9234599b55b6,a7373a90-b4e1-4e4c-8f0b-7ad06a9fa600,c506f2b9-bae3-47fb-8d2f-79b524f3d792,1b0a2521-7dda-4bed-8313-954689f28c33,B322775,614,82,497.12,2025-05-14,2026-12-06,85ba89f5-0cbe-423d-9b09-8edf117efeb7,2026-06-17 15:37:14.177401,AVAILABLE
7d8b0159-727b-4157-817d-820a1825433a,a7373a90-b4e1-4e4c-8f0b-7ad06a9fa600,c506f2b9-bae3-47fb-8d2f-79b524f3d792,1b0a2521-7dda-4bed-8313-954689f28c33,B837139,692,51,708.71,2025-05-26,2026-11-21,e692d4b3-4456-49eb-87f5-ee22fc6e4200,2026-05-24 15:37:14.177541,AVAILABLE
ad53f555-dc46-4137-a9a8-003b8aeece8d,a7373a90-b4e1-4e4c-8f0b-7ad06a9fa600,c506f2b9-bae3-47fb-8d2f-79b524f3d792,33e37cdb-690b-4dd6-aa0b-3e189bf6bc51,B287247,343,28,487.56,2026-05-16,2027-03-08,301e3cd3-c948-49e9-add4-e8080a9fab7f,2026-09-21 15:37:14.177589,AVAILABLE
a69922fd-aad6-4cbb-be14-cea38e95106e,a7373a90-b4e1-4e4c-8f0b-7ad06a9fa600,c506f2b9-bae3-47fb-8d2f-79b524f3d792,33e37cdb-690b-4dd6-aa0b-3e189bf6bc51,B725508,223,32,822.8,2024-12-25,2026-10-21,1400ecad-7beb-4557-b782-a9b67dbfa3ea,2026-06-17 15:37:14.177673,AVAILABLE
2c62f7d3-a4eb-4017-8420-a342fc0611bf,a7373a90-b4e1-4e4c-8f0b-7ad06a9fa600,c506f2b9-bae3-47fb-8d2f-79b524f3d792,33e37cdb-690b-4dd6-aa0b-3e189bf6bc51,B335292,512,76,1017.37,2027-05-28,2027-12-21,85ba89f5-0cbe-423d-9b09-8edf117efeb7,2026-05-23 15:37:14.177716,AVAILABLE
fa8cb61f-27b4-486b-8a39-e00f3ef1d551,a7373a90-b4e1-4e4c-8f0b-7ad06a9fa600,c14627b9-bd64-4618-b756-d7f2c6ac5329,33e37cdb-690b-4dd6-aa0b-3e189bf6bc51,B517461,99,10,1732.12,2027-01-12,2028-01-18,85ba89f5-0cbe-423d-9b09-8edf117efeb7,2026-08-13 15:37:14.177989,AVAILABLE
70cb916e-8bc4-4399-b779-5897e80a4286,a7373a90-b4e1-4e4c-8f0b-7ad06a9fa600,c14627b9-bd64-4618-b756-d7f2c6ac5329,33e37cdb-690b-4dd6-aa0b-3e189bf6bc51,B120487,456,7,298.06,2026-08-06,2027-11-19,b55d3c34-369b-4934-9015-9e38109b79f2,2026-06-07 15:37:14.178039,AVAILABLE
d4b0e5e1-7cd3-4bf6-ae83-7ce34eaad5be,a7373a90-b4e1-4e4c-8f0b-7ad06a9fa600,c14627b9-bd64-4618-b756-d7f2c6ac5329,33e37cdb-690b-4dd6-aa0b-3e189bf6bc51,B529313,379,13,126.66,2025-10-03,2027-05-04,43b13eff-affb-4e79-a137-2d676513f12b,2026-06-21 15:37:14.178081,AVAILABLE
6c241041-dca1-4b89-927f-ced904602e03,a7373a90-b4e1-4e4c-8f0b-7ad06a9fa600,c14627b9-bd64-4618-b756-d7f2c6ac5329,573f39b9-7855-4b4d-8a9e-14a5e9d8b2cd,B950506,813,86,1075.96,2026-01-23,2027-12-05,b55d3c34-369b-4934-9015-9e38109b79f2,2026-06-12 15:37:14.178127,AVAILABLE
d47dd6fa-b085-44c9-add0-fe37b01d8ebc,a7373a90-b4e1-4e4c-8f0b-7ad06a9fa600,c14627b9-bd64-4618-b756-d7f2c6ac5329,6cbb6f57-d6cb-41b0-aca5-9ea4e8c5be47,B938533,922,133,772.67,2026-05-03,2027-09-19,43b13eff-affb-4e79-a137-2d676513f12b,2026-05-20 15:37:14.178167,AVAILABLE
21d2a4ea-8ef4-48fc-bac9-0175df55ce7d,a7373a90-b4e1-4e4c-8f0b-7ad06a9fa600,c14627b9-bd64-4618-b756-d7f2c6ac5329,6cbb6f57-d6cb-41b0-aca5-9ea4e8c5be47,B100934,120,9,1177.95,2027-04-03,2027-12-12,8a3cc937-5d2e-4b04-b961-e6372fb37757,2026-07-16 15:37:14.178204,AVAILABLE
1eb28868-766c-4b86-90d0-75451980526e,a7373a90-b4e1-4e4c-8f0b-7ad06a9fa600,c14627b9-bd64-4618-b756-d7f2c6ac5329,6cbb6f57-d6cb-41b0-aca5-9ea4e8c5be47,B366079,776,21,1007.61,2025-11-15,2027-04-15,41e5f347-011f-49c8-a809-9ebc6ef93e37,2026-08-17 15:37:14.178240,AVAILABLE
03880951-4b93-43a6-9e7d-54ecb1fef3a0,a7373a90-b4e1-4e4c-8f0b-7ad06a9fa600,c14627b9-bd64-4618-b756-d7f2c6ac5329,378ef267-9155-41bc-a431-7c700c1731e3,B226075,372,44,1307.16,2027-02-04,2027-12-20,1400ecad-7beb-4557-b782-a9b67dbfa3ea,2026-07-09 15:37:14.178409,AVAILABLE
bb0e2c99-72b0-4478-ae6a-5e1302a77d58,a7373a90-b4e1-4e4c-8f0b-7ad06a9fa600,c14627b9-bd64-4618-b756-d7f2c6ac5329,378ef267-9155-41bc-a431-7c700c1731e3,B908993,401,47,1114.5,2027-05-19,2028-01-20,41e5f347-011f-49c8-a809-9ebc6ef93e37,2026-08-01 15:37:14.178687,AVAILABLE
ff5c8a85-1ed6-4cf8-ac5a-dd3cbf1bb238,a7373a90-b4e1-4e4c-8f0b-7ad06a9fa600,c14627b9-bd64-4618-b756-d7f2c6ac5329,378ef267-9155-41bc-a431-7c700c1731e3,B192482,920,128,858.15,2025-07-05,2026-12-23,e6d69402-090c-458e-ab40-7589f32bf4bf,2026-07-18 15:37:14.178762,AVAILABLE
6b519b1c-b2aa-45eb-996b-e911a66e7f5a,a7373a90-b4e1-4e4c-8f0b-7ad06a9fa600,c14627b9-bd64-4618-b756-d7f2c6ac5329,c51619a8-ba83-483f-9b52-064f926d96a2,B963811,301,43,1475.46,2026-12-08,2028-02-25,e692d4b3-4456-49eb-87f5-ee22fc6e4200,2026-08-22 15:37:14.178850,AVAILABLE
e482d48a-4f07-4f8b-8830-c2a92e019299,a7373a90-b4e1-4e4c-8f0b-7ad06a9fa600,c14627b9-bd64-4618-b756-d7f2c6ac5329,c51619a8-ba83-483f-9b52-064f926d96a2,B445096,56,7,659.49,2025-10-14,2027-01-17,8a3cc937-5d2e-4b04-b961-e6372fb37757,2026-10-07 15:37:14.178897,AVAILABLE
7bc874a4-a3ec-4185-b77c-0e076353f18d,a7373a90-b4e1-4e4c-8f0b-7ad06a9fa600,c14627b9-bd64-4618-b756-d7f2c6ac5329,3e6ecca3-9ad1-49a9-ad9a-5509b28de79d,B184919,970,80,889.45,2026-02-27,2028-01-19,b55d3c34-369b-4934-9015-9e38109b79f2,2026-04-14 15:37:14.178937,AVAILABLE
0f020f00-8821-4083-adff-2b44db6fc853,a7373a90-b4e1-4e4c-8f0b-7ad06a9fa600,c14627b9-bd64-4618-b756-d7f2c6ac5329,3e6ecca3-9ad1-49a9-ad9a-5509b28de79d,B951738,233,33,1243.04,2026-06-22,2027-03-30,8a3cc937-5d2e-4b04-b961-e6372fb37757,2026-07-04 15:37:14.179181,AVAILABLE
1547ef08-9489-4e12-8800-eb56f1e238d0,a7373a90-b4e1-4e4c-8f0b-7ad06a9fa600,c14627b9-bd64-4618-b756-d7f2c6ac5329,3e6ecca3-9ad1-49a9-ad9a-5509b28de79d,B564427,149,21,1088.38,2026-07-14,2027-10-14,e692d4b3-4456-49eb-87f5-ee22fc6e4200,2026-07-27 15:37:14.179234,AVAILABLE
0360a98e-1ba9-414c-84ba-9c99c7cac2c1,a7373a90-b4e1-4e4c-8f0b-7ad06a9fa600,c14627b9-bd64-4618-b756-d7f2c6ac5329,bd5b3f87-5b53-4347-ac00-12fb9d5cd5a6,B897529,267,36,724.96,2026-06-09,2027-07-25,43b13eff-affb-4e79-a137-2d676513f12b,2026-07-22 15:37:14.179279,AVAILABLE
509d43e1-d96c-4ee9-a593-7f0c0fc7c38f,a7373a90-b4e1-4e4c-8f0b-7ad06a9fa600,c14627b9-bd64-4618-b756-d7f2c6ac5329,6b615b69-ae0e-4f1b-a6dc-2d69233addaa,B947660,462,36,1044.21,2026-12-26,2027-10-20,301e3cd3-c948-49e9-add4-e8080a9fab7f,2026-08-08 15:37:14.179321,AVAILABLE
227dd5cf-0478-4335-9b19-9628acfabe1e,a7373a90-b4e1-4e4c-8f0b-7ad06a9fa600,c14627b9-bd64-4618-b756-d7f2c6ac5329,6989db76-adcc-4a3d-b3c0-61fb496a0f5d,B235922,353,7,1282.94,2025-04-29,2027-02-21,85ba89f5-0cbe-423d-9b09-8edf117efeb7,2026-08-09 15:37:14.179365,AVAILABLE
568ef6cf-8721-4f22-9e5a-f8b7c8fc6907,a7373a90-b4e1-4e4c-8f0b-7ad06a9fa600,c14627b9-bd64-4618-b756-d7f2c6ac5329,6989db76-adcc-4a3d-b3c0-61fb496a0f5d,B998983,449,17,1613.72,2025-08-09,2026-11-27,43b13eff-affb-4e79-a137-2d676513f12b,2026-05-21 15:37:14.179404,AVAILABLE
1f1f52d7-5c04-4a71-9191-bfe3f6c1249c,a7373a90-b4e1-4e4c-8f0b-7ad06a9fa600,c14627b9-bd64-4618-b756-d7f2c6ac5329,6989db76-adcc-4a3d-b3c0-61fb496a0f5d,B604826,606,16,1525.92,2027-04-06,2027-10-24,389d9f94-94f3-497d-9ad3-80b154c36b08,2026-06-28 15:37:14.179441,AVAILABLE
b1e1c40e-6be8-42c9-b94b-51e6448f22a0,a7373a90-b4e1-4e4c-8f0b-7ad06a9fa600,c14627b9-bd64-4618-b756-d7f2c6ac5329,b1b122eb-1ba2-4148-b9ac-5d21b2adf647,B100637,768,104,1446.66,2025-08-09,2026-11-25,e6d69402-090c-458e-ab40-7589f32bf4bf,2026-09-30 15:37:14.179480,AVAILABLE
81826fc3-803a-4c5e-a719-7ccee92f43c8,a7373a90-b4e1-4e4c-8f0b-7ad06a9fa600,c14627b9-bd64-4618-b756-d7f2c6ac5329,b1b122eb-1ba2-4148-b9ac-5d21b2adf647,B299332,881,98,222.89,2025-11-23,2027-10-27,e692d4b3-4456-49eb-87f5-ee22fc6e4200,2026-05-16 15:37:14.179517,AVAILABLE
ee20f776-f5c4-4088-ad9e-d5b201efd569,a7373a90-b4e1-4e4c-8f0b-7ad06a9fa600,c14627b9-bd64-4618-b756-d7f2c6ac5329,3e8ecc15-190b-4bcd-a7fd-92ec541c75f4,B404943,785,104,1021.5,2026-05-16,2027-09-17,389d9f94-94f3-497d-9ad3-80b154c36b08,2026-05-23 15:37:14.179747,AVAILABLE
4f7f634f-086b-4549-84e4-63dd90b33f0b,a7373a90-b4e1-4e4c-8f0b-7ad06a9fa600,c14627b9-bd64-4618-b756-d7f2c6ac5329,3e8ecc15-190b-4bcd-a7fd-92ec541c75f4,B359664,786,114,1031.24,2026-03-31,2027-09-29,e6d69402-090c-458e-ab40-7589f32bf4bf,2026-04-17 15:37:14.179844,AVAILABLE
05ed8c62-c699-42f0-a00c-82dfdae06036,a7373a90-b4e1-4e4c-8f0b-7ad06a9fa600,c14627b9-bd64-4618-b756-d7f2c6ac5329,ea61edd3-7fbd-4c08-b312-d866041879c2,B864356,153,9,1682.83,2025-07-20,2027-01-21,43b13eff-affb-4e79-a137-2d676513f12b,2026-04-18 15:37:14.180329,AVAILABLE
a3a5fd8a-269e-4735-b98f-7c3e2e6cac2e,a7373a90-b4e1-4e4c-8f0b-7ad06a9fa600,c14627b9-bd64-4618-b756-d7f2c6ac5329,ea61edd3-7fbd-4c08-b312-d866041879c2,B598272,772,82,44.6,2027-02-04,2027-12-11,41e5f347-011f-49c8-a809-9ebc6ef93e37,2026-05-13 15:37:14.180422,AVAILABLE
84842863-bfcd-4c06-92ad-2c0dd0d30621,a7373a90-b4e1-4e4c-8f0b-7ad06a9fa600,c14627b9-bd64-4618-b756-d7f2c6ac5329,ceee2775-c68b-4199-9eb8-21746763c4ba,B943064,140,7,479.61,2026-01-17,2027-06-23,41e5f347-011f-49c8-a809-9ebc6ef93e37,2026-05-07 15:37:14.180476,AVAILABLE
252cf28a-b9ac-4c7c-9400-1f9ba27f1504,a7373a90-b4e1-4e4c-8f0b-7ad06a9fa600,c14627b9-bd64-4618-b756-d7f2c6ac5329,ceee2775-c68b-4199-9eb8-21746763c4ba,B876863,148,20,937.1,2026-05-25,2027-07-14,e692d4b3-4456-49eb-87f5-ee22fc6e4200,2026-09-08 15:37:14.180520,AVAILABLE
23034330-fd24-4cb6-8f4d-d0c09deebb6a,a7373a90-b4e1-4e4c-8f0b-7ad06a9fa600,c14627b9-bd64-4618-b756-d7f2c6ac5329,f00273a7-acae-43ae-a0b4-b85c0ed6d4d3,B529497,850,41,1331.63,2025-06-03,2027-05-04,301e3cd3-c948-49e9-add4-e8080a9fab7f,2026-08-17 15:37:14.180561,AVAILABLE
f81c8d3b-cec8-48bf-b28a-e088e49af15a,a7373a90-b4e1-4e4c-8f0b-7ad06a9fa600,c14627b9-bd64-4618-b756-d7f2c6ac5329,f00273a7-acae-43ae-a0b4-b85c0ed6d4d3,B602900,618,82,812.1,2026-06-06,2028-02-10,1400ecad-7beb-4557-b782-a9b67dbfa3ea,2026-08-02 15:37:14.180638,AVAILABLE
817ce4d1-09db-4b34-83ab-aed4ddffe75d,a7373a90-b4e1-4e4c-8f0b-7ad06a9fa600,c14627b9-bd64-4618-b756-d7f2c6ac5329,58bf12e5-ee8a-4194-a34c-aa820079144d,B220075,677,37,1570.58,2026-01-22,2027-02-10,e692d4b3-4456-49eb-87f5-ee22fc6e4200,2026-07-27 15:37:14.180775,AVAILABLE
6d315dff-26ec-443f-8290-fce3e6de4e8f,a7373a90-b4e1-4e4c-8f0b-7ad06a9fa600,c14627b9-bd64-4618-b756-d7f2c6ac5329,58bf12e5-ee8a-4194-a34c-aa820079144d,B765218,919,29,467.27,2025-09-30,2027-03-18,41e5f347-011f-49c8-a809-9ebc6ef93e37,2026-07-13 15:37:14.180826,AVAILABLE
c3bfcbea-ada3-440f-8984-322c2d012af9,a7373a90-b4e1-4e4c-8f0b-7ad06a9fa600,c14627b9-bd64-4618-b756-d7f2c6ac5329,58bf12e5-ee8a-4194-a34c-aa820079144d,B473167,66,5,420.63,2025-07-15,2026-11-07,85ba89f5-0cbe-423d-9b09-8edf117efeb7,2026-08-03 15:37:14.180866,AVAILABLE
7a0760dd-63b6-4b4c-b8e5-236af6e83894,a7373a90-b4e1-4e4c-8f0b-7ad06a9fa600,564a7cb7-fcd8-46ad-8bc3-87b0ed1b57fe,01d77a5e-a466-4d48-b24b-31edb500e5fa,B691574,211,21,354.73,2026-06-08,2027-11-14,8a3cc937-5d2e-4b04-b961-e6372fb37757,2026-09-18 15:37:14.181101,AVAILABLE
cf4d4899-14b5-4561-8a8f-71813b35d2c4,a7373a90-b4e1-4e4c-8f0b-7ad06a9fa600,564a7cb7-fcd8-46ad-8bc3-87b0ed1b57fe,01d77a5e-a466-4d48-b24b-31edb500e5fa,B998805,884,97,1066.02,2025-12-14,2027-03-14,389d9f94-94f3-497d-9ad3-80b154c36b08,2026-07-20 15:37:14.181151,AVAILABLE
fefd350c-50e8-4205-8e22-b90806f72af4,a7373a90-b4e1-4e4c-8f0b-7ad06a9fa600,564a7cb7-fcd8-46ad-8bc3-87b0ed1b57fe,01d77a5e-a466-4d48-b24b-31edb500e5fa,B597474,675,24,1223.18,2025-09-17,2027-08-16,b55d3c34-369b-4934-9015-9e38109b79f2,2026-07-14 15:37:14.181203,AVAILABLE
d84b3acf-522a-497c-b34f-943deeb33a4c,a7373a90-b4e1-4e4c-8f0b-7ad06a9fa600,564a7cb7-fcd8-46ad-8bc3-87b0ed1b57fe,1d534fd0-ecdb-47f7-8df1-911899944ac3,B366673,819,82,288.84,2027-07-24,2028-02-17,41e5f347-011f-49c8-a809-9ebc6ef93e37,2026-07-22 15:37:14.181244,AVAILABLE
b524c94a-eeb7-440f-b5b8-ccf8467a2fbe,a7373a90-b4e1-4e4c-8f0b-7ad06a9fa600,564a7cb7-fcd8-46ad-8bc3-87b0ed1b57fe,b3fa980f-96f4-474d-8999-454117e0d5d6,B184977,557,55,1105.81,2026-03-13,2028-01-12,389d9f94-94f3-497d-9ad3-80b154c36b08,2026-08-30 15:37:14.181360,AVAILABLE
6e9d3e8a-1719-4b80-8e05-6a4bc3c2b8bc,a7373a90-b4e1-4e4c-8f0b-7ad06a9fa600,564a7cb7-fcd8-46ad-8bc3-87b0ed1b57fe,b3fa980f-96f4-474d-8999-454117e0d5d6,B819807,177,11,776.13,2026-05-28,2026-12-27,b55d3c34-369b-4934-9015-9e38109b79f2,2026-09-21 15:37:14.181426,AVAILABLE
f5f79a47-dfe7-42de-b89d-69e4849e7c48,a7373a90-b4e1-4e4c-8f0b-7ad06a9fa600,564a7cb7-fcd8-46ad-8bc3-87b0ed1b57fe,b3fa980f-96f4-474d-8999-454117e0d5d6,B567963,741,11,769.72,2026-05-25,2027-04-24,43b13eff-affb-4e79-a137-2d676513f12b,2026-09-13 15:37:14.181468,AVAILABLE
8600e872-a737-48eb-af33-91d8d3c2b8fd,a7373a90-b4e1-4e4c-8f0b-7ad06a9fa600,564a7cb7-fcd8-46ad-8bc3-87b0ed1b57fe,fda2f8a3-95ba-4f42-97f3-dbce57a916f1,B956983,182,12,1206.62,2026-05-04,2027-05-15,43b13eff-affb-4e79-a137-2d676513f12b,2026-04-29 15:37:14.181508,AVAILABLE
2bab9854-4947-4c77-b874-b8a65295538a,a7373a90-b4e1-4e4c-8f0b-7ad06a9fa600,564a7cb7-fcd8-46ad-8bc3-87b0ed1b57fe,fda2f8a3-95ba-4f42-97f3-dbce57a916f1,B388735,559,6,1718.4,2025-05-12,2026-11-08,e692d4b3-4456-49eb-87f5-ee22fc6e4200,2026-08-12 15:37:14.181552,AVAILABLE
43790c27-979b-4e18-8dd5-79aedb7e72cd,a7373a90-b4e1-4e4c-8f0b-7ad06a9fa600,564a7cb7-fcd8-46ad-8bc3-87b0ed1b57fe,3e8ecc15-190b-4bcd-a7fd-92ec541c75f4,B300558,24,0,1423.76,2025-05-20,2027-04-07,85ba89f5-0cbe-423d-9b09-8edf117efeb7,2026-08-17 15:37:14.181710,AVAILABLE
af28be3d-8c93-40af-90fb-d38c21c46a92,a7373a90-b4e1-4e4c-8f0b-7ad06a9fa600,564a7cb7-fcd8-46ad-8bc3-87b0ed1b57fe,1640337f-9614-4c3f-bda8-20c0eb4c6bce,B311934,198,23,1674.38,2025-08-22,2027-07-29,43b13eff-affb-4e79-a137-2d676513f12b,2026-05-06 15:37:14.182007,AVAILABLE
8b7e2931-5468-41bd-a686-b578ef1486e0,a7373a90-b4e1-4e4c-8f0b-7ad06a9fa600,564a7cb7-fcd8-46ad-8bc3-87b0ed1b57fe,d2219992-909f-48be-967e-2e3f1c3ddfa9,B531130,375,9,593.77,2027-06-17,2028-02-07,85ba89f5-0cbe-423d-9b09-8edf117efeb7,2026-08-05 15:37:14.182073,AVAILABLE
be8017bb-c517-4817-84b7-62f58b91e2bf,a7373a90-b4e1-4e4c-8f0b-7ad06a9fa600,564a7cb7-fcd8-46ad-8bc3-87b0ed1b57fe,d2219992-909f-48be-967e-2e3f1c3ddfa9,B123105,108,2,1231.73,2026-07-26,2027-10-26,1400ecad-7beb-4557-b782-a9b67dbfa3ea,2026-05-31 15:37:14.182283,AVAILABLE
5d62e037-be9d-45be-a18f-9276e39d45c2,a7373a90-b4e1-4e4c-8f0b-7ad06a9fa600,564a7cb7-fcd8-46ad-8bc3-87b0ed1b57fe,f6dc8117-e75f-4920-a0cf-04c7bafc7542,B561337,127,2,270.18,2025-07-26,2027-01-29,b55d3c34-369b-4934-9015-9e38109b79f2,2026-08-27 15:37:14.182336,AVAILABLE
785f6bd8-5972-4c19-b362-6f55a4d5fc1f,a7373a90-b4e1-4e4c-8f0b-7ad06a9fa600,564a7cb7-fcd8-46ad-8bc3-87b0ed1b57fe,b1b122eb-1ba2-4148-b9ac-5d21b2adf647,B280317,822,4,1631.31,2027-01-23,2027-11-13,389d9f94-94f3-497d-9ad3-80b154c36b08,2026-07-05 15:37:14.182380,AVAILABLE
63e167e0-48c9-4bd9-a1d5-3fc30c9118ea,a7373a90-b4e1-4e4c-8f0b-7ad06a9fa600,564a7cb7-fcd8-46ad-8bc3-87b0ed1b57fe,b1b122eb-1ba2-4148-b9ac-5d21b2adf647,B338808,326,9,1297.41,2026-01-25,2027-01-03,85ba89f5-0cbe-423d-9b09-8edf117efeb7,2026-05-16 15:37:14.182419,AVAILABLE
98f7ebda-26b3-4feb-99d0-a37be85a74fd,a7373a90-b4e1-4e4c-8f0b-7ad06a9fa600,564a7cb7-fcd8-46ad-8bc3-87b0ed1b57fe,b1b122eb-1ba2-4148-b9ac-5d21b2adf647,B844876,564,49,24.02,2027-08-06,2028-02-21,389d9f94-94f3-497d-9ad3-80b154c36b08,2026-09-12 15:37:14.182461,AVAILABLE
b94aa717-1bb3-45d2-aaaa-755f6f665596,a7373a90-b4e1-4e4c-8f0b-7ad06a9fa600,564a7cb7-fcd8-46ad-8bc3-87b0ed1b57fe,7b6b643c-11d8-4a62-8cfe-a28f5fe4f2d6,B698689,792,84,1449.82,2026-10-08,2027-05-14,389d9f94-94f3-497d-9ad3-80b154c36b08,2026-04-19 15:37:14.182628,AVAILABLE
8b8f9de7-64c0-4364-8514-3764d0f343b4,a7373a90-b4e1-4e4c-8f0b-7ad06a9fa600,564a7cb7-fcd8-46ad-8bc3-87b0ed1b57fe,7b6b643c-11d8-4a62-8cfe-a28f5fe4f2d6,B402529,588,37,1264.71,2026-11-04,2028-02-01,85ba89f5-0cbe-423d-9b09-8edf117efeb7,2026-04-26 15:37:14.182690,AVAILABLE
2a9256a6-2333-4e7c-b6b6-24e084c459d2,a7373a90-b4e1-4e4c-8f0b-7ad06a9fa600,564a7cb7-fcd8-46ad-8bc3-87b0ed1b57fe,7b6b643c-11d8-4a62-8cfe-a28f5fe4f2d6,B274696,607,1,1117.45,2027-03-09,2028-01-05,85ba89f5-0cbe-423d-9b09-8edf117efeb7,2026-05-06 15:37:14.182733,AVAILABLE
f2f81f45-fbe1-4227-a368-dcc3190e90c1,a7373a90-b4e1-4e4c-8f0b-7ad06a9fa600,564a7cb7-fcd8-46ad-8bc3-87b0ed1b57fe,4bd504ed-a1c0-48c9-bff0-b66723a5f08d,B457813,333,46,907.01,2025-07-17,2026-10-29,85ba89f5-0cbe-423d-9b09-8edf117efeb7,2026-06-28 15:37:14.182773,AVAILABLE
b8b9e865-a245-40ab-ae3c-f5a31a5bbe3f,a7373a90-b4e1-4e4c-8f0b-7ad06a9fa600,564a7cb7-fcd8-46ad-8bc3-87b0ed1b57fe,4bd504ed-a1c0-48c9-bff0-b66723a5f08d,B467325,30,0,1192.14,2026-04-25,2027-04-07,e6d69402-090c-458e-ab40-7589f32bf4bf,2026-08-14 15:37:14.182881,AVAILABLE
920b6c9c-4594-47e5-b876-f7b742d67205,a7373a90-b4e1-4e4c-8f0b-7ad06a9fa600,564a7cb7-fcd8-46ad-8bc3-87b0ed1b57fe,573f39b9-7855-4b4d-8a9e-14a5e9d8b2cd,B149588,618,16,304.71,2026-06-11,2026-12-17,85ba89f5-0cbe-423d-9b09-8edf117efeb7,2026-09-20 15:37:14.182942,AVAILABLE
4c0b63a9-09e2-4dfa-ad87-1f80f8e0a194,a7373a90-b4e1-4e4c-8f0b-7ad06a9fa600,564a7cb7-fcd8-46ad-8bc3-87b0ed1b57fe,573f39b9-7855-4b4d-8a9e-14a5e9d8b2cd,B295893,740,74,327.68,2027-05-29,2028-01-28,b55d3c34-369b-4934-9015-9e38109b79f2,2026-09-16 15:37:14.183074,AVAILABLE
bf0fff20-6e85-4374-9e22-d5067d9ecca6,a7373a90-b4e1-4e4c-8f0b-7ad06a9fa600,564a7cb7-fcd8-46ad-8bc3-87b0ed1b57fe,419b95a7-17e5-4918-ad68-d58ee6b6e6f5,B557562,24,2,1462.97,2025-01-17,2026-12-22,1400ecad-7beb-4557-b782-a9b67dbfa3ea,2026-08-24 15:37:14.183130,AVAILABLE
f69c65b5-c3ca-4b77-b157-df94d42c28d9,a7373a90-b4e1-4e4c-8f0b-7ad06a9fa600,564a7cb7-fcd8-46ad-8bc3-87b0ed1b57fe,419b95a7-17e5-4918-ad68-d58ee6b6e6f5,B796454,824,38,150.85,2026-09-15,2027-08-30,1400ecad-7beb-4557-b782-a9b67dbfa3ea,2026-04-23 15:37:14.183170,AVAILABLE
e91c0871-1e45-43be-bdb4-071470d5cb76,a7373a90-b4e1-4e4c-8f0b-7ad06a9fa600,564a7cb7-fcd8-46ad-8bc3-87b0ed1b57fe,cf8bc62c-4d72-4142-8ab6-03524280a750,B960260,889,69,1385.49,2026-03-25,2027-04-12,e6d69402-090c-458e-ab40-7589f32bf4bf,2026-08-02 15:37:14.183211,AVAILABLE
9734d5dc-a577-4fa3-8fa0-b28a594e0f9f,a7373a90-b4e1-4e4c-8f0b-7ad06a9fa600,564a7cb7-fcd8-46ad-8bc3-87b0ed1b57fe,a88fd15f-1bbb-4271-941e-899867a89583,B169011,838,60,180.96,2026-09-21,2027-09-18,85ba89f5-0cbe-423d-9b09-8edf117efeb7,2026-09-19 15:37:14.183251,AVAILABLE
272f05b3-c5e6-4bf2-9efa-d5935335295b,a7373a90-b4e1-4e4c-8f0b-7ad06a9fa600,564a7cb7-fcd8-46ad-8bc3-87b0ed1b57fe,a88fd15f-1bbb-4271-941e-899867a89583,B745824,837,84,1346.77,2026-04-25,2027-03-04,301e3cd3-c948-49e9-add4-e8080a9fab7f,2026-08-13 15:37:14.183287,AVAILABLE
a9089547-8428-42d1-8e74-1b28c042838b,a7373a90-b4e1-4e4c-8f0b-7ad06a9fa600,d5def90e-cbb5-42d8-bece-635cef65071c,be0b42c5-6bfe-48dc-8f33-e20d29d25a48,B541593,856,32,955.48,2025-09-29,2027-02-01,e692d4b3-4456-49eb-87f5-ee22fc6e4200,2026-09-22 15:37:14.183523,AVAILABLE
901443c4-d2c9-4f64-ba02-6e721cca358f,a7373a90-b4e1-4e4c-8f0b-7ad06a9fa600,d5def90e-cbb5-42d8-bece-635cef65071c,be0b42c5-6bfe-48dc-8f33-e20d29d25a48,B316080,342,10,857.74,2026-03-29,2027-11-30,301e3cd3-c948-49e9-add4-e8080a9fab7f,2026-05-22 15:37:14.183573,AVAILABLE
56a80ff7-e89f-4a0b-b74a-f9cbee7d8b5e,a7373a90-b4e1-4e4c-8f0b-7ad06a9fa600,d5def90e-cbb5-42d8-bece-635cef65071c,be0b42c5-6bfe-48dc-8f33-e20d29d25a48,B418334,873,63,490.83,2025-07-10,2027-01-28,e6d69402-090c-458e-ab40-7589f32bf4bf,2026-06-03 15:37:14.183747,AVAILABLE
463b4bcf-de51-4f79-ba3c-3578dbfdef23,a7373a90-b4e1-4e4c-8f0b-7ad06a9fa600,d5def90e-cbb5-42d8-bece-635cef65071c,0d430ec5-4d86-4820-8a2c-9a0885280906,B152430,552,5,252.91,2026-07-10,2027-06-09,389d9f94-94f3-497d-9ad3-80b154c36b08,2026-06-29 15:37:14.183819,AVAILABLE
e0e5e909-ae0b-4d70-bce4-fa51ca22dd9c,a7373a90-b4e1-4e4c-8f0b-7ad06a9fa600,d5def90e-cbb5-42d8-bece-635cef65071c,0d430ec5-4d86-4820-8a2c-9a0885280906,B301876,690,19,579.79,2027-02-21,2027-09-15,8a3cc937-5d2e-4b04-b961-e6372fb37757,2026-08-11 15:37:14.183861,AVAILABLE
00ff89b8-b005-401c-90b3-5ac36d967eeb,a7373a90-b4e1-4e4c-8f0b-7ad06a9fa600,d5def90e-cbb5-42d8-bece-635cef65071c,0d430ec5-4d86-4820-8a2c-9a0885280906,B144163,959,8,640.6,2026-02-28,2026-12-15,8a3cc937-5d2e-4b04-b961-e6372fb37757,2026-09-13 15:37:14.183899,AVAILABLE
dde0271b-85e0-40a7-b8ef-f1bf123710cc,a7373a90-b4e1-4e4c-8f0b-7ad06a9fa600,d5def90e-cbb5-42d8-bece-635cef65071c,ceee2775-c68b-4199-9eb8-21746763c4ba,B466705,247,11,172.37,2026-01-21,2026-12-02,43b13eff-affb-4e79-a137-2d676513f12b,2026-07-16 15:37:14.183941,AVAILABLE
fb547d14-99f4-4c76-b30c-77b21b415580,a7373a90-b4e1-4e4c-8f0b-7ad06a9fa600,d5def90e-cbb5-42d8-bece-635cef65071c,ceee2775-c68b-4199-9eb8-21746763c4ba,B169389,684,88,518.21,2026-06-24,2027-06-28,41e5f347-011f-49c8-a809-9ebc6ef93e37,2026-05-19 15:37:14.183979,AVAILABLE
e6b4f265-d25a-4269-9554-71757a8b82bb,a7373a90-b4e1-4e4c-8f0b-7ad06a9fa600,d5def90e-cbb5-42d8-bece-635cef65071c,43110ae2-2c0b-4654-936a-72afad56219d,B216485,445,55,655.42,2027-04-14,2028-02-11,389d9f94-94f3-497d-9ad3-80b154c36b08,2026-09-08 15:37:14.184103,AVAILABLE
3dffe48c-2997-453c-9453-3b923171264f,a7373a90-b4e1-4e4c-8f0b-7ad06a9fa600,d5def90e-cbb5-42d8-bece-635cef65071c,43110ae2-2c0b-4654-936a-72afad56219d,B986004,560,71,1314.87,2026-07-09,2027-09-26,43b13eff-affb-4e79-a137-2d676513f12b,2026-05-04 15:37:14.184162,AVAILABLE
a5621d7c-b534-41fc-8515-ed831a66757f,a7373a90-b4e1-4e4c-8f0b-7ad06a9fa600,d5def90e-cbb5-42d8-bece-635cef65071c,43110ae2-2c0b-4654-936a-72afad56219d,B363137,740,55,1777.7,2026-10-10,2028-03-19,e6d69402-090c-458e-ab40-7589f32bf4bf,2026-04-19 15:37:14.184276,AVAILABLE
d15f6427-a6bf-45e4-ae61-e1f48b0ccfa0,a7373a90-b4e1-4e4c-8f0b-7ad06a9fa600,d5def90e-cbb5-42d8-bece-635cef65071c,6989db76-adcc-4a3d-b3c0-61fb496a0f5d,B797786,185,16,473.48,2026-01-26,2028-01-07,389d9f94-94f3-497d-9ad3-80b154c36b08,2026-06-27 15:37:14.184441,AVAILABLE
e2a98a94-e29a-4185-882e-3bf7abe2f941,a7373a90-b4e1-4e4c-8f0b-7ad06a9fa600,d5def90e-cbb5-42d8-bece-635cef65071c,6989db76-adcc-4a3d-b3c0-61fb496a0f5d,B304695,199,12,1058.39,2024-11-05,2026-09-29,e6d69402-090c-458e-ab40-7589f32bf4bf,2026-07-20 15:37:14.184566,EXPIRED
64ad8028-11d7-443f-a6c6-70be7f0243fc,a7373a90-b4e1-4e4c-8f0b-7ad06a9fa600,d5def90e-cbb5-42d8-bece-635cef65071c,6989db76-adcc-4a3d-b3c0-61fb496a0f5d,B194318,881,29,632.89,2026-06-30,2026-12-29,301e3cd3-c948-49e9-add4-e8080a9fab7f,2026-09-04 15:37:14.184896,AVAILABLE
bbe1e651-0474-4ac3-994c-f3b6226ee745,a7373a90-b4e1-4e4c-8f0b-7ad06a9fa600,d5def90e-cbb5-42d8-bece-635cef65071c,9d6f82ea-a6c1-4ee5-bd74-c517ba546a27,B680070,262,13,925.2,2026-12-15,2027-12-19,e6d69402-090c-458e-ab40-7589f32bf4bf,2026-05-07 15:37:14.185041,AVAILABLE
858ac41a-b67d-456c-afb1-340d0159926c,a7373a90-b4e1-4e4c-8f0b-7ad06a9fa600,d5def90e-cbb5-42d8-bece-635cef65071c,9d6f82ea-a6c1-4ee5-bd74-c517ba546a27,B269914,166,17,87.26,2026-09-24,2027-09-22,e692d4b3-4456-49eb-87f5-ee22fc6e4200,2026-05-12 15:37:14.185160,AVAILABLE
681c5bf9-d8b2-4754-aec4-615ebe87a3e0,a7373a90-b4e1-4e4c-8f0b-7ad06a9fa600,d5def90e-cbb5-42d8-bece-635cef65071c,9d6f82ea-a6c1-4ee5-bd74-c517ba546a27,B930319,962,138,748.21,2026-09-18,2028-02-08,41e5f347-011f-49c8-a809-9ebc6ef93e37,2026-07-25 15:37:14.185381,AVAILABLE
17ad458e-b13c-4e0e-8c80-66181b4e6dd3,a7373a90-b4e1-4e4c-8f0b-7ad06a9fa600,d5def90e-cbb5-42d8-bece-635cef65071c,a88fd15f-1bbb-4271-941e-899867a89583,B131902,576,21,864.81,2025-08-21,2026-11-20,e6d69402-090c-458e-ab40-7589f32bf4bf,2026-04-13 15:37:14.185700,AVAILABLE
ef222da1-e377-434d-8c9f-74d2a27df009,a7373a90-b4e1-4e4c-8f0b-7ad06a9fa600,d5def90e-cbb5-42d8-bece-635cef65071c,061b886b-98ed-480e-9810-63995f2f47ed,B346550,620,30,358.71,2026-09-09,2027-06-13,85ba89f5-0cbe-423d-9b09-8edf117efeb7,2026-06-05 15:37:14.185865,AVAILABLE
029b1aa1-828a-46f5-b5f2-bb08cf98275c,a7373a90-b4e1-4e4c-8f0b-7ad06a9fa600,d5def90e-cbb5-42d8-bece-635cef65071c,8cb385ca-cfdc-404f-8298-512a7c8578b3,B762490,85,0,770.25,2026-07-23,2027-07-06,41e5f347-011f-49c8-a809-9ebc6ef93e37,2026-09-21 15:37:14.185948,AVAILABLE
42324bce-ea52-44aa-be9e-edae47367eb2,a7373a90-b4e1-4e4c-8f0b-7ad06a9fa600,d5def90e-cbb5-42d8-bece-635cef65071c,8cb385ca-cfdc-404f-8298-512a7c8578b3,B476540,595,3,270.8,2026-04-03,2026-10-22,e692d4b3-4456-49eb-87f5-ee22fc6e4200,2026-05-29 15:37:14.186105,AVAILABLE
1cc69dcb-d860-4000-b353-fd42f2a64865,a7373a90-b4e1-4e4c-8f0b-7ad06a9fa600,d5def90e-cbb5-42d8-bece-635cef65071c,8cb385ca-cfdc-404f-8298-512a7c8578b3,B566879,845,116,367.13,2025-04-24,2026-12-19,1400ecad-7beb-4557-b782-a9b67dbfa3ea,2026-05-04 15:37:14.186163,AVAILABLE
b0e7d078-80e1-4f48-84ef-2adca2715859,a7373a90-b4e1-4e4c-8f0b-7ad06a9fa600,d5def90e-cbb5-42d8-bece-635cef65071c,bd5b3f87-5b53-4347-ac00-12fb9d5cd5a6,B659975,471,21,1132.54,2026-06-01,2028-03-18,43b13eff-affb-4e79-a137-2d676513f12b,2026-04-25 15:37:14.186208,AVAILABLE
8839add0-0a3a-4ac0-aa1b-2c8de18eab2d,a7373a90-b4e1-4e4c-8f0b-7ad06a9fa600,d5def90e-cbb5-42d8-bece-635cef65071c,bd5b3f87-5b53-4347-ac00-12fb9d5cd5a6,B270913,188,17,1464.8,2025-10-17,2027-06-21,85ba89f5-0cbe-423d-9b09-8edf117efeb7,2026-09-07 15:37:14.186247,AVAILABLE
e1e2cdcd-0fac-4276-9cc5-d430f9a91a29,a7373a90-b4e1-4e4c-8f0b-7ad06a9fa600,d5def90e-cbb5-42d8-bece-635cef65071c,bd5b3f87-5b53-4347-ac00-12fb9d5cd5a6,B834211,445,64,120.34,2027-02-28,2027-11-04,389d9f94-94f3-497d-9ad3-80b154c36b08,2026-09-26 15:37:14.186285,AVAILABLE
41ecc2b1-7d36-4d36-9236-36b80f2dc4ad,a7373a90-b4e1-4e4c-8f0b-7ad06a9fa600,d5def90e-cbb5-42d8-bece-635cef65071c,987c980e-f5ed-4388-b102-971ff25870b1,B370685,143,12,523.16,2027-02-12,2028-02-03,43b13eff-affb-4e79-a137-2d676513f12b,2026-07-11 15:37:14.186346,AVAILABLE
102edc09-8dfb-42ab-8b72-bda2a98ea2d1,a7373a90-b4e1-4e4c-8f0b-7ad06a9fa600,d5def90e-cbb5-42d8-bece-635cef65071c,b1b122eb-1ba2-4148-b9ac-5d21b2adf647,B418339,469,23,459.05,2026-02-24,2027-06-07,b55d3c34-369b-4934-9015-9e38109b79f2,2026-09-12 15:37:14.186399,AVAILABLE
8fc3342b-ff83-4fb1-a492-546ef79c0fd9,a7373a90-b4e1-4e4c-8f0b-7ad06a9fa600,d5def90e-cbb5-42d8-bece-635cef65071c,305d6d9c-7521-4f74-8c0d-0bf7d5af8dfd,B251454,684,29,611.74,2026-09-10,2027-10-19,e692d4b3-4456-49eb-87f5-ee22fc6e4200,2026-05-24 15:37:14.186439,AVAILABLE
fefdee27-61b6-401f-896b-2b7092d81600,a7373a90-b4e1-4e4c-8f0b-7ad06a9fa600,d5def90e-cbb5-42d8-bece-635cef65071c,305d6d9c-7521-4f74-8c0d-0bf7d5af8dfd,B485150,823,107,1226.18,2025-12-15,2027-10-17,389d9f94-94f3-497d-9ad3-80b154c36b08,2026-08-19 15:37:14.186476,AVAILABLE
72d216fa-a285-4311-b4b6-97c3de1b0b78,a7373a90-b4e1-4e4c-8f0b-7ad06a9fa600,d5def90e-cbb5-42d8-bece-635cef65071c,305d6d9c-7521-4f74-8c0d-0bf7d5af8dfd,B233768,457,67,1417.56,2025-11-10,2027-10-25,e6d69402-090c-458e-ab40-7589f32bf4bf,2026-05-25 15:37:14.186513,AVAILABLE
3fd5674f-d410-460a-893d-91057791c636,a7373a90-b4e1-4e4c-8f0b-7ad06a9fa600,d5def90e-cbb5-42d8-bece-635cef65071c,ca8399a1-143e-4717-be95-7836c2f21dcb,B943808,189,11,1219.14,2025-10-12,2027-03-07,e6d69402-090c-458e-ab40-7589f32bf4bf,2026-08-02 15:37:14.186550,AVAILABLE
b00a96ca-bb59-4c70-a3fc-69993fcf1a04,a7373a90-b4e1-4e4c-8f0b-7ad06a9fa600,d5def90e-cbb5-42d8-bece-635cef65071c,cf8bc62c-4d72-4142-8ab6-03524280a750,B269162,94,2,143.56,2026-12-07,2027-07-04,389d9f94-94f3-497d-9ad3-80b154c36b08,2026-09-05 15:37:14.186587,AVAILABLE
72deb284-915a-414c-81cd-7e698b0b3b8b,a7373a90-b4e1-4e4c-8f0b-7ad06a9fa600,6d77821b-779b-4bed-8fcc-d86a214e7a78,24bad869-7045-4954-b58f-10edc0407e69,B897869,715,14,70.87,2025-08-16,2026-11-03,8a3cc937-5d2e-4b04-b961-e6372fb37757,2026-09-11 15:37:14.186896,AVAILABLE
e2c2a264-4ff2-4ce5-b677-9c05964d1494,a7373a90-b4e1-4e4c-8f0b-7ad06a9fa600,6d77821b-779b-4bed-8fcc-d86a214e7a78,1d534fd0-ecdb-47f7-8df1-911899944ac3,B700871,524,26,435.33,2025-10-27,2027-02-10,85ba89f5-0cbe-423d-9b09-8edf117efeb7,2026-05-25 15:37:14.186964,AVAILABLE
4764401f-1f59-4e21-b470-27ad1e040ee9,a7373a90-b4e1-4e4c-8f0b-7ad06a9fa600,6d77821b-779b-4bed-8fcc-d86a214e7a78,1d534fd0-ecdb-47f7-8df1-911899944ac3,B397853,852,34,487.88,2027-02-06,2028-01-25,8a3cc937-5d2e-4b04-b961-e6372fb37757,2026-09-28 15:37:14.187007,AVAILABLE
e2f28b05-0f0b-409a-b9bd-d4e095add801,a7373a90-b4e1-4e4c-8f0b-7ad06a9fa600,6d77821b-779b-4bed-8fcc-d86a214e7a78,1d534fd0-ecdb-47f7-8df1-911899944ac3,B544859,295,34,466.62,2026-10-28,2027-05-09,e692d4b3-4456-49eb-87f5-ee22fc6e4200,2026-06-06 15:37:14.187045,AVAILABLE
516a263d-1eb2-425e-9a8c-56a615c70122,a7373a90-b4e1-4e4c-8f0b-7ad06a9fa600,6d77821b-779b-4bed-8fcc-d86a214e7a78,33e37cdb-690b-4dd6-aa0b-3e189bf6bc51,B853716,354,50,666.19,2026-07-29,2027-07-21,301e3cd3-c948-49e9-add4-e8080a9fab7f,2026-06-18 15:37:14.187084,AVAILABLE
1f4240fc-4291-464e-ae9b-e97d2c4511f1,a7373a90-b4e1-4e4c-8f0b-7ad06a9fa600,6d77821b-779b-4bed-8fcc-d86a214e7a78,33e37cdb-690b-4dd6-aa0b-3e189bf6bc51,B119172,367,12,103.43,2027-04-14,2027-11-13,389d9f94-94f3-497d-9ad3-80b154c36b08,2026-06-09 15:37:14.187121,AVAILABLE
7ba3d8b2-96fa-4814-8980-43aacc17b4ea,a7373a90-b4e1-4e4c-8f0b-7ad06a9fa600,6d77821b-779b-4bed-8fcc-d86a214e7a78,9c06c388-c751-407e-9c97-3b46b1db5e7c,B712328,502,49,527.22,2025-10-05,2026-11-17,43b13eff-affb-4e79-a137-2d676513f12b,2026-05-04 15:37:14.187159,AVAILABLE
4a75d64f-2f3b-4a24-a3bf-063c6561882d,a7373a90-b4e1-4e4c-8f0b-7ad06a9fa600,6d77821b-779b-4bed-8fcc-d86a214e7a78,b1b122eb-1ba2-4148-b9ac-5d21b2adf647,B489064,882,47,1470.07,2026-11-21,2027-11-04,8a3cc937-5d2e-4b04-b961-e6372fb37757,2026-08-12 15:37:14.187366,AVAILABLE
3dedb0c5-414c-4852-afc8-c27a1b501484,a7373a90-b4e1-4e4c-8f0b-7ad06a9fa600,6d77821b-779b-4bed-8fcc-d86a214e7a78,2f7de1c2-cb62-4261-83f5-d8323f438333,B827023,354,4,104.62,2027-03-22,2027-10-08,b55d3c34-369b-4934-9015-9e38109b79f2,2026-10-03 15:37:14.187428,AVAILABLE
f1c4fda9-c6f8-408b-8c3b-cc19462b74a7,a7373a90-b4e1-4e4c-8f0b-7ad06a9fa600,6d77821b-779b-4bed-8fcc-d86a214e7a78,2f7de1c2-cb62-4261-83f5-d8323f438333,B974856,169,20,1523.27,2026-02-12,2027-11-16,e6d69402-090c-458e-ab40-7589f32bf4bf,2026-06-18 15:37:14.187470,AVAILABLE
075fd85f-b298-4ab5-b44c-07548dd53ebe,a7373a90-b4e1-4e4c-8f0b-7ad06a9fa600,6d77821b-779b-4bed-8fcc-d86a214e7a78,378ef267-9155-41bc-a431-7c700c1731e3,B211538,393,41,509.81,2026-01-16,2027-09-04,e6d69402-090c-458e-ab40-7589f32bf4bf,2026-09-24 15:37:14.187512,AVAILABLE
d5e14fa4-6cca-44c1-8379-ec0b14dba09c,a7373a90-b4e1-4e4c-8f0b-7ad06a9fa600,6d77821b-779b-4bed-8fcc-d86a214e7a78,378ef267-9155-41bc-a431-7c700c1731e3,B883552,991,34,1328.08,2026-05-14,2028-03-05,1400ecad-7beb-4557-b782-a9b67dbfa3ea,2026-06-07 15:37:14.187550,AVAILABLE
cb97be98-6639-4828-b810-7ec0ecdf2cc9,a7373a90-b4e1-4e4c-8f0b-7ad06a9fa600,6d77821b-779b-4bed-8fcc-d86a214e7a78,70745aec-f24f-4b18-807e-6adb80d01ba0,B977808,47,4,659.04,2027-03-02,2027-11-28,41e5f347-011f-49c8-a809-9ebc6ef93e37,2026-10-05 15:37:14.187589,AVAILABLE
a3485158-5f59-4c08-87ba-97ea66970292,a7373a90-b4e1-4e4c-8f0b-7ad06a9fa600,6d77821b-779b-4bed-8fcc-d86a214e7a78,58bf12e5-ee8a-4194-a34c-aa820079144d,B580040,288,17,937.78,2026-09-06,2028-03-24,e6d69402-090c-458e-ab40-7589f32bf4bf,2026-04-12 15:37:14.187678,AVAILABLE
def8746e-f034-4c09-8a78-f970c9695547,a7373a90-b4e1-4e4c-8f0b-7ad06a9fa600,6d77821b-779b-4bed-8fcc-d86a214e7a78,58bf12e5-ee8a-4194-a34c-aa820079144d,B651653,800,106,548.67,2026-07-03,2027-06-10,e692d4b3-4456-49eb-87f5-ee22fc6e4200,2026-07-11 15:37:14.187720,AVAILABLE
e3b56f81-9807-449e-9c8a-ea8d5c21cabc,a7373a90-b4e1-4e4c-8f0b-7ad06a9fa600,6d77821b-779b-4bed-8fcc-d86a214e7a78,305d6d9c-7521-4f74-8c0d-0bf7d5af8dfd,B640945,862,35,1795.59,2027-02-21,2028-02-01,41e5f347-011f-49c8-a809-9ebc6ef93e37,2026-06-25 15:37:14.187758,AVAILABLE
2399bf9b-a253-4358-9045-ee2943cd932d,a7373a90-b4e1-4e4c-8f0b-7ad06a9fa600,6d77821b-779b-4bed-8fcc-d86a214e7a78,fb695fdf-9397-485a-aa21-6d65c73c7b07,B338972,964,51,1775.02,2025-07-18,2026-11-30,e692d4b3-4456-49eb-87f5-ee22fc6e4200,2026-07-25 15:37:14.187797,AVAILABLE
37e6830c-23fe-433f-901d-2dc296b0703a,a7373a90-b4e1-4e4c-8f0b-7ad06a9fa600,6d77821b-779b-4bed-8fcc-d86a214e7a78,be0b42c5-6bfe-48dc-8f33-e20d29d25a48,B185502,578,4,1550.77,2026-06-25,2027-07-28,43b13eff-affb-4e79-a137-2d676513f12b,2026-10-05 15:37:14.187835,AVAILABLE
40d9e11b-714e-41b4-9b96-18ee40a09b7a,a7373a90-b4e1-4e4c-8f0b-7ad06a9fa600,6d77821b-779b-4bed-8fcc-d86a214e7a78,16d1b73f-8881-425f-82b2-7ab4974b08ef,B812672,42,0,1304.71,2026-04-02,2028-02-03,8a3cc937-5d2e-4b04-b961-e6372fb37757,2026-07-05 15:37:14.187933,AVAILABLE
ebfaf055-8825-4da9-ba72-bd61f0acb375,a7373a90-b4e1-4e4c-8f0b-7ad06a9fa600,6d77821b-779b-4bed-8fcc-d86a214e7a78,16d1b73f-8881-425f-82b2-7ab4974b08ef,B619903,534,3,114.62,2025-12-21,2027-08-23,8a3cc937-5d2e-4b04-b961-e6372fb37757,2026-09-28 15:37:14.188117,AVAILABLE
4e98cb23-ba40-4fbb-b2d3-2dd7a1b418de,a7373a90-b4e1-4e4c-8f0b-7ad06a9fa600,6d77821b-779b-4bed-8fcc-d86a214e7a78,d039d8bd-44d3-44fc-a49f-83d1987d0b48,B567425,257,6,1423.39,2025-11-24,2027-02-16,43b13eff-affb-4e79-a137-2d676513f12b,2026-05-16 15:37:14.188270,AVAILABLE
f64ad178-6a8c-4977-9109-8ba10a902270,a7373a90-b4e1-4e4c-8f0b-7ad06a9fa600,6d77821b-779b-4bed-8fcc-d86a214e7a78,b3fa980f-96f4-474d-8999-454117e0d5d6,B144611,658,42,1525.68,2026-07-27,2028-01-03,b55d3c34-369b-4934-9015-9e38109b79f2,2026-05-19 15:37:14.188337,AVAILABLE
6e0f615a-35cd-4922-b787-df429ace84f5,a7373a90-b4e1-4e4c-8f0b-7ad06a9fa600,6d77821b-779b-4bed-8fcc-d86a214e7a78,b3fa980f-96f4-474d-8999-454117e0d5d6,B630320,802,41,503.32,2026-11-30,2027-10-14,43b13eff-affb-4e79-a137-2d676513f12b,2026-07-31 15:37:14.188379,AVAILABLE
e392f018-9783-4c02-8d3d-466e7cb65ee3,a7373a90-b4e1-4e4c-8f0b-7ad06a9fa600,6d77821b-779b-4bed-8fcc-d86a214e7a78,b3fa980f-96f4-474d-8999-454117e0d5d6,B874109,54,4,207.81,2025-01-19,2026-12-06,8a3cc937-5d2e-4b04-b961-e6372fb37757,2026-06-15 15:37:14.188417,AVAILABLE
406f7ae9-9949-4ddb-8cc2-ee6674b2cc3d,a7373a90-b4e1-4e4c-8f0b-7ad06a9fa600,45c6053f-a71f-4279-8dbf-4c8443fd906a,522740d6-f3db-4ac1-a547-6b62598fe57f,B994000,215,10,1624.3,2026-09-23,2027-12-29,389d9f94-94f3-497d-9ad3-80b154c36b08,2026-05-12 15:37:14.188903,AVAILABLE
88bc80b0-1188-4dfb-9ce5-2005306ea50c,a7373a90-b4e1-4e4c-8f0b-7ad06a9fa600,45c6053f-a71f-4279-8dbf-4c8443fd906a,419b95a7-17e5-4918-ad68-d58ee6b6e6f5,B916945,347,34,1003.1,2026-12-13,2027-10-07,85ba89f5-0cbe-423d-9b09-8edf117efeb7,2026-07-11 15:37:14.188984,AVAILABLE
d044bdae-6535-4c74-8d06-e530aa43ec29,a7373a90-b4e1-4e4c-8f0b-7ad06a9fa600,45c6053f-a71f-4279-8dbf-4c8443fd906a,01d77a5e-a466-4d48-b24b-31edb500e5fa,B399977,985,56,1559.22,2027-02-25,2027-11-20,41e5f347-011f-49c8-a809-9ebc6ef93e37,2026-06-21 15:37:14.189119,AVAILABLE
ba0a15b7-8c38-45a5-aec8-854f29ca21e6,a7373a90-b4e1-4e4c-8f0b-7ad06a9fa600,45c6053f-a71f-4279-8dbf-4c8443fd906a,01d77a5e-a466-4d48-b24b-31edb500e5fa,B295363,587,9,382.9,2026-04-02,2027-11-27,e692d4b3-4456-49eb-87f5-ee22fc6e4200,2026-08-26 15:37:14.189279,AVAILABLE
f87f0715-2153-44a2-bcb0-40837226a164,a7373a90-b4e1-4e4c-8f0b-7ad06a9fa600,45c6053f-a71f-4279-8dbf-4c8443fd906a,01d77a5e-a466-4d48-b24b-31edb500e5fa,B910936,333,33,754.78,2025-04-06,2027-02-01,85ba89f5-0cbe-423d-9b09-8edf117efeb7,2026-04-22 15:37:14.189486,AVAILABLE
8d34679c-5611-4c53-99cf-fe3efd52103d,a7373a90-b4e1-4e4c-8f0b-7ad06a9fa600,45c6053f-a71f-4279-8dbf-4c8443fd906a,3e8ecc15-190b-4bcd-a7fd-92ec541c75f4,B773693,486,6,1529.11,2025-09-12,2027-03-31,41e5f347-011f-49c8-a809-9ebc6ef93e37,2026-09-15 15:37:14.189988,AVAILABLE
eac82305-1c59-4cf3-92aa-6db528260e7f,a7373a90-b4e1-4e4c-8f0b-7ad06a9fa600,45c6053f-a71f-4279-8dbf-4c8443fd906a,3e8ecc15-190b-4bcd-a7fd-92ec541c75f4,B981365,277,7,189.25,2026-02-20,2028-02-06,b55d3c34-369b-4934-9015-9e38109b79f2,2026-06-15 15:37:14.190141,AVAILABLE
e44099d3-986d-4a1e-bdd8-696d7bbf3d3d,a7373a90-b4e1-4e4c-8f0b-7ad06a9fa600,45c6053f-a71f-4279-8dbf-4c8443fd906a,d2219992-909f-48be-967e-2e3f1c3ddfa9,B182651,801,0,149.86,2026-06-02,2027-04-29,e6d69402-090c-458e-ab40-7589f32bf4bf,2026-08-30 15:37:14.190508,AVAILABLE
38350512-0e97-47ae-a63c-1f6a194f7152,a7373a90-b4e1-4e4c-8f0b-7ad06a9fa600,45c6053f-a71f-4279-8dbf-4c8443fd906a,43110ae2-2c0b-4654-936a-72afad56219d,B172720,782,16,611.94,2026-03-27,2027-12-30,b55d3c34-369b-4934-9015-9e38109b79f2,2026-09-11 15:37:14.190584,AVAILABLE
47ded4b1-5a29-498f-adc6-0588c7c64d9e,a7373a90-b4e1-4e4c-8f0b-7ad06a9fa600,45c6053f-a71f-4279-8dbf-4c8443fd906a,c037d58f-eb63-482e-81f7-b1f739423cdf,B315283,600,70,627.1,2025-09-14,2027-03-01,e692d4b3-4456-49eb-87f5-ee22fc6e4200,2026-04-22 15:37:14.190691,AVAILABLE
2d4354e9-490c-4e36-8041-798c1911dcbd,a7373a90-b4e1-4e4c-8f0b-7ad06a9fa600,45c6053f-a71f-4279-8dbf-4c8443fd906a,c037d58f-eb63-482e-81f7-b1f739423cdf,B840030,46,2,382.92,2025-11-13,2027-10-02,41e5f347-011f-49c8-a809-9ebc6ef93e37,2026-09-10 15:37:14.190745,AVAILABLE
6c37352f-4b63-4061-b7cc-324a42e9815b,a7373a90-b4e1-4e4c-8f0b-7ad06a9fa600,45c6053f-a71f-4279-8dbf-4c8443fd906a,c037d58f-eb63-482e-81f7-b1f739423cdf,B703960,383,38,929.14,2026-05-30,2027-03-19,85ba89f5-0cbe-423d-9b09-8edf117efeb7,2026-05-22 15:37:14.190929,AVAILABLE
958ddc28-18f7-49d1-b8ec-078a2d7bc5bc,a7373a90-b4e1-4e4c-8f0b-7ad06a9fa600,45c6053f-a71f-4279-8dbf-4c8443fd906a,fda2f8a3-95ba-4f42-97f3-dbce57a916f1,B762215,497,57,1280.02,2025-07-12,2026-10-10,85ba89f5-0cbe-423d-9b09-8edf117efeb7,2026-04-27 15:37:14.191008,AVAILABLE
7052f7b5-93fc-4864-b41a-d3bb70024553,a7373a90-b4e1-4e4c-8f0b-7ad06a9fa600,45c6053f-a71f-4279-8dbf-4c8443fd906a,1b0a2521-7dda-4bed-8313-954689f28c33,B755065,389,4,733.97,2027-06-04,2028-03-14,43b13eff-affb-4e79-a137-2d676513f12b,2026-09-13 15:37:14.191149,AVAILABLE
caca423c-e957-4562-8477-30db86b21a89,a7373a90-b4e1-4e4c-8f0b-7ad06a9fa600,45c6053f-a71f-4279-8dbf-4c8443fd906a,9d6f82ea-a6c1-4ee5-bd74-c517ba546a27,B430354,197,10,615.36,2025-09-07,2027-01-14,e692d4b3-4456-49eb-87f5-ee22fc6e4200,2026-05-11 15:37:14.191218,AVAILABLE
3f00fdb7-10a1-47f0-b115-91061eaff431,a7373a90-b4e1-4e4c-8f0b-7ad06a9fa600,45c6053f-a71f-4279-8dbf-4c8443fd906a,9d6f82ea-a6c1-4ee5-bd74-c517ba546a27,B774587,433,36,1016.89,2026-05-02,2027-08-09,8a3cc937-5d2e-4b04-b961-e6372fb37757,2026-08-30 15:37:14.191261,AVAILABLE
5321ff79-ace0-49ce-b154-aeb0b2f426bf,a7373a90-b4e1-4e4c-8f0b-7ad06a9fa600,45c6053f-a71f-4279-8dbf-4c8443fd906a,16d1b73f-8881-425f-82b2-7ab4974b08ef,B401160,886,87,269.09,2026-07-24,2027-08-21,41e5f347-011f-49c8-a809-9ebc6ef93e37,2026-05-01 15:37:14.191301,AVAILABLE
c6b252c0-ea06-4bef-814f-221a7dff58b0,a7373a90-b4e1-4e4c-8f0b-7ad06a9fa600,45c6053f-a71f-4279-8dbf-4c8443fd906a,dee6b134-5f4e-4d83-8133-35e34f0b48e8,B146048,428,24,1300.41,2025-10-29,2026-10-06,8a3cc937-5d2e-4b04-b961-e6372fb37757,2026-06-12 15:37:14.191342,EXPIRED
5408cac1-e1dc-4c88-a872-ad11fb8cb56a,a7373a90-b4e1-4e4c-8f0b-7ad06a9fa600,45c6053f-a71f-4279-8dbf-4c8443fd906a,dee6b134-5f4e-4d83-8133-35e34f0b48e8,B671205,708,48,1207.78,2026-02-24,2027-12-16,e692d4b3-4456-49eb-87f5-ee22fc6e4200,2026-07-20 15:37:14.191383,AVAILABLE
d478a2d6-a78f-47d8-be59-a72dc035d60b,a7373a90-b4e1-4e4c-8f0b-7ad06a9fa600,45c6053f-a71f-4279-8dbf-4c8443fd906a,dee6b134-5f4e-4d83-8133-35e34f0b48e8,B211271,645,75,17.43,2025-10-13,2026-12-23,e6d69402-090c-458e-ab40-7589f32bf4bf,2026-08-30 15:37:14.191420,AVAILABLE
43f86491-a7b1-440b-bcaf-8cf24b0797df,a7373a90-b4e1-4e4c-8f0b-7ad06a9fa600,45c6053f-a71f-4279-8dbf-4c8443fd906a,b3163dc0-3ac7-41cc-b4fc-244bcbe446ad,B950854,183,13,660.92,2025-04-19,2027-03-06,e692d4b3-4456-49eb-87f5-ee22fc6e4200,2026-04-21 15:37:14.191458,AVAILABLE
fc901297-faae-44b6-b2fc-6d6b99f0e666,a7373a90-b4e1-4e4c-8f0b-7ad06a9fa600,45c6053f-a71f-4279-8dbf-4c8443fd906a,b3163dc0-3ac7-41cc-b4fc-244bcbe446ad,B881046,34,4,1520.74,2026-06-01,2027-05-31,389d9f94-94f3-497d-9ad3-80b154c36b08,2026-04-18 15:37:14.191495,AVAILABLE
b2a0f53f-a43a-4950-9dc3-e5219c13b4f4,a7373a90-b4e1-4e4c-8f0b-7ad06a9fa600,45c6053f-a71f-4279-8dbf-4c8443fd906a,6989db76-adcc-4a3d-b3c0-61fb496a0f5d,B374171,283,27,371.25,2025-12-02,2027-04-17,301e3cd3-c948-49e9-add4-e8080a9fab7f,2026-05-27 15:37:14.191533,AVAILABLE
8a00a9a5-ab3b-43ab-bc6f-66d7950cc91b,a7373a90-b4e1-4e4c-8f0b-7ad06a9fa600,45c6053f-a71f-4279-8dbf-4c8443fd906a,9f081f26-ba8d-47d6-870e-ca0ca1cae51f,B336709,609,28,1524.02,2025-01-28,2027-01-11,8a3cc937-5d2e-4b04-b961-e6372fb37757,2026-04-30 15:37:14.191570,AVAILABLE
7fd24946-deb4-4b5f-9b7f-d47d709fd910,85ae4cf3-51bf-45d7-8011-bb994eb602a6,aa1dc229-7fd9-4825-a368-5b9a449669bf,be0b42c5-6bfe-48dc-8f33-e20d29d25a48,B378999,606,69,1548.86,2026-06-04,2026-12-16,1400ecad-7beb-4557-b782-a9b67dbfa3ea,2026-05-31 15:37:14.193861,AVAILABLE
b903ffc9-5169-4197-99f2-92315f3181ef,85ae4cf3-51bf-45d7-8011-bb994eb602a6,aa1dc229-7fd9-4825-a368-5b9a449669bf,24db962d-9a6b-4de6-982b-b719e504efb9,B475413,575,57,1727.37,2026-09-25,2028-03-19,b55d3c34-369b-4934-9015-9e38109b79f2,2026-08-06 15:37:14.193956,AVAILABLE
45556395-af3d-4290-bd0e-c15b0930677b,85ae4cf3-51bf-45d7-8011-bb994eb602a6,aa1dc229-7fd9-4825-a368-5b9a449669bf,24db962d-9a6b-4de6-982b-b719e504efb9,B291692,313,20,856.97,2025-10-19,2027-02-24,e692d4b3-4456-49eb-87f5-ee22fc6e4200,2026-09-25 15:37:14.194010,AVAILABLE
d082cf1c-f29b-4cb0-aa6d-49156c79038b,85ae4cf3-51bf-45d7-8011-bb994eb602a6,aa1dc229-7fd9-4825-a368-5b9a449669bf,3e98e5ab-52e7-4056-8353-5ac655247948,B941836,181,1,1065.54,2026-06-12,2026-12-14,8a3cc937-5d2e-4b04-b961-e6372fb37757,2026-06-10 15:37:14.194058,AVAILABLE
7b4b7cdb-ebb5-4dbf-b524-48c55a0a4b03,85ae4cf3-51bf-45d7-8011-bb994eb602a6,aa1dc229-7fd9-4825-a368-5b9a449669bf,3e98e5ab-52e7-4056-8353-5ac655247948,B300473,626,35,916.22,2025-08-06,2026-09-29,b55d3c34-369b-4934-9015-9e38109b79f2,2026-05-03 15:37:14.194102,EXPIRED
fc8d0090-99a6-4c45-8893-e3799df9bc30,85ae4cf3-51bf-45d7-8011-bb994eb602a6,aa1dc229-7fd9-4825-a368-5b9a449669bf,3e98e5ab-52e7-4056-8353-5ac655247948,B303757,497,1,10.82,2026-03-10,2027-09-18,b55d3c34-369b-4934-9015-9e38109b79f2,2026-06-01 15:37:14.194141,AVAILABLE
5e685299-1c77-441b-8a9d-7a2bec28155a,85ae4cf3-51bf-45d7-8011-bb994eb602a6,aa1dc229-7fd9-4825-a368-5b9a449669bf,a197882a-31bc-40ba-be53-5a7c2f5930f7,B789392,949,75,1043.44,2026-03-17,2026-10-07,301e3cd3-c948-49e9-add4-e8080a9fab7f,2026-06-04 15:37:14.194319,EXPIRED
5a553561-458f-4dbd-ba1e-b1fde1ba568a,85ae4cf3-51bf-45d7-8011-bb994eb602a6,aa1dc229-7fd9-4825-a368-5b9a449669bf,a197882a-31bc-40ba-be53-5a7c2f5930f7,B415298,645,61,585.72,2026-11-15,2027-05-18,301e3cd3-c948-49e9-add4-e8080a9fab7f,2026-05-22 15:37:14.194391,AVAILABLE
e60dcdc4-0ae9-49aa-95b3-ca9e4f51a634,85ae4cf3-51bf-45d7-8011-bb994eb602a6,aa1dc229-7fd9-4825-a368-5b9a449669bf,061b886b-98ed-480e-9810-63995f2f47ed,B744584,463,43,1176.91,2025-04-08,2027-01-05,1400ecad-7beb-4557-b782-a9b67dbfa3ea,2026-09-27 15:37:14.194437,AVAILABLE
a23fe48d-d89f-40e4-8123-842390bc1c29,85ae4cf3-51bf-45d7-8011-bb994eb602a6,aa1dc229-7fd9-4825-a368-5b9a449669bf,58bf12e5-ee8a-4194-a34c-aa820079144d,B408872,742,37,306.47,2026-12-29,2028-03-17,e692d4b3-4456-49eb-87f5-ee22fc6e4200,2026-08-17 15:37:14.194478,AVAILABLE
d8586a73-ddc4-4f6f-acce-cf375e611ef5,85ae4cf3-51bf-45d7-8011-bb994eb602a6,aa1dc229-7fd9-4825-a368-5b9a449669bf,58bf12e5-ee8a-4194-a34c-aa820079144d,B896385,768,80,1334.24,2026-05-17,2027-06-22,e6d69402-090c-458e-ab40-7589f32bf4bf,2026-06-09 15:37:14.194516,AVAILABLE
bd344287-f4a2-4e80-ab0f-11e38891fa51,85ae4cf3-51bf-45d7-8011-bb994eb602a6,aa1dc229-7fd9-4825-a368-5b9a449669bf,58bf12e5-ee8a-4194-a34c-aa820079144d,B737988,680,52,362.49,2025-10-25,2027-03-18,8a3cc937-5d2e-4b04-b961-e6372fb37757,2026-05-10 15:37:14.194552,AVAILABLE
8e48f8e5-ffed-4dc5-8c36-67c3e3656c40,85ae4cf3-51bf-45d7-8011-bb994eb602a6,aa1dc229-7fd9-4825-a368-5b9a449669bf,ca8399a1-143e-4717-be95-7836c2f21dcb,B519835,860,120,1796.41,2027-09-11,2028-03-11,e692d4b3-4456-49eb-87f5-ee22fc6e4200,2026-04-23 15:37:14.194590,AVAILABLE
8a7e472f-d180-4316-8018-b03bc42a7fe6,85ae4cf3-51bf-45d7-8011-bb994eb602a6,aa1dc229-7fd9-4825-a368-5b9a449669bf,ca8399a1-143e-4717-be95-7836c2f21dcb,B679410,281,10,92.38,2025-11-30,2027-10-30,e692d4b3-4456-49eb-87f5-ee22fc6e4200,2026-09-26 15:37:14.194676,AVAILABLE
76dfa493-0caf-47b1-881e-d46b3a0f2eaf,85ae4cf3-51bf-45d7-8011-bb994eb602a6,aa1dc229-7fd9-4825-a368-5b9a449669bf,85b186aa-f3a1-45ba-8d0c-349f8a13c3d4,B316709,338,33,1254.41,2025-02-23,2026-10-19,8a3cc937-5d2e-4b04-b961-e6372fb37757,2026-08-17 15:37:14.194719,AVAILABLE
b3106396-b14d-40a6-83a8-78fdf38377df,85ae4cf3-51bf-45d7-8011-bb994eb602a6,aa1dc229-7fd9-4825-a368-5b9a449669bf,85b186aa-f3a1-45ba-8d0c-349f8a13c3d4,B700507,480,17,169.01,2027-04-22,2028-01-25,301e3cd3-c948-49e9-add4-e8080a9fab7f,2026-09-15 15:37:14.194757,AVAILABLE
e9043f7f-39d8-4421-939e-8395854b84ac,85ae4cf3-51bf-45d7-8011-bb994eb602a6,aa1dc229-7fd9-4825-a368-5b9a449669bf,85b186aa-f3a1-45ba-8d0c-349f8a13c3d4,B891613,226,14,486.36,2026-10-23,2028-02-28,43b13eff-affb-4e79-a137-2d676513f12b,2026-05-06 15:37:14.194831,AVAILABLE
0ef7ae1e-5004-459b-82c7-b0b24f573b8e,85ae4cf3-51bf-45d7-8011-bb994eb602a6,aa1dc229-7fd9-4825-a368-5b9a449669bf,7b6b643c-11d8-4a62-8cfe-a28f5fe4f2d6,B930797,895,85,36.29,2026-02-21,2027-07-11,41e5f347-011f-49c8-a809-9ebc6ef93e37,2026-08-20 15:37:14.194881,AVAILABLE
0af7b7c8-7836-4a97-a9ba-c1342286bba7,85ae4cf3-51bf-45d7-8011-bb994eb602a6,aa1dc229-7fd9-4825-a368-5b9a449669bf,7b6b643c-11d8-4a62-8cfe-a28f5fe4f2d6,B671743,935,75,819.64,2026-10-06,2028-01-11,e692d4b3-4456-49eb-87f5-ee22fc6e4200,2026-05-13 15:37:14.194920,AVAILABLE
d1c09048-1017-4e01-ac60-2595c818ef30,85ae4cf3-51bf-45d7-8011-bb994eb602a6,aa1dc229-7fd9-4825-a368-5b9a449669bf,7b6b643c-11d8-4a62-8cfe-a28f5fe4f2d6,B561826,360,9,112.25,2026-02-20,2027-11-23,1400ecad-7beb-4557-b782-a9b67dbfa3ea,2026-08-10 15:37:14.194956,AVAILABLE
0e559a22-0651-4969-a186-3ef281b58d60,85ae4cf3-51bf-45d7-8011-bb994eb602a6,aa1dc229-7fd9-4825-a368-5b9a449669bf,3a19d3ca-1898-4db4-b347-55af1376c897,B747332,380,13,580.72,2025-03-25,2027-01-15,8a3cc937-5d2e-4b04-b961-e6372fb37757,2026-08-29 15:37:14.194999,AVAILABLE
68bed37b-f1d0-417c-93d9-fbf997b1d398,85ae4cf3-51bf-45d7-8011-bb994eb602a6,aa1dc229-7fd9-4825-a368-5b9a449669bf,70745aec-f24f-4b18-807e-6adb80d01ba0,B655377,393,31,1713.73,2025-08-11,2027-07-22,41e5f347-011f-49c8-a809-9ebc6ef93e37,2026-10-05 15:37:14.195036,AVAILABLE
0f3413e4-bf32-4be4-8d38-9545d5b56907,85ae4cf3-51bf-45d7-8011-bb994eb602a6,aa1dc229-7fd9-4825-a368-5b9a449669bf,70745aec-f24f-4b18-807e-6adb80d01ba0,B824765,900,49,1046.97,2026-04-12,2027-12-31,b55d3c34-369b-4934-9015-9e38109b79f2,2026-05-28 15:37:14.195072,AVAILABLE
cf4f688e-910e-45ac-b335-49bdf13fa050,85ae4cf3-51bf-45d7-8011-bb994eb602a6,aa1dc229-7fd9-4825-a368-5b9a449669bf,43110ae2-2c0b-4654-936a-72afad56219d,B877372,188,1,1099.22,2027-03-07,2027-12-29,e6d69402-090c-458e-ab40-7589f32bf4bf,2026-06-06 15:37:14.195109,AVAILABLE
21b78679-f172-4b47-b398-2d3d1b105295,85ae4cf3-51bf-45d7-8011-bb994eb602a6,aa1dc229-7fd9-4825-a368-5b9a449669bf,43110ae2-2c0b-4654-936a-72afad56219d,B655912,23,1,1427.95,2026-02-03,2027-05-04,1400ecad-7beb-4557-b782-a9b67dbfa3ea,2026-10-01 15:37:14.195146,AVAILABLE
512fd279-fdb8-47c1-9cad-f44427c9d193,85ae4cf3-51bf-45d7-8011-bb994eb602a6,aa1dc229-7fd9-4825-a368-5b9a449669bf,43110ae2-2c0b-4654-936a-72afad56219d,B738359,67,5,1497.31,2025-08-05,2027-01-01,e692d4b3-4456-49eb-87f5-ee22fc6e4200,2026-06-23 15:37:14.195182,AVAILABLE
7ef1c51e-b26f-475b-a0b5-091a0231e46d,85ae4cf3-51bf-45d7-8011-bb994eb602a6,aa1dc229-7fd9-4825-a368-5b9a449669bf,8e67a041-f702-4f16-b57b-c66dff30e18b,B382945,766,45,1759.99,2026-06-25,2028-03-02,1400ecad-7beb-4557-b782-a9b67dbfa3ea,2026-09-01 15:37:14.195219,AVAILABLE
f729c9ef-08e8-42c7-a8d2-d57ebdf82901,85ae4cf3-51bf-45d7-8011-bb994eb602a6,aa1dc229-7fd9-4825-a368-5b9a449669bf,8e67a041-f702-4f16-b57b-c66dff30e18b,B110411,140,10,282.9,2026-12-11,2027-12-08,e6d69402-090c-458e-ab40-7589f32bf4bf,2026-07-02 15:37:14.195254,AVAILABLE
4ae4ba6a-437c-4c73-a578-c77282b35fb2,85ae4cf3-51bf-45d7-8011-bb994eb602a6,aa1dc229-7fd9-4825-a368-5b9a449669bf,3e8ecc15-190b-4bcd-a7fd-92ec541c75f4,B719465,52,2,466.39,2027-06-26,2028-03-20,389d9f94-94f3-497d-9ad3-80b154c36b08,2026-07-31 15:37:14.195291,AVAILABLE
374b98d3-c928-4161-8774-09e3a3009d71,85ae4cf3-51bf-45d7-8011-bb994eb602a6,aa1dc229-7fd9-4825-a368-5b9a449669bf,3e8ecc15-190b-4bcd-a7fd-92ec541c75f4,B559576,952,60,827.11,2027-04-29,2027-12-19,85ba89f5-0cbe-423d-9b09-8edf117efeb7,2026-08-18 15:37:14.195326,AVAILABLE
321e4af3-bc9e-4557-be01-93d53d523673,85ae4cf3-51bf-45d7-8011-bb994eb602a6,aa1dc229-7fd9-4825-a368-5b9a449669bf,3e8ecc15-190b-4bcd-a7fd-92ec541c75f4,B512770,292,27,1464.59,2026-09-07,2028-03-25,301e3cd3-c948-49e9-add4-e8080a9fab7f,2026-07-27 15:37:14.195363,AVAILABLE
465cfdc4-5a29-420f-a18f-073caf74b738,85ae4cf3-51bf-45d7-8011-bb994eb602a6,aa1dc229-7fd9-4825-a368-5b9a449669bf,9c06c388-c751-407e-9c97-3b46b1db5e7c,B904228,338,43,1656.68,2026-11-11,2027-08-25,85ba89f5-0cbe-423d-9b09-8edf117efeb7,2026-08-06 15:37:14.195400,AVAILABLE
02de10f2-7b7c-455d-bb34-a564cbc31912,85ae4cf3-51bf-45d7-8011-bb994eb602a6,aa1dc229-7fd9-4825-a368-5b9a449669bf,67f10774-4e14-4f09-90b6-00a732111449,B597617,820,82,1770.02,2026-03-05,2027-11-04,e6d69402-090c-458e-ab40-7589f32bf4bf,2026-07-20 15:37:14.195437,AVAILABLE
004b7838-06b7-4449-b08f-f81d41695bca,85ae4cf3-51bf-45d7-8011-bb994eb602a6,aa1dc229-7fd9-4825-a368-5b9a449669bf,67f10774-4e14-4f09-90b6-00a732111449,B987702,746,81,1354.62,2026-03-12,2027-09-20,389d9f94-94f3-497d-9ad3-80b154c36b08,2026-09-03 15:37:14.195475,AVAILABLE
98a7bf6a-dfbd-4f58-92c8-37202ab27e50,85ae4cf3-51bf-45d7-8011-bb994eb602a6,aa1dc229-7fd9-4825-a368-5b9a449669bf,67f10774-4e14-4f09-90b6-00a732111449,B817823,362,40,1291.52,2027-03-01,2028-03-26,301e3cd3-c948-49e9-add4-e8080a9fab7f,2026-05-11 15:37:14.195515,AVAILABLE
0bb511b6-f385-467f-b766-3981d0bb3454,85ae4cf3-51bf-45d7-8011-bb994eb602a6,aa1dc229-7fd9-4825-a368-5b9a449669bf,573f39b9-7855-4b4d-8a9e-14a5e9d8b2cd,B636429,299,6,1146.74,2026-03-13,2027-12-04,389d9f94-94f3-497d-9ad3-80b154c36b08,2026-07-31 15:37:14.195552,AVAILABLE
c4d1b8d2-1763-4f13-b5bd-2773e9de2ca8,85ae4cf3-51bf-45d7-8011-bb994eb602a6,aa1dc229-7fd9-4825-a368-5b9a449669bf,573f39b9-7855-4b4d-8a9e-14a5e9d8b2cd,B906062,191,28,651.69,2026-02-02,2027-09-14,8a3cc937-5d2e-4b04-b961-e6372fb37757,2026-08-31 15:37:14.195588,AVAILABLE
11638c3a-53e2-400b-b9bc-aa3fc1143d23,85ae4cf3-51bf-45d7-8011-bb994eb602a6,aa1dc229-7fd9-4825-a368-5b9a449669bf,220f964e-a351-4ad0-827e-502f5ded939c,B434060,465,17,339.47,2026-11-10,2027-09-15,b55d3c34-369b-4934-9015-9e38109b79f2,2026-06-16 15:37:14.195657,AVAILABLE
2880929e-11fa-43cb-b19c-527909250849,85ae4cf3-51bf-45d7-8011-bb994eb602a6,aa1dc229-7fd9-4825-a368-5b9a449669bf,220f964e-a351-4ad0-827e-502f5ded939c,B821010,159,12,793.32,2026-03-04,2027-04-20,8a3cc937-5d2e-4b04-b961-e6372fb37757,2026-05-07 15:37:14.195695,AVAILABLE
65f08025-11d9-4fbf-acb5-728a99925caa,85ae4cf3-51bf-45d7-8011-bb994eb602a6,aa1dc229-7fd9-4825-a368-5b9a449669bf,27bdd8c0-778d-42ea-ae25-964ce81e391d,B174548,354,52,1522.21,2025-10-15,2027-05-26,43b13eff-affb-4e79-a137-2d676513f12b,2026-06-28 15:37:14.195733,AVAILABLE
a5b9010e-0685-4790-833e-c442f3fc6f6d,85ae4cf3-51bf-45d7-8011-bb994eb602a6,aa1dc229-7fd9-4825-a368-5b9a449669bf,27bdd8c0-778d-42ea-ae25-964ce81e391d,B215371,116,13,380.29,2027-04-26,2027-11-16,e692d4b3-4456-49eb-87f5-ee22fc6e4200,2026-07-28 15:37:14.195772,AVAILABLE
aba4fe43-0723-4f43-88be-30999fc3b9c5,85ae4cf3-51bf-45d7-8011-bb994eb602a6,aa1dc229-7fd9-4825-a368-5b9a449669bf,27bdd8c0-778d-42ea-ae25-964ce81e391d,B778405,42,1,461.75,2025-11-25,2026-12-30,1400ecad-7beb-4557-b782-a9b67dbfa3ea,2026-04-21 15:37:14.195810,AVAILABLE
503840cf-90d9-47f6-980c-e874cd5ca4bc,85ae4cf3-51bf-45d7-8011-bb994eb602a6,aa1dc229-7fd9-4825-a368-5b9a449669bf,1d534fd0-ecdb-47f7-8df1-911899944ac3,B885607,309,15,1396.26,2026-11-03,2028-02-05,8a3cc937-5d2e-4b04-b961-e6372fb37757,2026-08-28 15:37:14.195848,AVAILABLE
d97931bb-95fe-44dc-818a-87b664ceedc7,85ae4cf3-51bf-45d7-8011-bb994eb602a6,aa1dc229-7fd9-4825-a368-5b9a449669bf,1d534fd0-ecdb-47f7-8df1-911899944ac3,B143880,942,14,438.63,2026-09-29,2027-09-17,1400ecad-7beb-4557-b782-a9b67dbfa3ea,2026-09-24 15:37:14.195884,AVAILABLE
414afa37-d2f4-4647-96d8-2b61a9cae76e,85ae4cf3-51bf-45d7-8011-bb994eb602a6,aa1dc229-7fd9-4825-a368-5b9a449669bf,1d534fd0-ecdb-47f7-8df1-911899944ac3,B812238,479,63,934.69,2027-05-10,2028-03-20,85ba89f5-0cbe-423d-9b09-8edf117efeb7,2026-08-27 15:37:14.195939,AVAILABLE
a70de64d-4ea6-4cc9-b5c2-81b7e7604fa3,85ae4cf3-51bf-45d7-8011-bb994eb602a6,aa1dc229-7fd9-4825-a368-5b9a449669bf,8cb385ca-cfdc-404f-8298-512a7c8578b3,B276394,65,1,546.78,2026-06-28,2027-05-31,1400ecad-7beb-4557-b782-a9b67dbfa3ea,2026-07-09 15:37:14.195997,AVAILABLE
97c0572b-f708-41cb-a843-b97a991c6fe6,85ae4cf3-51bf-45d7-8011-bb994eb602a6,aa1dc229-7fd9-4825-a368-5b9a449669bf,8cb385ca-cfdc-404f-8298-512a7c8578b3,B944241,637,63,1658.62,2025-07-06,2027-01-05,85ba89f5-0cbe-423d-9b09-8edf117efeb7,2026-07-10 15:37:14.196048,AVAILABLE
5655e492-c327-4e11-b059-0d5ab55a7733,85ae4cf3-51bf-45d7-8011-bb994eb602a6,aa1dc229-7fd9-4825-a368-5b9a449669bf,2aceb2a6-c859-4f95-a238-9ad796b698fa,B251571,375,45,114.89,2027-01-14,2027-09-28,41e5f347-011f-49c8-a809-9ebc6ef93e37,2026-07-27 15:37:14.196089,AVAILABLE
2a7b0317-0591-4b0d-99ce-eebb7d9c87d6,85ae4cf3-51bf-45d7-8011-bb994eb602a6,aa1dc229-7fd9-4825-a368-5b9a449669bf,2aceb2a6-c859-4f95-a238-9ad796b698fa,B439259,822,63,641.71,2025-11-30,2027-04-27,389d9f94-94f3-497d-9ad3-80b154c36b08,2026-09-24 15:37:14.196125,AVAILABLE
83e16b86-1974-406b-b350-ccaf9a610dd3,85ae4cf3-51bf-45d7-8011-bb994eb602a6,aa1dc229-7fd9-4825-a368-5b9a449669bf,2aceb2a6-c859-4f95-a238-9ad796b698fa,B535711,991,37,430.76,2026-05-25,2027-02-23,b55d3c34-369b-4934-9015-9e38109b79f2,2026-04-28 15:37:14.196164,AVAILABLE
c7543f33-6f39-4bac-8470-643a50e8862c,85ae4cf3-51bf-45d7-8011-bb994eb602a6,aa1dc229-7fd9-4825-a368-5b9a449669bf,957c588f-5e69-469f-b353-4b24fef25a65,B511596,96,13,102.59,2026-04-14,2027-11-20,389d9f94-94f3-497d-9ad3-80b154c36b08,2026-06-28 15:37:14.196204,AVAILABLE
e36293f5-f86a-4289-b01c-12e5e2f64b62,85ae4cf3-51bf-45d7-8011-bb994eb602a6,aa1dc229-7fd9-4825-a368-5b9a449669bf,0eecbfea-7628-487c-b590-fece2c687e7a,B506332,403,60,1646.59,2026-11-30,2027-06-27,e6d69402-090c-458e-ab40-7589f32bf4bf,2026-06-25 15:37:14.196241,AVAILABLE
e1c506de-5e20-42ce-8e79-dadee0bbe423,85ae4cf3-51bf-45d7-8011-bb994eb602a6,aa1dc229-7fd9-4825-a368-5b9a449669bf,e5b7da92-602a-4a8f-9b36-3acfc3414ba7,B349099,984,66,586.42,2025-05-23,2027-01-21,301e3cd3-c948-49e9-add4-e8080a9fab7f,2026-06-10 15:37:14.196277,AVAILABLE
4cf2c40e-f868-4968-999b-14e955dfc43d,85ae4cf3-51bf-45d7-8011-bb994eb602a6,aa1dc229-7fd9-4825-a368-5b9a449669bf,e5b7da92-602a-4a8f-9b36-3acfc3414ba7,B652084,543,73,862.52,2026-05-27,2027-09-22,b55d3c34-369b-4934-9015-9e38109b79f2,2026-04-16 15:37:14.196311,AVAILABLE
70b1e77b-572c-44f5-83e6-0329f42c19ee,85ae4cf3-51bf-45d7-8011-bb994eb602a6,aa1dc229-7fd9-4825-a368-5b9a449669bf,e5b7da92-602a-4a8f-9b36-3acfc3414ba7,B275225,600,56,1387.9,2026-10-23,2027-07-03,1400ecad-7beb-4557-b782-a9b67dbfa3ea,2026-08-08 15:37:14.196346,AVAILABLE
d9b81778-6994-4f9a-aa48-d7caea0bb5fd,85ae4cf3-51bf-45d7-8011-bb994eb602a6,aa1dc229-7fd9-4825-a368-5b9a449669bf,b3163dc0-3ac7-41cc-b4fc-244bcbe446ad,B524761,870,69,1302.56,2026-09-23,2027-12-19,41e5f347-011f-49c8-a809-9ebc6ef93e37,2026-06-26 15:37:14.196382,AVAILABLE
f2a9683e-f040-464c-b489-2372151b7c90,85ae4cf3-51bf-45d7-8011-bb994eb602a6,aa1dc229-7fd9-4825-a368-5b9a449669bf,b1b122eb-1ba2-4148-b9ac-5d21b2adf647,B823564,694,96,103.47,2025-05-28,2026-10-31,1400ecad-7beb-4557-b782-a9b67dbfa3ea,2026-09-22 15:37:14.196417,AVAILABLE
61666aff-f4b0-419a-b371-e56a7bb4346a,85ae4cf3-51bf-45d7-8011-bb994eb602a6,aa1dc229-7fd9-4825-a368-5b9a449669bf,b1b122eb-1ba2-4148-b9ac-5d21b2adf647,B644025,445,25,974.33,2026-06-11,2027-10-17,8a3cc937-5d2e-4b04-b961-e6372fb37757,2026-07-31 15:37:14.196453,AVAILABLE
2c8515dc-8869-45bb-b720-e93d20e9e777,85ae4cf3-51bf-45d7-8011-bb994eb602a6,aa1dc229-7fd9-4825-a368-5b9a449669bf,97a16fda-9cba-4dc2-8770-0b5104c507d2,B290426,157,10,1661.81,2027-01-01,2027-08-17,8a3cc937-5d2e-4b04-b961-e6372fb37757,2026-06-30 15:37:14.196490,AVAILABLE
7f94c999-f407-4635-ae6b-fee7b8ee1092,85ae4cf3-51bf-45d7-8011-bb994eb602a6,aa1dc229-7fd9-4825-a368-5b9a449669bf,97a16fda-9cba-4dc2-8770-0b5104c507d2,B789650,371,21,920.39,2025-03-14,2027-01-13,301e3cd3-c948-49e9-add4-e8080a9fab7f,2026-09-17 15:37:14.196525,AVAILABLE
37be7d54-6084-480d-b35b-37fc454003b5,85ae4cf3-51bf-45d7-8011-bb994eb602a6,aa1dc229-7fd9-4825-a368-5b9a449669bf,c037d58f-eb63-482e-81f7-b1f739423cdf,B730271,239,28,590.74,2027-01-20,2027-11-06,e692d4b3-4456-49eb-87f5-ee22fc6e4200,2026-06-29 15:37:14.196561,AVAILABLE
1c1f801c-6029-48bd-84df-c2149720c7e9,85ae4cf3-51bf-45d7-8011-bb994eb602a6,aa1dc229-7fd9-4825-a368-5b9a449669bf,522740d6-f3db-4ac1-a547-6b62598fe57f,B138957,965,93,1271.82,2027-02-14,2027-09-28,8a3cc937-5d2e-4b04-b961-e6372fb37757,2026-09-09 15:37:14.196710,AVAILABLE
c6b972b3-a948-4a31-8e8c-025c3d51ec2a,85ae4cf3-51bf-45d7-8011-bb994eb602a6,aa1dc229-7fd9-4825-a368-5b9a449669bf,f1b95f47-94a2-4979-a411-02444c727d3e,B138813,836,69,1790.93,2025-11-29,2027-04-13,e692d4b3-4456-49eb-87f5-ee22fc6e4200,2026-08-20 15:37:14.196795,AVAILABLE
f09a7a84-7614-41ab-822d-ac89cf14e30c,85ae4cf3-51bf-45d7-8011-bb994eb602a6,aa1dc229-7fd9-4825-a368-5b9a449669bf,f1b95f47-94a2-4979-a411-02444c727d3e,B213602,199,11,1624.32,2027-05-05,2028-03-25,389d9f94-94f3-497d-9ad3-80b154c36b08,2026-08-31 15:37:14.196843,AVAILABLE
a1d01180-22a1-4a5a-aeb8-51ede3713ccd,85ae4cf3-51bf-45d7-8011-bb994eb602a6,aa1dc229-7fd9-4825-a368-5b9a449669bf,063be93d-6835-4b65-a8a1-c36e83278d83,B872613,685,78,1134.23,2024-12-06,2026-09-25,8a3cc937-5d2e-4b04-b961-e6372fb37757,2026-09-10 15:37:14.196885,EXPIRED
a650bb04-c85f-4114-b9ce-7dcbc16e5a5a,85ae4cf3-51bf-45d7-8011-bb994eb602a6,aa1dc229-7fd9-4825-a368-5b9a449669bf,6b615b69-ae0e-4f1b-a6dc-2d69233addaa,B653159,714,53,434.56,2025-06-13,2026-11-02,85ba89f5-0cbe-423d-9b09-8edf117efeb7,2026-08-22 15:37:14.196926,AVAILABLE
267c5bdc-31c1-4a7a-a185-02a7190ef2d4,85ae4cf3-51bf-45d7-8011-bb994eb602a6,aa1dc229-7fd9-4825-a368-5b9a449669bf,3e9b0bad-6728-4523-be87-a00adf0fff30,B284866,505,29,215.39,2026-03-12,2027-04-06,1400ecad-7beb-4557-b782-a9b67dbfa3ea,2026-05-06 15:37:14.196965,AVAILABLE
1e3040c2-93e3-48e8-85f3-e51ad246ec42,85ae4cf3-51bf-45d7-8011-bb994eb602a6,aa1dc229-7fd9-4825-a368-5b9a449669bf,3e9b0bad-6728-4523-be87-a00adf0fff30,B765815,616,39,754.75,2026-09-21,2027-06-06,e692d4b3-4456-49eb-87f5-ee22fc6e4200,2026-06-22 15:37:14.197106,AVAILABLE
35882df2-306b-4ba9-bbe3-7f01b7b92007,85ae4cf3-51bf-45d7-8011-bb994eb602a6,aa1dc229-7fd9-4825-a368-5b9a449669bf,2f7de1c2-cb62-4261-83f5-d8323f438333,B680699,983,102,193.21,2026-09-27,2027-08-26,b55d3c34-369b-4934-9015-9e38109b79f2,2026-10-07 15:37:14.197266,AVAILABLE
e7bef23a-c12e-47d6-8968-918766f3b109,85ae4cf3-51bf-45d7-8011-bb994eb602a6,aa1dc229-7fd9-4825-a368-5b9a449669bf,c51619a8-ba83-483f-9b52-064f926d96a2,B279836,465,51,307.47,2026-10-20,2027-12-05,41e5f347-011f-49c8-a809-9ebc6ef93e37,2026-06-16 15:37:14.197325,AVAILABLE
a978652d-a13a-4acf-b51e-9bd166335998,85ae4cf3-51bf-45d7-8011-bb994eb602a6,aa1dc229-7fd9-4825-a368-5b9a449669bf,1b0a2521-7dda-4bed-8313-954689f28c33,B443724,129,13,136.21,2025-10-31,2027-03-12,b55d3c34-369b-4934-9015-9e38109b79f2,2026-06-19 15:37:14.197368,AVAILABLE
854254cb-80be-4c75-b9f9-fb48178f172a,85ae4cf3-51bf-45d7-8011-bb994eb602a6,aa1dc229-7fd9-4825-a368-5b9a449669bf,1b0a2521-7dda-4bed-8313-954689f28c33,B744173,546,16,1705.76,2026-03-05,2027-04-28,41e5f347-011f-49c8-a809-9ebc6ef93e37,2026-09-04 15:37:14.197547,AVAILABLE
0127918d-c6e3-41ec-9131-37f522df18a2,85ae4cf3-51bf-45d7-8011-bb994eb602a6,aa1dc229-7fd9-4825-a368-5b9a449669bf,1b0a2521-7dda-4bed-8313-954689f28c33,B369740,988,98,157.0,2026-07-14,2027-12-21,389d9f94-94f3-497d-9ad3-80b154c36b08,2026-10-02 15:37:14.197642,AVAILABLE
9e1ec266-6ce4-474f-a3d6-d66edeb44edd,85ae4cf3-51bf-45d7-8011-bb994eb602a6,aa1dc229-7fd9-4825-a368-5b9a449669bf,ec00005f-8d61-4b61-825c-d8c696ae49aa,B537713,192,23,1567.45,2025-11-13,2026-11-04,1400ecad-7beb-4557-b782-a9b67dbfa3ea,2026-07-06 15:37:14.197700,AVAILABLE
9c127be0-b105-4c8f-88b7-c382b6f547e0,85ae4cf3-51bf-45d7-8011-bb994eb602a6,aa1dc229-7fd9-4825-a368-5b9a449669bf,ec00005f-8d61-4b61-825c-d8c696ae49aa,B475387,490,60,1378.61,2026-03-25,2027-10-31,e692d4b3-4456-49eb-87f5-ee22fc6e4200,2026-07-31 15:37:14.197742,AVAILABLE
301ddd41-5d24-4ece-a5e9-d745dfb92aa1,85ae4cf3-51bf-45d7-8011-bb994eb602a6,aa1dc229-7fd9-4825-a368-5b9a449669bf,2c10bfc8-d106-4422-b38f-e414215c8def,B871623,926,21,703.54,2026-05-09,2027-09-14,301e3cd3-c948-49e9-add4-e8080a9fab7f,2026-09-19 15:37:14.197783,AVAILABLE
690c4191-a0f4-4c1a-8405-f80d3d114604,85ae4cf3-51bf-45d7-8011-bb994eb602a6,aa1dc229-7fd9-4825-a368-5b9a449669bf,2c10bfc8-d106-4422-b38f-e414215c8def,B795053,722,21,979.06,2026-01-17,2027-05-07,301e3cd3-c948-49e9-add4-e8080a9fab7f,2026-07-19 15:37:14.197820,AVAILABLE
019b9999-19ad-4e4f-919d-19cccdbcf3f0,85ae4cf3-51bf-45d7-8011-bb994eb602a6,aa1dc229-7fd9-4825-a368-5b9a449669bf,33e37cdb-690b-4dd6-aa0b-3e189bf6bc51,B502515,823,87,194.22,2025-09-15,2026-12-22,85ba89f5-0cbe-423d-9b09-8edf117efeb7,2026-05-09 15:37:14.197858,AVAILABLE
d2693c67-3a83-4587-ae53-e1e350d7fa3e,85ae4cf3-51bf-45d7-8011-bb994eb602a6,aa1dc229-7fd9-4825-a368-5b9a449669bf,33e37cdb-690b-4dd6-aa0b-3e189bf6bc51,B568430,720,105,48.37,2026-02-13,2026-10-15,301e3cd3-c948-49e9-add4-e8080a9fab7f,2026-06-17 15:37:14.197895,AVAILABLE
132f4a9a-7d8e-4ac4-9399-577efdeedac0,85ae4cf3-51bf-45d7-8011-bb994eb602a6,aa1dc229-7fd9-4825-a368-5b9a449669bf,33e37cdb-690b-4dd6-aa0b-3e189bf6bc51,B816174,188,1,153.33,2026-07-31,2028-02-19,1400ecad-7beb-4557-b782-a9b67dbfa3ea,2026-07-16 15:37:14.197934,AVAILABLE
5f0b19c8-780f-4330-902a-f1fee4d7d008,85ae4cf3-51bf-45d7-8011-bb994eb602a6,aa1dc229-7fd9-4825-a368-5b9a449669bf,6f12778d-43ca-4220-8b3b-11201ac91209,B348864,635,58,937.33,2026-08-10,2028-03-27,389d9f94-94f3-497d-9ad3-80b154c36b08,2026-09-27 15:37:14.197974,AVAILABLE
17026600-479e-499e-8917-6174b1626e2e,85ae4cf3-51bf-45d7-8011-bb994eb602a6,aa1dc229-7fd9-4825-a368-5b9a449669bf,6f12778d-43ca-4220-8b3b-11201ac91209,B599449,269,38,603.99,2026-01-27,2027-03-02,e692d4b3-4456-49eb-87f5-ee22fc6e4200,2026-09-30 15:37:14.198012,AVAILABLE
ccd60a96-948e-4593-92e9-6e49a4fe9f44,85ae4cf3-51bf-45d7-8011-bb994eb602a6,aa1dc229-7fd9-4825-a368-5b9a449669bf,6f12778d-43ca-4220-8b3b-11201ac91209,B399248,783,44,552.98,2027-06-06,2028-01-29,389d9f94-94f3-497d-9ad3-80b154c36b08,2026-06-12 15:37:14.198048,AVAILABLE
5713629e-c6d2-481d-933d-d601c1d395e3,85ae4cf3-51bf-45d7-8011-bb994eb602a6,aa1dc229-7fd9-4825-a368-5b9a449669bf,ea61edd3-7fbd-4c08-b312-d866041879c2,B604354,638,37,30.37,2025-04-28,2026-09-26,e692d4b3-4456-49eb-87f5-ee22fc6e4200,2026-09-06 15:37:14.198087,EXPIRED
89f86c4d-17a0-404a-a9d2-164d5af3ed99,85ae4cf3-51bf-45d7-8011-bb994eb602a6,aa1dc229-7fd9-4825-a368-5b9a449669bf,ea61edd3-7fbd-4c08-b312-d866041879c2,B349275,164,16,252.34,2026-04-12,2026-12-10,e6d69402-090c-458e-ab40-7589f32bf4bf,2026-09-22 15:37:14.198123,AVAILABLE
12213b1c-2f42-4b78-a042-5577f69d07d8,85ae4cf3-51bf-45d7-8011-bb994eb602a6,aa1dc229-7fd9-4825-a368-5b9a449669bf,ea61edd3-7fbd-4c08-b312-d866041879c2,B468958,394,8,269.86,2026-12-27,2027-11-06,43b13eff-affb-4e79-a137-2d676513f12b,2026-08-23 15:37:14.198158,AVAILABLE
a1a72db1-247c-4192-908f-c08b755b406f,85ae4cf3-51bf-45d7-8011-bb994eb602a6,aa1dc229-7fd9-4825-a368-5b9a449669bf,a88fd15f-1bbb-4271-941e-899867a89583,B782285,640,81,1354.54,2026-07-17,2027-07-17,43b13eff-affb-4e79-a137-2d676513f12b,2026-07-11 15:37:14.198195,AVAILABLE
c0018d58-eb3f-4a9c-a651-bda58280ba13,85ae4cf3-51bf-45d7-8011-bb994eb602a6,aa1dc229-7fd9-4825-a368-5b9a449669bf,a88fd15f-1bbb-4271-941e-899867a89583,B567762,285,27,745.62,2027-08-07,2028-02-08,b55d3c34-369b-4934-9015-9e38109b79f2,2026-07-13 15:37:14.198338,AVAILABLE
1623ce9e-5a74-4afc-8540-3de155c94455,85ae4cf3-51bf-45d7-8011-bb994eb602a6,aa1dc229-7fd9-4825-a368-5b9a449669bf,8e15b3a9-915f-4bf0-84c7-182f335e062c,B743160,165,1,1217.04,2025-08-23,2027-04-25,41e5f347-011f-49c8-a809-9ebc6ef93e37,2026-05-06 15:37:14.198484,AVAILABLE
874e0f4d-c6eb-45fd-b334-6015a30d6792,85ae4cf3-51bf-45d7-8011-bb994eb602a6,aa1dc229-7fd9-4825-a368-5b9a449669bf,dee6b134-5f4e-4d83-8133-35e34f0b48e8,B163180,179,11,623.06,2026-07-12,2027-06-26,41e5f347-011f-49c8-a809-9ebc6ef93e37,2026-05-14 15:37:14.198548,AVAILABLE
f95d9faf-110b-44ff-b8cb-a526ef57adb1,85ae4cf3-51bf-45d7-8011-bb994eb602a6,aa1dc229-7fd9-4825-a368-5b9a449669bf,dee6b134-5f4e-4d83-8133-35e34f0b48e8,B749223,401,31,1279.27,2027-03-13,2027-10-11,8a3cc937-5d2e-4b04-b961-e6372fb37757,2026-06-21 15:37:14.198589,AVAILABLE
5864018f-fccd-41dc-83b6-1becd82ea9cd,85ae4cf3-51bf-45d7-8011-bb994eb602a6,aa1dc229-7fd9-4825-a368-5b9a449669bf,b699a59a-a0ec-49d9-b327-482e55347adf,B528519,238,18,1577.43,2026-12-25,2027-06-30,43b13eff-affb-4e79-a137-2d676513f12b,2026-06-20 15:37:14.198675,AVAILABLE
fbc65ba3-dceb-4ac6-bc64-52b4f53d613e,85ae4cf3-51bf-45d7-8011-bb994eb602a6,aa1dc229-7fd9-4825-a368-5b9a449669bf,d6c64038-55ae-44a3-863b-be781e1a4649,B933368,706,18,141.69,2026-07-14,2027-06-27,41e5f347-011f-49c8-a809-9ebc6ef93e37,2026-05-17 15:37:14.198720,AVAILABLE
b2673151-b0fa-43a5-a384-42318c0ed485,85ae4cf3-51bf-45d7-8011-bb994eb602a6,aa1dc229-7fd9-4825-a368-5b9a449669bf,2b376704-d06b-441d-a2bf-f0973873411c,B730022,689,100,1379.5,2026-05-29,2027-04-06,e692d4b3-4456-49eb-87f5-ee22fc6e4200,2026-06-09 15:37:14.198760,AVAILABLE
6386fe3a-c134-4e82-9cd5-97acffaae6df,85ae4cf3-51bf-45d7-8011-bb994eb602a6,aa1dc229-7fd9-4825-a368-5b9a449669bf,2b376704-d06b-441d-a2bf-f0973873411c,B186366,238,29,1549.59,2026-04-26,2027-07-27,b55d3c34-369b-4934-9015-9e38109b79f2,2026-06-29 15:37:14.199024,AVAILABLE
39466138-25c5-4b58-98c9-2b0ea9d68177,85ae4cf3-51bf-45d7-8011-bb994eb602a6,aa1dc229-7fd9-4825-a368-5b9a449669bf,2b376704-d06b-441d-a2bf-f0973873411c,B576455,532,42,756.48,2025-09-12,2027-03-22,e6d69402-090c-458e-ab40-7589f32bf4bf,2026-09-22 15:37:14.199275,AVAILABLE
5b40d0dc-bdc9-4aec-9126-1e995fb4d68d,85ae4cf3-51bf-45d7-8011-bb994eb602a6,aa1dc229-7fd9-4825-a368-5b9a449669bf,a041cc1e-bb11-4e03-9969-5026c46ed837,B784247,875,3,101.73,2025-10-22,2026-12-01,41e5f347-011f-49c8-a809-9ebc6ef93e37,2026-05-23 15:37:14.199370,AVAILABLE
91673b60-a853-4f49-8682-d56c50c7de86,85ae4cf3-51bf-45d7-8011-bb994eb602a6,aa1dc229-7fd9-4825-a368-5b9a449669bf,a041cc1e-bb11-4e03-9969-5026c46ed837,B103791,851,39,1375.87,2026-04-16,2027-10-18,e692d4b3-4456-49eb-87f5-ee22fc6e4200,2026-06-20 15:37:14.199447,AVAILABLE
a51b5a68-ad31-468b-9ae6-f40b5a8d8f40,85ae4cf3-51bf-45d7-8011-bb994eb602a6,aa1dc229-7fd9-4825-a368-5b9a449669bf,a041cc1e-bb11-4e03-9969-5026c46ed837,B512918,635,19,1300.73,2025-08-30,2027-06-10,1400ecad-7beb-4557-b782-a9b67dbfa3ea,2026-09-05 15:37:14.199516,AVAILABLE
64549e9c-dc51-489b-a114-ab41e8cc5e36,85ae4cf3-51bf-45d7-8011-bb994eb602a6,aa1dc229-7fd9-4825-a368-5b9a449669bf,fb695fdf-9397-485a-aa21-6d65c73c7b07,B392392,186,3,1565.85,2027-03-26,2027-10-17,e692d4b3-4456-49eb-87f5-ee22fc6e4200,2026-09-06 15:37:14.199694,AVAILABLE
a4264f8e-4fef-4bb0-b3a8-2e7efb9febaf,85ae4cf3-51bf-45d7-8011-bb994eb602a6,aa1dc229-7fd9-4825-a368-5b9a449669bf,fb695fdf-9397-485a-aa21-6d65c73c7b07,B239221,292,32,806.24,2027-06-07,2028-02-16,b55d3c34-369b-4934-9015-9e38109b79f2,2026-04-22 15:37:14.199773,AVAILABLE
f78b508a-e6bc-4bd9-850c-b50e726c66cc,85ae4cf3-51bf-45d7-8011-bb994eb602a6,d860427d-df1d-4b68-8917-11f1cb71ea4f,16d1b73f-8881-425f-82b2-7ab4974b08ef,B907561,236,23,1377.22,2026-02-22,2027-07-26,e692d4b3-4456-49eb-87f5-ee22fc6e4200,2026-04-12 15:37:14.200422,AVAILABLE
82defd02-6fe9-430f-98c6-9b3bb54d3529,85ae4cf3-51bf-45d7-8011-bb994eb602a6,d860427d-df1d-4b68-8917-11f1cb71ea4f,16d1b73f-8881-425f-82b2-7ab4974b08ef,B469867,59,1,284.75,2027-05-06,2028-02-19,43b13eff-affb-4e79-a137-2d676513f12b,2026-07-18 15:37:14.200502,AVAILABLE
656b7bfe-fb68-4ef2-93bf-4154c3af7dfc,85ae4cf3-51bf-45d7-8011-bb994eb602a6,d860427d-df1d-4b68-8917-11f1cb71ea4f,16d1b73f-8881-425f-82b2-7ab4974b08ef,B640194,880,88,682.69,2027-01-30,2028-03-27,41e5f347-011f-49c8-a809-9ebc6ef93e37,2026-08-11 15:37:14.200556,AVAILABLE
400c726b-1924-4f16-9f91-22875e883641,85ae4cf3-51bf-45d7-8011-bb994eb602a6,d860427d-df1d-4b68-8917-11f1cb71ea4f,987c980e-f5ed-4388-b102-971ff25870b1,B689992,934,49,1646.18,2026-03-27,2027-12-30,e692d4b3-4456-49eb-87f5-ee22fc6e4200,2026-08-12 15:37:14.200781,AVAILABLE
12994c9f-0e03-4dbe-b47e-cc87ab1d9030,85ae4cf3-51bf-45d7-8011-bb994eb602a6,d860427d-df1d-4b68-8917-11f1cb71ea4f,43110ae2-2c0b-4654-936a-72afad56219d,B598473,493,27,1520.06,2025-04-03,2026-09-29,8a3cc937-5d2e-4b04-b961-e6372fb37757,2026-07-04 15:37:14.200984,EXPIRED
3ec9e8db-4b8c-4e78-aba6-ab5c88b12519,85ae4cf3-51bf-45d7-8011-bb994eb602a6,d860427d-df1d-4b68-8917-11f1cb71ea4f,a041cc1e-bb11-4e03-9969-5026c46ed837,B872839,626,43,750.62,2026-12-03,2027-06-09,1400ecad-7beb-4557-b782-a9b67dbfa3ea,2026-05-25 15:37:14.201382,AVAILABLE
56b091a5-6445-4c3b-85f9-76c4bc212f77,85ae4cf3-51bf-45d7-8011-bb994eb602a6,d860427d-df1d-4b68-8917-11f1cb71ea4f,99f2ef21-d83e-4cde-a73a-10b587a903a3,B997169,409,36,265.76,2027-04-06,2028-01-08,e6d69402-090c-458e-ab40-7589f32bf4bf,2026-08-28 15:37:14.202015,AVAILABLE
623da5d8-8bdc-40a6-b400-efd9ef492155,85ae4cf3-51bf-45d7-8011-bb994eb602a6,d860427d-df1d-4b68-8917-11f1cb71ea4f,99f2ef21-d83e-4cde-a73a-10b587a903a3,B688820,569,54,1245.4,2026-12-16,2027-11-06,1400ecad-7beb-4557-b782-a9b67dbfa3ea,2026-08-15 15:37:14.202097,AVAILABLE
bcfa2434-408f-41b7-8ed3-306b7908e1a7,85ae4cf3-51bf-45d7-8011-bb994eb602a6,d860427d-df1d-4b68-8917-11f1cb71ea4f,b8b41174-e4bb-41e0-8dc8-fbdaf9d470ec,B540506,277,3,931.3,2025-04-23,2026-11-10,8a3cc937-5d2e-4b04-b961-e6372fb37757,2026-09-19 15:37:14.202150,AVAILABLE
c217ba40-3566-4d4b-b5e0-556b06f8f6aa,85ae4cf3-51bf-45d7-8011-bb994eb602a6,d860427d-df1d-4b68-8917-11f1cb71ea4f,3e8ecc15-190b-4bcd-a7fd-92ec541c75f4,B875813,459,7,1584.96,2026-02-22,2028-01-13,e6d69402-090c-458e-ab40-7589f32bf4bf,2026-05-17 15:37:14.202350,AVAILABLE
b12a51e8-2be1-4e1d-ad6e-302bcf8de409,85ae4cf3-51bf-45d7-8011-bb994eb602a6,d860427d-df1d-4b68-8917-11f1cb71ea4f,3e8ecc15-190b-4bcd-a7fd-92ec541c75f4,B951019,431,10,1659.88,2026-10-28,2027-07-17,41e5f347-011f-49c8-a809-9ebc6ef93e37,2026-08-27 15:37:14.202428,AVAILABLE
0fa01677-3b13-4d81-b546-2fa6a0bd3a32,85ae4cf3-51bf-45d7-8011-bb994eb602a6,d860427d-df1d-4b68-8917-11f1cb71ea4f,24bad869-7045-4954-b58f-10edc0407e69,B552965,837,57,1118.16,2026-12-28,2028-01-21,85ba89f5-0cbe-423d-9b09-8edf117efeb7,2026-06-13 15:37:14.202683,AVAILABLE
e58e43cd-7c8e-4770-970e-d573c6983ffd,85ae4cf3-51bf-45d7-8011-bb994eb602a6,d860427d-df1d-4b68-8917-11f1cb71ea4f,24bad869-7045-4954-b58f-10edc0407e69,B944635,482,17,1659.48,2026-06-09,2027-05-18,41e5f347-011f-49c8-a809-9ebc6ef93e37,2026-08-31 15:37:14.202875,AVAILABLE
ec12276a-dca8-4fe1-a8de-7322484e915b,85ae4cf3-51bf-45d7-8011-bb994eb602a6,d860427d-df1d-4b68-8917-11f1cb71ea4f,24bad869-7045-4954-b58f-10edc0407e69,B578240,320,8,1122.11,2025-06-02,2026-10-21,41e5f347-011f-49c8-a809-9ebc6ef93e37,2026-08-28 15:37:14.202943,AVAILABLE
ad83fea6-d9a0-45fa-9856-46751d2f6f65,85ae4cf3-51bf-45d7-8011-bb994eb602a6,d860427d-df1d-4b68-8917-11f1cb71ea4f,1941089d-b192-4af2-b696-484fa9286d80,B804854,926,75,428.82,2026-06-17,2027-04-08,85ba89f5-0cbe-423d-9b09-8edf117efeb7,2026-04-30 15:37:14.202992,AVAILABLE
08a52780-844f-441c-886b-36871f0a1d8b,85ae4cf3-51bf-45d7-8011-bb994eb602a6,d860427d-df1d-4b68-8917-11f1cb71ea4f,1941089d-b192-4af2-b696-484fa9286d80,B752717,207,0,334.05,2027-02-25,2027-11-15,85ba89f5-0cbe-423d-9b09-8edf117efeb7,2026-09-04 15:37:14.203078,AVAILABLE
4b2ebb4d-a5f4-4b02-afc4-5972ebc938ae,85ae4cf3-51bf-45d7-8011-bb994eb602a6,d860427d-df1d-4b68-8917-11f1cb71ea4f,1941089d-b192-4af2-b696-484fa9286d80,B599023,95,11,464.03,2025-03-25,2027-01-02,301e3cd3-c948-49e9-add4-e8080a9fab7f,2026-05-20 15:37:14.203122,AVAILABLE
341a3103-99d2-47aa-aa03-ad1d33a3eedf,85ae4cf3-51bf-45d7-8011-bb994eb602a6,d860427d-df1d-4b68-8917-11f1cb71ea4f,7b6b643c-11d8-4a62-8cfe-a28f5fe4f2d6,B797967,53,2,1019.86,2026-02-18,2027-05-15,b55d3c34-369b-4934-9015-9e38109b79f2,2026-08-03 15:37:14.203165,AVAILABLE
10325b61-68eb-4ed9-913f-bb2ae01f70fd,85ae4cf3-51bf-45d7-8011-bb994eb602a6,d860427d-df1d-4b68-8917-11f1cb71ea4f,061b886b-98ed-480e-9810-63995f2f47ed,B760948,593,66,646.47,2025-07-04,2027-02-09,b55d3c34-369b-4934-9015-9e38109b79f2,2026-07-07 15:37:14.203206,AVAILABLE
e3f91cbb-08e0-4f55-be19-e17aac4100bb,85ae4cf3-51bf-45d7-8011-bb994eb602a6,d860427d-df1d-4b68-8917-11f1cb71ea4f,70745aec-f24f-4b18-807e-6adb80d01ba0,B149047,201,2,682.19,2027-05-22,2027-11-20,85ba89f5-0cbe-423d-9b09-8edf117efeb7,2026-07-02 15:37:14.203247,AVAILABLE
5986f1f9-33cb-4ec9-af15-e4beda9c9ba9,85ae4cf3-51bf-45d7-8011-bb994eb602a6,d860427d-df1d-4b68-8917-11f1cb71ea4f,957c588f-5e69-469f-b353-4b24fef25a65,B747751,111,11,1426.98,2026-09-21,2028-02-02,b55d3c34-369b-4934-9015-9e38109b79f2,2026-06-13 15:37:14.203289,AVAILABLE
7b068c1f-b33d-4102-9ad7-d4baed8e0c5a,85ae4cf3-51bf-45d7-8011-bb994eb602a6,d860427d-df1d-4b68-8917-11f1cb71ea4f,957c588f-5e69-469f-b353-4b24fef25a65,B730030,408,44,953.6,2025-04-20,2027-03-05,41e5f347-011f-49c8-a809-9ebc6ef93e37,2026-08-31 15:37:14.203327,AVAILABLE
570bc277-7d08-4857-bea5-8e25272a8b66,85ae4cf3-51bf-45d7-8011-bb994eb602a6,d860427d-df1d-4b68-8917-11f1cb71ea4f,0df67422-0ffe-4855-b4b7-0f4e8676cbdb,B632547,623,63,1407.78,2026-02-22,2027-09-18,41e5f347-011f-49c8-a809-9ebc6ef93e37,2026-04-23 15:37:14.203366,AVAILABLE
15b81e64-3c38-4ebb-bb70-11ab26544643,85ae4cf3-51bf-45d7-8011-bb994eb602a6,d860427d-df1d-4b68-8917-11f1cb71ea4f,0df67422-0ffe-4855-b4b7-0f4e8676cbdb,B667166,61,8,1641.27,2026-05-17,2028-03-02,301e3cd3-c948-49e9-add4-e8080a9fab7f,2026-05-02 15:37:14.203405,AVAILABLE
f04b0bea-9560-4998-be43-9ab51324c02e,85ae4cf3-51bf-45d7-8011-bb994eb602a6,d860427d-df1d-4b68-8917-11f1cb71ea4f,0df67422-0ffe-4855-b4b7-0f4e8676cbdb,B260622,582,25,541.12,2025-10-08,2027-09-11,e692d4b3-4456-49eb-87f5-ee22fc6e4200,2026-09-17 15:37:14.203472,AVAILABLE
a547f48f-93bb-4d09-affa-58a4e4e4dac3,85ae4cf3-51bf-45d7-8011-bb994eb602a6,d860427d-df1d-4b68-8917-11f1cb71ea4f,cbb4966e-7bea-4df2-82bc-5fcfe9617ff8,B793649,251,24,1601.6,2027-09-06,2028-03-19,85ba89f5-0cbe-423d-9b09-8edf117efeb7,2026-04-12 15:37:14.203512,AVAILABLE
172775b5-1cb1-4764-ad70-1cd2daf6debc,85ae4cf3-51bf-45d7-8011-bb994eb602a6,d9ef5787-cbca-4fa2-b137-b071986f595f,2b376704-d06b-441d-a2bf-f0973873411c,B839483,490,49,1093.47,2026-03-05,2026-11-28,e6d69402-090c-458e-ab40-7589f32bf4bf,2026-05-15 15:37:14.203718,AVAILABLE
ec391e9e-f229-48ba-9e92-dc18e157550d,85ae4cf3-51bf-45d7-8011-bb994eb602a6,d9ef5787-cbca-4fa2-b137-b071986f595f,85b186aa-f3a1-45ba-8d0c-349f8a13c3d4,B350783,442,55,1246.27,2026-04-20,2027-05-30,8a3cc937-5d2e-4b04-b961-e6372fb37757,2026-06-02 15:37:14.203935,AVAILABLE
549c2bf5-5e94-4a17-b6bd-934a62501f7c,85ae4cf3-51bf-45d7-8011-bb994eb602a6,d9ef5787-cbca-4fa2-b137-b071986f595f,85b186aa-f3a1-45ba-8d0c-349f8a13c3d4,B888379,935,31,727.83,2026-07-31,2027-07-13,8a3cc937-5d2e-4b04-b961-e6372fb37757,2026-06-22 15:37:14.204487,AVAILABLE
6b699b4e-9763-481b-ac79-41df1f7ffcf3,85ae4cf3-51bf-45d7-8011-bb994eb602a6,d9ef5787-cbca-4fa2-b137-b071986f595f,85b186aa-f3a1-45ba-8d0c-349f8a13c3d4,B827297,109,5,232.9,2025-02-24,2026-12-05,301e3cd3-c948-49e9-add4-e8080a9fab7f,2026-06-16 15:37:14.204676,AVAILABLE
5b0d1330-2656-4fe8-8962-75f27b72958a,85ae4cf3-51bf-45d7-8011-bb994eb602a6,d9ef5787-cbca-4fa2-b137-b071986f595f,6b615b69-ae0e-4f1b-a6dc-2d69233addaa,B409432,783,13,451.04,2026-10-01,2027-09-01,8a3cc937-5d2e-4b04-b961-e6372fb37757,2026-08-30 15:37:14.204739,AVAILABLE
4961e814-ec1d-4d10-8b66-c46aa5df82ed,85ae4cf3-51bf-45d7-8011-bb994eb602a6,d9ef5787-cbca-4fa2-b137-b071986f595f,6b615b69-ae0e-4f1b-a6dc-2d69233addaa,B584064,738,23,65.82,2026-03-03,2026-12-24,e6d69402-090c-458e-ab40-7589f32bf4bf,2026-06-23 15:37:14.204785,AVAILABLE
454fc5ad-9007-4aaf-ac13-068e04bc0031,85ae4cf3-51bf-45d7-8011-bb994eb602a6,d9ef5787-cbca-4fa2-b137-b071986f595f,6b615b69-ae0e-4f1b-a6dc-2d69233addaa,B441751,695,59,1739.21,2025-11-01,2027-04-17,b55d3c34-369b-4934-9015-9e38109b79f2,2026-07-15 15:37:14.204926,AVAILABLE
68087daf-bff2-4934-ba97-1a33e72becd4,85ae4cf3-51bf-45d7-8011-bb994eb602a6,d9ef5787-cbca-4fa2-b137-b071986f595f,f00273a7-acae-43ae-a0b4-b85c0ed6d4d3,B681408,963,12,1459.68,2026-06-26,2028-01-13,e6d69402-090c-458e-ab40-7589f32bf4bf,2026-04-29 15:37:14.205028,AVAILABLE
609be7f0-be0f-41d8-9216-3ae5b72dc75f,85ae4cf3-51bf-45d7-8011-bb994eb602a6,d9ef5787-cbca-4fa2-b137-b071986f595f,f00273a7-acae-43ae-a0b4-b85c0ed6d4d3,B262204,849,55,1586.0,2025-12-24,2027-09-20,85ba89f5-0cbe-423d-9b09-8edf117efeb7,2026-07-11 15:37:14.205073,AVAILABLE
9f7df488-5194-44cc-8136-ad69a44da710,85ae4cf3-51bf-45d7-8011-bb994eb602a6,d9ef5787-cbca-4fa2-b137-b071986f595f,8cb385ca-cfdc-404f-8298-512a7c8578b3,B661988,272,33,1160.78,2027-01-01,2028-03-19,1400ecad-7beb-4557-b782-a9b67dbfa3ea,2026-04-26 15:37:14.205115,AVAILABLE
365af120-771d-40bc-86ba-f43b3b756b8e,85ae4cf3-51bf-45d7-8011-bb994eb602a6,d9ef5787-cbca-4fa2-b137-b071986f595f,cf8bc62c-4d72-4142-8ab6-03524280a750,B451733,391,13,398.77,2025-07-30,2027-06-02,8a3cc937-5d2e-4b04-b961-e6372fb37757,2026-07-25 15:37:14.205155,AVAILABLE
5e1977f5-5f92-49df-a4a9-c753a1cdb88f,85ae4cf3-51bf-45d7-8011-bb994eb602a6,d9ef5787-cbca-4fa2-b137-b071986f595f,1d534fd0-ecdb-47f7-8df1-911899944ac3,B465660,257,22,91.48,2025-02-26,2026-12-16,43b13eff-affb-4e79-a137-2d676513f12b,2026-06-03 15:37:14.205195,AVAILABLE
f4da4258-6c6b-46e7-9bde-e5803cdad46a,85ae4cf3-51bf-45d7-8011-bb994eb602a6,d9ef5787-cbca-4fa2-b137-b071986f595f,ea61edd3-7fbd-4c08-b312-d866041879c2,B869068,338,34,15.97,2025-08-21,2027-07-01,85ba89f5-0cbe-423d-9b09-8edf117efeb7,2026-07-13 15:37:14.205234,AVAILABLE
9907c70e-b5f4-4b0c-b978-9c48e5d44848,85ae4cf3-51bf-45d7-8011-bb994eb602a6,d9ef5787-cbca-4fa2-b137-b071986f595f,ea61edd3-7fbd-4c08-b312-d866041879c2,B732008,161,12,1347.43,2025-03-14,2027-02-13,e6d69402-090c-458e-ab40-7589f32bf4bf,2026-09-10 15:37:14.205273,AVAILABLE
0c4f246c-6b7a-49e3-afef-55b7219c7bde,85ae4cf3-51bf-45d7-8011-bb994eb602a6,d9ef5787-cbca-4fa2-b137-b071986f595f,ea61edd3-7fbd-4c08-b312-d866041879c2,B193294,506,15,726.2,2025-06-07,2027-03-23,e6d69402-090c-458e-ab40-7589f32bf4bf,2026-07-09 15:37:14.205309,AVAILABLE
618eca92-964f-4d91-bbe7-32143dc4ed8b,85ae4cf3-51bf-45d7-8011-bb994eb602a6,d9ef5787-cbca-4fa2-b137-b071986f595f,2c4e6d71-0152-4e82-9c16-bfc9c81ea55e,B353482,254,5,1287.05,2026-04-21,2027-10-12,e692d4b3-4456-49eb-87f5-ee22fc6e4200,2026-10-05 15:37:14.205349,AVAILABLE
39776b59-c547-49e8-91d5-a12cfffebb80,85ae4cf3-51bf-45d7-8011-bb994eb602a6,d9ef5787-cbca-4fa2-b137-b071986f595f,2c4e6d71-0152-4e82-9c16-bfc9c81ea55e,B746772,662,17,1009.56,2027-02-13,2027-11-08,85ba89f5-0cbe-423d-9b09-8edf117efeb7,2026-08-01 15:37:14.205449,AVAILABLE
54279a25-3901-40fb-b3bd-00b57c473368,85ae4cf3-51bf-45d7-8011-bb994eb602a6,d9ef5787-cbca-4fa2-b137-b071986f595f,2c4e6d71-0152-4e82-9c16-bfc9c81ea55e,B709400,481,68,528.86,2025-11-09,2026-10-21,1400ecad-7beb-4557-b782-a9b67dbfa3ea,2026-07-02 15:37:14.205530,AVAILABLE
50b4c3c0-d758-465c-ad66-54c59182753d,85ae4cf3-51bf-45d7-8011-bb994eb602a6,d9ef5787-cbca-4fa2-b137-b071986f595f,01d77a5e-a466-4d48-b24b-31edb500e5fa,B697762,305,14,997.97,2027-06-30,2028-01-10,301e3cd3-c948-49e9-add4-e8080a9fab7f,2026-07-10 15:37:14.205681,AVAILABLE
180ac1da-3e36-4368-a487-6e5db270a47a,85ae4cf3-51bf-45d7-8011-bb994eb602a6,d9ef5787-cbca-4fa2-b137-b071986f595f,9c021848-0377-486f-a048-370334cce953,B474837,442,56,365.71,2025-08-12,2027-03-24,e692d4b3-4456-49eb-87f5-ee22fc6e4200,2026-09-23 15:37:14.205733,AVAILABLE
f18e1216-be93-4889-8e6e-9b6d0442913b,85ae4cf3-51bf-45d7-8011-bb994eb602a6,d9ef5787-cbca-4fa2-b137-b071986f595f,9c021848-0377-486f-a048-370334cce953,B429759,402,22,1134.38,2026-06-19,2027-09-30,e6d69402-090c-458e-ab40-7589f32bf4bf,2026-07-09 15:37:14.205773,AVAILABLE
2eae5425-e592-4e87-a307-fbd64cb505d6,85ae4cf3-51bf-45d7-8011-bb994eb602a6,d9ef5787-cbca-4fa2-b137-b071986f595f,16d1b73f-8881-425f-82b2-7ab4974b08ef,B468451,931,11,549.07,2026-08-17,2028-02-24,43b13eff-affb-4e79-a137-2d676513f12b,2026-07-15 15:37:14.205812,AVAILABLE
c8aa5804-2c0b-466c-8880-33354a6e5ca3,85ae4cf3-51bf-45d7-8011-bb994eb602a6,d9ef5787-cbca-4fa2-b137-b071986f595f,16d1b73f-8881-425f-82b2-7ab4974b08ef,B342089,516,26,1345.09,2026-05-14,2027-02-12,41e5f347-011f-49c8-a809-9ebc6ef93e37,2026-06-12 15:37:14.205850,AVAILABLE
445c2a3b-eae7-4013-9da2-4a079a3ce4b1,85ae4cf3-51bf-45d7-8011-bb994eb602a6,d9ef5787-cbca-4fa2-b137-b071986f595f,24db962d-9a6b-4de6-982b-b719e504efb9,B142141,211,11,1782.12,2026-06-02,2027-07-14,41e5f347-011f-49c8-a809-9ebc6ef93e37,2026-07-16 15:37:14.205889,AVAILABLE
d00ebb93-d17b-4a79-a218-2b0dcb91ac68,85ae4cf3-51bf-45d7-8011-bb994eb602a6,d9ef5787-cbca-4fa2-b137-b071986f595f,24db962d-9a6b-4de6-982b-b719e504efb9,B743241,685,64,454.89,2024-12-13,2026-10-17,8a3cc937-5d2e-4b04-b961-e6372fb37757,2026-06-21 15:37:14.205925,AVAILABLE
e2f60a89-3fc4-4638-b912-33da319aa9e5,85ae4cf3-51bf-45d7-8011-bb994eb602a6,d9ef5787-cbca-4fa2-b137-b071986f595f,6cbb6f57-d6cb-41b0-aca5-9ea4e8c5be47,B480114,715,105,507.24,2026-09-29,2027-05-04,e692d4b3-4456-49eb-87f5-ee22fc6e4200,2026-04-14 15:37:14.206001,AVAILABLE
4d3aa144-38d0-4288-8a9f-6c1c5184775f,85ae4cf3-51bf-45d7-8011-bb994eb602a6,d9ef5787-cbca-4fa2-b137-b071986f595f,6cbb6f57-d6cb-41b0-aca5-9ea4e8c5be47,B260689,259,23,1353.82,2025-11-19,2026-12-20,43b13eff-affb-4e79-a137-2d676513f12b,2026-09-21 15:37:14.206038,AVAILABLE
941357f9-3c99-4f76-ab08-f138a76dec28,85ae4cf3-51bf-45d7-8011-bb994eb602a6,d9ef5787-cbca-4fa2-b137-b071986f595f,4bd504ed-a1c0-48c9-bff0-b66723a5f08d,B477356,78,5,1389.01,2026-03-03,2027-05-10,301e3cd3-c948-49e9-add4-e8080a9fab7f,2026-06-15 15:37:14.206078,AVAILABLE
a58e5558-4b61-4f8e-8021-8894c917709a,85ae4cf3-51bf-45d7-8011-bb994eb602a6,e8351a09-c3ce-40bb-bc16-3f2ffc446f93,c037d58f-eb63-482e-81f7-b1f739423cdf,B471989,638,30,1527.65,2025-10-09,2027-08-08,e6d69402-090c-458e-ab40-7589f32bf4bf,2026-06-07 15:37:14.206201,AVAILABLE
1bfed933-db27-4532-bef1-7fc8156c1efe,85ae4cf3-51bf-45d7-8011-bb994eb602a6,e8351a09-c3ce-40bb-bc16-3f2ffc446f93,c037d58f-eb63-482e-81f7-b1f739423cdf,B967983,211,22,291.96,2027-06-12,2028-02-15,41e5f347-011f-49c8-a809-9ebc6ef93e37,2026-05-18 15:37:14.206246,AVAILABLE
39ecf285-8ee9-4462-935d-134dc1a5635e,85ae4cf3-51bf-45d7-8011-bb994eb602a6,e8351a09-c3ce-40bb-bc16-3f2ffc446f93,c037d58f-eb63-482e-81f7-b1f739423cdf,B835543,565,23,1771.05,2025-09-12,2026-11-23,43b13eff-affb-4e79-a137-2d676513f12b,2026-05-31 15:37:14.206393,AVAILABLE
b91db671-5ba6-4817-93ac-e8ad7442cad5,85ae4cf3-51bf-45d7-8011-bb994eb602a6,e8351a09-c3ce-40bb-bc16-3f2ffc446f93,24bad869-7045-4954-b58f-10edc0407e69,B791839,412,36,1691.94,2026-05-03,2027-11-28,e6d69402-090c-458e-ab40-7589f32bf4bf,2026-07-19 15:37:14.206463,AVAILABLE
1e6fea7a-f595-419a-a70a-4318a968d447,85ae4cf3-51bf-45d7-8011-bb994eb602a6,e8351a09-c3ce-40bb-bc16-3f2ffc446f93,24bad869-7045-4954-b58f-10edc0407e69,B346339,784,33,1328.5,2025-12-23,2027-07-08,b55d3c34-369b-4934-9015-9e38109b79f2,2026-06-13 15:37:14.206508,AVAILABLE
fca400c1-2366-4164-b4b3-81a1d3e15073,85ae4cf3-51bf-45d7-8011-bb994eb602a6,e8351a09-c3ce-40bb-bc16-3f2ffc446f93,24bad869-7045-4954-b58f-10edc0407e69,B957435,792,52,182.41,2026-06-30,2027-11-01,43b13eff-affb-4e79-a137-2d676513f12b,2026-06-06 15:37:14.206547,AVAILABLE
97d6c29b-ebc7-456e-afe6-947308d08e3d,85ae4cf3-51bf-45d7-8011-bb994eb602a6,e8351a09-c3ce-40bb-bc16-3f2ffc446f93,d6c64038-55ae-44a3-863b-be781e1a4649,B749579,791,58,1028.44,2026-07-11,2027-10-17,e6d69402-090c-458e-ab40-7589f32bf4bf,2026-07-07 15:37:14.206586,AVAILABLE
14a1a1e9-600a-4aa8-a446-1f014653230f,85ae4cf3-51bf-45d7-8011-bb994eb602a6,e8351a09-c3ce-40bb-bc16-3f2ffc446f93,3e6ecca3-9ad1-49a9-ad9a-5509b28de79d,B353357,612,38,1611.68,2025-10-16,2027-03-21,1400ecad-7beb-4557-b782-a9b67dbfa3ea,2026-06-10 15:37:14.206713,AVAILABLE
91adc541-4dd7-40ff-ade2-b9fa8eb22383,85ae4cf3-51bf-45d7-8011-bb994eb602a6,e8351a09-c3ce-40bb-bc16-3f2ffc446f93,3e6ecca3-9ad1-49a9-ad9a-5509b28de79d,B273070,68,4,247.23,2025-10-07,2027-03-22,8a3cc937-5d2e-4b04-b961-e6372fb37757,2026-08-05 15:37:14.206910,AVAILABLE
83657e76-12bc-4699-a434-d485630048d5,85ae4cf3-51bf-45d7-8011-bb994eb602a6,e8351a09-c3ce-40bb-bc16-3f2ffc446f93,9c021848-0377-486f-a048-370334cce953,B202592,671,47,366.38,2026-05-18,2027-04-07,1400ecad-7beb-4557-b782-a9b67dbfa3ea,2026-05-30 15:37:14.207160,AVAILABLE
c76ac319-e004-4783-8259-d1384aadb597,85ae4cf3-51bf-45d7-8011-bb994eb602a6,e8351a09-c3ce-40bb-bc16-3f2ffc446f93,305d6d9c-7521-4f74-8c0d-0bf7d5af8dfd,B299570,407,58,590.89,2026-09-16,2028-03-02,e6d69402-090c-458e-ab40-7589f32bf4bf,2026-09-17 15:37:14.207228,AVAILABLE
9c7d496e-9d41-46c3-a7dc-6585a92d747e,85ae4cf3-51bf-45d7-8011-bb994eb602a6,e8351a09-c3ce-40bb-bc16-3f2ffc446f93,305d6d9c-7521-4f74-8c0d-0bf7d5af8dfd,B279341,136,9,129.55,2026-06-04,2027-10-17,43b13eff-affb-4e79-a137-2d676513f12b,2026-09-01 15:37:14.207272,AVAILABLE
16fdec5f-081b-4f7a-a505-9d25601dd9b2,85ae4cf3-51bf-45d7-8011-bb994eb602a6,e8351a09-c3ce-40bb-bc16-3f2ffc446f93,b8b41174-e4bb-41e0-8dc8-fbdaf9d470ec,B811812,893,123,260.74,2026-05-10,2027-04-02,85ba89f5-0cbe-423d-9b09-8edf117efeb7,2026-06-21 15:37:14.207314,AVAILABLE
005f084f-1123-44b0-b31c-ca048c6924de,85ae4cf3-51bf-45d7-8011-bb994eb602a6,e8351a09-c3ce-40bb-bc16-3f2ffc446f93,b8b41174-e4bb-41e0-8dc8-fbdaf9d470ec,B152708,321,4,1182.91,2027-06-22,2028-03-26,389d9f94-94f3-497d-9ad3-80b154c36b08,2026-08-27 15:37:14.207357,AVAILABLE
69801f75-7cc3-42f0-90fd-3f7dbdbafa6d,85ae4cf3-51bf-45d7-8011-bb994eb602a6,e8351a09-c3ce-40bb-bc16-3f2ffc446f93,8e67a041-f702-4f16-b57b-c66dff30e18b,B981475,674,31,70.62,2025-09-06,2027-08-06,1400ecad-7beb-4557-b782-a9b67dbfa3ea,2026-09-17 15:37:14.207397,AVAILABLE
c7ed9842-f256-414a-8da2-9bc301c3ad0e,85ae4cf3-51bf-45d7-8011-bb994eb602a6,e8351a09-c3ce-40bb-bc16-3f2ffc446f93,8e67a041-f702-4f16-b57b-c66dff30e18b,B516954,139,15,539.23,2026-03-22,2026-11-28,1400ecad-7beb-4557-b782-a9b67dbfa3ea,2026-05-27 15:37:14.207433,AVAILABLE
efc37c49-1b65-4c6f-aa63-df91858d4fa5,85ae4cf3-51bf-45d7-8011-bb994eb602a6,e8351a09-c3ce-40bb-bc16-3f2ffc446f93,8e15b3a9-915f-4bf0-84c7-182f335e062c,B932441,315,44,530.09,2025-09-14,2027-01-17,43b13eff-affb-4e79-a137-2d676513f12b,2026-07-08 15:37:14.207510,AVAILABLE
7c6661f4-041a-45b4-aefa-fa27946e0e6a,85ae4cf3-51bf-45d7-8011-bb994eb602a6,e8351a09-c3ce-40bb-bc16-3f2ffc446f93,8e15b3a9-915f-4bf0-84c7-182f335e062c,B305345,810,91,1392.44,2025-04-26,2026-10-31,41e5f347-011f-49c8-a809-9ebc6ef93e37,2026-07-03 15:37:14.207547,AVAILABLE
256909e9-0fae-48e5-94ff-96f771797096,85ae4cf3-51bf-45d7-8011-bb994eb602a6,e8351a09-c3ce-40bb-bc16-3f2ffc446f93,c5533566-0e57-4058-9e8f-cc921a574da9,B746999,472,49,1208.74,2026-06-06,2027-07-17,b55d3c34-369b-4934-9015-9e38109b79f2,2026-08-30 15:37:14.207587,AVAILABLE
0ec26e9b-a28b-4522-bd98-91457c785487,85ae4cf3-51bf-45d7-8011-bb994eb602a6,e8351a09-c3ce-40bb-bc16-3f2ffc446f93,33e37cdb-690b-4dd6-aa0b-3e189bf6bc51,B484004,251,12,462.87,2026-02-09,2026-10-31,1400ecad-7beb-4557-b782-a9b67dbfa3ea,2026-06-11 15:37:14.207783,AVAILABLE
4380136f-1492-4a08-abc3-3d33465c3cef,85ae4cf3-51bf-45d7-8011-bb994eb602a6,e8351a09-c3ce-40bb-bc16-3f2ffc446f93,33e37cdb-690b-4dd6-aa0b-3e189bf6bc51,B885977,246,18,281.19,2025-12-30,2027-06-17,389d9f94-94f3-497d-9ad3-80b154c36b08,2026-08-22 15:37:14.207860,AVAILABLE
d2a419d0-c6b3-45fc-b368-76b41cbedcd1,85ae4cf3-51bf-45d7-8011-bb994eb602a6,e8351a09-c3ce-40bb-bc16-3f2ffc446f93,33e37cdb-690b-4dd6-aa0b-3e189bf6bc51,B888780,531,31,425.24,2025-03-13,2026-10-09,389d9f94-94f3-497d-9ad3-80b154c36b08,2026-08-16 15:37:14.208165,AVAILABLE
372b687b-b048-4fb3-80c8-970a93d34ecd,85ae4cf3-51bf-45d7-8011-bb994eb602a6,e8351a09-c3ce-40bb-bc16-3f2ffc446f93,6cbb6f57-d6cb-41b0-aca5-9ea4e8c5be47,B122634,699,102,180.77,2024-12-30,2026-11-14,1400ecad-7beb-4557-b782-a9b67dbfa3ea,2026-07-27 15:37:14.208224,AVAILABLE
4b780dd3-eff6-4115-b1ed-4bcf128bc223,85ae4cf3-51bf-45d7-8011-bb994eb602a6,e8351a09-c3ce-40bb-bc16-3f2ffc446f93,e5b7da92-602a-4a8f-9b36-3acfc3414ba7,B444352,670,65,1683.49,2025-10-20,2026-12-09,e6d69402-090c-458e-ab40-7589f32bf4bf,2026-09-20 15:37:14.208271,AVAILABLE
0710ac54-6245-48fb-95c6-85de28e1a953,85ae4cf3-51bf-45d7-8011-bb994eb602a6,e8351a09-c3ce-40bb-bc16-3f2ffc446f93,e5b7da92-602a-4a8f-9b36-3acfc3414ba7,B678192,258,30,1789.71,2025-07-23,2027-04-28,43b13eff-affb-4e79-a137-2d676513f12b,2026-08-12 15:37:14.208313,AVAILABLE
7f642dd9-b873-497a-b761-ae452c754d82,85ae4cf3-51bf-45d7-8011-bb994eb602a6,e8351a09-c3ce-40bb-bc16-3f2ffc446f93,e5b7da92-602a-4a8f-9b36-3acfc3414ba7,B471253,945,101,1589.88,2025-12-12,2026-12-12,389d9f94-94f3-497d-9ad3-80b154c36b08,2026-09-07 15:37:14.208678,AVAILABLE
621435b1-ec3a-4721-a971-44dca3541fdd,85ae4cf3-51bf-45d7-8011-bb994eb602a6,e8351a09-c3ce-40bb-bc16-3f2ffc446f93,16d1b73f-8881-425f-82b2-7ab4974b08ef,B622862,634,80,149.48,2025-07-09,2027-01-15,389d9f94-94f3-497d-9ad3-80b154c36b08,2026-04-15 15:37:14.208782,AVAILABLE
32640aa5-09cf-4463-bec9-5684fb01a03c,85ae4cf3-51bf-45d7-8011-bb994eb602a6,e8351a09-c3ce-40bb-bc16-3f2ffc446f93,cf8bc62c-4d72-4142-8ab6-03524280a750,B244701,418,57,242.38,2026-11-30,2027-11-28,e6d69402-090c-458e-ab40-7589f32bf4bf,2026-06-27 15:37:14.208959,AVAILABLE
13188a7b-abf0-4a88-88a2-c0d65472aeb7,85ae4cf3-51bf-45d7-8011-bb994eb602a6,e8351a09-c3ce-40bb-bc16-3f2ffc446f93,cf8bc62c-4d72-4142-8ab6-03524280a750,B548704,165,19,427.0,2025-09-18,2027-07-31,389d9f94-94f3-497d-9ad3-80b154c36b08,2026-08-15 15:37:14.209027,AVAILABLE
5d7df59e-4caa-4a62-b029-72f37f848a15,85ae4cf3-51bf-45d7-8011-bb994eb602a6,2ae4ce51-c690-48ac-b1bb-5039eef9ed36,9d6f82ea-a6c1-4ee5-bd74-c517ba546a27,B340081,47,0,600.27,2025-12-02,2027-02-08,b55d3c34-369b-4934-9015-9e38109b79f2,2026-10-05 15:37:14.209161,AVAILABLE
e8e37f08-27fc-4fdd-b5dc-598461fdd219,85ae4cf3-51bf-45d7-8011-bb994eb602a6,2ae4ce51-c690-48ac-b1bb-5039eef9ed36,9d6f82ea-a6c1-4ee5-bd74-c517ba546a27,B663487,479,7,1325.52,2025-07-09,2027-02-23,43b13eff-affb-4e79-a137-2d676513f12b,2026-06-25 15:37:14.209208,AVAILABLE
f9e08749-e2c2-43ba-b6e5-64c5b7edf1bf,85ae4cf3-51bf-45d7-8011-bb994eb602a6,2ae4ce51-c690-48ac-b1bb-5039eef9ed36,9d6f82ea-a6c1-4ee5-bd74-c517ba546a27,B993724,514,25,1280.93,2026-02-14,2027-07-02,389d9f94-94f3-497d-9ad3-80b154c36b08,2026-05-21 15:37:14.209250,AVAILABLE
c091073a-bdc5-49fe-90c2-efae18ca3591,85ae4cf3-51bf-45d7-8011-bb994eb602a6,2ae4ce51-c690-48ac-b1bb-5039eef9ed36,4bd504ed-a1c0-48c9-bff0-b66723a5f08d,B342513,52,5,273.39,2027-02-17,2027-11-28,e692d4b3-4456-49eb-87f5-ee22fc6e4200,2026-04-17 15:37:14.209471,AVAILABLE
13dc265b-3f41-43e5-9ea7-49394f221030,85ae4cf3-51bf-45d7-8011-bb994eb602a6,2ae4ce51-c690-48ac-b1bb-5039eef9ed36,4bd504ed-a1c0-48c9-bff0-b66723a5f08d,B274227,881,83,1574.86,2026-03-26,2026-09-24,301e3cd3-c948-49e9-add4-e8080a9fab7f,2026-07-14 15:37:14.209537,EXPIRED
816e8b37-e07d-48e5-b9e9-1d6b49c437f9,85ae4cf3-51bf-45d7-8011-bb994eb602a6,2ae4ce51-c690-48ac-b1bb-5039eef9ed36,8e67a041-f702-4f16-b57b-c66dff30e18b,B338721,644,63,192.63,2025-04-02,2027-02-14,43b13eff-affb-4e79-a137-2d676513f12b,2026-09-11 15:37:14.209657,AVAILABLE
20540d63-c85b-479b-a778-d4b7caeb05cf,85ae4cf3-51bf-45d7-8011-bb994eb602a6,2ae4ce51-c690-48ac-b1bb-5039eef9ed36,8e67a041-f702-4f16-b57b-c66dff30e18b,B164958,643,89,1657.87,2026-09-26,2027-07-19,e6d69402-090c-458e-ab40-7589f32bf4bf,2026-04-21 15:37:14.209732,AVAILABLE
db3bcae2-501f-4a63-964a-0aa386e42c9f,85ae4cf3-51bf-45d7-8011-bb994eb602a6,2ae4ce51-c690-48ac-b1bb-5039eef9ed36,831a67ea-b75d-494e-8ba6-e91b1b1eae6e,B745254,568,56,71.8,2025-05-25,2027-03-04,85ba89f5-0cbe-423d-9b09-8edf117efeb7,2026-05-04 15:37:14.209807,AVAILABLE
630de83c-c09d-4d65-bfec-634897302f75,85ae4cf3-51bf-45d7-8011-bb994eb602a6,2ae4ce51-c690-48ac-b1bb-5039eef9ed36,831a67ea-b75d-494e-8ba6-e91b1b1eae6e,B433727,550,78,1523.32,2025-05-30,2027-01-15,85ba89f5-0cbe-423d-9b09-8edf117efeb7,2026-04-26 15:37:14.209849,AVAILABLE
c31b1063-e9f8-4312-9631-3a373542a653,85ae4cf3-51bf-45d7-8011-bb994eb602a6,2ae4ce51-c690-48ac-b1bb-5039eef9ed36,831a67ea-b75d-494e-8ba6-e91b1b1eae6e,B273039,356,14,124.49,2026-02-07,2027-07-14,43b13eff-affb-4e79-a137-2d676513f12b,2026-07-06 15:37:14.209886,AVAILABLE
6bc2b326-1dd5-4c4b-9538-607e1a954201,85ae4cf3-51bf-45d7-8011-bb994eb602a6,2ae4ce51-c690-48ac-b1bb-5039eef9ed36,0073cc32-e309-402c-96aa-1fb03de469f1,B495594,841,20,1339.53,2026-06-16,2028-03-27,e6d69402-090c-458e-ab40-7589f32bf4bf,2026-09-13 15:37:14.209926,AVAILABLE
19a86eeb-1064-442b-97e5-c2244408223d,85ae4cf3-51bf-45d7-8011-bb994eb602a6,2ae4ce51-c690-48ac-b1bb-5039eef9ed36,0073cc32-e309-402c-96aa-1fb03de469f1,B764936,386,2,288.92,2026-03-11,2027-06-12,389d9f94-94f3-497d-9ad3-80b154c36b08,2026-08-20 15:37:14.209962,AVAILABLE
b7f32f11-05ad-4793-ab43-f662ccc4946b,85ae4cf3-51bf-45d7-8011-bb994eb602a6,2ae4ce51-c690-48ac-b1bb-5039eef9ed36,6cbb6f57-d6cb-41b0-aca5-9ea4e8c5be47,B940685,452,19,906.1,2026-01-30,2026-12-02,41e5f347-011f-49c8-a809-9ebc6ef93e37,2026-04-23 15:37:14.209999,AVAILABLE
5b8b2566-395f-4209-b005-9b187fdb7c03,85ae4cf3-51bf-45d7-8011-bb994eb602a6,2ae4ce51-c690-48ac-b1bb-5039eef9ed36,6cbb6f57-d6cb-41b0-aca5-9ea4e8c5be47,B470345,52,7,406.72,2026-05-05,2027-08-03,1400ecad-7beb-4557-b782-a9b67dbfa3ea,2026-07-15 15:37:14.210061,AVAILABLE
42d8498f-b904-4858-8f1d-bb5c21b64393,85ae4cf3-51bf-45d7-8011-bb994eb602a6,2ae4ce51-c690-48ac-b1bb-5039eef9ed36,1b0a2521-7dda-4bed-8313-954689f28c33,B493524,438,2,1114.96,2025-10-30,2027-07-02,43b13eff-affb-4e79-a137-2d676513f12b,2026-06-02 15:37:14.210128,AVAILABLE
ff30b4ae-de80-4980-b8f2-cc5bcc09b3d8,85ae4cf3-51bf-45d7-8011-bb994eb602a6,2ae4ce51-c690-48ac-b1bb-5039eef9ed36,1b0a2521-7dda-4bed-8313-954689f28c33,B991352,972,35,1678.94,2026-04-14,2026-12-28,85ba89f5-0cbe-423d-9b09-8edf117efeb7,2026-06-17 15:37:14.210167,AVAILABLE
4d6a3b82-4be0-420b-a174-a69b218d29af,85ae4cf3-51bf-45d7-8011-bb994eb602a6,2ae4ce51-c690-48ac-b1bb-5039eef9ed36,b8b41174-e4bb-41e0-8dc8-fbdaf9d470ec,B169609,245,28,1024.91,2025-12-28,2026-10-14,e6d69402-090c-458e-ab40-7589f32bf4bf,2026-04-30 15:37:14.210218,AVAILABLE
70b0814c-9534-4f28-b559-b126ef751a48,85ae4cf3-51bf-45d7-8011-bb994eb602a6,2ae4ce51-c690-48ac-b1bb-5039eef9ed36,061b886b-98ed-480e-9810-63995f2f47ed,B271671,256,23,1589.3,2027-04-07,2027-12-29,301e3cd3-c948-49e9-add4-e8080a9fab7f,2026-08-21 15:37:14.210688,AVAILABLE
33ba1d57-64e9-4616-a313-39686ed0e1bf,85ae4cf3-51bf-45d7-8011-bb994eb602a6,2ae4ce51-c690-48ac-b1bb-5039eef9ed36,061b886b-98ed-480e-9810-63995f2f47ed,B484686,687,17,1623.51,2027-02-12,2027-11-01,1400ecad-7beb-4557-b782-a9b67dbfa3ea,2026-09-16 15:37:14.210897,AVAILABLE
66ed5b21-6be1-42a1-82ff-2ec28f604b36,85ae4cf3-51bf-45d7-8011-bb994eb602a6,2ae4ce51-c690-48ac-b1bb-5039eef9ed36,061b886b-98ed-480e-9810-63995f2f47ed,B985062,43,2,718.81,2026-03-18,2027-11-06,389d9f94-94f3-497d-9ad3-80b154c36b08,2026-05-17 15:37:14.210957,AVAILABLE
34b67a2d-aa8c-41e3-bb30-36cc204b76af,85ae4cf3-51bf-45d7-8011-bb994eb602a6,2ae4ce51-c690-48ac-b1bb-5039eef9ed36,67f10774-4e14-4f09-90b6-00a732111449,B685293,549,25,194.85,2025-10-31,2026-12-31,43b13eff-affb-4e79-a137-2d676513f12b,2026-08-14 15:37:14.211004,AVAILABLE
38946964-59ab-4e62-a556-8a3148dd187c,85ae4cf3-51bf-45d7-8011-bb994eb602a6,2ae4ce51-c690-48ac-b1bb-5039eef9ed36,58bf12e5-ee8a-4194-a34c-aa820079144d,B643697,869,110,585.65,2025-07-30,2027-06-06,e692d4b3-4456-49eb-87f5-ee22fc6e4200,2026-08-26 15:37:14.211522,AVAILABLE
f85a6ee4-7437-4086-86aa-b829255f909c,85ae4cf3-51bf-45d7-8011-bb994eb602a6,2ae4ce51-c690-48ac-b1bb-5039eef9ed36,2cd10b6d-063e-4f55-a0b6-37edb93b63a6,B507651,579,61,1490.28,2027-04-22,2028-01-31,85ba89f5-0cbe-423d-9b09-8edf117efeb7,2026-10-04 15:37:14.211685,AVAILABLE
2555ec99-8eab-415c-b02f-964e79900b19,85ae4cf3-51bf-45d7-8011-bb994eb602a6,2ae4ce51-c690-48ac-b1bb-5039eef9ed36,2cd10b6d-063e-4f55-a0b6-37edb93b63a6,B662344,214,18,492.2,2026-04-08,2026-11-28,e6d69402-090c-458e-ab40-7589f32bf4bf,2026-09-12 15:37:14.211787,AVAILABLE
81b3d89e-fb68-4949-8c19-d6e1ab629ac8,85ae4cf3-51bf-45d7-8011-bb994eb602a6,2ae4ce51-c690-48ac-b1bb-5039eef9ed36,2cd10b6d-063e-4f55-a0b6-37edb93b63a6,B415009,420,15,1307.2,2026-09-17,2027-12-05,8a3cc937-5d2e-4b04-b961-e6372fb37757,2026-06-28 15:37:14.211836,AVAILABLE
177b2547-1d4c-4c0d-badd-69b00bca41ab,85ae4cf3-51bf-45d7-8011-bb994eb602a6,2ae4ce51-c690-48ac-b1bb-5039eef9ed36,13cd9912-56bb-4721-abb1-986f20a370cb,B204947,164,18,1265.8,2026-02-10,2027-12-02,85ba89f5-0cbe-423d-9b09-8edf117efeb7,2026-08-12 15:37:14.211882,AVAILABLE
5f181490-d1b8-4ad8-b2c5-42d4a5d52c25,85ae4cf3-51bf-45d7-8011-bb994eb602a6,2ae4ce51-c690-48ac-b1bb-5039eef9ed36,13cd9912-56bb-4721-abb1-986f20a370cb,B380480,41,1,527.36,2026-04-29,2027-07-27,41e5f347-011f-49c8-a809-9ebc6ef93e37,2026-04-25 15:37:14.211922,AVAILABLE
071c5351-6b2a-485e-b4e9-b7d8e3ec313b,85ae4cf3-51bf-45d7-8011-bb994eb602a6,2ae4ce51-c690-48ac-b1bb-5039eef9ed36,13cd9912-56bb-4721-abb1-986f20a370cb,B285117,169,12,1510.2,2025-11-17,2027-10-02,389d9f94-94f3-497d-9ad3-80b154c36b08,2026-08-18 15:37:14.211960,AVAILABLE
62aadf46-d251-4f05-a6b6-7ff2744cf942,85ae4cf3-51bf-45d7-8011-bb994eb602a6,2ae4ce51-c690-48ac-b1bb-5039eef9ed36,43110ae2-2c0b-4654-936a-72afad56219d,B600928,965,133,329.3,2026-12-01,2027-09-09,85ba89f5-0cbe-423d-9b09-8edf117efeb7,2026-05-31 15:37:14.212000,AVAILABLE
4b695f98-e41c-4214-9005-864449d3de81,85ae4cf3-51bf-45d7-8011-bb994eb602a6,2ae4ce51-c690-48ac-b1bb-5039eef9ed36,43110ae2-2c0b-4654-936a-72afad56219d,B188168,452,43,116.53,2026-03-29,2028-03-02,301e3cd3-c948-49e9-add4-e8080a9fab7f,2026-06-20 15:37:14.212039,AVAILABLE
e5296e7e-61e7-4ebc-8659-6ea93544ae3f,85ae4cf3-51bf-45d7-8011-bb994eb602a6,2ae4ce51-c690-48ac-b1bb-5039eef9ed36,e5b7da92-602a-4a8f-9b36-3acfc3414ba7,B458089,560,39,1338.31,2026-03-03,2027-07-05,1400ecad-7beb-4557-b782-a9b67dbfa3ea,2026-04-13 15:37:14.212078,AVAILABLE
5c773ad9-9596-4e44-9f10-a57084df26b8,85ae4cf3-51bf-45d7-8011-bb994eb602a6,2ae4ce51-c690-48ac-b1bb-5039eef9ed36,e5b7da92-602a-4a8f-9b36-3acfc3414ba7,B412141,290,14,1375.78,2025-11-26,2026-11-15,389d9f94-94f3-497d-9ad3-80b154c36b08,2026-08-06 15:37:14.212245,AVAILABLE
35141796-5dd0-453e-ac82-fac176778c00,85ae4cf3-51bf-45d7-8011-bb994eb602a6,3281705b-ac29-4575-8bd8-72c6b4342d1c,85b186aa-f3a1-45ba-8d0c-349f8a13c3d4,B208112,314,19,1742.22,2027-01-31,2027-12-19,8a3cc937-5d2e-4b04-b961-e6372fb37757,2026-05-09 15:37:14.212421,AVAILABLE
7ecdb11f-e7b3-4fa2-9e2c-e8722e568a88,85ae4cf3-51bf-45d7-8011-bb994eb602a6,3281705b-ac29-4575-8bd8-72c6b4342d1c,85b186aa-f3a1-45ba-8d0c-349f8a13c3d4,B917319,166,19,1384.27,2025-07-08,2026-12-01,389d9f94-94f3-497d-9ad3-80b154c36b08,2026-07-12 15:37:14.212475,AVAILABLE
b487aa61-6266-4c5d-b4ef-e7eb4293367d,85ae4cf3-51bf-45d7-8011-bb994eb602a6,3281705b-ac29-4575-8bd8-72c6b4342d1c,85b186aa-f3a1-45ba-8d0c-349f8a13c3d4,B892316,737,22,108.45,2026-05-15,2027-09-22,43b13eff-affb-4e79-a137-2d676513f12b,2026-08-02 15:37:14.212518,AVAILABLE
4fb7dd1b-2d67-4fc4-a05c-77f2c31f2db5,85ae4cf3-51bf-45d7-8011-bb994eb602a6,3281705b-ac29-4575-8bd8-72c6b4342d1c,2b376704-d06b-441d-a2bf-f0973873411c,B455511,335,41,1520.98,2025-02-21,2026-10-27,301e3cd3-c948-49e9-add4-e8080a9fab7f,2026-05-06 15:37:14.212565,AVAILABLE
9cf531f9-9230-4fc0-8438-6fba4d49c12e,85ae4cf3-51bf-45d7-8011-bb994eb602a6,3281705b-ac29-4575-8bd8-72c6b4342d1c,2b376704-d06b-441d-a2bf-f0973873411c,B702879,873,65,275.65,2026-03-01,2026-10-31,389d9f94-94f3-497d-9ad3-80b154c36b08,2026-07-04 15:37:14.212745,AVAILABLE
772464ae-336e-487f-90e3-2c0aa66f42e3,85ae4cf3-51bf-45d7-8011-bb994eb602a6,3281705b-ac29-4575-8bd8-72c6b4342d1c,2b376704-d06b-441d-a2bf-f0973873411c,B170334,142,15,1097.76,2025-02-03,2027-01-21,b55d3c34-369b-4934-9015-9e38109b79f2,2026-08-09 15:37:14.212799,AVAILABLE
c0855d7f-d005-44d1-abcd-f62c83d9bb34,85ae4cf3-51bf-45d7-8011-bb994eb602a6,3281705b-ac29-4575-8bd8-72c6b4342d1c,1640337f-9614-4c3f-bda8-20c0eb4c6bce,B802128,913,85,398.96,2026-05-22,2026-12-06,8a3cc937-5d2e-4b04-b961-e6372fb37757,2026-07-15 15:37:14.212842,AVAILABLE
7f930322-afff-464d-ac76-d59cf4482da7,85ae4cf3-51bf-45d7-8011-bb994eb602a6,3281705b-ac29-4575-8bd8-72c6b4342d1c,1640337f-9614-4c3f-bda8-20c0eb4c6bce,B508823,435,12,1446.35,2026-09-07,2027-10-02,e692d4b3-4456-49eb-87f5-ee22fc6e4200,2026-08-01 15:37:14.212881,AVAILABLE
a28e2f06-9bdb-4501-840b-fb0b38598db7,85ae4cf3-51bf-45d7-8011-bb994eb602a6,3281705b-ac29-4575-8bd8-72c6b4342d1c,1640337f-9614-4c3f-bda8-20c0eb4c6bce,B310581,889,111,983.68,2027-01-04,2028-01-10,85ba89f5-0cbe-423d-9b09-8edf117efeb7,2026-07-30 15:37:14.212918,AVAILABLE
67c422ee-14a0-489c-a7c4-66a40d6c3ced,85ae4cf3-51bf-45d7-8011-bb994eb602a6,3281705b-ac29-4575-8bd8-72c6b4342d1c,f1b95f47-94a2-4979-a411-02444c727d3e,B807988,920,66,770.35,2026-01-23,2027-10-18,e6d69402-090c-458e-ab40-7589f32bf4bf,2026-07-10 15:37:14.212958,AVAILABLE
b5fea773-31e0-4fb9-968a-ebad3a86864a,85ae4cf3-51bf-45d7-8011-bb994eb602a6,3281705b-ac29-4575-8bd8-72c6b4342d1c,24bad869-7045-4954-b58f-10edc0407e69,B373917,436,26,819.77,2025-06-15,2027-01-25,41e5f347-011f-49c8-a809-9ebc6ef93e37,2026-06-21 15:37:14.213034,AVAILABLE
ce456fc1-464b-4f91-8154-49fd0a746dd7,85ae4cf3-51bf-45d7-8011-bb994eb602a6,3281705b-ac29-4575-8bd8-72c6b4342d1c,24bad869-7045-4954-b58f-10edc0407e69,B394297,987,34,324.98,2027-03-13,2028-01-27,389d9f94-94f3-497d-9ad3-80b154c36b08,2026-06-06 15:37:14.213075,AVAILABLE
716e245a-5c12-44c0-af20-29e18ec31a31,85ae4cf3-51bf-45d7-8011-bb994eb602a6,3281705b-ac29-4575-8bd8-72c6b4342d1c,3e9b0bad-6728-4523-be87-a00adf0fff30,B449745,644,19,1604.92,2025-10-23,2027-05-30,e692d4b3-4456-49eb-87f5-ee22fc6e4200,2026-05-12 15:37:14.213115,AVAILABLE
9cea610f-dbaa-446a-974e-c4a545d4acd5,85ae4cf3-51bf-45d7-8011-bb994eb602a6,3281705b-ac29-4575-8bd8-72c6b4342d1c,3e9b0bad-6728-4523-be87-a00adf0fff30,B201276,607,9,128.7,2026-05-26,2027-08-26,b55d3c34-369b-4934-9015-9e38109b79f2,2026-09-14 15:37:14.213152,AVAILABLE
683d353d-ab3d-47f9-83d4-8c5e7c88e7db,85ae4cf3-51bf-45d7-8011-bb994eb602a6,3281705b-ac29-4575-8bd8-72c6b4342d1c,c51619a8-ba83-483f-9b52-064f926d96a2,B900902,259,0,637.15,2026-01-09,2027-01-12,8a3cc937-5d2e-4b04-b961-e6372fb37757,2026-09-16 15:37:14.213190,AVAILABLE
a39090a7-1bfd-4477-8bbc-6ba65e8b6974,85ae4cf3-51bf-45d7-8011-bb994eb602a6,3281705b-ac29-4575-8bd8-72c6b4342d1c,c51619a8-ba83-483f-9b52-064f926d96a2,B687519,145,15,1676.86,2027-08-23,2028-02-21,389d9f94-94f3-497d-9ad3-80b154c36b08,2026-06-18 15:37:14.213226,AVAILABLE
bccb614c-9837-43c6-a7ec-1d621987f46b,85ae4cf3-51bf-45d7-8011-bb994eb602a6,3281705b-ac29-4575-8bd8-72c6b4342d1c,b3163dc0-3ac7-41cc-b4fc-244bcbe446ad,B990683,652,95,847.08,2025-12-08,2026-11-15,1400ecad-7beb-4557-b782-a9b67dbfa3ea,2026-05-04 15:37:14.213263,AVAILABLE
88291221-37e3-4436-a1e1-920963ae27d2,85ae4cf3-51bf-45d7-8011-bb994eb602a6,3281705b-ac29-4575-8bd8-72c6b4342d1c,b3163dc0-3ac7-41cc-b4fc-244bcbe446ad,B965320,412,48,1126.57,2027-04-11,2027-10-28,43b13eff-affb-4e79-a137-2d676513f12b,2026-06-08 15:37:14.213415,AVAILABLE
ae649ba6-746f-40e9-8e71-755cc15628d4,85ae4cf3-51bf-45d7-8011-bb994eb602a6,3281705b-ac29-4575-8bd8-72c6b4342d1c,b3163dc0-3ac7-41cc-b4fc-244bcbe446ad,B165807,359,8,1496.81,2027-06-07,2028-03-18,1400ecad-7beb-4557-b782-a9b67dbfa3ea,2026-10-02 15:37:14.213513,AVAILABLE
db0e0c1f-f516-471e-9358-2079391853cb,85ae4cf3-51bf-45d7-8011-bb994eb602a6,3281705b-ac29-4575-8bd8-72c6b4342d1c,b699a59a-a0ec-49d9-b327-482e55347adf,B545933,295,1,1022.72,2026-10-16,2027-08-23,389d9f94-94f3-497d-9ad3-80b154c36b08,2026-07-28 15:37:14.213587,AVAILABLE
05ea1639-a292-4218-baa8-5333382e5484,85ae4cf3-51bf-45d7-8011-bb994eb602a6,3281705b-ac29-4575-8bd8-72c6b4342d1c,b699a59a-a0ec-49d9-b327-482e55347adf,B343353,560,79,1067.69,2025-11-21,2026-10-31,e6d69402-090c-458e-ab40-7589f32bf4bf,2026-04-18 15:37:14.213686,AVAILABLE
234dc2db-605c-4542-93c2-d7187df33e31,85ae4cf3-51bf-45d7-8011-bb994eb602a6,3281705b-ac29-4575-8bd8-72c6b4342d1c,67f10774-4e14-4f09-90b6-00a732111449,B102060,44,5,1490.66,2026-07-24,2027-04-05,301e3cd3-c948-49e9-add4-e8080a9fab7f,2026-09-07 15:37:14.213729,AVAILABLE
94288918-7835-4044-9097-a762a63b652d,85ae4cf3-51bf-45d7-8011-bb994eb602a6,3281705b-ac29-4575-8bd8-72c6b4342d1c,67f10774-4e14-4f09-90b6-00a732111449,B694915,28,0,998.12,2025-10-16,2027-09-05,85ba89f5-0cbe-423d-9b09-8edf117efeb7,2026-08-28 15:37:14.213766,AVAILABLE
956b74f6-9f57-44a7-898d-a392ffe78d8a,85ae4cf3-51bf-45d7-8011-bb994eb602a6,3281705b-ac29-4575-8bd8-72c6b4342d1c,67f10774-4e14-4f09-90b6-00a732111449,B880219,711,52,1408.8,2024-11-19,2026-10-02,8a3cc937-5d2e-4b04-b961-e6372fb37757,2026-04-26 15:37:14.213803,EXPIRED
20763dd2-bdfd-412f-94f4-60e6a505636c,85ae4cf3-51bf-45d7-8011-bb994eb602a6,3281705b-ac29-4575-8bd8-72c6b4342d1c,ca8399a1-143e-4717-be95-7836c2f21dcb,B466330,449,18,1128.26,2027-01-05,2028-02-19,301e3cd3-c948-49e9-add4-e8080a9fab7f,2026-07-12 15:37:14.213874,AVAILABLE
d4c12637-19f4-45fd-ba3f-ebcd10185e70,85ae4cf3-51bf-45d7-8011-bb994eb602a6,3281705b-ac29-4575-8bd8-72c6b4342d1c,ca8399a1-143e-4717-be95-7836c2f21dcb,B502609,734,14,1553.48,2026-01-02,2027-01-09,85ba89f5-0cbe-423d-9b09-8edf117efeb7,2026-05-12 15:37:14.213912,AVAILABLE
13f0c17d-5a8e-457c-9500-ac34749e918e,85ae4cf3-51bf-45d7-8011-bb994eb602a6,3281705b-ac29-4575-8bd8-72c6b4342d1c,ca8399a1-143e-4717-be95-7836c2f21dcb,B506320,363,26,1371.66,2026-01-20,2027-07-26,e6d69402-090c-458e-ab40-7589f32bf4bf,2026-07-30 15:37:14.213947,AVAILABLE
56e6eea6-c43d-4197-9727-cfc93f1ac2a4,85ae4cf3-51bf-45d7-8011-bb994eb602a6,3281705b-ac29-4575-8bd8-72c6b4342d1c,43110ae2-2c0b-4654-936a-72afad56219d,B152034,157,4,1408.92,2026-09-24,2027-07-17,b55d3c34-369b-4934-9015-9e38109b79f2,2026-04-15 15:37:14.213985,AVAILABLE
6a9a6e82-054f-4b85-b2ac-e0ec1108f9d3,85ae4cf3-51bf-45d7-8011-bb994eb602a6,3281705b-ac29-4575-8bd8-72c6b4342d1c,43110ae2-2c0b-4654-936a-72afad56219d,B250872,760,46,1294.5,2026-01-26,2026-10-12,b55d3c34-369b-4934-9015-9e38109b79f2,2026-07-10 15:37:14.214049,AVAILABLE
b87d4def-6f60-405f-b663-b2ef34dff462,85ae4cf3-51bf-45d7-8011-bb994eb602a6,3281705b-ac29-4575-8bd8-72c6b4342d1c,fda2f8a3-95ba-4f42-97f3-dbce57a916f1,B533534,860,103,235.37,2026-05-14,2027-05-13,8a3cc937-5d2e-4b04-b961-e6372fb37757,2026-07-25 15:37:14.214087,AVAILABLE
7a50c3dc-b202-4996-9dce-c785d4449bce,85ae4cf3-51bf-45d7-8011-bb994eb602a6,3281705b-ac29-4575-8bd8-72c6b4342d1c,fda2f8a3-95ba-4f42-97f3-dbce57a916f1,B998393,115,1,195.72,2026-09-08,2027-04-04,e692d4b3-4456-49eb-87f5-ee22fc6e4200,2026-05-11 15:37:14.214121,AVAILABLE
fb51ce96-f028-45b5-a8d3-fd3838800ef3,85ae4cf3-51bf-45d7-8011-bb994eb602a6,3281705b-ac29-4575-8bd8-72c6b4342d1c,fda2f8a3-95ba-4f42-97f3-dbce57a916f1,B207071,552,44,1134.65,2025-09-24,2027-08-16,8a3cc937-5d2e-4b04-b961-e6372fb37757,2026-09-04 15:37:14.214155,AVAILABLE
528f9385-1e58-4d48-8be9-4f8fc0af02ef,85ae4cf3-51bf-45d7-8011-bb994eb602a6,3281705b-ac29-4575-8bd8-72c6b4342d1c,4bd504ed-a1c0-48c9-bff0-b66723a5f08d,B446771,192,26,1681.59,2025-07-31,2027-07-20,1400ecad-7beb-4557-b782-a9b67dbfa3ea,2026-05-07 15:37:14.214191,AVAILABLE
4a409e10-043b-4f5e-bcdc-52230e4d2947,85ae4cf3-51bf-45d7-8011-bb994eb602a6,3281705b-ac29-4575-8bd8-72c6b4342d1c,4bd504ed-a1c0-48c9-bff0-b66723a5f08d,B674357,861,72,230.8,2026-06-07,2027-09-02,43b13eff-affb-4e79-a137-2d676513f12b,2026-07-16 15:37:14.214709,AVAILABLE
ebabd7ed-efbc-4c1e-9c21-be6c4095e9d4,85ae4cf3-51bf-45d7-8011-bb994eb602a6,3281705b-ac29-4575-8bd8-72c6b4342d1c,9c021848-0377-486f-a048-370334cce953,B956164,358,6,1675.79,2025-09-01,2026-12-02,301e3cd3-c948-49e9-add4-e8080a9fab7f,2026-09-18 15:37:14.214827,AVAILABLE
027e6939-516e-4cb9-8fbe-1a6bc8c4fe1d,85ae4cf3-51bf-45d7-8011-bb994eb602a6,3281705b-ac29-4575-8bd8-72c6b4342d1c,9c021848-0377-486f-a048-370334cce953,B208969,224,27,1263.58,2026-05-13,2027-04-19,389d9f94-94f3-497d-9ad3-80b154c36b08,2026-10-06 15:37:14.214889,AVAILABLE
630ae4e6-4427-46a4-87a8-453ab9003488,85ae4cf3-51bf-45d7-8011-bb994eb602a6,3281705b-ac29-4575-8bd8-72c6b4342d1c,9c021848-0377-486f-a048-370334cce953,B716548,199,12,54.97,2026-06-03,2028-01-09,e692d4b3-4456-49eb-87f5-ee22fc6e4200,2026-04-18 15:37:14.214934,AVAILABLE
733f2e97-636b-4f92-b479-f32bb0f13fed,85ae4cf3-51bf-45d7-8011-bb994eb602a6,e5b3d5d3-901d-4fcd-a2a7-46c89cb44540,dee6b134-5f4e-4d83-8133-35e34f0b48e8,B218610,831,35,1135.29,2026-08-05,2027-04-24,8a3cc937-5d2e-4b04-b961-e6372fb37757,2026-09-05 15:37:14.215097,AVAILABLE
1de58200-caa1-40ef-a972-41cf83a16944,85ae4cf3-51bf-45d7-8011-bb994eb602a6,e5b3d5d3-901d-4fcd-a2a7-46c89cb44540,9d6f82ea-a6c1-4ee5-bd74-c517ba546a27,B520220,98,3,1786.41,2026-08-12,2027-03-10,1400ecad-7beb-4557-b782-a9b67dbfa3ea,2026-08-17 15:37:14.215148,AVAILABLE
79f2c487-ee6e-42da-b588-b45612ac11aa,85ae4cf3-51bf-45d7-8011-bb994eb602a6,e5b3d5d3-901d-4fcd-a2a7-46c89cb44540,9d6f82ea-a6c1-4ee5-bd74-c517ba546a27,B523089,159,3,220.33,2027-06-11,2028-01-07,e6d69402-090c-458e-ab40-7589f32bf4bf,2026-04-23 15:37:14.215190,AVAILABLE
8b25ee3c-5b1c-4af2-9895-8b25e46b8327,85ae4cf3-51bf-45d7-8011-bb994eb602a6,e5b3d5d3-901d-4fcd-a2a7-46c89cb44540,0d430ec5-4d86-4820-8a2c-9a0885280906,B983213,249,17,1672.43,2025-03-17,2027-02-12,301e3cd3-c948-49e9-add4-e8080a9fab7f,2026-09-08 15:37:14.215230,AVAILABLE
1a8292a1-dd61-4de9-844d-ee7594276f7d,85ae4cf3-51bf-45d7-8011-bb994eb602a6,e5b3d5d3-901d-4fcd-a2a7-46c89cb44540,0d430ec5-4d86-4820-8a2c-9a0885280906,B197402,199,8,339.41,2026-05-21,2027-10-04,8a3cc937-5d2e-4b04-b961-e6372fb37757,2026-09-21 15:37:14.215269,AVAILABLE
1ad44c47-d31d-4acc-8bb9-1610aad27b66,85ae4cf3-51bf-45d7-8011-bb994eb602a6,e5b3d5d3-901d-4fcd-a2a7-46c89cb44540,0df67422-0ffe-4855-b4b7-0f4e8676cbdb,B777850,737,31,1761.33,2025-04-10,2026-11-04,1400ecad-7beb-4557-b782-a9b67dbfa3ea,2026-10-02 15:37:14.215309,AVAILABLE
4c8e0a9b-1440-4e15-b53e-b7bd1d2e6e9c,85ae4cf3-51bf-45d7-8011-bb994eb602a6,e5b3d5d3-901d-4fcd-a2a7-46c89cb44540,0df67422-0ffe-4855-b4b7-0f4e8676cbdb,B437417,671,50,1568.18,2026-01-28,2027-04-07,389d9f94-94f3-497d-9ad3-80b154c36b08,2026-07-19 15:37:14.215347,AVAILABLE
b7c104fb-a91b-4cbf-ac50-21f1d2522ef1,85ae4cf3-51bf-45d7-8011-bb994eb602a6,e5b3d5d3-901d-4fcd-a2a7-46c89cb44540,fdd23e22-960c-4a44-af67-60d832b98217,B978802,421,0,964.28,2025-06-23,2027-03-12,8a3cc937-5d2e-4b04-b961-e6372fb37757,2026-08-22 15:37:14.215386,AVAILABLE
91659040-44db-4a65-95ab-91a9589d7109,85ae4cf3-51bf-45d7-8011-bb994eb602a6,e5b3d5d3-901d-4fcd-a2a7-46c89cb44540,b1b122eb-1ba2-4148-b9ac-5d21b2adf647,B478273,347,20,1606.37,2026-11-02,2027-05-10,e6d69402-090c-458e-ab40-7589f32bf4bf,2026-06-03 15:37:14.215462,AVAILABLE
13c22072-0646-42b8-acc7-ad622dea9b94,85ae4cf3-51bf-45d7-8011-bb994eb602a6,e5b3d5d3-901d-4fcd-a2a7-46c89cb44540,b1b122eb-1ba2-4148-b9ac-5d21b2adf647,B754067,80,4,892.47,2026-08-20,2028-02-06,b55d3c34-369b-4934-9015-9e38109b79f2,2026-09-06 15:37:14.215535,AVAILABLE
8177320e-fdeb-4bfc-b5ce-99108596bcca,85ae4cf3-51bf-45d7-8011-bb994eb602a6,e5b3d5d3-901d-4fcd-a2a7-46c89cb44540,b1b122eb-1ba2-4148-b9ac-5d21b2adf647,B268837,232,32,1048.12,2026-12-17,2027-12-26,43b13eff-affb-4e79-a137-2d676513f12b,2026-06-20 15:37:14.215586,AVAILABLE
1a9f80a8-2b9f-441c-acbc-8e9fd9e74def,85ae4cf3-51bf-45d7-8011-bb994eb602a6,e5b3d5d3-901d-4fcd-a2a7-46c89cb44540,27bdd8c0-778d-42ea-ae25-964ce81e391d,B891300,563,55,391.75,2026-03-30,2027-09-21,389d9f94-94f3-497d-9ad3-80b154c36b08,2026-06-25 15:37:14.215707,AVAILABLE
69dc9ea0-11c5-428e-b61c-57b4d2431526,85ae4cf3-51bf-45d7-8011-bb994eb602a6,e5b3d5d3-901d-4fcd-a2a7-46c89cb44540,27bdd8c0-778d-42ea-ae25-964ce81e391d,B985818,367,30,329.99,2025-05-17,2026-10-22,301e3cd3-c948-49e9-add4-e8080a9fab7f,2026-05-29 15:37:14.215773,AVAILABLE
9934776a-dfa7-4731-aa39-5a1b46e0ab37,85ae4cf3-51bf-45d7-8011-bb994eb602a6,e5b3d5d3-901d-4fcd-a2a7-46c89cb44540,e5b7da92-602a-4a8f-9b36-3acfc3414ba7,B596296,729,73,1177.95,2026-06-16,2027-06-03,8a3cc937-5d2e-4b04-b961-e6372fb37757,2026-04-27 15:37:14.215921,AVAILABLE
92c2cb1c-ac70-472c-ade6-41dbab16ec68,85ae4cf3-51bf-45d7-8011-bb994eb602a6,e5b3d5d3-901d-4fcd-a2a7-46c89cb44540,e5b7da92-602a-4a8f-9b36-3acfc3414ba7,B199351,673,67,430.89,2025-12-24,2027-01-15,1400ecad-7beb-4557-b782-a9b67dbfa3ea,2026-06-18 15:37:14.215968,AVAILABLE
b536101f-daa5-417d-ba66-e111841c5359,85ae4cf3-51bf-45d7-8011-bb994eb602a6,e5b3d5d3-901d-4fcd-a2a7-46c89cb44540,e5b7da92-602a-4a8f-9b36-3acfc3414ba7,B381519,346,51,289.81,2025-05-08,2026-12-04,85ba89f5-0cbe-423d-9b09-8edf117efeb7,2026-06-14 15:37:14.216009,AVAILABLE
9305f27d-0cc4-4cac-90f8-b3ad661ac669,85ae4cf3-51bf-45d7-8011-bb994eb602a6,e5b3d5d3-901d-4fcd-a2a7-46c89cb44540,13cd9912-56bb-4721-abb1-986f20a370cb,B147238,964,127,256.94,2026-02-22,2026-12-22,85ba89f5-0cbe-423d-9b09-8edf117efeb7,2026-05-24 15:37:14.216048,AVAILABLE
b0fd2b04-23c2-42dc-86bf-b75adc0e1807,85ae4cf3-51bf-45d7-8011-bb994eb602a6,e5b3d5d3-901d-4fcd-a2a7-46c89cb44540,13cd9912-56bb-4721-abb1-986f20a370cb,B551411,32,1,1269.58,2026-06-27,2027-07-31,301e3cd3-c948-49e9-add4-e8080a9fab7f,2026-10-05 15:37:14.216086,AVAILABLE
d6d2f401-88e1-4422-ab09-56801f3e9254,85ae4cf3-51bf-45d7-8011-bb994eb602a6,e5b3d5d3-901d-4fcd-a2a7-46c89cb44540,13cd9912-56bb-4721-abb1-986f20a370cb,B508124,475,3,1616.14,2025-09-23,2027-04-02,1400ecad-7beb-4557-b782-a9b67dbfa3ea,2026-08-04 15:37:14.216158,AVAILABLE
2729e955-0a06-4979-b531-0c691da5ca0c,85ae4cf3-51bf-45d7-8011-bb994eb602a6,e5b3d5d3-901d-4fcd-a2a7-46c89cb44540,be0b42c5-6bfe-48dc-8f33-e20d29d25a48,B302917,862,43,363.49,2026-05-04,2026-12-23,e6d69402-090c-458e-ab40-7589f32bf4bf,2026-05-06 15:37:14.216198,AVAILABLE
b562d66b-0b9f-4d2c-a382-f3e98f96815d,85ae4cf3-51bf-45d7-8011-bb994eb602a6,e5b3d5d3-901d-4fcd-a2a7-46c89cb44540,be0b42c5-6bfe-48dc-8f33-e20d29d25a48,B490086,760,48,1408.81,2026-02-27,2027-09-09,b55d3c34-369b-4934-9015-9e38109b79f2,2026-06-22 15:37:14.216236,AVAILABLE
ff5d3530-62cf-4c6e-ab18-fc647f304ad5,85ae4cf3-51bf-45d7-8011-bb994eb602a6,e5b3d5d3-901d-4fcd-a2a7-46c89cb44540,0073cc32-e309-402c-96aa-1fb03de469f1,B713418,895,83,1706.77,2026-11-26,2027-09-21,43b13eff-affb-4e79-a137-2d676513f12b,2026-07-05 15:37:14.216273,AVAILABLE
bf68e4e0-089d-49cf-8935-4bcafbad63af,85ae4cf3-51bf-45d7-8011-bb994eb602a6,e5b3d5d3-901d-4fcd-a2a7-46c89cb44540,0073cc32-e309-402c-96aa-1fb03de469f1,B125084,977,82,565.38,2027-01-06,2027-12-19,301e3cd3-c948-49e9-add4-e8080a9fab7f,2026-10-07 15:37:14.216339,AVAILABLE
25e23b9e-d0e0-4101-958f-5734ac99d66b,85ae4cf3-51bf-45d7-8011-bb994eb602a6,e5b3d5d3-901d-4fcd-a2a7-46c89cb44540,c037d58f-eb63-482e-81f7-b1f739423cdf,B316053,309,45,1178.23,2027-06-21,2028-03-29,41e5f347-011f-49c8-a809-9ebc6ef93e37,2026-09-02 15:37:14.216405,AVAILABLE
17869878-9521-4739-8eb9-2f1c4b34b8b9,85ae4cf3-51bf-45d7-8011-bb994eb602a6,e5b3d5d3-901d-4fcd-a2a7-46c89cb44540,c037d58f-eb63-482e-81f7-b1f739423cdf,B611045,953,142,1383.06,2026-10-31,2028-03-12,e6d69402-090c-458e-ab40-7589f32bf4bf,2026-08-09 15:37:14.216529,AVAILABLE
be6c6e7e-4451-41af-b6e9-5dee21da703d,85ae4cf3-51bf-45d7-8011-bb994eb602a6,e5b3d5d3-901d-4fcd-a2a7-46c89cb44540,ceee2775-c68b-4199-9eb8-21746763c4ba,B347906,210,8,787.47,2026-08-17,2027-02-18,b55d3c34-369b-4934-9015-9e38109b79f2,2026-08-28 15:37:14.216730,AVAILABLE
8d1a4b6b-2f27-4dab-9816-fde1d725d2b5,85ae4cf3-51bf-45d7-8011-bb994eb602a6,e5b3d5d3-901d-4fcd-a2a7-46c89cb44540,ceee2775-c68b-4199-9eb8-21746763c4ba,B504743,523,51,1609.63,2026-07-05,2027-12-22,389d9f94-94f3-497d-9ad3-80b154c36b08,2026-04-18 15:37:14.216800,AVAILABLE
597e9ba8-e02d-4594-8017-c63f3178ef23,85ae4cf3-51bf-45d7-8011-bb994eb602a6,e5b3d5d3-901d-4fcd-a2a7-46c89cb44540,c51619a8-ba83-483f-9b52-064f926d96a2,B658156,209,6,1698.66,2026-04-09,2028-01-30,1400ecad-7beb-4557-b782-a9b67dbfa3ea,2026-06-22 15:37:14.216880,AVAILABLE
2dde0b80-ac26-414b-80e3-de6270d09d92,85ae4cf3-51bf-45d7-8011-bb994eb602a6,e5b3d5d3-901d-4fcd-a2a7-46c89cb44540,6f12778d-43ca-4220-8b3b-11201ac91209,B776502,331,33,31.82,2026-04-01,2027-08-03,e6d69402-090c-458e-ab40-7589f32bf4bf,2026-05-21 15:37:14.216922,AVAILABLE
0e58c443-7268-412e-a2f7-3e9c5b0e32e7,85ae4cf3-51bf-45d7-8011-bb994eb602a6,0208f973-dc64-409f-965d-224ac9e2e843,305d6d9c-7521-4f74-8c0d-0bf7d5af8dfd,B718844,519,35,825.69,2027-01-24,2027-12-10,85ba89f5-0cbe-423d-9b09-8edf117efeb7,2026-08-11 15:37:14.217195,AVAILABLE
9a813ccf-597f-45ab-849c-4705e5d9d4f4,85ae4cf3-51bf-45d7-8011-bb994eb602a6,0208f973-dc64-409f-965d-224ac9e2e843,fda2f8a3-95ba-4f42-97f3-dbce57a916f1,B442136,485,8,1561.17,2026-12-09,2027-06-19,8a3cc937-5d2e-4b04-b961-e6372fb37757,2026-08-31 15:37:14.217830,AVAILABLE
13618d08-ac5d-4e0e-b273-c64a6e388379,85ae4cf3-51bf-45d7-8011-bb994eb602a6,0208f973-dc64-409f-965d-224ac9e2e843,0073cc32-e309-402c-96aa-1fb03de469f1,B369003,133,1,113.83,2027-05-26,2028-01-13,8a3cc937-5d2e-4b04-b961-e6372fb37757,2026-09-09 15:37:14.217925,AVAILABLE
80b8940d-8374-4a8c-b2dd-d7adf5d7bfdb,85ae4cf3-51bf-45d7-8011-bb994eb602a6,0208f973-dc64-409f-965d-224ac9e2e843,987c980e-f5ed-4388-b102-971ff25870b1,B845409,636,74,1109.55,2026-03-01,2028-01-06,8a3cc937-5d2e-4b04-b961-e6372fb37757,2026-08-20 15:37:14.217982,AVAILABLE
806e6d6b-9139-4515-a7b2-156f041ee0c6,85ae4cf3-51bf-45d7-8011-bb994eb602a6,0208f973-dc64-409f-965d-224ac9e2e843,987c980e-f5ed-4388-b102-971ff25870b1,B900380,885,97,1327.74,2027-02-27,2027-11-06,389d9f94-94f3-497d-9ad3-80b154c36b08,2026-09-05 15:37:14.218024,AVAILABLE
382a7c68-21cf-48fa-a0d5-bd3d85a7f76d,85ae4cf3-51bf-45d7-8011-bb994eb602a6,0208f973-dc64-409f-965d-224ac9e2e843,987c980e-f5ed-4388-b102-971ff25870b1,B291725,352,4,758.93,2026-06-26,2027-07-28,301e3cd3-c948-49e9-add4-e8080a9fab7f,2026-06-21 15:37:14.218064,AVAILABLE
14c9da58-cbcd-4ee5-9f2c-ab71e548ddd2,85ae4cf3-51bf-45d7-8011-bb994eb602a6,0208f973-dc64-409f-965d-224ac9e2e843,220f964e-a351-4ad0-827e-502f5ded939c,B149741,43,6,687.04,2027-02-03,2028-01-11,389d9f94-94f3-497d-9ad3-80b154c36b08,2026-08-25 15:37:14.218110,AVAILABLE
08e1cc30-c57e-40ee-89e6-58875e7dc9ae,85ae4cf3-51bf-45d7-8011-bb994eb602a6,0208f973-dc64-409f-965d-224ac9e2e843,3e9b0bad-6728-4523-be87-a00adf0fff30,B371204,326,32,1144.96,2025-11-19,2027-05-04,301e3cd3-c948-49e9-add4-e8080a9fab7f,2026-05-03 15:37:14.218150,AVAILABLE
f310423d-f2fb-40ac-a71d-f20f63e2da60,85ae4cf3-51bf-45d7-8011-bb994eb602a6,0208f973-dc64-409f-965d-224ac9e2e843,3e9b0bad-6728-4523-be87-a00adf0fff30,B132579,697,70,1684.97,2026-01-18,2027-07-03,41e5f347-011f-49c8-a809-9ebc6ef93e37,2026-05-13 15:37:14.218187,AVAILABLE
06ec533c-66d2-4c89-b1c5-e3d14e37c62c,85ae4cf3-51bf-45d7-8011-bb994eb602a6,0208f973-dc64-409f-965d-224ac9e2e843,3e9b0bad-6728-4523-be87-a00adf0fff30,B768379,996,118,1556.95,2026-04-17,2027-01-15,85ba89f5-0cbe-423d-9b09-8edf117efeb7,2026-08-06 15:37:14.218224,AVAILABLE
59b912d2-214f-4a72-9cab-ebfc96e38ddc,85ae4cf3-51bf-45d7-8011-bb994eb602a6,0208f973-dc64-409f-965d-224ac9e2e843,6cbb6f57-d6cb-41b0-aca5-9ea4e8c5be47,B735019,237,23,781.18,2027-02-27,2027-09-08,43b13eff-affb-4e79-a137-2d676513f12b,2026-08-24 15:37:14.218263,AVAILABLE
67c67721-f2e8-472c-b54c-18db639c0b90,85ae4cf3-51bf-45d7-8011-bb994eb602a6,0208f973-dc64-409f-965d-224ac9e2e843,6cbb6f57-d6cb-41b0-aca5-9ea4e8c5be47,B973923,850,126,1429.7,2026-12-20,2028-03-11,1400ecad-7beb-4557-b782-a9b67dbfa3ea,2026-05-05 15:37:14.218299,AVAILABLE
a02f0fd2-aa9d-43a6-a580-33ef79f15f34,85ae4cf3-51bf-45d7-8011-bb994eb602a6,0208f973-dc64-409f-965d-224ac9e2e843,1640337f-9614-4c3f-bda8-20c0eb4c6bce,B195332,828,8,1647.82,2027-05-14,2027-11-26,1400ecad-7beb-4557-b782-a9b67dbfa3ea,2026-07-13 15:37:14.218338,AVAILABLE
a741f4a9-994f-497c-a94d-ab7bb1038785,85ae4cf3-51bf-45d7-8011-bb994eb602a6,0208f973-dc64-409f-965d-224ac9e2e843,1640337f-9614-4c3f-bda8-20c0eb4c6bce,B648919,120,3,411.71,2026-07-23,2027-04-28,e692d4b3-4456-49eb-87f5-ee22fc6e4200,2026-09-18 15:37:14.218373,AVAILABLE
887f3773-26d5-4543-bbf4-3168db5db742,85ae4cf3-51bf-45d7-8011-bb994eb602a6,0208f973-dc64-409f-965d-224ac9e2e843,573f39b9-7855-4b4d-8a9e-14a5e9d8b2cd,B522276,683,50,320.27,2026-04-22,2026-11-28,b55d3c34-369b-4934-9015-9e38109b79f2,2026-06-21 15:37:14.218411,AVAILABLE
e5472c07-656f-4002-9479-7da24b39cca9,85ae4cf3-51bf-45d7-8011-bb994eb602a6,0208f973-dc64-409f-965d-224ac9e2e843,573f39b9-7855-4b4d-8a9e-14a5e9d8b2cd,B452141,133,16,429.42,2026-08-29,2027-06-11,1400ecad-7beb-4557-b782-a9b67dbfa3ea,2026-05-29 15:37:14.218446,AVAILABLE
93d3f285-d25e-4118-ae60-62e5db5441c2,85ae4cf3-51bf-45d7-8011-bb994eb602a6,0208f973-dc64-409f-965d-224ac9e2e843,a7d4d675-bb94-424a-b6e4-1709b9e91e6d,B311524,646,28,1586.63,2025-04-02,2027-02-21,b55d3c34-369b-4934-9015-9e38109b79f2,2026-04-28 15:37:14.218485,AVAILABLE
8d86db53-8f08-4996-8509-af5049be1c16,85ae4cf3-51bf-45d7-8011-bb994eb602a6,0208f973-dc64-409f-965d-224ac9e2e843,a7d4d675-bb94-424a-b6e4-1709b9e91e6d,B582974,285,16,1424.03,2026-06-05,2027-02-05,41e5f347-011f-49c8-a809-9ebc6ef93e37,2026-09-09 15:37:14.218523,AVAILABLE
69dd4b02-8254-44f7-9a71-b23e899c9171,85ae4cf3-51bf-45d7-8011-bb994eb602a6,0208f973-dc64-409f-965d-224ac9e2e843,a7d4d675-bb94-424a-b6e4-1709b9e91e6d,B506573,434,22,1752.22,2026-10-28,2027-07-12,e692d4b3-4456-49eb-87f5-ee22fc6e4200,2026-08-30 15:37:14.218561,AVAILABLE
338e138c-b11b-485b-b648-8b362ccb9efe,85ae4cf3-51bf-45d7-8011-bb994eb602a6,0208f973-dc64-409f-965d-224ac9e2e843,2b376704-d06b-441d-a2bf-f0973873411c,B530370,969,63,631.95,2025-05-29,2027-04-27,e6d69402-090c-458e-ab40-7589f32bf4bf,2026-06-08 15:37:14.218634,AVAILABLE
0f598120-ccdb-45d2-9fcf-afc59e3948e7,85ae4cf3-51bf-45d7-8011-bb994eb602a6,0208f973-dc64-409f-965d-224ac9e2e843,f6dc8117-e75f-4920-a0cf-04c7bafc7542,B548678,179,8,548.1,2027-01-19,2027-12-27,b55d3c34-369b-4934-9015-9e38109b79f2,2026-06-08 15:37:14.218692,AVAILABLE
908dc935-48a4-4467-aaa9-e28a7e8516f1,85ae4cf3-51bf-45d7-8011-bb994eb602a6,0208f973-dc64-409f-965d-224ac9e2e843,f6dc8117-e75f-4920-a0cf-04c7bafc7542,B800757,160,2,721.78,2026-05-14,2026-11-27,389d9f94-94f3-497d-9ad3-80b154c36b08,2026-09-16 15:37:14.218898,AVAILABLE
aa6ca70e-d67b-4540-8f75-cedec394dbef,85ae4cf3-51bf-45d7-8011-bb994eb602a6,0208f973-dc64-409f-965d-224ac9e2e843,24bad869-7045-4954-b58f-10edc0407e69,B140724,308,5,1593.66,2025-02-20,2027-01-13,e692d4b3-4456-49eb-87f5-ee22fc6e4200,2026-09-26 15:37:14.218957,AVAILABLE
204e3db9-849b-4ae7-9bfd-9ecabec6c0a7,85ae4cf3-51bf-45d7-8011-bb994eb602a6,0208f973-dc64-409f-965d-224ac9e2e843,24bad869-7045-4954-b58f-10edc0407e69,B602145,425,23,966.01,2025-07-04,2026-12-07,b55d3c34-369b-4934-9015-9e38109b79f2,2026-09-01 15:37:14.219001,AVAILABLE
5e37b6ea-46ba-44fc-8e02-9acae674a656,85ae4cf3-51bf-45d7-8011-bb994eb602a6,0208f973-dc64-409f-965d-224ac9e2e843,27bdd8c0-778d-42ea-ae25-964ce81e391d,B221102,484,57,1054.15,2027-01-15,2027-08-04,e692d4b3-4456-49eb-87f5-ee22fc6e4200,2026-08-18 15:37:14.219042,AVAILABLE
6fc1c2f6-a858-4d00-9947-01639f3a077f,85ae4cf3-51bf-45d7-8011-bb994eb602a6,0208f973-dc64-409f-965d-224ac9e2e843,27bdd8c0-778d-42ea-ae25-964ce81e391d,B549796,159,13,484.08,2025-11-23,2026-10-23,43b13eff-affb-4e79-a137-2d676513f12b,2026-09-02 15:37:14.219080,AVAILABLE
f5585317-4860-4944-baa7-6d7f5dbecbd1,85ae4cf3-51bf-45d7-8011-bb994eb602a6,0208f973-dc64-409f-965d-224ac9e2e843,27bdd8c0-778d-42ea-ae25-964ce81e391d,B287819,856,94,271.82,2025-02-03,2026-11-04,85ba89f5-0cbe-423d-9b09-8edf117efeb7,2026-06-08 15:37:14.219117,AVAILABLE
914ea898-ec0e-4bfa-aadd-d32dbc6a4a88,85ae4cf3-51bf-45d7-8011-bb994eb602a6,0208f973-dc64-409f-965d-224ac9e2e843,ceee2775-c68b-4199-9eb8-21746763c4ba,B732751,734,13,807.44,2027-06-03,2027-12-27,85ba89f5-0cbe-423d-9b09-8edf117efeb7,2026-06-23 15:37:14.219200,AVAILABLE
3fa45088-8231-4879-a884-5aafde326e69,85ae4cf3-51bf-45d7-8011-bb994eb602a6,0208f973-dc64-409f-965d-224ac9e2e843,ceee2775-c68b-4199-9eb8-21746763c4ba,B414509,464,52,1709.58,2025-05-11,2026-10-22,b55d3c34-369b-4934-9015-9e38109b79f2,2026-08-06 15:37:14.219244,AVAILABLE
460f1fb5-1633-4bea-9755-32de20c76f2f,9454a900-be26-4a3d-ad53-b449210cffb4,c892a00b-e4a6-47d6-95a4-a89c7c5f31cf,061b886b-98ed-480e-9810-63995f2f47ed,B431112,93,12,1033.45,2026-08-19,2027-06-04,301e3cd3-c948-49e9-add4-e8080a9fab7f,2026-07-18 15:37:14.220558,AVAILABLE
82834bbd-9e0b-47d2-8c79-cce12127fc1b,9454a900-be26-4a3d-ad53-b449210cffb4,c892a00b-e4a6-47d6-95a4-a89c7c5f31cf,061b886b-98ed-480e-9810-63995f2f47ed,B164856,752,29,1623.44,2025-02-19,2026-12-18,301e3cd3-c948-49e9-add4-e8080a9fab7f,2026-09-18 15:37:14.220701,AVAILABLE
5b0e67c4-4111-418a-a99a-38ff9313c4c5,9454a900-be26-4a3d-ad53-b449210cffb4,c892a00b-e4a6-47d6-95a4-a89c7c5f31cf,061b886b-98ed-480e-9810-63995f2f47ed,B539863,978,39,181.1,2027-04-15,2028-01-09,43b13eff-affb-4e79-a137-2d676513f12b,2026-05-17 15:37:14.220805,AVAILABLE
7d2c5dbe-d846-4d87-b6d3-c15be702eb3c,9454a900-be26-4a3d-ad53-b449210cffb4,c892a00b-e4a6-47d6-95a4-a89c7c5f31cf,43110ae2-2c0b-4654-936a-72afad56219d,B367278,987,48,507.93,2026-05-13,2028-03-22,1400ecad-7beb-4557-b782-a9b67dbfa3ea,2026-08-12 15:37:14.220868,AVAILABLE
e3051985-20d9-41cd-aaaf-32705d27502b,9454a900-be26-4a3d-ad53-b449210cffb4,c892a00b-e4a6-47d6-95a4-a89c7c5f31cf,16d1b73f-8881-425f-82b2-7ab4974b08ef,B371692,79,10,220.24,2024-11-21,2026-10-24,e692d4b3-4456-49eb-87f5-ee22fc6e4200,2026-07-05 15:37:14.220918,AVAILABLE
fb82a92c-ee82-4b2b-bbd7-ba00a04c142b,9454a900-be26-4a3d-ad53-b449210cffb4,c892a00b-e4a6-47d6-95a4-a89c7c5f31cf,16d1b73f-8881-425f-82b2-7ab4974b08ef,B642762,992,106,48.25,2025-03-24,2026-12-24,43b13eff-affb-4e79-a137-2d676513f12b,2026-09-25 15:37:14.220960,AVAILABLE
d9fd48d1-645b-46b6-b3f2-7597e466eafc,9454a900-be26-4a3d-ad53-b449210cffb4,c892a00b-e4a6-47d6-95a4-a89c7c5f31cf,16d1b73f-8881-425f-82b2-7ab4974b08ef,B547928,798,80,1332.61,2026-02-05,2027-02-23,b55d3c34-369b-4934-9015-9e38109b79f2,2026-07-24 15:37:14.221000,AVAILABLE
a331073f-2111-4453-bf92-5b777b2e6357,9454a900-be26-4a3d-ad53-b449210cffb4,c892a00b-e4a6-47d6-95a4-a89c7c5f31cf,9f081f26-ba8d-47d6-870e-ca0ca1cae51f,B448024,282,36,601.31,2026-05-15,2026-12-11,301e3cd3-c948-49e9-add4-e8080a9fab7f,2026-08-01 15:37:14.221042,AVAILABLE
a6037bb7-a497-4584-bb48-17bdc4203096,9454a900-be26-4a3d-ad53-b449210cffb4,c892a00b-e4a6-47d6-95a4-a89c7c5f31cf,3a19d3ca-1898-4db4-b347-55af1376c897,B453366,687,85,744.8,2025-09-18,2027-01-03,301e3cd3-c948-49e9-add4-e8080a9fab7f,2026-04-14 15:37:14.221084,AVAILABLE
72caa279-1878-4170-927a-99b8c546ab74,9454a900-be26-4a3d-ad53-b449210cffb4,c892a00b-e4a6-47d6-95a4-a89c7c5f31cf,3a19d3ca-1898-4db4-b347-55af1376c897,B529523,860,47,502.13,2027-05-01,2028-03-27,41e5f347-011f-49c8-a809-9ebc6ef93e37,2026-06-11 15:37:14.221124,AVAILABLE
4a4cca8b-a2da-4f0e-be8c-febbd4c8ed5a,9454a900-be26-4a3d-ad53-b449210cffb4,c892a00b-e4a6-47d6-95a4-a89c7c5f31cf,3a19d3ca-1898-4db4-b347-55af1376c897,B734528,646,93,854.32,2025-10-19,2027-01-24,85ba89f5-0cbe-423d-9b09-8edf117efeb7,2026-05-20 15:37:14.221162,AVAILABLE
2f6bd9d9-d6f5-46d7-a4b8-2473da191e09,9454a900-be26-4a3d-ad53-b449210cffb4,c892a00b-e4a6-47d6-95a4-a89c7c5f31cf,c037d58f-eb63-482e-81f7-b1f739423cdf,B566365,217,1,1186.23,2026-06-11,2027-09-23,43b13eff-affb-4e79-a137-2d676513f12b,2026-04-30 15:37:14.221202,AVAILABLE
c3e1880c-dc43-4148-bbc3-8cd8c0e9e44d,9454a900-be26-4a3d-ad53-b449210cffb4,c892a00b-e4a6-47d6-95a4-a89c7c5f31cf,c037d58f-eb63-482e-81f7-b1f739423cdf,B816322,579,40,588.87,2025-10-10,2026-12-01,389d9f94-94f3-497d-9ad3-80b154c36b08,2026-07-21 15:37:14.221785,AVAILABLE
2c4e57c8-f055-47d2-8350-7b088410bf23,9454a900-be26-4a3d-ad53-b449210cffb4,c892a00b-e4a6-47d6-95a4-a89c7c5f31cf,c037d58f-eb63-482e-81f7-b1f739423cdf,B659665,564,52,102.63,2025-04-29,2027-04-01,e692d4b3-4456-49eb-87f5-ee22fc6e4200,2026-09-01 15:37:14.221872,AVAILABLE
98791f86-be6a-4146-8f9c-e86e7fa2f0fc,9454a900-be26-4a3d-ad53-b449210cffb4,c892a00b-e4a6-47d6-95a4-a89c7c5f31cf,8e15b3a9-915f-4bf0-84c7-182f335e062c,B802234,215,0,1744.59,2025-06-05,2026-11-20,41e5f347-011f-49c8-a809-9ebc6ef93e37,2026-07-29 15:37:14.221927,AVAILABLE
28a32d16-745d-4203-b4ee-b2b1166a208b,9454a900-be26-4a3d-ad53-b449210cffb4,c892a00b-e4a6-47d6-95a4-a89c7c5f31cf,419b95a7-17e5-4918-ad68-d58ee6b6e6f5,B927976,890,64,1108.87,2026-04-03,2027-03-07,43b13eff-affb-4e79-a137-2d676513f12b,2026-04-15 15:37:14.221974,AVAILABLE
ebc6174f-94dc-40c9-9619-7749f12d74df,9454a900-be26-4a3d-ad53-b449210cffb4,c892a00b-e4a6-47d6-95a4-a89c7c5f31cf,419b95a7-17e5-4918-ad68-d58ee6b6e6f5,B216767,198,2,1788.73,2026-11-24,2028-01-19,301e3cd3-c948-49e9-add4-e8080a9fab7f,2026-04-16 15:37:14.222017,AVAILABLE
11c771e2-b747-40c5-abaa-b601a467c651,9454a900-be26-4a3d-ad53-b449210cffb4,c892a00b-e4a6-47d6-95a4-a89c7c5f31cf,a197882a-31bc-40ba-be53-5a7c2f5930f7,B651031,618,72,1786.51,2025-12-02,2027-03-25,41e5f347-011f-49c8-a809-9ebc6ef93e37,2026-09-29 15:37:14.222060,AVAILABLE
19e90473-19f2-44d1-8a4a-9eced6374a69,9454a900-be26-4a3d-ad53-b449210cffb4,c892a00b-e4a6-47d6-95a4-a89c7c5f31cf,a197882a-31bc-40ba-be53-5a7c2f5930f7,B890514,622,28,1608.01,2025-08-16,2027-03-06,e6d69402-090c-458e-ab40-7589f32bf4bf,2026-07-18 15:37:14.222100,AVAILABLE
64c44f16-bb5e-4760-89b4-4d0bfe184c7a,9454a900-be26-4a3d-ad53-b449210cffb4,c892a00b-e4a6-47d6-95a4-a89c7c5f31cf,a197882a-31bc-40ba-be53-5a7c2f5930f7,B328576,181,25,186.33,2026-06-17,2028-03-19,e692d4b3-4456-49eb-87f5-ee22fc6e4200,2026-05-26 15:37:14.222138,AVAILABLE
f77537b5-3203-43cb-a298-c8429e1cce26,9454a900-be26-4a3d-ad53-b449210cffb4,c892a00b-e4a6-47d6-95a4-a89c7c5f31cf,e3420e6d-9ba0-43de-991d-15b61159daa1,B106049,64,2,1540.0,2025-10-23,2027-01-20,1400ecad-7beb-4557-b782-a9b67dbfa3ea,2026-09-23 15:37:14.222186,AVAILABLE
b176c9be-ff21-4b53-bebd-da87537bccb3,9454a900-be26-4a3d-ad53-b449210cffb4,c892a00b-e4a6-47d6-95a4-a89c7c5f31cf,e3420e6d-9ba0-43de-991d-15b61159daa1,B765142,327,19,274.09,2026-05-07,2026-12-04,85ba89f5-0cbe-423d-9b09-8edf117efeb7,2026-09-10 15:37:14.222359,AVAILABLE
c5dcda4d-4171-4336-ac0e-2fe42ebecd59,9454a900-be26-4a3d-ad53-b449210cffb4,c892a00b-e4a6-47d6-95a4-a89c7c5f31cf,f6dc8117-e75f-4920-a0cf-04c7bafc7542,B782679,630,9,828.92,2026-07-03,2028-02-13,e6d69402-090c-458e-ab40-7589f32bf4bf,2026-05-18 15:37:14.222411,AVAILABLE
9a816141-f450-4825-959c-71391b1cd2bd,9454a900-be26-4a3d-ad53-b449210cffb4,c892a00b-e4a6-47d6-95a4-a89c7c5f31cf,f6dc8117-e75f-4920-a0cf-04c7bafc7542,B117119,280,16,605.42,2026-09-26,2027-06-24,e6d69402-090c-458e-ab40-7589f32bf4bf,2026-09-04 15:37:14.222453,AVAILABLE
280665d3-529b-4299-86e5-cb0aa38da07b,9454a900-be26-4a3d-ad53-b449210cffb4,c892a00b-e4a6-47d6-95a4-a89c7c5f31cf,f6dc8117-e75f-4920-a0cf-04c7bafc7542,B383853,954,87,225.02,2026-06-02,2027-08-16,41e5f347-011f-49c8-a809-9ebc6ef93e37,2026-06-20 15:37:14.222502,AVAILABLE
7f1749cd-6a47-4073-8d74-2680685c49da,9454a900-be26-4a3d-ad53-b449210cffb4,c892a00b-e4a6-47d6-95a4-a89c7c5f31cf,305d6d9c-7521-4f74-8c0d-0bf7d5af8dfd,B938735,969,59,1409.46,2026-04-02,2027-07-28,b55d3c34-369b-4934-9015-9e38109b79f2,2026-05-24 15:37:14.222740,AVAILABLE
7f1426a0-757a-4c1b-be37-b24ed7bb37ee,9454a900-be26-4a3d-ad53-b449210cffb4,c892a00b-e4a6-47d6-95a4-a89c7c5f31cf,2aceb2a6-c859-4f95-a238-9ad796b698fa,B439581,928,98,1577.76,2026-02-08,2027-07-10,b55d3c34-369b-4934-9015-9e38109b79f2,2026-04-25 15:37:14.222832,AVAILABLE
00521d39-dca5-4232-afb8-2dd868b286ed,9454a900-be26-4a3d-ad53-b449210cffb4,c892a00b-e4a6-47d6-95a4-a89c7c5f31cf,2aceb2a6-c859-4f95-a238-9ad796b698fa,B244327,224,18,1791.97,2026-10-27,2027-08-08,43b13eff-affb-4e79-a137-2d676513f12b,2026-07-12 15:37:14.222914,AVAILABLE
d729def2-8876-42cf-a5fa-6ae16932b21c,9454a900-be26-4a3d-ad53-b449210cffb4,c892a00b-e4a6-47d6-95a4-a89c7c5f31cf,378ef267-9155-41bc-a431-7c700c1731e3,B583534,259,2,325.55,2026-06-05,2027-03-25,1400ecad-7beb-4557-b782-a9b67dbfa3ea,2026-09-14 15:37:14.222964,AVAILABLE
0703be77-fd89-43d4-aaa3-1f3622276819,9454a900-be26-4a3d-ad53-b449210cffb4,c892a00b-e4a6-47d6-95a4-a89c7c5f31cf,378ef267-9155-41bc-a431-7c700c1731e3,B749990,361,17,310.02,2024-10-25,2026-10-08,e6d69402-090c-458e-ab40-7589f32bf4bf,2026-05-31 15:37:14.223006,AVAILABLE
d7c678c3-6ec9-41c5-8a45-daf5d775bb0e,9454a900-be26-4a3d-ad53-b449210cffb4,c892a00b-e4a6-47d6-95a4-a89c7c5f31cf,0c98fcbf-9121-467b-910d-10fcfbcd35b6,B215140,405,0,1241.49,2026-04-06,2027-03-22,1400ecad-7beb-4557-b782-a9b67dbfa3ea,2026-09-18 15:37:14.223045,AVAILABLE
7347cc4f-fd1d-4e3d-9506-0bd31487ebc6,9454a900-be26-4a3d-ad53-b449210cffb4,c892a00b-e4a6-47d6-95a4-a89c7c5f31cf,b8b41174-e4bb-41e0-8dc8-fbdaf9d470ec,B271285,978,48,295.07,2025-08-01,2027-01-22,b55d3c34-369b-4934-9015-9e38109b79f2,2026-07-05 15:37:14.223088,AVAILABLE
8e9522de-8a7a-432e-be55-f8f97131330e,9454a900-be26-4a3d-ad53-b449210cffb4,c892a00b-e4a6-47d6-95a4-a89c7c5f31cf,b8b41174-e4bb-41e0-8dc8-fbdaf9d470ec,B155093,114,14,555.6,2025-10-01,2027-02-05,301e3cd3-c948-49e9-add4-e8080a9fab7f,2026-06-22 15:37:14.223184,AVAILABLE
99885657-0495-4d3a-9c0e-5f7ca2b71787,9454a900-be26-4a3d-ad53-b449210cffb4,c892a00b-e4a6-47d6-95a4-a89c7c5f31cf,831a67ea-b75d-494e-8ba6-e91b1b1eae6e,B115387,140,1,840.63,2026-04-18,2027-12-06,41e5f347-011f-49c8-a809-9ebc6ef93e37,2026-04-22 15:37:14.223233,AVAILABLE
2174d670-0a9e-4ba1-bf8e-87551871c084,9454a900-be26-4a3d-ad53-b449210cffb4,c892a00b-e4a6-47d6-95a4-a89c7c5f31cf,831a67ea-b75d-494e-8ba6-e91b1b1eae6e,B773113,175,15,1763.9,2026-10-04,2027-07-19,e6d69402-090c-458e-ab40-7589f32bf4bf,2026-07-30 15:37:14.223271,AVAILABLE
4ce69948-039b-46c2-87e0-5442988d600b,9454a900-be26-4a3d-ad53-b449210cffb4,c892a00b-e4a6-47d6-95a4-a89c7c5f31cf,957c588f-5e69-469f-b353-4b24fef25a65,B237085,284,27,460.77,2026-11-24,2027-09-17,43b13eff-affb-4e79-a137-2d676513f12b,2026-09-12 15:37:14.223309,AVAILABLE
158f826e-f7d9-4eac-a0b9-93b753ed46b4,9454a900-be26-4a3d-ad53-b449210cffb4,c892a00b-e4a6-47d6-95a4-a89c7c5f31cf,cbb4966e-7bea-4df2-82bc-5fcfe9617ff8,B125759,534,54,1347.82,2026-11-07,2027-09-11,301e3cd3-c948-49e9-add4-e8080a9fab7f,2026-05-09 15:37:14.223347,AVAILABLE
ce007c24-20dc-4585-b992-01ae453ebf43,9454a900-be26-4a3d-ad53-b449210cffb4,c892a00b-e4a6-47d6-95a4-a89c7c5f31cf,3e6ecca3-9ad1-49a9-ad9a-5509b28de79d,B513418,874,87,41.02,2027-08-14,2028-03-26,41e5f347-011f-49c8-a809-9ebc6ef93e37,2026-05-21 15:37:14.223385,AVAILABLE
c3caf8ed-ab56-45fc-8278-783d7a5a2ac4,9454a900-be26-4a3d-ad53-b449210cffb4,c892a00b-e4a6-47d6-95a4-a89c7c5f31cf,c5533566-0e57-4058-9e8f-cc921a574da9,B453749,432,49,1501.58,2026-01-25,2027-03-15,301e3cd3-c948-49e9-add4-e8080a9fab7f,2026-05-16 15:37:14.223423,AVAILABLE
59ab56a7-4656-444b-832d-f8d7d337d158,9454a900-be26-4a3d-ad53-b449210cffb4,c892a00b-e4a6-47d6-95a4-a89c7c5f31cf,c5533566-0e57-4058-9e8f-cc921a574da9,B437554,520,73,1144.49,2026-09-18,2027-10-03,41e5f347-011f-49c8-a809-9ebc6ef93e37,2026-07-02 15:37:14.223458,AVAILABLE
ae68b52c-e493-4fec-a9ce-9455b7a65e1d,9454a900-be26-4a3d-ad53-b449210cffb4,c892a00b-e4a6-47d6-95a4-a89c7c5f31cf,522740d6-f3db-4ac1-a547-6b62598fe57f,B666879,515,55,999.31,2026-01-01,2027-08-21,389d9f94-94f3-497d-9ad3-80b154c36b08,2026-08-31 15:37:14.223495,AVAILABLE
9cd5439b-1b10-41d7-8aa2-529cfc3b2fdb,9454a900-be26-4a3d-ad53-b449210cffb4,c892a00b-e4a6-47d6-95a4-a89c7c5f31cf,522740d6-f3db-4ac1-a547-6b62598fe57f,B498031,692,17,1041.37,2026-03-25,2028-01-13,43b13eff-affb-4e79-a137-2d676513f12b,2026-07-05 15:37:14.223532,AVAILABLE
75ae0bd6-9482-4d43-a11c-d58169b53f5c,9454a900-be26-4a3d-ad53-b449210cffb4,c892a00b-e4a6-47d6-95a4-a89c7c5f31cf,220f964e-a351-4ad0-827e-502f5ded939c,B806648,892,38,1559.5,2026-12-09,2027-07-27,389d9f94-94f3-497d-9ad3-80b154c36b08,2026-04-22 15:37:14.223656,AVAILABLE
aaf66e77-dc14-453b-b2c0-93e9eacd2279,9454a900-be26-4a3d-ad53-b449210cffb4,c892a00b-e4a6-47d6-95a4-a89c7c5f31cf,220f964e-a351-4ad0-827e-502f5ded939c,B800240,437,27,825.45,2026-07-19,2027-04-29,85ba89f5-0cbe-423d-9b09-8edf117efeb7,2026-07-06 15:37:14.223708,AVAILABLE
a2020994-2bcb-4713-92f1-37a560d49173,9454a900-be26-4a3d-ad53-b449210cffb4,c892a00b-e4a6-47d6-95a4-a89c7c5f31cf,99f2ef21-d83e-4cde-a73a-10b587a903a3,B381364,412,40,1122.26,2026-08-16,2027-02-22,43b13eff-affb-4e79-a137-2d676513f12b,2026-09-19 15:37:14.223749,AVAILABLE
83872dd4-ca9a-4c69-ad7f-d37d56d9b337,9454a900-be26-4a3d-ad53-b449210cffb4,c892a00b-e4a6-47d6-95a4-a89c7c5f31cf,99f2ef21-d83e-4cde-a73a-10b587a903a3,B402810,875,46,1712.51,2025-06-19,2027-04-20,b55d3c34-369b-4934-9015-9e38109b79f2,2026-08-12 15:37:14.223785,AVAILABLE
b335ca83-3845-4708-acff-1759b7e10e81,9454a900-be26-4a3d-ad53-b449210cffb4,c892a00b-e4a6-47d6-95a4-a89c7c5f31cf,99f2ef21-d83e-4cde-a73a-10b587a903a3,B570558,820,107,669.46,2026-10-15,2027-08-25,e692d4b3-4456-49eb-87f5-ee22fc6e4200,2026-06-27 15:37:14.223822,AVAILABLE
1c4543a8-04bc-4313-b357-47ce72978946,9454a900-be26-4a3d-ad53-b449210cffb4,c892a00b-e4a6-47d6-95a4-a89c7c5f31cf,2b376704-d06b-441d-a2bf-f0973873411c,B383967,177,10,1774.54,2025-10-24,2027-03-08,e6d69402-090c-458e-ab40-7589f32bf4bf,2026-05-31 15:37:14.223860,AVAILABLE
24114e55-1f60-48b7-b29b-57baa36b0375,9454a900-be26-4a3d-ad53-b449210cffb4,c892a00b-e4a6-47d6-95a4-a89c7c5f31cf,2b376704-d06b-441d-a2bf-f0973873411c,B337505,30,3,1013.24,2025-10-13,2027-07-08,e6d69402-090c-458e-ab40-7589f32bf4bf,2026-08-26 15:37:14.223895,AVAILABLE
742f22c3-5335-4c27-b37d-0d9a991b2867,9454a900-be26-4a3d-ad53-b449210cffb4,c892a00b-e4a6-47d6-95a4-a89c7c5f31cf,2b376704-d06b-441d-a2bf-f0973873411c,B367841,166,10,1552.02,2025-09-07,2027-02-08,43b13eff-affb-4e79-a137-2d676513f12b,2026-08-22 15:37:14.223931,AVAILABLE
3b41c2c8-7c1f-4666-b490-8d9ea5ee6c13,9454a900-be26-4a3d-ad53-b449210cffb4,c892a00b-e4a6-47d6-95a4-a89c7c5f31cf,d039d8bd-44d3-44fc-a49f-83d1987d0b48,B323958,302,28,94.63,2026-01-25,2027-09-11,b55d3c34-369b-4934-9015-9e38109b79f2,2026-06-16 15:37:14.223968,AVAILABLE
ca01ce18-6cab-4374-a7f1-9d72eb285bdf,9454a900-be26-4a3d-ad53-b449210cffb4,c892a00b-e4a6-47d6-95a4-a89c7c5f31cf,b699a59a-a0ec-49d9-b327-482e55347adf,B211696,613,70,213.35,2026-03-30,2027-03-16,301e3cd3-c948-49e9-add4-e8080a9fab7f,2026-06-30 15:37:14.224038,AVAILABLE
ea724ee7-0a81-402a-b737-578fdfbd3a2b,9454a900-be26-4a3d-ad53-b449210cffb4,c892a00b-e4a6-47d6-95a4-a89c7c5f31cf,4fda6990-76da-4515-8f85-4b5ce64dd1ce,B119893,417,2,560.37,2027-01-12,2027-08-18,43b13eff-affb-4e79-a137-2d676513f12b,2026-08-02 15:37:14.224076,AVAILABLE
cb663600-fdfe-46d2-b2d3-ad0d2fee5166,9454a900-be26-4a3d-ad53-b449210cffb4,c892a00b-e4a6-47d6-95a4-a89c7c5f31cf,4fda6990-76da-4515-8f85-4b5ce64dd1ce,B181705,429,45,1249.35,2027-03-01,2028-03-10,43b13eff-affb-4e79-a137-2d676513f12b,2026-05-18 15:37:14.224114,AVAILABLE
f0495384-88b5-46af-9e3f-fc0f4b43bfa3,9454a900-be26-4a3d-ad53-b449210cffb4,c892a00b-e4a6-47d6-95a4-a89c7c5f31cf,4fda6990-76da-4515-8f85-4b5ce64dd1ce,B970142,798,60,1510.23,2025-09-23,2027-07-06,85ba89f5-0cbe-423d-9b09-8edf117efeb7,2026-10-06 15:37:14.224221,AVAILABLE
f226c083-ba98-410b-a840-fed3796f2774,9454a900-be26-4a3d-ad53-b449210cffb4,c892a00b-e4a6-47d6-95a4-a89c7c5f31cf,2cd10b6d-063e-4f55-a0b6-37edb93b63a6,B132539,996,45,1524.31,2025-03-31,2027-01-31,1400ecad-7beb-4557-b782-a9b67dbfa3ea,2026-09-20 15:37:14.224298,AVAILABLE
5f6a65fa-b39d-4ca1-a2f7-428b66f679da,9454a900-be26-4a3d-ad53-b449210cffb4,c892a00b-e4a6-47d6-95a4-a89c7c5f31cf,2cd10b6d-063e-4f55-a0b6-37edb93b63a6,B214673,684,67,746.75,2026-12-06,2027-12-05,301e3cd3-c948-49e9-add4-e8080a9fab7f,2026-10-06 15:37:14.224340,AVAILABLE
9d826b07-1b8a-47b7-b4dd-d66985ecd0aa,9454a900-be26-4a3d-ad53-b449210cffb4,c892a00b-e4a6-47d6-95a4-a89c7c5f31cf,2cd10b6d-063e-4f55-a0b6-37edb93b63a6,B934396,246,15,1513.41,2027-08-23,2028-03-12,b55d3c34-369b-4934-9015-9e38109b79f2,2026-05-28 15:37:14.224381,AVAILABLE
f991bb26-8dc3-4c15-ab73-cf204671a4a0,9454a900-be26-4a3d-ad53-b449210cffb4,c892a00b-e4a6-47d6-95a4-a89c7c5f31cf,2c10bfc8-d106-4422-b38f-e414215c8def,B826478,959,53,914.8,2027-03-29,2027-12-04,e6d69402-090c-458e-ab40-7589f32bf4bf,2026-05-05 15:37:14.224422,AVAILABLE
82975c28-7c8a-4579-9457-91088cd7b63e,9454a900-be26-4a3d-ad53-b449210cffb4,c892a00b-e4a6-47d6-95a4-a89c7c5f31cf,2c10bfc8-d106-4422-b38f-e414215c8def,B638327,902,97,1102.85,2025-08-27,2026-11-24,8a3cc937-5d2e-4b04-b961-e6372fb37757,2026-08-01 15:37:14.224468,AVAILABLE
f4d7960f-e61d-4691-9006-7730c239103c,9454a900-be26-4a3d-ad53-b449210cffb4,c892a00b-e4a6-47d6-95a4-a89c7c5f31cf,1640337f-9614-4c3f-bda8-20c0eb4c6bce,B958298,766,100,446.92,2026-07-07,2027-04-25,389d9f94-94f3-497d-9ad3-80b154c36b08,2026-07-11 15:37:14.225043,AVAILABLE
226560c8-b307-472d-80c0-dccf5ad81a4f,9454a900-be26-4a3d-ad53-b449210cffb4,c892a00b-e4a6-47d6-95a4-a89c7c5f31cf,24db962d-9a6b-4de6-982b-b719e504efb9,B341965,610,33,340.59,2026-12-16,2027-06-20,e6d69402-090c-458e-ab40-7589f32bf4bf,2026-09-13 15:37:14.225109,AVAILABLE
d7a6805b-5956-44cd-90fe-9f0fb58f0088,9454a900-be26-4a3d-ad53-b449210cffb4,c892a00b-e4a6-47d6-95a4-a89c7c5f31cf,24db962d-9a6b-4de6-982b-b719e504efb9,B384946,960,73,1552.49,2027-06-21,2028-02-11,e692d4b3-4456-49eb-87f5-ee22fc6e4200,2026-09-04 15:37:14.225161,AVAILABLE
c9489a16-8d94-4d18-90d0-5311019efcec,9454a900-be26-4a3d-ad53-b449210cffb4,c892a00b-e4a6-47d6-95a4-a89c7c5f31cf,6989db76-adcc-4a3d-b3c0-61fb496a0f5d,B850212,457,10,231.96,2025-10-21,2026-12-12,b55d3c34-369b-4934-9015-9e38109b79f2,2026-06-20 15:37:14.225210,AVAILABLE
c441d45e-1089-46cc-bc04-2a4325601579,9454a900-be26-4a3d-ad53-b449210cffb4,c892a00b-e4a6-47d6-95a4-a89c7c5f31cf,6989db76-adcc-4a3d-b3c0-61fb496a0f5d,B719051,830,113,651.11,2026-08-11,2027-04-21,b55d3c34-369b-4934-9015-9e38109b79f2,2026-07-23 15:37:14.225250,AVAILABLE
87d146a8-9b22-4327-aca8-bac8566e4c83,9454a900-be26-4a3d-ad53-b449210cffb4,c892a00b-e4a6-47d6-95a4-a89c7c5f31cf,6989db76-adcc-4a3d-b3c0-61fb496a0f5d,B686195,896,70,503.96,2025-08-12,2027-06-07,e6d69402-090c-458e-ab40-7589f32bf4bf,2026-09-07 15:37:14.225289,AVAILABLE
ffcd27f7-141d-47fe-be2b-240c748596a3,9454a900-be26-4a3d-ad53-b449210cffb4,c892a00b-e4a6-47d6-95a4-a89c7c5f31cf,0df67422-0ffe-4855-b4b7-0f4e8676cbdb,B802563,178,8,1252.65,2025-05-26,2027-02-20,1400ecad-7beb-4557-b782-a9b67dbfa3ea,2026-07-25 15:37:14.225368,AVAILABLE
80fa05f0-6027-4667-a3c6-6c522e1659fc,9454a900-be26-4a3d-ad53-b449210cffb4,c892a00b-e4a6-47d6-95a4-a89c7c5f31cf,0df67422-0ffe-4855-b4b7-0f4e8676cbdb,B416895,697,52,1029.34,2026-02-14,2027-06-15,41e5f347-011f-49c8-a809-9ebc6ef93e37,2026-07-08 15:37:14.225411,AVAILABLE
8cb740ea-c4be-44bc-a67f-05898165cdfb,9454a900-be26-4a3d-ad53-b449210cffb4,c892a00b-e4a6-47d6-95a4-a89c7c5f31cf,0df67422-0ffe-4855-b4b7-0f4e8676cbdb,B726279,362,8,1654.9,2026-10-12,2028-02-04,389d9f94-94f3-497d-9ad3-80b154c36b08,2026-07-24 15:37:14.225448,AVAILABLE
a5431246-ec98-4b11-89cb-d9ba77e57797,9454a900-be26-4a3d-ad53-b449210cffb4,c892a00b-e4a6-47d6-95a4-a89c7c5f31cf,2f7de1c2-cb62-4261-83f5-d8323f438333,B293464,489,55,704.22,2026-12-09,2027-09-07,e692d4b3-4456-49eb-87f5-ee22fc6e4200,2026-08-07 15:37:14.225535,AVAILABLE
f8cabb2f-65ec-492e-b720-12f79ad6aea5,9454a900-be26-4a3d-ad53-b449210cffb4,c892a00b-e4a6-47d6-95a4-a89c7c5f31cf,2f7de1c2-cb62-4261-83f5-d8323f438333,B524937,402,20,1244.34,2026-08-20,2027-12-14,e6d69402-090c-458e-ab40-7589f32bf4bf,2026-06-14 15:37:14.225695,AVAILABLE
a7cbc0d3-d20a-4591-8981-121c62a16f46,9454a900-be26-4a3d-ad53-b449210cffb4,c892a00b-e4a6-47d6-95a4-a89c7c5f31cf,2f7de1c2-cb62-4261-83f5-d8323f438333,B953769,518,72,745.76,2026-12-24,2027-07-21,e6d69402-090c-458e-ab40-7589f32bf4bf,2026-07-19 15:37:14.225747,AVAILABLE
c49dfdc8-28c3-4055-9889-2ad9b399ab1b,9454a900-be26-4a3d-ad53-b449210cffb4,c892a00b-e4a6-47d6-95a4-a89c7c5f31cf,9c06c388-c751-407e-9c97-3b46b1db5e7c,B428524,764,77,32.94,2026-09-03,2027-06-03,389d9f94-94f3-497d-9ad3-80b154c36b08,2026-08-03 15:37:14.225800,AVAILABLE
90ffdc90-c4c2-4016-8e95-86f82b1c5226,9454a900-be26-4a3d-ad53-b449210cffb4,c892a00b-e4a6-47d6-95a4-a89c7c5f31cf,9c06c388-c751-407e-9c97-3b46b1db5e7c,B999741,940,88,126.71,2025-12-13,2026-11-18,e6d69402-090c-458e-ab40-7589f32bf4bf,2026-07-01 15:37:14.225877,AVAILABLE
271bd0d2-46e1-4e38-9707-5445fdd2fcad,9454a900-be26-4a3d-ad53-b449210cffb4,c892a00b-e4a6-47d6-95a4-a89c7c5f31cf,9c06c388-c751-407e-9c97-3b46b1db5e7c,B957737,21,2,916.57,2026-01-29,2027-03-25,e692d4b3-4456-49eb-87f5-ee22fc6e4200,2026-06-09 15:37:14.225937,AVAILABLE
467ff89b-e405-4702-b41e-645d9ddfe9dd,9454a900-be26-4a3d-ad53-b449210cffb4,c892a00b-e4a6-47d6-95a4-a89c7c5f31cf,ca8399a1-143e-4717-be95-7836c2f21dcb,B110876,674,40,589.65,2026-08-28,2027-11-28,1400ecad-7beb-4557-b782-a9b67dbfa3ea,2026-06-03 15:37:14.225979,AVAILABLE
d5c02d4b-0e66-4593-a1eb-aa9e7c67785e,9454a900-be26-4a3d-ad53-b449210cffb4,c892a00b-e4a6-47d6-95a4-a89c7c5f31cf,ca8399a1-143e-4717-be95-7836c2f21dcb,B634182,596,49,1051.54,2025-06-15,2027-03-15,389d9f94-94f3-497d-9ad3-80b154c36b08,2026-07-14 15:37:14.226020,AVAILABLE
e0381126-c35c-4f84-a8c3-cee2bedfdfec,9454a900-be26-4a3d-ad53-b449210cffb4,c892a00b-e4a6-47d6-95a4-a89c7c5f31cf,ca8399a1-143e-4717-be95-7836c2f21dcb,B495107,767,98,594.06,2026-06-24,2027-08-02,e6d69402-090c-458e-ab40-7589f32bf4bf,2026-06-06 15:37:14.226059,AVAILABLE
5b5202e1-1a60-4242-ab4a-0baed9a1579d,9454a900-be26-4a3d-ad53-b449210cffb4,c892a00b-e4a6-47d6-95a4-a89c7c5f31cf,ea61edd3-7fbd-4c08-b312-d866041879c2,B792165,787,40,1273.76,2026-10-29,2028-01-31,85ba89f5-0cbe-423d-9b09-8edf117efeb7,2026-10-05 15:37:14.226133,AVAILABLE
dc930e9d-eb77-462b-aaa3-02f7837bddc5,9454a900-be26-4a3d-ad53-b449210cffb4,c892a00b-e4a6-47d6-95a4-a89c7c5f31cf,ea61edd3-7fbd-4c08-b312-d866041879c2,B812242,437,52,49.09,2025-01-06,2026-10-25,41e5f347-011f-49c8-a809-9ebc6ef93e37,2026-05-08 15:37:14.226172,AVAILABLE
d432b801-d061-4df1-90fd-108448406268,9454a900-be26-4a3d-ad53-b449210cffb4,c892a00b-e4a6-47d6-95a4-a89c7c5f31cf,ea61edd3-7fbd-4c08-b312-d866041879c2,B914744,230,27,1621.97,2026-02-21,2027-05-28,389d9f94-94f3-497d-9ad3-80b154c36b08,2026-05-12 15:37:14.226210,AVAILABLE
efc965dd-af81-4b5b-a06f-993f2597e553,9454a900-be26-4a3d-ad53-b449210cffb4,c892a00b-e4a6-47d6-95a4-a89c7c5f31cf,0eecbfea-7628-487c-b590-fece2c687e7a,B835445,636,37,1355.37,2026-06-12,2027-04-10,41e5f347-011f-49c8-a809-9ebc6ef93e37,2026-09-09 15:37:14.226249,AVAILABLE
1c9eabc0-de95-45b9-8177-1459edd09167,9454a900-be26-4a3d-ad53-b449210cffb4,c892a00b-e4a6-47d6-95a4-a89c7c5f31cf,0eecbfea-7628-487c-b590-fece2c687e7a,B635202,931,122,874.83,2026-06-05,2027-03-22,43b13eff-affb-4e79-a137-2d676513f12b,2026-05-10 15:37:14.226285,AVAILABLE
ef77fa86-feae-4f3d-acc8-f18303192baa,9454a900-be26-4a3d-ad53-b449210cffb4,c892a00b-e4a6-47d6-95a4-a89c7c5f31cf,0eecbfea-7628-487c-b590-fece2c687e7a,B779468,959,100,414.28,2026-06-21,2027-08-02,85ba89f5-0cbe-423d-9b09-8edf117efeb7,2026-05-17 15:37:14.226322,AVAILABLE
30c9f180-bbf6-40b4-877c-ca5f3444d1e8,9454a900-be26-4a3d-ad53-b449210cffb4,c892a00b-e4a6-47d6-95a4-a89c7c5f31cf,c2b13e9e-9865-4a6b-ba11-417dbd416417,B365720,123,0,780.72,2026-03-04,2027-12-22,1400ecad-7beb-4557-b782-a9b67dbfa3ea,2026-05-07 15:37:14.226359,AVAILABLE
d0f62d4d-c6ba-4da9-aad3-131a5750629f,9454a900-be26-4a3d-ad53-b449210cffb4,c892a00b-e4a6-47d6-95a4-a89c7c5f31cf,c2b13e9e-9865-4a6b-ba11-417dbd416417,B334987,175,24,1749.48,2027-01-07,2027-12-21,41e5f347-011f-49c8-a809-9ebc6ef93e37,2026-04-19 15:37:14.226423,AVAILABLE
d2b9e49a-b79a-43d4-b910-3a13e5523b5e,9454a900-be26-4a3d-ad53-b449210cffb4,c892a00b-e4a6-47d6-95a4-a89c7c5f31cf,c2b13e9e-9865-4a6b-ba11-417dbd416417,B340684,170,20,1265.26,2026-10-01,2027-08-21,41e5f347-011f-49c8-a809-9ebc6ef93e37,2026-05-22 15:37:14.226461,AVAILABLE
b8548955-856e-48a8-b332-a22b2a96f3f3,9454a900-be26-4a3d-ad53-b449210cffb4,c892a00b-e4a6-47d6-95a4-a89c7c5f31cf,4f7512b2-6b9d-434f-807e-2fc43528691e,B223098,77,9,404.91,2025-06-25,2027-06-14,1400ecad-7beb-4557-b782-a9b67dbfa3ea,2026-05-31 15:37:14.226528,AVAILABLE
783f8ad5-781f-482f-8f2b-5daaa2043995,9454a900-be26-4a3d-ad53-b449210cffb4,c892a00b-e4a6-47d6-95a4-a89c7c5f31cf,4f7512b2-6b9d-434f-807e-2fc43528691e,B120294,20,1,691.35,2025-11-30,2027-03-26,8a3cc937-5d2e-4b04-b961-e6372fb37757,2026-08-25 15:37:14.226566,AVAILABLE
7f577fd3-a498-4a3b-9c8f-b93b112d7447,9454a900-be26-4a3d-ad53-b449210cffb4,c892a00b-e4a6-47d6-95a4-a89c7c5f31cf,ebb48eae-a1ef-4da9-8ae1-b2f70e717661,B509201,782,29,843.86,2026-04-03,2027-02-22,e6d69402-090c-458e-ab40-7589f32bf4bf,2026-04-18 15:37:14.226649,AVAILABLE
ff1cd6df-32eb-4c77-a469-8583738fef02,9454a900-be26-4a3d-ad53-b449210cffb4,c892a00b-e4a6-47d6-95a4-a89c7c5f31cf,ebb48eae-a1ef-4da9-8ae1-b2f70e717661,B709430,325,11,78.23,2026-01-26,2027-10-22,389d9f94-94f3-497d-9ad3-80b154c36b08,2026-07-25 15:37:14.226701,AVAILABLE
7938f3d1-4d66-48a0-9203-f370040a904a,9454a900-be26-4a3d-ad53-b449210cffb4,c892a00b-e4a6-47d6-95a4-a89c7c5f31cf,bd5b3f87-5b53-4347-ac00-12fb9d5cd5a6,B930392,979,93,1610.53,2025-10-21,2027-09-19,b55d3c34-369b-4934-9015-9e38109b79f2,2026-07-19 15:37:14.226740,AVAILABLE
dcd6b98f-a2e8-4e35-9fc6-271661bbc274,9454a900-be26-4a3d-ad53-b449210cffb4,c892a00b-e4a6-47d6-95a4-a89c7c5f31cf,bd5b3f87-5b53-4347-ac00-12fb9d5cd5a6,B758559,791,94,753.05,2025-09-22,2027-08-18,41e5f347-011f-49c8-a809-9ebc6ef93e37,2026-08-01 15:37:14.226862,AVAILABLE
95656bb2-5d14-44ca-a0c2-91df9afbc191,9454a900-be26-4a3d-ad53-b449210cffb4,c892a00b-e4a6-47d6-95a4-a89c7c5f31cf,bd5b3f87-5b53-4347-ac00-12fb9d5cd5a6,B534150,305,37,1265.09,2026-08-20,2027-09-02,301e3cd3-c948-49e9-add4-e8080a9fab7f,2026-08-24 15:37:14.226922,AVAILABLE
cc4e09fc-284e-420e-b2f6-c4dbc0b29258,9454a900-be26-4a3d-ad53-b449210cffb4,c892a00b-e4a6-47d6-95a4-a89c7c5f31cf,cf8bc62c-4d72-4142-8ab6-03524280a750,B441455,894,74,671.7,2026-11-26,2027-10-22,e6d69402-090c-458e-ab40-7589f32bf4bf,2026-04-27 15:37:14.226964,AVAILABLE
19489d68-4726-45f6-bfe0-837b658d6f39,9454a900-be26-4a3d-ad53-b449210cffb4,c892a00b-e4a6-47d6-95a4-a89c7c5f31cf,a041cc1e-bb11-4e03-9969-5026c46ed837,B113616,736,43,1245.37,2025-11-28,2027-07-07,85ba89f5-0cbe-423d-9b09-8edf117efeb7,2026-08-26 15:37:14.227003,AVAILABLE
f6c69e9e-6c9a-4578-a3fa-6f552e4c5642,9454a900-be26-4a3d-ad53-b449210cffb4,c892a00b-e4a6-47d6-95a4-a89c7c5f31cf,a041cc1e-bb11-4e03-9969-5026c46ed837,B767318,487,50,1642.3,2026-09-19,2028-01-26,8a3cc937-5d2e-4b04-b961-e6372fb37757,2026-08-14 15:37:14.227080,AVAILABLE
69c08067-e236-4d68-a3c8-fb3eb8344cf7,9454a900-be26-4a3d-ad53-b449210cffb4,c892a00b-e4a6-47d6-95a4-a89c7c5f31cf,a041cc1e-bb11-4e03-9969-5026c46ed837,B435283,848,70,1491.95,2026-01-12,2026-12-26,8a3cc937-5d2e-4b04-b961-e6372fb37757,2026-05-31 15:37:14.227122,AVAILABLE
98b6b09d-cfc8-480d-94df-c38b31a77696,9454a900-be26-4a3d-ad53-b449210cffb4,c892a00b-e4a6-47d6-95a4-a89c7c5f31cf,be0b42c5-6bfe-48dc-8f33-e20d29d25a48,B833392,983,40,1787.34,2026-06-18,2028-01-14,41e5f347-011f-49c8-a809-9ebc6ef93e37,2026-05-20 15:37:14.227162,AVAILABLE
f700fed5-bd25-47be-b631-c9827d43e57e,9454a900-be26-4a3d-ad53-b449210cffb4,c892a00b-e4a6-47d6-95a4-a89c7c5f31cf,be0b42c5-6bfe-48dc-8f33-e20d29d25a48,B142488,162,7,1506.39,2026-03-06,2027-05-19,41e5f347-011f-49c8-a809-9ebc6ef93e37,2026-07-02 15:37:14.227199,AVAILABLE
33b5b750-6ec3-4e62-8f17-b1d7a73ed5f5,9454a900-be26-4a3d-ad53-b449210cffb4,c892a00b-e4a6-47d6-95a4-a89c7c5f31cf,ec00005f-8d61-4b61-825c-d8c696ae49aa,B264796,408,31,682.48,2026-05-05,2026-12-01,85ba89f5-0cbe-423d-9b09-8edf117efeb7,2026-09-15 15:37:14.227360,AVAILABLE
631e4b9f-08d2-415d-9b30-7f6b73da0135,9454a900-be26-4a3d-ad53-b449210cffb4,c892a00b-e4a6-47d6-95a4-a89c7c5f31cf,ec00005f-8d61-4b61-825c-d8c696ae49aa,B446219,123,3,1358.79,2027-05-25,2028-02-11,e6d69402-090c-458e-ab40-7589f32bf4bf,2026-07-31 15:37:14.227435,AVAILABLE
ba1a8630-24c5-487b-942d-3299dde72b70,9454a900-be26-4a3d-ad53-b449210cffb4,c892a00b-e4a6-47d6-95a4-a89c7c5f31cf,ec00005f-8d61-4b61-825c-d8c696ae49aa,B360380,448,64,1363.59,2026-03-16,2027-08-01,85ba89f5-0cbe-423d-9b09-8edf117efeb7,2026-06-14 15:37:14.227477,AVAILABLE
84a2409c-b1c6-4397-bb46-58bffef432e6,9454a900-be26-4a3d-ad53-b449210cffb4,c892a00b-e4a6-47d6-95a4-a89c7c5f31cf,fdd23e22-960c-4a44-af67-60d832b98217,B747362,472,48,897.56,2027-04-25,2027-11-09,e6d69402-090c-458e-ab40-7589f32bf4bf,2026-05-21 15:37:14.227521,AVAILABLE
f25e456e-7959-4ce1-ab75-52bf9a519db4,9454a900-be26-4a3d-ad53-b449210cffb4,c892a00b-e4a6-47d6-95a4-a89c7c5f31cf,fdd23e22-960c-4a44-af67-60d832b98217,B455462,112,4,644.54,2025-11-19,2027-06-06,e692d4b3-4456-49eb-87f5-ee22fc6e4200,2026-07-31 15:37:14.227559,AVAILABLE
5d458f52-c2cc-4996-abc4-a681e96a6c4a,9454a900-be26-4a3d-ad53-b449210cffb4,c892a00b-e4a6-47d6-95a4-a89c7c5f31cf,8cb385ca-cfdc-404f-8298-512a7c8578b3,B332404,509,25,682.14,2026-12-11,2027-08-06,389d9f94-94f3-497d-9ad3-80b154c36b08,2026-06-03 15:37:14.227629,AVAILABLE
188112ed-b0cc-440d-9db8-a39ab05465ec,9454a900-be26-4a3d-ad53-b449210cffb4,c892a00b-e4a6-47d6-95a4-a89c7c5f31cf,8cb385ca-cfdc-404f-8298-512a7c8578b3,B774123,346,4,898.62,2026-11-02,2027-05-05,85ba89f5-0cbe-423d-9b09-8edf117efeb7,2026-09-04 15:37:14.227866,AVAILABLE
96623d62-9ba3-4917-af18-24abe9305cce,9454a900-be26-4a3d-ad53-b449210cffb4,c892a00b-e4a6-47d6-95a4-a89c7c5f31cf,c51619a8-ba83-483f-9b52-064f926d96a2,B616784,311,43,1182.8,2026-03-02,2027-06-24,301e3cd3-c948-49e9-add4-e8080a9fab7f,2026-06-18 15:37:14.228198,AVAILABLE
3754f84c-c3f9-42df-bdd8-1f485c85307d,9454a900-be26-4a3d-ad53-b449210cffb4,7f7ca043-4be6-4b43-9326-58e52f55c735,cbb4966e-7bea-4df2-82bc-5fcfe9617ff8,B495278,250,18,402.54,2027-07-17,2028-03-13,e692d4b3-4456-49eb-87f5-ee22fc6e4200,2026-09-21 15:37:14.228980,AVAILABLE
bc30c289-80dc-4775-ac02-93e17ba3066d,9454a900-be26-4a3d-ad53-b449210cffb4,7f7ca043-4be6-4b43-9326-58e52f55c735,cbb4966e-7bea-4df2-82bc-5fcfe9617ff8,B872726,533,1,1232.88,2025-11-18,2026-10-27,85ba89f5-0cbe-423d-9b09-8edf117efeb7,2026-04-29 15:37:14.229139,AVAILABLE
b9f8772f-d4e8-4f97-9ecc-e7c7e0cec908,9454a900-be26-4a3d-ad53-b449210cffb4,7f7ca043-4be6-4b43-9326-58e52f55c735,cbb4966e-7bea-4df2-82bc-5fcfe9617ff8,B353402,158,9,987.83,2026-06-25,2027-06-14,43b13eff-affb-4e79-a137-2d676513f12b,2026-07-11 15:37:14.229200,AVAILABLE
7cd22cba-d250-496f-b023-b36a7c03f78c,9454a900-be26-4a3d-ad53-b449210cffb4,7f7ca043-4be6-4b43-9326-58e52f55c735,70745aec-f24f-4b18-807e-6adb80d01ba0,B137944,345,46,528.1,2026-08-18,2027-12-26,b55d3c34-369b-4934-9015-9e38109b79f2,2026-05-06 15:37:14.229344,AVAILABLE
0b3fa74b-92c4-47b3-834f-9f408f57c8ef,9454a900-be26-4a3d-ad53-b449210cffb4,7f7ca043-4be6-4b43-9326-58e52f55c735,70745aec-f24f-4b18-807e-6adb80d01ba0,B310100,958,81,1302.03,2025-02-25,2026-11-24,43b13eff-affb-4e79-a137-2d676513f12b,2026-07-13 15:37:14.229396,AVAILABLE
94f83110-f507-49c0-b75f-f6ef51f7a355,9454a900-be26-4a3d-ad53-b449210cffb4,7f7ca043-4be6-4b43-9326-58e52f55c735,70745aec-f24f-4b18-807e-6adb80d01ba0,B524613,605,22,1428.24,2025-06-28,2027-06-04,b55d3c34-369b-4934-9015-9e38109b79f2,2026-07-09 15:37:14.229447,AVAILABLE
19dba237-0f80-4a07-bb19-e38cadc13f35,9454a900-be26-4a3d-ad53-b449210cffb4,7f7ca043-4be6-4b43-9326-58e52f55c735,2c4e6d71-0152-4e82-9c16-bfc9c81ea55e,B679181,945,112,1027.21,2025-03-28,2026-12-30,389d9f94-94f3-497d-9ad3-80b154c36b08,2026-09-13 15:37:14.229654,AVAILABLE
bd16e246-fcc6-4f6d-9d04-9577540367e6,9454a900-be26-4a3d-ad53-b449210cffb4,7f7ca043-4be6-4b43-9326-58e52f55c735,33e37cdb-690b-4dd6-aa0b-3e189bf6bc51,B802652,915,110,497.19,2025-09-09,2027-02-21,e692d4b3-4456-49eb-87f5-ee22fc6e4200,2026-07-20 15:37:14.229751,AVAILABLE
d2394ab8-e5e5-48f7-a80a-ed57564fc9e1,9454a900-be26-4a3d-ad53-b449210cffb4,7f7ca043-4be6-4b43-9326-58e52f55c735,33e37cdb-690b-4dd6-aa0b-3e189bf6bc51,B925747,911,55,1406.33,2026-08-11,2027-03-06,e6d69402-090c-458e-ab40-7589f32bf4bf,2026-05-27 15:37:14.229795,AVAILABLE
61d853bc-c37d-4faa-b979-6da2faac82d1,9454a900-be26-4a3d-ad53-b449210cffb4,7f7ca043-4be6-4b43-9326-58e52f55c735,3b4f2db0-078e-4414-849b-1ba2782649be,B765450,435,61,900.88,2026-10-10,2028-01-08,43b13eff-affb-4e79-a137-2d676513f12b,2026-06-14 15:37:14.229835,AVAILABLE
c0a5bfab-9c89-4019-8001-b308d41e69e9,9454a900-be26-4a3d-ad53-b449210cffb4,7f7ca043-4be6-4b43-9326-58e52f55c735,3b4f2db0-078e-4414-849b-1ba2782649be,B731521,541,8,665.66,2026-03-08,2028-01-06,e6d69402-090c-458e-ab40-7589f32bf4bf,2026-06-22 15:37:14.229874,AVAILABLE
9c23564e-2f70-4725-ade9-a835ed28d962,9454a900-be26-4a3d-ad53-b449210cffb4,7f7ca043-4be6-4b43-9326-58e52f55c735,3b4f2db0-078e-4414-849b-1ba2782649be,B589210,257,29,1509.0,2027-02-21,2027-11-15,85ba89f5-0cbe-423d-9b09-8edf117efeb7,2026-05-07 15:37:14.229911,AVAILABLE
b12f1fa1-9ff1-4fbb-aa34-2934de158ba6,9454a900-be26-4a3d-ad53-b449210cffb4,7f7ca043-4be6-4b43-9326-58e52f55c735,f1b95f47-94a2-4979-a411-02444c727d3e,B972303,565,41,991.03,2026-09-21,2027-07-20,8a3cc937-5d2e-4b04-b961-e6372fb37757,2026-05-14 15:37:14.229949,AVAILABLE
a67c137a-bdec-4855-b84f-ad2e8a8cb3b7,9454a900-be26-4a3d-ad53-b449210cffb4,7f7ca043-4be6-4b43-9326-58e52f55c735,f1b95f47-94a2-4979-a411-02444c727d3e,B512120,471,34,1509.61,2027-06-22,2028-01-31,e692d4b3-4456-49eb-87f5-ee22fc6e4200,2026-06-27 15:37:14.229985,AVAILABLE
9f3aa213-1c80-415b-8a46-c759710337f4,9454a900-be26-4a3d-ad53-b449210cffb4,7f7ca043-4be6-4b43-9326-58e52f55c735,0a915249-7e9b-4a22-be4b-d5a6c9628e04,B928872,175,4,593.76,2026-06-03,2027-03-18,e692d4b3-4456-49eb-87f5-ee22fc6e4200,2026-05-15 15:37:14.230022,AVAILABLE
5f2498e4-5889-452e-8912-925a412d3f9f,9454a900-be26-4a3d-ad53-b449210cffb4,7f7ca043-4be6-4b43-9326-58e52f55c735,0a915249-7e9b-4a22-be4b-d5a6c9628e04,B852171,918,8,1427.33,2026-11-08,2027-11-06,8a3cc937-5d2e-4b04-b961-e6372fb37757,2026-07-18 15:37:14.230091,AVAILABLE
c22cccfe-15ab-4595-8724-68891a052163,9454a900-be26-4a3d-ad53-b449210cffb4,7f7ca043-4be6-4b43-9326-58e52f55c735,0a915249-7e9b-4a22-be4b-d5a6c9628e04,B910397,517,60,348.84,2027-04-01,2028-02-01,b55d3c34-369b-4934-9015-9e38109b79f2,2026-09-10 15:37:14.230156,AVAILABLE
a838e43e-a877-4eb2-a0e9-9b7d55c31668,9454a900-be26-4a3d-ad53-b449210cffb4,7f7ca043-4be6-4b43-9326-58e52f55c735,be0b42c5-6bfe-48dc-8f33-e20d29d25a48,B613839,606,83,1574.56,2025-10-06,2027-01-19,e692d4b3-4456-49eb-87f5-ee22fc6e4200,2026-05-30 15:37:14.230200,AVAILABLE
91342404-1c59-4ed3-9cf1-25ff6ca0d360,9454a900-be26-4a3d-ad53-b449210cffb4,7f7ca043-4be6-4b43-9326-58e52f55c735,be0b42c5-6bfe-48dc-8f33-e20d29d25a48,B275958,884,100,1738.43,2026-05-08,2027-01-04,1400ecad-7beb-4557-b782-a9b67dbfa3ea,2026-09-29 15:37:14.230238,AVAILABLE
6aab089d-54a6-411d-a022-1e2a503c4afd,9454a900-be26-4a3d-ad53-b449210cffb4,7f7ca043-4be6-4b43-9326-58e52f55c735,be0b42c5-6bfe-48dc-8f33-e20d29d25a48,B311306,238,18,163.22,2026-07-07,2028-03-06,41e5f347-011f-49c8-a809-9ebc6ef93e37,2026-08-21 15:37:14.230274,AVAILABLE
18eda2ac-5c7c-476e-9173-91cc3872af2f,9454a900-be26-4a3d-ad53-b449210cffb4,7f7ca043-4be6-4b43-9326-58e52f55c735,6cbb6f57-d6cb-41b0-aca5-9ea4e8c5be47,B388956,307,40,1194.37,2025-06-15,2027-03-21,8a3cc937-5d2e-4b04-b961-e6372fb37757,2026-04-15 15:37:14.230311,AVAILABLE
097f7057-6eaa-4bab-9592-5617307dd8ec,9454a900-be26-4a3d-ad53-b449210cffb4,7f7ca043-4be6-4b43-9326-58e52f55c735,6cbb6f57-d6cb-41b0-aca5-9ea4e8c5be47,B484760,375,17,1534.65,2025-11-29,2026-09-30,41e5f347-011f-49c8-a809-9ebc6ef93e37,2026-10-01 15:37:14.230347,EXPIRED
2ee825ac-f60c-4d70-af39-0add4fe5a2a5,9454a900-be26-4a3d-ad53-b449210cffb4,7f7ca043-4be6-4b43-9326-58e52f55c735,987c980e-f5ed-4388-b102-971ff25870b1,B788117,973,47,1396.68,2027-02-21,2027-08-27,1400ecad-7beb-4557-b782-a9b67dbfa3ea,2026-08-04 15:37:14.230386,AVAILABLE
66928904-7470-4312-b317-f5ff2cfb478e,9454a900-be26-4a3d-ad53-b449210cffb4,7f7ca043-4be6-4b43-9326-58e52f55c735,987c980e-f5ed-4388-b102-971ff25870b1,B643263,922,110,369.45,2027-02-28,2027-12-22,85ba89f5-0cbe-423d-9b09-8edf117efeb7,2026-09-02 15:37:14.230422,AVAILABLE
766c59b5-238e-4e69-ad77-ed22ec03716a,9454a900-be26-4a3d-ad53-b449210cffb4,7f7ca043-4be6-4b43-9326-58e52f55c735,b3163dc0-3ac7-41cc-b4fc-244bcbe446ad,B950445,550,48,1145.98,2025-07-02,2027-05-28,301e3cd3-c948-49e9-add4-e8080a9fab7f,2026-08-06 15:37:14.230459,AVAILABLE
d5d0e733-9edc-48cc-85ba-dceb75b25b2f,9454a900-be26-4a3d-ad53-b449210cffb4,7f7ca043-4be6-4b43-9326-58e52f55c735,b3163dc0-3ac7-41cc-b4fc-244bcbe446ad,B160240,219,26,432.44,2025-04-15,2026-10-24,b55d3c34-369b-4934-9015-9e38109b79f2,2026-08-12 15:37:14.230526,AVAILABLE
d7e31fa5-e391-4e7b-81df-6747198453cb,9454a900-be26-4a3d-ad53-b449210cffb4,7f7ca043-4be6-4b43-9326-58e52f55c735,d039d8bd-44d3-44fc-a49f-83d1987d0b48,B189786,592,0,813.69,2026-08-29,2027-10-04,1400ecad-7beb-4557-b782-a9b67dbfa3ea,2026-05-28 15:37:14.230567,AVAILABLE
425f9d0c-3a4c-410d-8714-e1df744b1fcd,9454a900-be26-4a3d-ad53-b449210cffb4,7f7ca043-4be6-4b43-9326-58e52f55c735,d039d8bd-44d3-44fc-a49f-83d1987d0b48,B987111,250,0,1635.15,2025-04-10,2026-10-24,8a3cc937-5d2e-4b04-b961-e6372fb37757,2026-04-20 15:37:14.230648,AVAILABLE
be7f3e7c-46ce-43d9-81a5-99ea5b621d67,9454a900-be26-4a3d-ad53-b449210cffb4,7f7ca043-4be6-4b43-9326-58e52f55c735,bd5b3f87-5b53-4347-ac00-12fb9d5cd5a6,B512036,809,50,1516.65,2024-10-18,2026-09-24,e6d69402-090c-458e-ab40-7589f32bf4bf,2026-08-19 15:37:14.230785,EXPIRED
868b47c9-f651-433d-bd40-65183f371620,9454a900-be26-4a3d-ad53-b449210cffb4,7f7ca043-4be6-4b43-9326-58e52f55c735,bd5b3f87-5b53-4347-ac00-12fb9d5cd5a6,B282255,509,5,1248.66,2025-10-20,2027-08-28,43b13eff-affb-4e79-a137-2d676513f12b,2026-04-15 15:37:14.230931,AVAILABLE
c396b3a3-b58b-4916-82c2-96b79f261570,9454a900-be26-4a3d-ad53-b449210cffb4,7f7ca043-4be6-4b43-9326-58e52f55c735,bd5b3f87-5b53-4347-ac00-12fb9d5cd5a6,B860214,251,23,972.74,2026-06-30,2027-12-28,41e5f347-011f-49c8-a809-9ebc6ef93e37,2026-04-22 15:37:14.231007,AVAILABLE
0d0101cd-06cd-4d2b-9a86-1d22d03fd7fb,9454a900-be26-4a3d-ad53-b449210cffb4,7f7ca043-4be6-4b43-9326-58e52f55c735,b3fa980f-96f4-474d-8999-454117e0d5d6,B195455,884,53,1292.75,2025-08-12,2027-07-30,389d9f94-94f3-497d-9ad3-80b154c36b08,2026-06-06 15:37:14.231057,AVAILABLE
8a3e6db8-ca7d-4c71-a148-ce195b9970d7,9454a900-be26-4a3d-ad53-b449210cffb4,7f7ca043-4be6-4b43-9326-58e52f55c735,b3fa980f-96f4-474d-8999-454117e0d5d6,B996593,190,12,815.54,2026-03-17,2027-08-22,1400ecad-7beb-4557-b782-a9b67dbfa3ea,2026-09-05 15:37:14.231096,AVAILABLE
da950561-1953-4951-92dc-9c21aca09e6d,9454a900-be26-4a3d-ad53-b449210cffb4,7f7ca043-4be6-4b43-9326-58e52f55c735,b3fa980f-96f4-474d-8999-454117e0d5d6,B285384,749,59,288.84,2026-04-07,2027-10-15,e692d4b3-4456-49eb-87f5-ee22fc6e4200,2026-06-30 15:37:14.231132,AVAILABLE
17c592e5-d552-4490-bf3a-10f5ac13a9ba,9454a900-be26-4a3d-ad53-b449210cffb4,7f7ca043-4be6-4b43-9326-58e52f55c735,8cb385ca-cfdc-404f-8298-512a7c8578b3,B405434,469,26,1591.1,2025-08-29,2026-11-17,e692d4b3-4456-49eb-87f5-ee22fc6e4200,2026-07-30 15:37:14.231219,AVAILABLE
df028ed1-7460-4d55-b572-cd66d5b996cb,9454a900-be26-4a3d-ad53-b449210cffb4,7f7ca043-4be6-4b43-9326-58e52f55c735,8cb385ca-cfdc-404f-8298-512a7c8578b3,B887300,290,18,1591.6,2026-06-13,2027-08-21,1400ecad-7beb-4557-b782-a9b67dbfa3ea,2026-09-07 15:37:14.231257,AVAILABLE
5130d385-985b-49f4-a2b7-71ed46714e27,9454a900-be26-4a3d-ad53-b449210cffb4,728f9446-52eb-469e-ab82-2901cefc7391,2f7de1c2-cb62-4261-83f5-d8323f438333,B534425,221,31,158.32,2027-01-16,2027-12-16,43b13eff-affb-4e79-a137-2d676513f12b,2026-08-08 15:37:14.231389,AVAILABLE
a3f236bd-b8d8-4630-9a4e-ea451a75be7d,9454a900-be26-4a3d-ad53-b449210cffb4,728f9446-52eb-469e-ab82-2901cefc7391,831a67ea-b75d-494e-8ba6-e91b1b1eae6e,B662340,628,54,1243.67,2026-12-16,2028-03-26,8a3cc937-5d2e-4b04-b961-e6372fb37757,2026-05-06 15:37:14.231437,AVAILABLE
26aeb99a-bb62-4ff8-aac0-9fcc2bc1ae46,9454a900-be26-4a3d-ad53-b449210cffb4,728f9446-52eb-469e-ab82-2901cefc7391,831a67ea-b75d-494e-8ba6-e91b1b1eae6e,B972923,349,33,571.07,2026-02-22,2027-04-26,b55d3c34-369b-4934-9015-9e38109b79f2,2026-09-05 15:37:14.231478,AVAILABLE
b3de66b1-1513-4960-a57f-3473f1799802,9454a900-be26-4a3d-ad53-b449210cffb4,728f9446-52eb-469e-ab82-2901cefc7391,831a67ea-b75d-494e-8ba6-e91b1b1eae6e,B969633,966,33,1116.69,2027-02-17,2027-11-29,389d9f94-94f3-497d-9ad3-80b154c36b08,2026-09-24 15:37:14.231516,AVAILABLE
2076fc68-586e-49c4-be58-bba7fcab5d5d,9454a900-be26-4a3d-ad53-b449210cffb4,728f9446-52eb-469e-ab82-2901cefc7391,13cd9912-56bb-4721-abb1-986f20a370cb,B157612,846,15,777.12,2025-06-27,2026-10-11,389d9f94-94f3-497d-9ad3-80b154c36b08,2026-04-12 15:37:14.231557,AVAILABLE
4ce93ec3-3796-476a-a758-6723a97b975c,9454a900-be26-4a3d-ad53-b449210cffb4,728f9446-52eb-469e-ab82-2901cefc7391,13cd9912-56bb-4721-abb1-986f20a370cb,B484777,924,83,549.44,2025-11-18,2027-03-31,e692d4b3-4456-49eb-87f5-ee22fc6e4200,2026-09-12 15:37:14.231593,AVAILABLE
34fc479e-0430-4532-8677-4b1eb3894316,9454a900-be26-4a3d-ad53-b449210cffb4,728f9446-52eb-469e-ab82-2901cefc7391,063be93d-6835-4b65-a8a1-c36e83278d83,B923622,355,0,1596.18,2026-04-24,2027-05-18,389d9f94-94f3-497d-9ad3-80b154c36b08,2026-04-16 15:37:14.231703,AVAILABLE
0d9f17a6-b887-44e0-b168-002c105a9139,9454a900-be26-4a3d-ad53-b449210cffb4,728f9446-52eb-469e-ab82-2901cefc7391,063be93d-6835-4b65-a8a1-c36e83278d83,B340873,865,97,1035.0,2026-04-24,2026-10-24,389d9f94-94f3-497d-9ad3-80b154c36b08,2026-09-21 15:37:14.231779,AVAILABLE
1ea089fc-ef86-4223-9511-e17147face44,9454a900-be26-4a3d-ad53-b449210cffb4,728f9446-52eb-469e-ab82-2901cefc7391,1d534fd0-ecdb-47f7-8df1-911899944ac3,B798594,614,13,1735.56,2027-06-24,2028-02-22,1400ecad-7beb-4557-b782-a9b67dbfa3ea,2026-08-06 15:37:14.231827,AVAILABLE
436fc3a7-1ceb-4205-8cc9-d4263c23c47d,9454a900-be26-4a3d-ad53-b449210cffb4,728f9446-52eb-469e-ab82-2901cefc7391,957c588f-5e69-469f-b353-4b24fef25a65,B940543,175,25,1033.24,2026-12-19,2027-09-06,e692d4b3-4456-49eb-87f5-ee22fc6e4200,2026-08-22 15:37:14.231867,AVAILABLE
cb8bf7c7-f8e8-4609-b60b-95435378fca1,9454a900-be26-4a3d-ad53-b449210cffb4,728f9446-52eb-469e-ab82-2901cefc7391,957c588f-5e69-469f-b353-4b24fef25a65,B110291,780,107,1679.91,2025-09-17,2027-07-01,43b13eff-affb-4e79-a137-2d676513f12b,2026-04-28 15:37:14.231904,AVAILABLE
a547d38a-f838-4c49-9a41-e0583e5e6804,9454a900-be26-4a3d-ad53-b449210cffb4,728f9446-52eb-469e-ab82-2901cefc7391,58bf12e5-ee8a-4194-a34c-aa820079144d,B408219,894,124,227.51,2026-11-21,2027-09-12,1400ecad-7beb-4557-b782-a9b67dbfa3ea,2026-07-04 15:37:14.231942,AVAILABLE
715d98e9-c4d7-4900-abaa-ee72b5064b5a,9454a900-be26-4a3d-ad53-b449210cffb4,728f9446-52eb-469e-ab82-2901cefc7391,58bf12e5-ee8a-4194-a34c-aa820079144d,B355298,830,76,1630.3,2026-10-10,2027-05-21,e692d4b3-4456-49eb-87f5-ee22fc6e4200,2026-04-21 15:37:14.232259,AVAILABLE
093fadbf-16fe-4eca-b18a-88a25b6ba858,9454a900-be26-4a3d-ad53-b449210cffb4,728f9446-52eb-469e-ab82-2901cefc7391,58bf12e5-ee8a-4194-a34c-aa820079144d,B480819,812,86,188.43,2025-08-22,2027-07-27,301e3cd3-c948-49e9-add4-e8080a9fab7f,2026-08-05 15:37:14.232343,AVAILABLE
824cb069-9928-4dac-a56b-d9fa66bc9219,9454a900-be26-4a3d-ad53-b449210cffb4,728f9446-52eb-469e-ab82-2901cefc7391,c5533566-0e57-4058-9e8f-cc921a574da9,B461121,544,27,100.84,2026-10-20,2027-11-23,43b13eff-affb-4e79-a137-2d676513f12b,2026-06-08 15:37:14.232508,AVAILABLE
08051b8a-aa3c-4092-bb9e-468031541077,9454a900-be26-4a3d-ad53-b449210cffb4,728f9446-52eb-469e-ab82-2901cefc7391,c5533566-0e57-4058-9e8f-cc921a574da9,B721709,433,58,1329.69,2026-08-09,2027-10-03,41e5f347-011f-49c8-a809-9ebc6ef93e37,2026-08-29 15:37:14.232554,AVAILABLE
a2758e3e-b985-4a1a-8f9b-24d6e5cac121,9454a900-be26-4a3d-ad53-b449210cffb4,728f9446-52eb-469e-ab82-2901cefc7391,6cbb6f57-d6cb-41b0-aca5-9ea4e8c5be47,B219029,701,20,1287.76,2026-11-04,2027-09-22,1400ecad-7beb-4557-b782-a9b67dbfa3ea,2026-06-09 15:37:14.232918,AVAILABLE
266f5b0f-5ee9-4b21-9843-042fc867e065,9454a900-be26-4a3d-ad53-b449210cffb4,728f9446-52eb-469e-ab82-2901cefc7391,6cbb6f57-d6cb-41b0-aca5-9ea4e8c5be47,B908253,829,91,1673.59,2026-04-19,2027-02-25,389d9f94-94f3-497d-9ad3-80b154c36b08,2026-05-20 15:37:14.233235,AVAILABLE
9b9dedad-9d95-44fc-97ca-a73554bfc7db,9454a900-be26-4a3d-ad53-b449210cffb4,728f9446-52eb-469e-ab82-2901cefc7391,cf8bc62c-4d72-4142-8ab6-03524280a750,B702602,639,66,632.43,2026-12-05,2027-12-24,1400ecad-7beb-4557-b782-a9b67dbfa3ea,2026-10-07 15:37:14.233841,AVAILABLE
7cf0d8d4-5b19-4f90-8f23-01481c9ad52a,9454a900-be26-4a3d-ad53-b449210cffb4,728f9446-52eb-469e-ab82-2901cefc7391,d039d8bd-44d3-44fc-a49f-83d1987d0b48,B793910,940,11,1082.17,2025-03-16,2026-11-14,389d9f94-94f3-497d-9ad3-80b154c36b08,2026-08-22 15:37:14.234031,AVAILABLE
d61c6eea-b0e5-4284-95d2-842f02168cd5,9454a900-be26-4a3d-ad53-b449210cffb4,728f9446-52eb-469e-ab82-2901cefc7391,f00273a7-acae-43ae-a0b4-b85c0ed6d4d3,B542651,425,58,1022.99,2026-11-29,2027-09-17,43b13eff-affb-4e79-a137-2d676513f12b,2026-07-27 15:37:14.234099,AVAILABLE
b2018140-27b8-4122-acf6-cecc1e1c9a63,9454a900-be26-4a3d-ad53-b449210cffb4,728f9446-52eb-469e-ab82-2901cefc7391,f00273a7-acae-43ae-a0b4-b85c0ed6d4d3,B990604,943,62,202.69,2026-04-18,2027-02-08,e692d4b3-4456-49eb-87f5-ee22fc6e4200,2026-09-15 15:37:14.234145,AVAILABLE
f6b52cbd-ff32-4c01-a998-1ea9d2e88086,9454a900-be26-4a3d-ad53-b449210cffb4,728f9446-52eb-469e-ab82-2901cefc7391,f00273a7-acae-43ae-a0b4-b85c0ed6d4d3,B337346,410,20,1243.76,2026-06-10,2027-12-19,e692d4b3-4456-49eb-87f5-ee22fc6e4200,2026-05-16 15:37:14.234188,AVAILABLE
43c7430b-dd1d-4bdb-8d13-350a21f0d34e,9454a900-be26-4a3d-ad53-b449210cffb4,728f9446-52eb-469e-ab82-2901cefc7391,99f2ef21-d83e-4cde-a73a-10b587a903a3,B140247,416,48,271.68,2026-06-17,2028-01-23,43b13eff-affb-4e79-a137-2d676513f12b,2026-04-29 15:37:14.234271,AVAILABLE
f8985413-b83d-4205-b5c8-d056c6eae364,9454a900-be26-4a3d-ad53-b449210cffb4,728f9446-52eb-469e-ab82-2901cefc7391,2aceb2a6-c859-4f95-a238-9ad796b698fa,B328378,713,68,232.92,2027-04-30,2028-02-19,389d9f94-94f3-497d-9ad3-80b154c36b08,2026-09-07 15:37:14.234313,AVAILABLE
b60b6b5f-3915-4fee-ade8-c4d9446f2ce4,9454a900-be26-4a3d-ad53-b449210cffb4,728f9446-52eb-469e-ab82-2901cefc7391,2aceb2a6-c859-4f95-a238-9ad796b698fa,B877092,622,65,1235.81,2026-01-26,2027-01-22,85ba89f5-0cbe-423d-9b09-8edf117efeb7,2026-06-18 15:37:14.234351,AVAILABLE
610e0ce6-9c11-4d03-a6c0-62b1bdf7fb2a,9454a900-be26-4a3d-ad53-b449210cffb4,728f9446-52eb-469e-ab82-2901cefc7391,dee6b134-5f4e-4d83-8133-35e34f0b48e8,B814540,796,108,152.28,2026-07-22,2027-11-02,e6d69402-090c-458e-ab40-7589f32bf4bf,2026-07-28 15:37:14.234975,AVAILABLE
fd53e023-d069-4158-b41b-eac264453104,9454a900-be26-4a3d-ad53-b449210cffb4,6ffb28fd-cfd4-4b6d-9140-b11f37cfb2d7,1640337f-9614-4c3f-bda8-20c0eb4c6bce,B393714,249,0,261.79,2027-01-07,2028-02-24,301e3cd3-c948-49e9-add4-e8080a9fab7f,2026-09-12 15:37:14.235355,AVAILABLE
95f80bcc-609e-4ac0-9b2d-c99b039a19c7,9454a900-be26-4a3d-ad53-b449210cffb4,6ffb28fd-cfd4-4b6d-9140-b11f37cfb2d7,1640337f-9614-4c3f-bda8-20c0eb4c6bce,B817437,78,5,1511.48,2025-08-06,2027-05-04,301e3cd3-c948-49e9-add4-e8080a9fab7f,2026-06-07 15:37:14.235526,AVAILABLE
221a547c-368a-4ed3-a6fa-8684dab7e0c7,9454a900-be26-4a3d-ad53-b449210cffb4,6ffb28fd-cfd4-4b6d-9140-b11f37cfb2d7,1640337f-9614-4c3f-bda8-20c0eb4c6bce,B808367,787,79,1536.26,2025-11-29,2027-06-10,85ba89f5-0cbe-423d-9b09-8edf117efeb7,2026-08-27 15:37:14.235748,AVAILABLE
391b59a1-cd75-48d9-b8e1-05e44ef343b2,9454a900-be26-4a3d-ad53-b449210cffb4,6ffb28fd-cfd4-4b6d-9140-b11f37cfb2d7,2c4e6d71-0152-4e82-9c16-bfc9c81ea55e,B465819,683,83,566.15,2026-07-05,2027-04-01,8a3cc937-5d2e-4b04-b961-e6372fb37757,2026-09-21 15:37:14.235810,AVAILABLE
a58ebf71-53ca-4ffa-a070-75c3bfa18558,9454a900-be26-4a3d-ad53-b449210cffb4,6ffb28fd-cfd4-4b6d-9140-b11f37cfb2d7,2c4e6d71-0152-4e82-9c16-bfc9c81ea55e,B136761,770,102,1606.6,2026-09-09,2028-03-22,389d9f94-94f3-497d-9ad3-80b154c36b08,2026-08-19 15:37:14.236053,AVAILABLE
1e966736-f054-4f11-9064-e0d62bc909ed,9454a900-be26-4a3d-ad53-b449210cffb4,6ffb28fd-cfd4-4b6d-9140-b11f37cfb2d7,70745aec-f24f-4b18-807e-6adb80d01ba0,B999209,255,9,855.39,2027-02-18,2027-09-13,41e5f347-011f-49c8-a809-9ebc6ef93e37,2026-08-26 15:37:14.236263,AVAILABLE
89c5e424-d5e4-4b90-a891-c06870f96be3,9454a900-be26-4a3d-ad53-b449210cffb4,6ffb28fd-cfd4-4b6d-9140-b11f37cfb2d7,70745aec-f24f-4b18-807e-6adb80d01ba0,B935423,528,38,1608.33,2026-02-20,2026-11-19,43b13eff-affb-4e79-a137-2d676513f12b,2026-05-11 15:37:14.236329,AVAILABLE
a255176e-899f-4152-8144-5a455d9c895e,9454a900-be26-4a3d-ad53-b449210cffb4,6ffb28fd-cfd4-4b6d-9140-b11f37cfb2d7,ec00005f-8d61-4b61-825c-d8c696ae49aa,B507924,777,73,1663.7,2027-02-18,2027-09-22,b55d3c34-369b-4934-9015-9e38109b79f2,2026-04-19 15:37:14.236380,AVAILABLE
fea20ac9-43cf-48bb-aa87-92ebe9f43b0f,9454a900-be26-4a3d-ad53-b449210cffb4,6ffb28fd-cfd4-4b6d-9140-b11f37cfb2d7,ec00005f-8d61-4b61-825c-d8c696ae49aa,B223575,968,91,998.02,2025-04-18,2026-09-28,1400ecad-7beb-4557-b782-a9b67dbfa3ea,2026-06-21 15:37:14.236464,EXPIRED
e91af261-2f4e-485d-8257-03e16ddd5769,9454a900-be26-4a3d-ad53-b449210cffb4,6ffb28fd-cfd4-4b6d-9140-b11f37cfb2d7,ec00005f-8d61-4b61-825c-d8c696ae49aa,B442574,619,8,1117.99,2026-08-13,2027-03-03,389d9f94-94f3-497d-9ad3-80b154c36b08,2026-08-12 15:37:14.236509,AVAILABLE
3ecc091a-e5da-4d11-aa5e-84290637ad55,9454a900-be26-4a3d-ad53-b449210cffb4,6ffb28fd-cfd4-4b6d-9140-b11f37cfb2d7,c2b13e9e-9865-4a6b-ba11-417dbd416417,B274096,583,70,1736.08,2025-11-27,2027-03-09,43b13eff-affb-4e79-a137-2d676513f12b,2026-06-19 15:37:14.236553,AVAILABLE
1e1d2fef-fbce-488c-91a2-84fdb931777b,9454a900-be26-4a3d-ad53-b449210cffb4,6ffb28fd-cfd4-4b6d-9140-b11f37cfb2d7,2c10bfc8-d106-4422-b38f-e414215c8def,B357369,886,20,387.16,2026-12-03,2027-09-26,85ba89f5-0cbe-423d-9b09-8edf117efeb7,2026-09-20 15:37:14.236594,AVAILABLE
3556da4c-57c9-4b46-adb0-663c2dc03124,9454a900-be26-4a3d-ad53-b449210cffb4,6ffb28fd-cfd4-4b6d-9140-b11f37cfb2d7,2c10bfc8-d106-4422-b38f-e414215c8def,B280298,591,80,1107.23,2026-12-04,2027-11-01,b55d3c34-369b-4934-9015-9e38109b79f2,2026-08-04 15:37:14.236760,AVAILABLE
725f605f-4a62-4036-95bc-d617b61233a7,9454a900-be26-4a3d-ad53-b449210cffb4,6ffb28fd-cfd4-4b6d-9140-b11f37cfb2d7,2c10bfc8-d106-4422-b38f-e414215c8def,B624510,984,114,1426.7,2025-09-26,2027-08-21,85ba89f5-0cbe-423d-9b09-8edf117efeb7,2026-04-16 15:37:14.236808,AVAILABLE
b239e8f6-35a5-48e6-955e-2762b15404da,9454a900-be26-4a3d-ad53-b449210cffb4,6ffb28fd-cfd4-4b6d-9140-b11f37cfb2d7,378ef267-9155-41bc-a431-7c700c1731e3,B892016,716,6,1000.88,2026-01-30,2027-08-22,e6d69402-090c-458e-ab40-7589f32bf4bf,2026-07-07 15:37:14.236851,AVAILABLE
60b2593e-2c14-420a-adb9-607034556e4d,9454a900-be26-4a3d-ad53-b449210cffb4,6ffb28fd-cfd4-4b6d-9140-b11f37cfb2d7,378ef267-9155-41bc-a431-7c700c1731e3,B178256,303,0,534.87,2025-03-12,2026-10-13,301e3cd3-c948-49e9-add4-e8080a9fab7f,2026-10-02 15:37:14.236890,AVAILABLE
ac97d64c-46e7-4ced-a1fb-1dc1bdbce562,9454a900-be26-4a3d-ad53-b449210cffb4,6ffb28fd-cfd4-4b6d-9140-b11f37cfb2d7,378ef267-9155-41bc-a431-7c700c1731e3,B831470,792,72,1215.43,2025-10-12,2027-05-15,301e3cd3-c948-49e9-add4-e8080a9fab7f,2026-07-23 15:37:14.236930,AVAILABLE
8fc37d16-7d74-4e1a-9317-aec330d6c6f3,9454a900-be26-4a3d-ad53-b449210cffb4,6ffb28fd-cfd4-4b6d-9140-b11f37cfb2d7,6f12778d-43ca-4220-8b3b-11201ac91209,B698753,163,12,1674.55,2026-06-16,2027-05-25,43b13eff-affb-4e79-a137-2d676513f12b,2026-04-12 15:37:14.237128,AVAILABLE
b1e7ba2e-a3d5-4010-ae4f-169bb06955b3,9454a900-be26-4a3d-ad53-b449210cffb4,6ffb28fd-cfd4-4b6d-9140-b11f37cfb2d7,6f12778d-43ca-4220-8b3b-11201ac91209,B475396,787,62,1200.8,2025-03-09,2026-10-03,85ba89f5-0cbe-423d-9b09-8edf117efeb7,2026-09-12 15:37:14.237311,EXPIRED
68db2ac8-5615-4a1e-b2ce-d8f5e3841eff,9454a900-be26-4a3d-ad53-b449210cffb4,6ffb28fd-cfd4-4b6d-9140-b11f37cfb2d7,6f12778d-43ca-4220-8b3b-11201ac91209,B963792,283,41,586.77,2024-11-24,2026-11-05,41e5f347-011f-49c8-a809-9ebc6ef93e37,2026-08-25 15:37:14.237378,AVAILABLE
0e1d53ed-9704-43c2-ad51-df4978bc20e5,9454a900-be26-4a3d-ad53-b449210cffb4,6ffb28fd-cfd4-4b6d-9140-b11f37cfb2d7,522740d6-f3db-4ac1-a547-6b62598fe57f,B536377,162,5,1170.11,2025-04-25,2027-01-28,301e3cd3-c948-49e9-add4-e8080a9fab7f,2026-06-17 15:37:14.237625,AVAILABLE
749b5d3b-ac78-42dc-acd3-e4d326e3c223,9454a900-be26-4a3d-ad53-b449210cffb4,6ffb28fd-cfd4-4b6d-9140-b11f37cfb2d7,3e6ecca3-9ad1-49a9-ad9a-5509b28de79d,B871159,291,14,851.7,2026-08-04,2028-03-25,e692d4b3-4456-49eb-87f5-ee22fc6e4200,2026-06-12 15:37:14.237709,AVAILABLE
5422ef5e-bb65-4dd3-a239-27f86c6150ce,9454a900-be26-4a3d-ad53-b449210cffb4,6ffb28fd-cfd4-4b6d-9140-b11f37cfb2d7,1941089d-b192-4af2-b696-484fa9286d80,B376397,477,52,520.63,2026-12-21,2027-12-04,43b13eff-affb-4e79-a137-2d676513f12b,2026-09-14 15:37:14.237761,AVAILABLE
4b60da28-c0ee-400c-89ee-72abf68a347c,9454a900-be26-4a3d-ad53-b449210cffb4,6ffb28fd-cfd4-4b6d-9140-b11f37cfb2d7,1941089d-b192-4af2-b696-484fa9286d80,B933964,681,100,1395.23,2026-07-24,2027-05-31,41e5f347-011f-49c8-a809-9ebc6ef93e37,2026-08-22 15:37:14.238042,AVAILABLE
e9ed0093-41c5-4458-8921-af1f6ee04333,9454a900-be26-4a3d-ad53-b449210cffb4,6ffb28fd-cfd4-4b6d-9140-b11f37cfb2d7,43110ae2-2c0b-4654-936a-72afad56219d,B665498,661,27,944.9,2026-01-22,2026-11-05,e6d69402-090c-458e-ab40-7589f32bf4bf,2026-05-28 15:37:14.238103,AVAILABLE
434a76d7-6ddc-4824-b60c-9a96fcc5b9cb,9454a900-be26-4a3d-ad53-b449210cffb4,6ffb28fd-cfd4-4b6d-9140-b11f37cfb2d7,f00273a7-acae-43ae-a0b4-b85c0ed6d4d3,B882512,909,76,1668.01,2025-11-25,2027-10-28,389d9f94-94f3-497d-9ad3-80b154c36b08,2026-05-28 15:37:14.238148,AVAILABLE
f1636e1c-d9f7-4233-8f8b-264548af6170,9454a900-be26-4a3d-ad53-b449210cffb4,6ffb28fd-cfd4-4b6d-9140-b11f37cfb2d7,f00273a7-acae-43ae-a0b4-b85c0ed6d4d3,B306567,798,63,1327.34,2026-06-09,2028-01-07,41e5f347-011f-49c8-a809-9ebc6ef93e37,2026-05-19 15:37:14.238219,AVAILABLE
1b2427c3-7da4-4dc3-a814-0fd1034c3c06,9454a900-be26-4a3d-ad53-b449210cffb4,6ffb28fd-cfd4-4b6d-9140-b11f37cfb2d7,f00273a7-acae-43ae-a0b4-b85c0ed6d4d3,B394402,353,18,525.05,2025-08-09,2026-09-29,389d9f94-94f3-497d-9ad3-80b154c36b08,2026-08-03 15:37:14.238259,EXPIRED
729c9a1e-c085-4474-a426-30fccd19937a,9454a900-be26-4a3d-ad53-b449210cffb4,6ffb28fd-cfd4-4b6d-9140-b11f37cfb2d7,f6dc8117-e75f-4920-a0cf-04c7bafc7542,B650927,372,22,266.16,2025-09-08,2027-03-26,1400ecad-7beb-4557-b782-a9b67dbfa3ea,2026-06-20 15:37:14.238299,AVAILABLE
25227001-51f3-4261-98cf-fc90014e8cd5,9454a900-be26-4a3d-ad53-b449210cffb4,6ffb28fd-cfd4-4b6d-9140-b11f37cfb2d7,dee6b134-5f4e-4d83-8133-35e34f0b48e8,B983653,79,8,1775.23,2026-11-10,2027-07-10,1400ecad-7beb-4557-b782-a9b67dbfa3ea,2026-06-14 15:37:14.238339,AVAILABLE
b6d28808-bff7-44aa-a369-da94dc5a2ece,9454a900-be26-4a3d-ad53-b449210cffb4,6ffb28fd-cfd4-4b6d-9140-b11f37cfb2d7,dee6b134-5f4e-4d83-8133-35e34f0b48e8,B596473,838,89,845.85,2026-06-13,2027-11-19,85ba89f5-0cbe-423d-9b09-8edf117efeb7,2026-05-15 15:37:14.238402,AVAILABLE
010da7dd-111c-4b68-abfb-978770aa0206,9454a900-be26-4a3d-ad53-b449210cffb4,6ffb28fd-cfd4-4b6d-9140-b11f37cfb2d7,dee6b134-5f4e-4d83-8133-35e34f0b48e8,B854458,842,102,299.27,2025-07-01,2026-10-18,43b13eff-affb-4e79-a137-2d676513f12b,2026-04-22 15:37:14.238578,AVAILABLE
57987845-8567-493d-9ee8-7a6ba467089d,9454a900-be26-4a3d-ad53-b449210cffb4,aab5f7fa-5cae-4cba-adb9-f32c3f750e8f,6cbb6f57-d6cb-41b0-aca5-9ea4e8c5be47,B492598,836,76,154.71,2026-05-04,2026-11-22,1400ecad-7beb-4557-b782-a9b67dbfa3ea,2026-05-04 15:37:14.239355,AVAILABLE
5316d174-4d85-4192-86c9-4bb000ec41cb,9454a900-be26-4a3d-ad53-b449210cffb4,aab5f7fa-5cae-4cba-adb9-f32c3f750e8f,6cbb6f57-d6cb-41b0-aca5-9ea4e8c5be47,B399010,998,52,458.74,2026-12-08,2028-03-27,43b13eff-affb-4e79-a137-2d676513f12b,2026-08-04 15:37:14.239486,AVAILABLE
3332752e-9b99-467a-acfb-16d7165c0118,9454a900-be26-4a3d-ad53-b449210cffb4,aab5f7fa-5cae-4cba-adb9-f32c3f750e8f,6cbb6f57-d6cb-41b0-aca5-9ea4e8c5be47,B811387,671,51,35.63,2025-12-31,2027-06-12,e692d4b3-4456-49eb-87f5-ee22fc6e4200,2026-08-22 15:37:14.239543,AVAILABLE
1b7e9d91-9829-4099-b929-e542bdfa2e9e,9454a900-be26-4a3d-ad53-b449210cffb4,aab5f7fa-5cae-4cba-adb9-f32c3f750e8f,99f2ef21-d83e-4cde-a73a-10b587a903a3,B941749,830,27,832.26,2027-07-03,2028-02-29,43b13eff-affb-4e79-a137-2d676513f12b,2026-09-03 15:37:14.239653,AVAILABLE
1ca9af21-10ba-4c69-ba77-86288a0613eb,9454a900-be26-4a3d-ad53-b449210cffb4,aab5f7fa-5cae-4cba-adb9-f32c3f750e8f,24db962d-9a6b-4de6-982b-b719e504efb9,B514628,330,47,166.37,2025-10-09,2027-07-19,e6d69402-090c-458e-ab40-7589f32bf4bf,2026-07-15 15:37:14.239708,AVAILABLE
9d33d919-8b98-416b-9fe1-432332726fa6,9454a900-be26-4a3d-ad53-b449210cffb4,aab5f7fa-5cae-4cba-adb9-f32c3f750e8f,24db962d-9a6b-4de6-982b-b719e504efb9,B214864,981,93,1556.72,2026-11-17,2027-10-27,8a3cc937-5d2e-4b04-b961-e6372fb37757,2026-06-27 15:37:14.239756,AVAILABLE
e4ab0168-40ef-452c-861c-94365cd289f2,9454a900-be26-4a3d-ad53-b449210cffb4,aab5f7fa-5cae-4cba-adb9-f32c3f750e8f,3e8ecc15-190b-4bcd-a7fd-92ec541c75f4,B547593,726,100,411.84,2026-05-13,2027-06-09,389d9f94-94f3-497d-9ad3-80b154c36b08,2026-06-25 15:37:14.239903,AVAILABLE
4950b1e0-ebe2-46dc-9326-a8a24bec997a,9454a900-be26-4a3d-ad53-b449210cffb4,aab5f7fa-5cae-4cba-adb9-f32c3f750e8f,3e8ecc15-190b-4bcd-a7fd-92ec541c75f4,B246067,770,105,160.28,2025-02-06,2026-11-19,8a3cc937-5d2e-4b04-b961-e6372fb37757,2026-05-31 15:37:14.239950,AVAILABLE
81fa368d-feb4-4b4c-8a50-324d2415c53f,9454a900-be26-4a3d-ad53-b449210cffb4,aab5f7fa-5cae-4cba-adb9-f32c3f750e8f,3e8ecc15-190b-4bcd-a7fd-92ec541c75f4,B877426,220,23,332.98,2025-07-17,2027-03-09,43b13eff-affb-4e79-a137-2d676513f12b,2026-05-11 15:37:14.239990,AVAILABLE
739fd76a-9e3d-4530-8b33-7ee5c4750e5d,9454a900-be26-4a3d-ad53-b449210cffb4,aab5f7fa-5cae-4cba-adb9-f32c3f750e8f,c037d58f-eb63-482e-81f7-b1f739423cdf,B589469,160,23,1184.67,2026-03-07,2027-06-06,e6d69402-090c-458e-ab40-7589f32bf4bf,2026-09-21 15:37:14.240030,AVAILABLE
b10813a7-63dd-43fa-a44e-00a643c59f07,9454a900-be26-4a3d-ad53-b449210cffb4,aab5f7fa-5cae-4cba-adb9-f32c3f750e8f,c037d58f-eb63-482e-81f7-b1f739423cdf,B279293,614,2,605.3,2025-08-05,2026-10-02,b55d3c34-369b-4934-9015-9e38109b79f2,2026-07-25 15:37:14.240075,EXPIRED
033bf4f9-c966-44ef-b9b9-364db6b5ed1f,9454a900-be26-4a3d-ad53-b449210cffb4,aab5f7fa-5cae-4cba-adb9-f32c3f750e8f,c037d58f-eb63-482e-81f7-b1f739423cdf,B720790,652,17,1086.16,2026-08-01,2027-07-14,41e5f347-011f-49c8-a809-9ebc6ef93e37,2026-06-03 15:37:14.240116,AVAILABLE
2c676e7d-3ece-41d2-ad11-2b5ea9ce23e3,9454a900-be26-4a3d-ad53-b449210cffb4,aab5f7fa-5cae-4cba-adb9-f32c3f750e8f,4bd504ed-a1c0-48c9-bff0-b66723a5f08d,B756699,665,52,1336.84,2026-06-08,2026-12-29,41e5f347-011f-49c8-a809-9ebc6ef93e37,2026-10-01 15:37:14.240315,AVAILABLE
43dadbf1-0815-4d26-b9a7-e83af3fbf5e8,9454a900-be26-4a3d-ad53-b449210cffb4,aab5f7fa-5cae-4cba-adb9-f32c3f750e8f,f00273a7-acae-43ae-a0b4-b85c0ed6d4d3,B890160,562,19,1303.39,2025-06-11,2027-03-27,43b13eff-affb-4e79-a137-2d676513f12b,2026-09-28 15:37:14.240373,AVAILABLE
bc2bb878-a944-456c-a900-7c3679c5a851,9454a900-be26-4a3d-ad53-b449210cffb4,aab5f7fa-5cae-4cba-adb9-f32c3f750e8f,f00273a7-acae-43ae-a0b4-b85c0ed6d4d3,B767536,754,60,208.75,2025-04-29,2026-12-22,41e5f347-011f-49c8-a809-9ebc6ef93e37,2026-09-29 15:37:14.240415,AVAILABLE
c86462cf-eb53-4239-be38-6a5f333b2f6a,9454a900-be26-4a3d-ad53-b449210cffb4,aab5f7fa-5cae-4cba-adb9-f32c3f750e8f,f00273a7-acae-43ae-a0b4-b85c0ed6d4d3,B770572,368,12,253.83,2025-10-30,2027-06-23,8a3cc937-5d2e-4b04-b961-e6372fb37757,2026-09-08 15:37:14.240554,AVAILABLE
660d9d4f-a2f1-4015-bfe1-e4bdc7842358,9454a900-be26-4a3d-ad53-b449210cffb4,aab5f7fa-5cae-4cba-adb9-f32c3f750e8f,419b95a7-17e5-4918-ad68-d58ee6b6e6f5,B177870,288,21,632.69,2025-07-18,2027-02-20,e6d69402-090c-458e-ab40-7589f32bf4bf,2026-05-20 15:37:14.240658,AVAILABLE
821d62d3-e5b1-4a1e-8bd1-7a87e2b62335,9454a900-be26-4a3d-ad53-b449210cffb4,aab5f7fa-5cae-4cba-adb9-f32c3f750e8f,419b95a7-17e5-4918-ad68-d58ee6b6e6f5,B230575,624,72,984.33,2026-02-21,2027-05-20,43b13eff-affb-4e79-a137-2d676513f12b,2026-04-23 15:37:14.240711,AVAILABLE
cae3e816-0f3a-4a1e-96b4-f2211f8cb694,9454a900-be26-4a3d-ad53-b449210cffb4,aab5f7fa-5cae-4cba-adb9-f32c3f750e8f,419b95a7-17e5-4918-ad68-d58ee6b6e6f5,B777489,821,57,1723.54,2026-12-19,2027-12-27,389d9f94-94f3-497d-9ad3-80b154c36b08,2026-04-30 15:37:14.240785,AVAILABLE
820987ce-9a59-4dcf-9c37-af5b21f0a2bf,9454a900-be26-4a3d-ad53-b449210cffb4,aab5f7fa-5cae-4cba-adb9-f32c3f750e8f,305d6d9c-7521-4f74-8c0d-0bf7d5af8dfd,B346873,160,8,1584.69,2026-01-12,2027-01-07,41e5f347-011f-49c8-a809-9ebc6ef93e37,2026-07-08 15:37:14.240928,AVAILABLE
6588c749-8c12-4e38-a40d-dd3727616aa9,9454a900-be26-4a3d-ad53-b449210cffb4,aab5f7fa-5cae-4cba-adb9-f32c3f750e8f,305d6d9c-7521-4f74-8c0d-0bf7d5af8dfd,B348137,78,10,66.92,2027-05-14,2027-12-12,e692d4b3-4456-49eb-87f5-ee22fc6e4200,2026-04-30 15:37:14.241169,AVAILABLE
7d861579-bafc-4b96-97d0-95d5b0159a13,9454a900-be26-4a3d-ad53-b449210cffb4,aab5f7fa-5cae-4cba-adb9-f32c3f750e8f,be0b42c5-6bfe-48dc-8f33-e20d29d25a48,B221325,544,18,374.56,2026-10-01,2028-01-26,41e5f347-011f-49c8-a809-9ebc6ef93e37,2026-05-17 15:37:14.241549,AVAILABLE
71cbe8e4-4d15-4832-a171-b558e30e4c6b,9454a900-be26-4a3d-ad53-b449210cffb4,aab5f7fa-5cae-4cba-adb9-f32c3f750e8f,be0b42c5-6bfe-48dc-8f33-e20d29d25a48,B964635,94,2,580.66,2026-09-11,2027-12-01,8a3cc937-5d2e-4b04-b961-e6372fb37757,2026-08-19 15:37:14.241664,AVAILABLE
1d7cad6b-bed5-4ae4-bd96-bc98b4d6c945,9454a900-be26-4a3d-ad53-b449210cffb4,aab5f7fa-5cae-4cba-adb9-f32c3f750e8f,b261960f-23be-4297-9c50-f27ceac7eedb,B510418,463,20,1497.78,2025-11-01,2027-10-21,301e3cd3-c948-49e9-add4-e8080a9fab7f,2026-08-24 15:37:14.241723,AVAILABLE
36c81838-ef15-4487-b89d-d98da28ccf3a,9454a900-be26-4a3d-ad53-b449210cffb4,aab5f7fa-5cae-4cba-adb9-f32c3f750e8f,b261960f-23be-4297-9c50-f27ceac7eedb,B323481,374,51,17.96,2026-02-27,2027-11-22,e6d69402-090c-458e-ab40-7589f32bf4bf,2026-05-09 15:37:14.241768,AVAILABLE
7a592e35-99a0-41b3-8401-61aacc39286e,9454a900-be26-4a3d-ad53-b449210cffb4,aab5f7fa-5cae-4cba-adb9-f32c3f750e8f,b261960f-23be-4297-9c50-f27ceac7eedb,B619569,694,84,209.0,2027-01-16,2027-09-03,e692d4b3-4456-49eb-87f5-ee22fc6e4200,2026-07-15 15:37:14.241811,AVAILABLE
c360acb7-0fc9-45a6-81a8-9457e982786e,9454a900-be26-4a3d-ad53-b449210cffb4,aab5f7fa-5cae-4cba-adb9-f32c3f750e8f,1b0a2521-7dda-4bed-8313-954689f28c33,B149620,890,74,1376.92,2025-07-19,2026-10-11,1400ecad-7beb-4557-b782-a9b67dbfa3ea,2026-05-21 15:37:14.241851,AVAILABLE
917ad754-1c08-4c9b-88d4-e19e0f35d41a,9454a900-be26-4a3d-ad53-b449210cffb4,aab5f7fa-5cae-4cba-adb9-f32c3f750e8f,1b0a2521-7dda-4bed-8313-954689f28c33,B980907,890,55,1172.36,2025-11-06,2027-08-03,8a3cc937-5d2e-4b04-b961-e6372fb37757,2026-07-13 15:37:14.241889,AVAILABLE
e492cf83-0c00-4461-aeb7-7b1ad975a284,9454a900-be26-4a3d-ad53-b449210cffb4,aab5f7fa-5cae-4cba-adb9-f32c3f750e8f,1b0a2521-7dda-4bed-8313-954689f28c33,B252042,135,12,111.95,2025-09-21,2027-06-06,301e3cd3-c948-49e9-add4-e8080a9fab7f,2026-06-08 15:37:14.241954,AVAILABLE
fd7265da-954f-4a00-a256-64da3ca6710d,9454a900-be26-4a3d-ad53-b449210cffb4,aab5f7fa-5cae-4cba-adb9-f32c3f750e8f,ceee2775-c68b-4199-9eb8-21746763c4ba,B162338,204,18,1320.12,2025-06-01,2027-02-27,e6d69402-090c-458e-ab40-7589f32bf4bf,2026-08-22 15:37:14.241994,AVAILABLE
ac1e6f64-4fc4-4950-ad2c-02432a7888c0,9454a900-be26-4a3d-ad53-b449210cffb4,aab5f7fa-5cae-4cba-adb9-f32c3f750e8f,ceee2775-c68b-4199-9eb8-21746763c4ba,B619193,799,0,1668.12,2025-07-14,2026-09-26,85ba89f5-0cbe-423d-9b09-8edf117efeb7,2026-06-19 15:37:14.242031,EXPIRED
f699e840-bc31-450e-ad79-ae0cfa2114cf,9454a900-be26-4a3d-ad53-b449210cffb4,aab5f7fa-5cae-4cba-adb9-f32c3f750e8f,8cb385ca-cfdc-404f-8298-512a7c8578b3,B275600,31,2,1367.42,2026-12-25,2027-08-14,1400ecad-7beb-4557-b782-a9b67dbfa3ea,2026-04-22 15:37:14.242212,AVAILABLE
69eeb624-44db-49aa-8924-81c3d293ba11,9454a900-be26-4a3d-ad53-b449210cffb4,aab5f7fa-5cae-4cba-adb9-f32c3f750e8f,8cb385ca-cfdc-404f-8298-512a7c8578b3,B289765,530,3,1054.01,2026-02-10,2027-02-16,e6d69402-090c-458e-ab40-7589f32bf4bf,2026-07-31 15:37:14.242280,AVAILABLE
26b48d62-0ddb-45c8-be85-68423a496f40,9454a900-be26-4a3d-ad53-b449210cffb4,aab5f7fa-5cae-4cba-adb9-f32c3f750e8f,8cb385ca-cfdc-404f-8298-512a7c8578b3,B316881,910,104,1527.99,2026-02-05,2027-04-20,301e3cd3-c948-49e9-add4-e8080a9fab7f,2026-09-20 15:37:14.242321,AVAILABLE
a67f3d1c-aa15-42e2-af25-d6b9b3ae1b16,9454a900-be26-4a3d-ad53-b449210cffb4,aab5f7fa-5cae-4cba-adb9-f32c3f750e8f,3a19d3ca-1898-4db4-b347-55af1376c897,B904344,81,5,1020.76,2025-12-07,2027-05-25,389d9f94-94f3-497d-9ad3-80b154c36b08,2026-09-21 15:37:14.242361,AVAILABLE
aab7e1cc-e4d0-46a2-89fd-aeed16fb73ed,9454a900-be26-4a3d-ad53-b449210cffb4,aab5f7fa-5cae-4cba-adb9-f32c3f750e8f,3a19d3ca-1898-4db4-b347-55af1376c897,B905122,439,26,1070.72,2026-03-11,2027-01-30,b55d3c34-369b-4934-9015-9e38109b79f2,2026-04-12 15:37:14.242399,AVAILABLE
73fb5204-a29e-4759-a1cb-e7f5040043b0,9454a900-be26-4a3d-ad53-b449210cffb4,9f840192-7db0-47ca-a49b-947585715c2d,85b186aa-f3a1-45ba-8d0c-349f8a13c3d4,B868999,443,40,1109.48,2026-06-20,2027-02-23,85ba89f5-0cbe-423d-9b09-8edf117efeb7,2026-05-21 15:37:14.242651,AVAILABLE
e80385d7-4340-44d8-94a0-5c80bbf13989,9454a900-be26-4a3d-ad53-b449210cffb4,9f840192-7db0-47ca-a49b-947585715c2d,85b186aa-f3a1-45ba-8d0c-349f8a13c3d4,B527274,672,23,1241.04,2026-05-08,2027-02-04,b55d3c34-369b-4934-9015-9e38109b79f2,2026-04-12 15:37:14.242727,AVAILABLE
a408db0b-0e06-4522-9965-787029b6e004,9454a900-be26-4a3d-ad53-b449210cffb4,9f840192-7db0-47ca-a49b-947585715c2d,85b186aa-f3a1-45ba-8d0c-349f8a13c3d4,B236452,586,11,796.03,2025-06-11,2026-12-16,301e3cd3-c948-49e9-add4-e8080a9fab7f,2026-07-07 15:37:14.242772,AVAILABLE
b5cfb72c-20f6-42c3-839a-d75614d9f6b9,9454a900-be26-4a3d-ad53-b449210cffb4,9f840192-7db0-47ca-a49b-947585715c2d,419b95a7-17e5-4918-ad68-d58ee6b6e6f5,B735790,312,43,1565.33,2025-10-13,2027-02-03,41e5f347-011f-49c8-a809-9ebc6ef93e37,2026-06-26 15:37:14.242909,AVAILABLE
e0c31161-3bec-43e4-b1b8-1b96b8295492,9454a900-be26-4a3d-ad53-b449210cffb4,9f840192-7db0-47ca-a49b-947585715c2d,419b95a7-17e5-4918-ad68-d58ee6b6e6f5,B141913,429,59,885.27,2025-07-10,2027-01-18,1400ecad-7beb-4557-b782-a9b67dbfa3ea,2026-09-20 15:37:14.243088,AVAILABLE
ba843ab0-316b-45b7-93bf-c35fb78448b7,9454a900-be26-4a3d-ad53-b449210cffb4,9f840192-7db0-47ca-a49b-947585715c2d,0df67422-0ffe-4855-b4b7-0f4e8676cbdb,B109431,280,32,160.17,2027-03-26,2027-11-22,1400ecad-7beb-4557-b782-a9b67dbfa3ea,2026-05-25 15:37:14.243140,AVAILABLE
970b5dee-3ddd-4785-ac97-bcecf67fce3b,9454a900-be26-4a3d-ad53-b449210cffb4,9f840192-7db0-47ca-a49b-947585715c2d,0df67422-0ffe-4855-b4b7-0f4e8676cbdb,B720568,419,35,1478.49,2026-09-13,2027-11-30,389d9f94-94f3-497d-9ad3-80b154c36b08,2026-06-29 15:37:14.243181,AVAILABLE
4b9c6ae7-f4ab-4d28-8580-bc85af866074,9454a900-be26-4a3d-ad53-b449210cffb4,9f840192-7db0-47ca-a49b-947585715c2d,0df67422-0ffe-4855-b4b7-0f4e8676cbdb,B996667,948,50,315.34,2026-05-11,2027-06-03,389d9f94-94f3-497d-9ad3-80b154c36b08,2026-04-30 15:37:14.243221,AVAILABLE
38b30658-a2e1-45f5-b895-6d8941b018ff,9454a900-be26-4a3d-ad53-b449210cffb4,9f840192-7db0-47ca-a49b-947585715c2d,fda2f8a3-95ba-4f42-97f3-dbce57a916f1,B281939,877,14,80.17,2026-09-26,2027-04-27,b55d3c34-369b-4934-9015-9e38109b79f2,2026-06-22 15:37:14.243300,AVAILABLE
dcab319c-a0de-47d8-b5d2-6768bc582c46,9454a900-be26-4a3d-ad53-b449210cffb4,9f840192-7db0-47ca-a49b-947585715c2d,fda2f8a3-95ba-4f42-97f3-dbce57a916f1,B982879,835,11,677.26,2026-07-26,2027-08-27,389d9f94-94f3-497d-9ad3-80b154c36b08,2026-08-06 15:37:14.243343,AVAILABLE
f25e7716-78bf-41c6-b17c-ceb73f14d145,9454a900-be26-4a3d-ad53-b449210cffb4,9f840192-7db0-47ca-a49b-947585715c2d,13cd9912-56bb-4721-abb1-986f20a370cb,B686935,719,11,760.96,2025-11-23,2027-09-15,43b13eff-affb-4e79-a137-2d676513f12b,2026-06-09 15:37:14.243383,AVAILABLE
e60b37f4-db37-4f36-b6a7-d3982855ae4b,9454a900-be26-4a3d-ad53-b449210cffb4,9f840192-7db0-47ca-a49b-947585715c2d,13cd9912-56bb-4721-abb1-986f20a370cb,B466371,496,45,729.94,2025-09-29,2027-02-13,301e3cd3-c948-49e9-add4-e8080a9fab7f,2026-04-23 15:37:14.243419,AVAILABLE
e1ad9d75-cad4-4821-9fc6-0853f1d594c1,9454a900-be26-4a3d-ad53-b449210cffb4,9f840192-7db0-47ca-a49b-947585715c2d,13cd9912-56bb-4721-abb1-986f20a370cb,B798472,685,25,1473.34,2025-08-19,2027-01-24,e692d4b3-4456-49eb-87f5-ee22fc6e4200,2026-05-08 15:37:14.243456,AVAILABLE
70d551a3-2fa2-45c1-b365-76eabe5a783e,9454a900-be26-4a3d-ad53-b449210cffb4,9f840192-7db0-47ca-a49b-947585715c2d,063be93d-6835-4b65-a8a1-c36e83278d83,B254997,775,27,196.22,2027-01-06,2028-01-27,301e3cd3-c948-49e9-add4-e8080a9fab7f,2026-06-09 15:37:14.243528,AVAILABLE
c3a60168-b27b-4155-a184-cbcd5f5da1b9,9454a900-be26-4a3d-ad53-b449210cffb4,9f840192-7db0-47ca-a49b-947585715c2d,063be93d-6835-4b65-a8a1-c36e83278d83,B787975,480,32,751.34,2025-08-29,2027-05-08,e692d4b3-4456-49eb-87f5-ee22fc6e4200,2026-08-15 15:37:14.243567,AVAILABLE
9b460cfb-3c04-4e1d-9e2a-12675b4ef983,9454a900-be26-4a3d-ad53-b449210cffb4,9f840192-7db0-47ca-a49b-947585715c2d,97a16fda-9cba-4dc2-8770-0b5104c507d2,B847392,662,9,1624.61,2025-10-04,2027-01-11,301e3cd3-c948-49e9-add4-e8080a9fab7f,2026-09-23 15:37:14.243644,AVAILABLE
d7ead3fc-f665-4bb1-98c6-73fb9833ffac,9454a900-be26-4a3d-ad53-b449210cffb4,9f840192-7db0-47ca-a49b-947585715c2d,3a19d3ca-1898-4db4-b347-55af1376c897,B778219,77,2,1022.13,2026-05-24,2028-01-14,1400ecad-7beb-4557-b782-a9b67dbfa3ea,2026-04-26 15:37:14.243700,AVAILABLE
806cd34d-fdbb-46eb-89ab-4de3aba59b13,9454a900-be26-4a3d-ad53-b449210cffb4,9f840192-7db0-47ca-a49b-947585715c2d,3a19d3ca-1898-4db4-b347-55af1376c897,B808148,656,78,799.13,2026-02-09,2026-11-12,85ba89f5-0cbe-423d-9b09-8edf117efeb7,2026-10-05 15:37:14.243739,AVAILABLE
b8b9677a-7703-4de2-91ef-cd0d3cbcfa1b,9454a900-be26-4a3d-ad53-b449210cffb4,9f840192-7db0-47ca-a49b-947585715c2d,4f7512b2-6b9d-434f-807e-2fc43528691e,B831235,360,23,1367.1,2026-02-25,2027-06-20,8a3cc937-5d2e-4b04-b961-e6372fb37757,2026-09-18 15:37:14.243778,AVAILABLE
d92e4a1d-361a-4332-a66f-989e54fab6e5,9454a900-be26-4a3d-ad53-b449210cffb4,9f840192-7db0-47ca-a49b-947585715c2d,4f7512b2-6b9d-434f-807e-2fc43528691e,B390954,69,7,669.1,2025-08-22,2027-06-03,1400ecad-7beb-4557-b782-a9b67dbfa3ea,2026-05-25 15:37:14.243815,AVAILABLE
e05a7107-13c3-44ce-93a0-4d2f780c03ee,9454a900-be26-4a3d-ad53-b449210cffb4,9f840192-7db0-47ca-a49b-947585715c2d,d039d8bd-44d3-44fc-a49f-83d1987d0b48,B705292,879,30,247.09,2026-07-16,2027-06-14,389d9f94-94f3-497d-9ad3-80b154c36b08,2026-09-28 15:37:14.243852,AVAILABLE
3af620f5-94c3-43ea-9d9c-a48dc1bd344d,9454a900-be26-4a3d-ad53-b449210cffb4,9f840192-7db0-47ca-a49b-947585715c2d,a041cc1e-bb11-4e03-9969-5026c46ed837,B583098,348,38,1393.17,2027-07-02,2028-03-18,b55d3c34-369b-4934-9015-9e38109b79f2,2026-05-31 15:37:14.243889,AVAILABLE
2119c579-75ef-4dd2-8aaa-9eb977e5f48a,9454a900-be26-4a3d-ad53-b449210cffb4,9f840192-7db0-47ca-a49b-947585715c2d,a041cc1e-bb11-4e03-9969-5026c46ed837,B965334,415,46,1283.43,2026-07-27,2027-12-10,e692d4b3-4456-49eb-87f5-ee22fc6e4200,2026-05-15 15:37:14.244135,AVAILABLE
79db01ef-3905-4c53-9481-fff55cb739cc,9454a900-be26-4a3d-ad53-b449210cffb4,9f840192-7db0-47ca-a49b-947585715c2d,4bd504ed-a1c0-48c9-bff0-b66723a5f08d,B480739,107,5,1022.23,2026-05-15,2027-12-20,85ba89f5-0cbe-423d-9b09-8edf117efeb7,2026-05-01 15:37:14.244354,AVAILABLE
5b81872e-f3cb-497b-a72a-22785f0fe48b,9454a900-be26-4a3d-ad53-b449210cffb4,9f840192-7db0-47ca-a49b-947585715c2d,4bd504ed-a1c0-48c9-bff0-b66723a5f08d,B359580,612,66,1672.81,2026-11-15,2027-05-27,8a3cc937-5d2e-4b04-b961-e6372fb37757,2026-06-15 15:37:14.244810,AVAILABLE
f9239832-09b4-477c-b691-3f89661689bc,9454a900-be26-4a3d-ad53-b449210cffb4,9f840192-7db0-47ca-a49b-947585715c2d,4bd504ed-a1c0-48c9-bff0-b66723a5f08d,B749102,864,111,624.63,2026-03-29,2027-12-14,389d9f94-94f3-497d-9ad3-80b154c36b08,2026-07-15 15:37:14.244889,AVAILABLE
c4d18786-8e3e-4bb2-b0d7-df012379243b,9454a900-be26-4a3d-ad53-b449210cffb4,9f840192-7db0-47ca-a49b-947585715c2d,987c980e-f5ed-4388-b102-971ff25870b1,B919357,662,14,333.31,2026-10-02,2028-01-06,b55d3c34-369b-4934-9015-9e38109b79f2,2026-08-31 15:37:14.245019,AVAILABLE
40003ea8-67c4-427c-8021-49109072f010,9454a900-be26-4a3d-ad53-b449210cffb4,9f840192-7db0-47ca-a49b-947585715c2d,a88fd15f-1bbb-4271-941e-899867a89583,B238405,877,14,552.32,2025-06-08,2026-10-14,8a3cc937-5d2e-4b04-b961-e6372fb37757,2026-05-07 15:37:14.245090,AVAILABLE
a829097f-8140-4ae8-aeab-a9ccade7bb75,9454a900-be26-4a3d-ad53-b449210cffb4,9f840192-7db0-47ca-a49b-947585715c2d,a88fd15f-1bbb-4271-941e-899867a89583,B874788,360,16,1453.62,2026-06-08,2027-01-29,e6d69402-090c-458e-ab40-7589f32bf4bf,2026-07-11 15:37:14.245140,AVAILABLE
621a8204-2a4c-4dbb-bc3a-06fe7c3cfc8f,9454a900-be26-4a3d-ad53-b449210cffb4,9f840192-7db0-47ca-a49b-947585715c2d,a88fd15f-1bbb-4271-941e-899867a89583,B911548,188,26,782.07,2027-02-05,2028-01-19,b55d3c34-369b-4934-9015-9e38109b79f2,2026-07-20 15:37:14.245252,AVAILABLE
283b9f8b-8423-4ecb-a710-5308f11a60c7,9454a900-be26-4a3d-ad53-b449210cffb4,9f840192-7db0-47ca-a49b-947585715c2d,dee6b134-5f4e-4d83-8133-35e34f0b48e8,B374098,190,23,1416.87,2025-02-14,2026-12-16,e692d4b3-4456-49eb-87f5-ee22fc6e4200,2026-04-18 15:37:14.245322,AVAILABLE
4840d088-1bc8-45ac-9b01-ef6a65181d36,9454a900-be26-4a3d-ad53-b449210cffb4,9f840192-7db0-47ca-a49b-947585715c2d,dee6b134-5f4e-4d83-8133-35e34f0b48e8,B442232,801,103,64.57,2026-07-13,2028-01-31,b55d3c34-369b-4934-9015-9e38109b79f2,2026-04-23 15:37:14.245402,AVAILABLE
1210fe12-209c-40f1-a06d-00162a62eeec,9454a900-be26-4a3d-ad53-b449210cffb4,9f840192-7db0-47ca-a49b-947585715c2d,dee6b134-5f4e-4d83-8133-35e34f0b48e8,B911177,122,13,1208.4,2026-04-02,2028-01-10,389d9f94-94f3-497d-9ad3-80b154c36b08,2026-07-22 15:37:14.245442,AVAILABLE
af29f0d7-394f-4e65-bf11-4432f9b5537f,9454a900-be26-4a3d-ad53-b449210cffb4,1d04ab06-5b5e-484c-9236-14ec491a79d7,573f39b9-7855-4b4d-8a9e-14a5e9d8b2cd,B840112,335,5,924.68,2026-09-29,2027-05-07,e6d69402-090c-458e-ab40-7589f32bf4bf,2026-09-08 15:37:14.245789,AVAILABLE
20bf03cc-6dd5-4d3c-939a-cda4ddb6c6a0,9454a900-be26-4a3d-ad53-b449210cffb4,1d04ab06-5b5e-484c-9236-14ec491a79d7,573f39b9-7855-4b4d-8a9e-14a5e9d8b2cd,B184259,443,22,1189.55,2026-03-05,2028-01-30,41e5f347-011f-49c8-a809-9ebc6ef93e37,2026-07-22 15:37:14.245846,AVAILABLE
c6810dc5-f823-4f17-b62f-a1d859a73ee3,9454a900-be26-4a3d-ad53-b449210cffb4,1d04ab06-5b5e-484c-9236-14ec491a79d7,573f39b9-7855-4b4d-8a9e-14a5e9d8b2cd,B861844,225,17,1019.22,2027-06-01,2028-01-06,389d9f94-94f3-497d-9ad3-80b154c36b08,2026-05-28 15:37:14.245888,AVAILABLE
d36291fb-9f48-4a66-af2b-8e5cd764ecd8,9454a900-be26-4a3d-ad53-b449210cffb4,1d04ab06-5b5e-484c-9236-14ec491a79d7,d6c64038-55ae-44a3-863b-be781e1a4649,B426491,806,106,211.9,2025-03-14,2026-11-26,b55d3c34-369b-4934-9015-9e38109b79f2,2026-08-16 15:37:14.245931,AVAILABLE
eaad51a0-99da-4bb2-b797-0f5b3d80a55e,9454a900-be26-4a3d-ad53-b449210cffb4,1d04ab06-5b5e-484c-9236-14ec491a79d7,d6c64038-55ae-44a3-863b-be781e1a4649,B717240,976,25,909.48,2026-03-18,2027-07-05,85ba89f5-0cbe-423d-9b09-8edf117efeb7,2026-06-14 15:37:14.245996,AVAILABLE
42788214-4c91-44cc-ad07-dbce4343d0d4,9454a900-be26-4a3d-ad53-b449210cffb4,1d04ab06-5b5e-484c-9236-14ec491a79d7,d6c64038-55ae-44a3-863b-be781e1a4649,B858831,831,6,820.72,2026-04-24,2028-01-02,43b13eff-affb-4e79-a137-2d676513f12b,2026-10-04 15:37:14.246036,AVAILABLE
2ad237d7-912e-47be-8348-c3641608ceb7,9454a900-be26-4a3d-ad53-b449210cffb4,1d04ab06-5b5e-484c-9236-14ec491a79d7,c51619a8-ba83-483f-9b52-064f926d96a2,B256515,929,87,1030.55,2026-11-17,2028-01-28,43b13eff-affb-4e79-a137-2d676513f12b,2026-09-23 15:37:14.246075,AVAILABLE
c5e6b160-59fc-469e-ba5b-dd9e227304a4,9454a900-be26-4a3d-ad53-b449210cffb4,1d04ab06-5b5e-484c-9236-14ec491a79d7,c51619a8-ba83-483f-9b52-064f926d96a2,B744029,683,64,169.82,2025-11-29,2027-08-01,b55d3c34-369b-4934-9015-9e38109b79f2,2026-07-01 15:37:14.246144,AVAILABLE
437a6061-0439-4a35-b091-a72465149435,9454a900-be26-4a3d-ad53-b449210cffb4,1d04ab06-5b5e-484c-9236-14ec491a79d7,c51619a8-ba83-483f-9b52-064f926d96a2,B392677,976,111,577.67,2026-07-23,2027-07-23,389d9f94-94f3-497d-9ad3-80b154c36b08,2026-05-11 15:37:14.246224,AVAILABLE
d868620b-7be0-45a4-953c-766cb62cd61d,9454a900-be26-4a3d-ad53-b449210cffb4,1d04ab06-5b5e-484c-9236-14ec491a79d7,f1b95f47-94a2-4979-a411-02444c727d3e,B206749,774,61,582.38,2026-07-27,2027-05-02,1400ecad-7beb-4557-b782-a9b67dbfa3ea,2026-06-15 15:37:14.246299,AVAILABLE
4d4a2290-8f5f-4429-80b9-a7b65e69a2c3,9454a900-be26-4a3d-ad53-b449210cffb4,1d04ab06-5b5e-484c-9236-14ec491a79d7,33e37cdb-690b-4dd6-aa0b-3e189bf6bc51,B815867,673,57,1723.43,2025-02-22,2027-01-19,8a3cc937-5d2e-4b04-b961-e6372fb37757,2026-04-29 15:37:14.246482,AVAILABLE
de80896b-c103-456c-807c-5b8bc7d8437a,9454a900-be26-4a3d-ad53-b449210cffb4,1d04ab06-5b5e-484c-9236-14ec491a79d7,33e37cdb-690b-4dd6-aa0b-3e189bf6bc51,B846241,667,21,1141.87,2026-10-20,2027-08-26,b55d3c34-369b-4934-9015-9e38109b79f2,2026-07-11 15:37:14.246534,AVAILABLE
11da3fe5-ff5a-4c35-90cf-9aa881dd0b5e,9454a900-be26-4a3d-ad53-b449210cffb4,1d04ab06-5b5e-484c-9236-14ec491a79d7,33e37cdb-690b-4dd6-aa0b-3e189bf6bc51,B122022,527,33,1175.85,2026-12-19,2027-11-09,e692d4b3-4456-49eb-87f5-ee22fc6e4200,2026-04-17 15:37:14.247036,AVAILABLE
d7b074c6-e34a-4aa5-a26d-f82b726f0148,9454a900-be26-4a3d-ad53-b449210cffb4,1d04ab06-5b5e-484c-9236-14ec491a79d7,4f7512b2-6b9d-434f-807e-2fc43528691e,B939297,475,14,665.97,2026-04-29,2028-01-27,41e5f347-011f-49c8-a809-9ebc6ef93e37,2026-04-13 15:37:14.247111,AVAILABLE
d5062af6-437f-40ab-b3e2-1d51b6c32734,9454a900-be26-4a3d-ad53-b449210cffb4,1d04ab06-5b5e-484c-9236-14ec491a79d7,24d1b68c-2a5b-464e-bb4e-c1071b3b4f3d,B130571,542,43,125.22,2026-07-21,2028-02-11,41e5f347-011f-49c8-a809-9ebc6ef93e37,2026-06-05 15:37:14.247160,AVAILABLE
21e07505-16b0-4e14-98a5-63bcc9d6ef41,9454a900-be26-4a3d-ad53-b449210cffb4,1d04ab06-5b5e-484c-9236-14ec491a79d7,24d1b68c-2a5b-464e-bb4e-c1071b3b4f3d,B476592,320,13,1027.32,2026-08-02,2027-05-26,1400ecad-7beb-4557-b782-a9b67dbfa3ea,2026-08-19 15:37:14.247356,AVAILABLE
3352fb69-6c25-4840-beaf-ccf6dac6c337,9454a900-be26-4a3d-ad53-b449210cffb4,1d04ab06-5b5e-484c-9236-14ec491a79d7,43110ae2-2c0b-4654-936a-72afad56219d,B632729,501,63,339.79,2026-04-08,2027-08-06,389d9f94-94f3-497d-9ad3-80b154c36b08,2026-09-06 15:37:14.247444,AVAILABLE
1644df40-3891-4877-8f30-39dc9add3494,9454a900-be26-4a3d-ad53-b449210cffb4,1d04ab06-5b5e-484c-9236-14ec491a79d7,43110ae2-2c0b-4654-936a-72afad56219d,B453528,432,3,1432.95,2025-03-11,2026-11-05,8a3cc937-5d2e-4b04-b961-e6372fb37757,2026-07-10 15:37:14.247730,AVAILABLE
25927c58-a5d6-4c93-8d2a-4faaa74d1028,9454a900-be26-4a3d-ad53-b449210cffb4,1d04ab06-5b5e-484c-9236-14ec491a79d7,43110ae2-2c0b-4654-936a-72afad56219d,B308190,570,4,455.59,2026-05-03,2027-08-30,301e3cd3-c948-49e9-add4-e8080a9fab7f,2026-05-25 15:37:14.247804,AVAILABLE
ef15c053-fcb3-4100-8942-34ade4b3b992,9454a900-be26-4a3d-ad53-b449210cffb4,1d04ab06-5b5e-484c-9236-14ec491a79d7,0a915249-7e9b-4a22-be4b-d5a6c9628e04,B604464,631,89,90.92,2026-07-13,2027-05-09,e692d4b3-4456-49eb-87f5-ee22fc6e4200,2026-07-15 15:37:14.247852,AVAILABLE
a5b50647-89e4-4c23-add1-a1ce6f6b5e98,9454a900-be26-4a3d-ad53-b449210cffb4,1d04ab06-5b5e-484c-9236-14ec491a79d7,0a915249-7e9b-4a22-be4b-d5a6c9628e04,B195804,200,28,1730.94,2026-04-16,2027-04-11,b55d3c34-369b-4934-9015-9e38109b79f2,2026-07-12 15:37:14.247892,AVAILABLE
858c03e8-1104-4cea-9d27-48450c9d6bcd,9454a900-be26-4a3d-ad53-b449210cffb4,1d04ab06-5b5e-484c-9236-14ec491a79d7,99f2ef21-d83e-4cde-a73a-10b587a903a3,B344367,54,6,392.08,2025-08-22,2027-08-01,e6d69402-090c-458e-ab40-7589f32bf4bf,2026-06-22 15:37:14.247936,AVAILABLE
8c0a56da-89fe-4d40-b19a-c1e8fc79ac16,9454a900-be26-4a3d-ad53-b449210cffb4,1d04ab06-5b5e-484c-9236-14ec491a79d7,99f2ef21-d83e-4cde-a73a-10b587a903a3,B154082,802,42,1135.12,2026-12-20,2027-12-07,1400ecad-7beb-4557-b782-a9b67dbfa3ea,2026-09-11 15:37:14.247975,AVAILABLE
4ceb8c9c-d835-4d4d-b3c7-9aaf2e45a9a4,9454a900-be26-4a3d-ad53-b449210cffb4,1d04ab06-5b5e-484c-9236-14ec491a79d7,99f2ef21-d83e-4cde-a73a-10b587a903a3,B901999,135,15,664.95,2027-01-29,2027-12-09,b55d3c34-369b-4934-9015-9e38109b79f2,2026-07-09 15:37:14.248012,AVAILABLE
2558f62a-5490-432c-93d2-429aacd78b1f,9454a900-be26-4a3d-ad53-b449210cffb4,1d04ab06-5b5e-484c-9236-14ec491a79d7,e5b7da92-602a-4a8f-9b36-3acfc3414ba7,B274694,249,24,202.21,2026-01-16,2027-01-09,43b13eff-affb-4e79-a137-2d676513f12b,2026-08-17 15:37:14.248317,AVAILABLE
c7a6f69f-df3d-4749-b338-2cb5eb83a9dc,9454a900-be26-4a3d-ad53-b449210cffb4,1d04ab06-5b5e-484c-9236-14ec491a79d7,e5b7da92-602a-4a8f-9b36-3acfc3414ba7,B704143,748,42,1524.13,2025-07-21,2027-05-03,301e3cd3-c948-49e9-add4-e8080a9fab7f,2026-05-10 15:37:14.248386,AVAILABLE
c9a0ee0e-4a58-4cce-a7d4-e7fa3a67c774,9454a900-be26-4a3d-ad53-b449210cffb4,1d04ab06-5b5e-484c-9236-14ec491a79d7,3e6ecca3-9ad1-49a9-ad9a-5509b28de79d,B551177,283,23,410.04,2027-08-10,2028-02-28,85ba89f5-0cbe-423d-9b09-8edf117efeb7,2026-07-17 15:37:14.248457,AVAILABLE
f9db4366-cef0-42d0-babd-7203ac3a5dbe,9454a900-be26-4a3d-ad53-b449210cffb4,1d04ab06-5b5e-484c-9236-14ec491a79d7,3e6ecca3-9ad1-49a9-ad9a-5509b28de79d,B701243,806,72,1760.35,2025-04-18,2026-12-16,e6d69402-090c-458e-ab40-7589f32bf4bf,2026-07-16 15:37:14.248497,AVAILABLE
b049a8b4-6fdb-4be9-9ee3-f20ac9a5b9d0,9454a900-be26-4a3d-ad53-b449210cffb4,1d04ab06-5b5e-484c-9236-14ec491a79d7,3e6ecca3-9ad1-49a9-ad9a-5509b28de79d,B960295,58,1,323.82,2025-08-27,2027-05-11,85ba89f5-0cbe-423d-9b09-8edf117efeb7,2026-09-25 15:37:14.248533,AVAILABLE
232b0384-3781-456c-bd27-65348fef49fd,9454a900-be26-4a3d-ad53-b449210cffb4,1d04ab06-5b5e-484c-9236-14ec491a79d7,e3420e6d-9ba0-43de-991d-15b61159daa1,B393542,798,36,1071.0,2025-07-04,2027-03-23,8a3cc937-5d2e-4b04-b961-e6372fb37757,2026-05-05 15:37:14.248571,AVAILABLE
6707f5dd-82a6-4c81-91e4-33ce42786203,9454a900-be26-4a3d-ad53-b449210cffb4,1d04ab06-5b5e-484c-9236-14ec491a79d7,a041cc1e-bb11-4e03-9969-5026c46ed837,B504227,112,9,183.86,2026-03-11,2026-11-27,41e5f347-011f-49c8-a809-9ebc6ef93e37,2026-08-02 15:37:14.248648,AVAILABLE
b54c848e-ea3f-4fc7-b3ad-ec3f3e18545c,9454a900-be26-4a3d-ad53-b449210cffb4,1d04ab06-5b5e-484c-9236-14ec491a79d7,a041cc1e-bb11-4e03-9969-5026c46ed837,B695964,632,20,1205.03,2026-05-10,2028-01-01,85ba89f5-0cbe-423d-9b09-8edf117efeb7,2026-06-14 15:37:14.248697,AVAILABLE
84cc6542-e8d2-48c2-9eb2-8a62c9e11c50,9454a900-be26-4a3d-ad53-b449210cffb4,1d04ab06-5b5e-484c-9236-14ec491a79d7,a041cc1e-bb11-4e03-9969-5026c46ed837,B557413,862,96,1355.58,2026-05-15,2027-04-29,85ba89f5-0cbe-423d-9b09-8edf117efeb7,2026-08-26 15:37:14.248795,AVAILABLE
45a913f4-55cc-4325-8505-a3a32c9283ad,9454a900-be26-4a3d-ad53-b449210cffb4,1d04ab06-5b5e-484c-9236-14ec491a79d7,6989db76-adcc-4a3d-b3c0-61fb496a0f5d,B707645,54,2,817.63,2025-11-10,2027-09-02,e692d4b3-4456-49eb-87f5-ee22fc6e4200,2026-08-15 15:37:14.248856,AVAILABLE
c26a80bf-23a4-4d07-b025-51292e16fb78,9454a900-be26-4a3d-ad53-b449210cffb4,1d04ab06-5b5e-484c-9236-14ec491a79d7,6989db76-adcc-4a3d-b3c0-61fb496a0f5d,B100622,551,41,338.34,2026-09-14,2027-11-26,43b13eff-affb-4e79-a137-2d676513f12b,2026-06-08 15:37:14.248894,AVAILABLE
b19f2e85-6eb3-40df-b19f-fc645b96160a,9454a900-be26-4a3d-ad53-b449210cffb4,1d04ab06-5b5e-484c-9236-14ec491a79d7,6989db76-adcc-4a3d-b3c0-61fb496a0f5d,B551013,997,81,572.58,2026-04-01,2027-10-05,b55d3c34-369b-4934-9015-9e38109b79f2,2026-05-26 15:37:14.248977,AVAILABLE
0af37166-2f89-4ad3-af72-e82714f8c16d,9454a900-be26-4a3d-ad53-b449210cffb4,45ea771f-2295-4dba-847e-92807321fb30,9c06c388-c751-407e-9c97-3b46b1db5e7c,B962934,367,49,1733.73,2026-04-14,2026-11-12,389d9f94-94f3-497d-9ad3-80b154c36b08,2026-05-04 15:37:14.249361,AVAILABLE
cb29806e-f249-45f1-b0f1-be4c8ffe45a0,9454a900-be26-4a3d-ad53-b449210cffb4,45ea771f-2295-4dba-847e-92807321fb30,6b615b69-ae0e-4f1b-a6dc-2d69233addaa,B749858,589,66,283.32,2026-07-07,2027-03-08,389d9f94-94f3-497d-9ad3-80b154c36b08,2026-05-05 15:37:14.249415,AVAILABLE
c7a58d7f-e564-46b5-857e-2a15113fdd08,9454a900-be26-4a3d-ad53-b449210cffb4,45ea771f-2295-4dba-847e-92807321fb30,6cbb6f57-d6cb-41b0-aca5-9ea4e8c5be47,B244370,675,7,1282.77,2026-04-22,2027-02-03,1400ecad-7beb-4557-b782-a9b67dbfa3ea,2026-08-19 15:37:14.249465,AVAILABLE
782e6527-8bf2-46b5-958c-69ec48094c90,9454a900-be26-4a3d-ad53-b449210cffb4,45ea771f-2295-4dba-847e-92807321fb30,6cbb6f57-d6cb-41b0-aca5-9ea4e8c5be47,B252726,836,38,1694.65,2026-03-23,2027-01-10,e692d4b3-4456-49eb-87f5-ee22fc6e4200,2026-06-28 15:37:14.249680,AVAILABLE
bd13be98-dce3-4806-b9a8-b67c2fcb2c7d,9454a900-be26-4a3d-ad53-b449210cffb4,45ea771f-2295-4dba-847e-92807321fb30,6cbb6f57-d6cb-41b0-aca5-9ea4e8c5be47,B253351,481,1,662.07,2026-02-10,2027-02-14,1400ecad-7beb-4557-b782-a9b67dbfa3ea,2026-04-12 15:37:14.249731,AVAILABLE
75a739b7-f84c-4984-b8c7-ea6006fcf19a,9454a900-be26-4a3d-ad53-b449210cffb4,45ea771f-2295-4dba-847e-92807321fb30,c2b13e9e-9865-4a6b-ba11-417dbd416417,B979940,120,13,128.04,2025-12-26,2026-12-13,1400ecad-7beb-4557-b782-a9b67dbfa3ea,2026-06-08 15:37:14.249774,AVAILABLE
0c2baf97-3c29-41c7-9116-7798a5d86668,9454a900-be26-4a3d-ad53-b449210cffb4,45ea771f-2295-4dba-847e-92807321fb30,13cd9912-56bb-4721-abb1-986f20a370cb,B893790,874,24,1431.33,2026-03-10,2027-09-02,389d9f94-94f3-497d-9ad3-80b154c36b08,2026-07-09 15:37:14.249840,AVAILABLE
f54e16f0-472a-4fe9-8009-53ad3e4eadb0,9454a900-be26-4a3d-ad53-b449210cffb4,45ea771f-2295-4dba-847e-92807321fb30,13cd9912-56bb-4721-abb1-986f20a370cb,B827693,896,16,1705.26,2027-04-15,2028-03-17,389d9f94-94f3-497d-9ad3-80b154c36b08,2026-08-06 15:37:14.249879,AVAILABLE
c34a305e-d869-4585-a648-b366ff59c183,9454a900-be26-4a3d-ad53-b449210cffb4,45ea771f-2295-4dba-847e-92807321fb30,13cd9912-56bb-4721-abb1-986f20a370cb,B248677,735,103,287.01,2025-02-28,2027-01-18,8a3cc937-5d2e-4b04-b961-e6372fb37757,2026-07-17 15:37:14.249944,AVAILABLE
8674eeb4-0a00-46bf-968a-3e3fb36900ed,9454a900-be26-4a3d-ad53-b449210cffb4,45ea771f-2295-4dba-847e-92807321fb30,e3420e6d-9ba0-43de-991d-15b61159daa1,B917396,729,79,925.35,2027-07-26,2028-03-11,301e3cd3-c948-49e9-add4-e8080a9fab7f,2026-04-29 15:37:14.249984,AVAILABLE
336a75f2-f8f3-4b0e-95b3-9f88c8b92534,9454a900-be26-4a3d-ad53-b449210cffb4,45ea771f-2295-4dba-847e-92807321fb30,e3420e6d-9ba0-43de-991d-15b61159daa1,B569311,204,6,148.81,2027-02-08,2027-10-05,1400ecad-7beb-4557-b782-a9b67dbfa3ea,2026-04-15 15:37:14.250019,AVAILABLE
37d50a80-1ef1-4b7c-aeb1-8f3d4260a3e3,9454a900-be26-4a3d-ad53-b449210cffb4,45ea771f-2295-4dba-847e-92807321fb30,1941089d-b192-4af2-b696-484fa9286d80,B280765,705,85,450.18,2026-01-27,2026-11-30,85ba89f5-0cbe-423d-9b09-8edf117efeb7,2026-06-16 15:37:14.250058,AVAILABLE
414da70a-4067-40ef-8fb1-bd02b3646780,9454a900-be26-4a3d-ad53-b449210cffb4,45ea771f-2295-4dba-847e-92807321fb30,1941089d-b192-4af2-b696-484fa9286d80,B458888,530,66,1151.78,2027-02-07,2027-10-01,85ba89f5-0cbe-423d-9b09-8edf117efeb7,2026-08-14 15:37:14.250098,AVAILABLE
ab264d2f-6042-4e8f-8ae9-c4669006253b,9454a900-be26-4a3d-ad53-b449210cffb4,45ea771f-2295-4dba-847e-92807321fb30,4bd504ed-a1c0-48c9-bff0-b66723a5f08d,B569873,869,95,753.17,2026-11-22,2027-12-03,8a3cc937-5d2e-4b04-b961-e6372fb37757,2026-07-02 15:37:14.250135,AVAILABLE
ab3603a6-75eb-4a15-b5fd-8a80c0228286,9454a900-be26-4a3d-ad53-b449210cffb4,45ea771f-2295-4dba-847e-92807321fb30,4bd504ed-a1c0-48c9-bff0-b66723a5f08d,B359765,739,50,178.62,2026-11-09,2027-06-09,41e5f347-011f-49c8-a809-9ebc6ef93e37,2026-05-31 15:37:14.250171,AVAILABLE
c3bbde81-3200-47a4-89d9-1b5b89d82063,9454a900-be26-4a3d-ad53-b449210cffb4,45ea771f-2295-4dba-847e-92807321fb30,987c980e-f5ed-4388-b102-971ff25870b1,B394236,475,5,1667.04,2025-11-14,2027-08-26,b55d3c34-369b-4934-9015-9e38109b79f2,2026-04-12 15:37:14.250207,AVAILABLE
635587ac-ce96-4226-9b04-c6379e8436ba,9454a900-be26-4a3d-ad53-b449210cffb4,45ea771f-2295-4dba-847e-92807321fb30,99f2ef21-d83e-4cde-a73a-10b587a903a3,B379416,118,4,1518.39,2026-08-20,2027-12-24,e692d4b3-4456-49eb-87f5-ee22fc6e4200,2026-06-07 15:37:14.250265,AVAILABLE
d9301745-444f-477c-bb59-3d981afc8fbc,9454a900-be26-4a3d-ad53-b449210cffb4,45ea771f-2295-4dba-847e-92807321fb30,01d77a5e-a466-4d48-b24b-31edb500e5fa,B609106,297,10,35.54,2025-11-16,2026-09-25,43b13eff-affb-4e79-a137-2d676513f12b,2026-06-29 15:37:14.250323,EXPIRED
6e09e8fb-5ce2-48fe-820a-e4f6363ea3cd,9454a900-be26-4a3d-ad53-b449210cffb4,45ea771f-2295-4dba-847e-92807321fb30,01d77a5e-a466-4d48-b24b-31edb500e5fa,B909671,78,6,382.86,2026-06-09,2027-01-14,41e5f347-011f-49c8-a809-9ebc6ef93e37,2026-05-23 15:37:14.250360,AVAILABLE
92494bb2-ba3d-4526-a2e5-19eb88b8fd61,9454a900-be26-4a3d-ad53-b449210cffb4,45ea771f-2295-4dba-847e-92807321fb30,378ef267-9155-41bc-a431-7c700c1731e3,B989415,182,26,768.18,2026-07-03,2027-10-05,301e3cd3-c948-49e9-add4-e8080a9fab7f,2026-07-23 15:37:14.250397,AVAILABLE
ab986b68-16b3-4f93-a709-3f2400eb4012,9454a900-be26-4a3d-ad53-b449210cffb4,45ea771f-2295-4dba-847e-92807321fb30,378ef267-9155-41bc-a431-7c700c1731e3,B731792,471,11,1045.44,2026-03-24,2027-02-18,41e5f347-011f-49c8-a809-9ebc6ef93e37,2026-04-30 15:37:14.250432,AVAILABLE
329cd7e9-2516-4242-8326-7561290bd126,9454a900-be26-4a3d-ad53-b449210cffb4,45ea771f-2295-4dba-847e-92807321fb30,0d430ec5-4d86-4820-8a2c-9a0885280906,B186568,108,6,17.49,2026-08-11,2027-11-05,b55d3c34-369b-4934-9015-9e38109b79f2,2026-04-14 15:37:14.250470,AVAILABLE
08f48c71-6da4-477a-835c-b2612714ff2f,9454a900-be26-4a3d-ad53-b449210cffb4,45ea771f-2295-4dba-847e-92807321fb30,8cb385ca-cfdc-404f-8298-512a7c8578b3,B905024,304,21,1207.15,2026-03-02,2027-11-25,301e3cd3-c948-49e9-add4-e8080a9fab7f,2026-05-02 15:37:14.250506,AVAILABLE
96d8673e-f148-472d-b7b4-42698f2b78be,9454a900-be26-4a3d-ad53-b449210cffb4,45ea771f-2295-4dba-847e-92807321fb30,8cb385ca-cfdc-404f-8298-512a7c8578b3,B324928,689,83,1024.18,2024-12-09,2026-10-04,389d9f94-94f3-497d-9ad3-80b154c36b08,2026-08-15 15:37:14.250541,EXPIRED
d9db4d2c-0dee-4381-b47b-1b5d888b575a,9454a900-be26-4a3d-ad53-b449210cffb4,45ea771f-2295-4dba-847e-92807321fb30,8cb385ca-cfdc-404f-8298-512a7c8578b3,B202308,312,2,1695.05,2025-09-29,2027-07-13,43b13eff-affb-4e79-a137-2d676513f12b,2026-08-10 15:37:14.250615,AVAILABLE
fb1c62aa-3409-4209-8e16-956b58a8d7c9,9454a900-be26-4a3d-ad53-b449210cffb4,45ea771f-2295-4dba-847e-92807321fb30,3b4f2db0-078e-4414-849b-1ba2782649be,B397026,299,42,73.36,2027-01-08,2027-11-07,b55d3c34-369b-4934-9015-9e38109b79f2,2026-07-04 15:37:14.250772,AVAILABLE
c4b4c0b6-a8e2-46ec-83d5-75cc8737fe6b,9454a900-be26-4a3d-ad53-b449210cffb4,45ea771f-2295-4dba-847e-92807321fb30,3b4f2db0-078e-4414-849b-1ba2782649be,B346650,851,35,1618.56,2027-07-14,2028-01-17,389d9f94-94f3-497d-9ad3-80b154c36b08,2026-06-12 15:37:14.251020,AVAILABLE
7cfb2b15-4c5b-4bcf-87f2-8cb198d3025f,9454a900-be26-4a3d-ad53-b449210cffb4,45ea771f-2295-4dba-847e-92807321fb30,3b4f2db0-078e-4414-849b-1ba2782649be,B622161,691,23,393.53,2025-07-16,2026-11-20,43b13eff-affb-4e79-a137-2d676513f12b,2026-09-07 15:37:14.251164,AVAILABLE
46a3e144-934c-4fc5-aeaa-3754691aae41,0d84597b-6ea1-4332-bd4a-8451cde06855,92d6d814-267e-4d58-87a8-d281c670f7c4,70745aec-f24f-4b18-807e-6adb80d01ba0,B381644,853,120,1262.89,2026-06-29,2027-08-30,85ba89f5-0cbe-423d-9b09-8edf117efeb7,2026-07-26 15:37:14.252505,AVAILABLE
88932164-6d11-47f1-92f7-38d4283d33a4,0d84597b-6ea1-4332-bd4a-8451cde06855,92d6d814-267e-4d58-87a8-d281c670f7c4,70745aec-f24f-4b18-807e-6adb80d01ba0,B409791,925,71,866.77,2027-01-11,2028-02-08,41e5f347-011f-49c8-a809-9ebc6ef93e37,2026-08-02 15:37:14.252565,AVAILABLE
24882be3-bd30-473e-bfc2-97cce47515b7,0d84597b-6ea1-4332-bd4a-8451cde06855,92d6d814-267e-4d58-87a8-d281c670f7c4,70745aec-f24f-4b18-807e-6adb80d01ba0,B399975,340,33,1596.82,2026-04-07,2027-02-17,1400ecad-7beb-4557-b782-a9b67dbfa3ea,2026-06-10 15:37:14.252660,AVAILABLE
3d75273b-2f5f-4d69-b474-1ea1feb07291,0d84597b-6ea1-4332-bd4a-8451cde06855,92d6d814-267e-4d58-87a8-d281c670f7c4,8e15b3a9-915f-4bf0-84c7-182f335e062c,B723273,949,49,648.88,2026-03-24,2027-11-13,389d9f94-94f3-497d-9ad3-80b154c36b08,2026-07-15 15:37:14.252838,AVAILABLE
eeabf768-c51c-48dc-bb3c-eca8c790f60d,0d84597b-6ea1-4332-bd4a-8451cde06855,92d6d814-267e-4d58-87a8-d281c670f7c4,4f7512b2-6b9d-434f-807e-2fc43528691e,B604936,205,23,105.07,2026-12-21,2027-10-01,389d9f94-94f3-497d-9ad3-80b154c36b08,2026-08-21 15:37:14.254922,AVAILABLE
559c16a0-c679-44d2-bf4e-97dfc6684601,0d84597b-6ea1-4332-bd4a-8451cde06855,92d6d814-267e-4d58-87a8-d281c670f7c4,4f7512b2-6b9d-434f-807e-2fc43528691e,B892875,605,3,237.08,2026-01-08,2026-10-25,1400ecad-7beb-4557-b782-a9b67dbfa3ea,2026-06-15 15:37:14.255026,AVAILABLE
036fe427-7407-4dc1-8697-3e4e2043fdcb,0d84597b-6ea1-4332-bd4a-8451cde06855,92d6d814-267e-4d58-87a8-d281c670f7c4,cbb4966e-7bea-4df2-82bc-5fcfe9617ff8,B688920,413,55,947.91,2026-02-06,2027-07-24,b55d3c34-369b-4934-9015-9e38109b79f2,2026-07-04 15:37:14.255095,AVAILABLE
0b43311b-f7c0-4686-b6b0-cbdc41c0e548,0d84597b-6ea1-4332-bd4a-8451cde06855,92d6d814-267e-4d58-87a8-d281c670f7c4,3b4f2db0-078e-4414-849b-1ba2782649be,B820611,942,15,547.58,2026-03-27,2027-03-19,301e3cd3-c948-49e9-add4-e8080a9fab7f,2026-08-17 15:37:14.255145,AVAILABLE
997a9f39-e2ae-41d0-91d9-96c54290c76b,0d84597b-6ea1-4332-bd4a-8451cde06855,92d6d814-267e-4d58-87a8-d281c670f7c4,f1b95f47-94a2-4979-a411-02444c727d3e,B972539,594,8,1488.03,2026-02-05,2026-10-11,b55d3c34-369b-4934-9015-9e38109b79f2,2026-09-16 15:37:14.255192,AVAILABLE
77b9bf66-6066-4077-b971-b6c11fd72b3e,0d84597b-6ea1-4332-bd4a-8451cde06855,92d6d814-267e-4d58-87a8-d281c670f7c4,061b886b-98ed-480e-9810-63995f2f47ed,B416809,369,49,1275.93,2026-01-23,2027-08-26,301e3cd3-c948-49e9-add4-e8080a9fab7f,2026-08-24 15:37:14.255236,AVAILABLE
6a933e1d-7dc0-4821-8bfb-d671f848aa47,0d84597b-6ea1-4332-bd4a-8451cde06855,92d6d814-267e-4d58-87a8-d281c670f7c4,0c98fcbf-9121-467b-910d-10fcfbcd35b6,B240589,425,42,1294.61,2027-02-18,2028-01-25,1400ecad-7beb-4557-b782-a9b67dbfa3ea,2026-08-14 15:37:14.255283,AVAILABLE
0091727a-4641-4493-8c46-14957cc97e37,0d84597b-6ea1-4332-bd4a-8451cde06855,92d6d814-267e-4d58-87a8-d281c670f7c4,0c98fcbf-9121-467b-910d-10fcfbcd35b6,B728427,364,32,1722.78,2026-09-26,2027-06-17,e692d4b3-4456-49eb-87f5-ee22fc6e4200,2026-07-25 15:37:14.255323,AVAILABLE
649e53a0-32b5-4f68-b25c-ad6ceb7db818,0d84597b-6ea1-4332-bd4a-8451cde06855,92d6d814-267e-4d58-87a8-d281c670f7c4,0c98fcbf-9121-467b-910d-10fcfbcd35b6,B861763,996,118,1671.17,2026-01-02,2026-10-04,e6d69402-090c-458e-ab40-7589f32bf4bf,2026-06-06 15:37:14.255363,EXPIRED
c341d620-baa9-4b59-a04f-a239afa97553,0d84597b-6ea1-4332-bd4a-8451cde06855,92d6d814-267e-4d58-87a8-d281c670f7c4,3e6ecca3-9ad1-49a9-ad9a-5509b28de79d,B393886,537,6,1086.33,2025-02-06,2026-11-22,41e5f347-011f-49c8-a809-9ebc6ef93e37,2026-05-05 15:37:14.255404,AVAILABLE
ec23da89-7751-4fd5-82e8-533f2eecf425,0d84597b-6ea1-4332-bd4a-8451cde06855,92d6d814-267e-4d58-87a8-d281c670f7c4,3a19d3ca-1898-4db4-b347-55af1376c897,B537351,179,15,1027.58,2026-11-23,2027-10-14,e692d4b3-4456-49eb-87f5-ee22fc6e4200,2026-08-27 15:37:14.255443,AVAILABLE
e3cae1fe-5c2c-40d8-bf4c-e865dfc93592,0d84597b-6ea1-4332-bd4a-8451cde06855,92d6d814-267e-4d58-87a8-d281c670f7c4,3a19d3ca-1898-4db4-b347-55af1376c897,B649001,755,70,770.85,2026-12-16,2027-07-31,301e3cd3-c948-49e9-add4-e8080a9fab7f,2026-09-15 15:37:14.255509,AVAILABLE
84259377-19b3-4a0d-97d2-7b6c9e9b0544,0d84597b-6ea1-4332-bd4a-8451cde06855,92d6d814-267e-4d58-87a8-d281c670f7c4,2c10bfc8-d106-4422-b38f-e414215c8def,B705743,744,49,1438.0,2026-09-05,2027-09-10,e6d69402-090c-458e-ab40-7589f32bf4bf,2026-07-19 15:37:14.255556,AVAILABLE
b8ffb34d-f146-411c-9b88-f4a4b65d6671,0d84597b-6ea1-4332-bd4a-8451cde06855,92d6d814-267e-4d58-87a8-d281c670f7c4,b3fa980f-96f4-474d-8999-454117e0d5d6,B207535,954,13,1703.38,2025-02-04,2026-12-25,389d9f94-94f3-497d-9ad3-80b154c36b08,2026-05-22 15:37:14.255641,AVAILABLE
040fed79-4ed1-4c89-960f-9524b3882a97,0d84597b-6ea1-4332-bd4a-8451cde06855,92d6d814-267e-4d58-87a8-d281c670f7c4,24d1b68c-2a5b-464e-bb4e-c1071b3b4f3d,B567392,599,3,1063.23,2025-02-18,2026-11-21,41e5f347-011f-49c8-a809-9ebc6ef93e37,2026-06-28 15:37:14.255701,AVAILABLE
5b934840-be5c-484c-9c2c-7716b03af6c1,0d84597b-6ea1-4332-bd4a-8451cde06855,92d6d814-267e-4d58-87a8-d281c670f7c4,24d1b68c-2a5b-464e-bb4e-c1071b3b4f3d,B557762,482,16,977.38,2025-07-15,2027-04-15,389d9f94-94f3-497d-9ad3-80b154c36b08,2026-05-26 15:37:14.255740,AVAILABLE
37c6fed1-516c-40db-8481-20e8a29dfc29,0d84597b-6ea1-4332-bd4a-8451cde06855,92d6d814-267e-4d58-87a8-d281c670f7c4,0a915249-7e9b-4a22-be4b-d5a6c9628e04,B970935,562,63,1266.05,2026-04-30,2027-05-06,8a3cc937-5d2e-4b04-b961-e6372fb37757,2026-06-04 15:37:14.255811,AVAILABLE
efc057ff-8acc-4c10-bb73-6de00e6dbdf8,0d84597b-6ea1-4332-bd4a-8451cde06855,92d6d814-267e-4d58-87a8-d281c670f7c4,fb695fdf-9397-485a-aa21-6d65c73c7b07,B639350,439,42,1228.02,2026-03-16,2027-04-20,e6d69402-090c-458e-ab40-7589f32bf4bf,2026-06-18 15:37:14.255854,AVAILABLE
195ee4e3-78b8-4844-a07a-de2fa270206d,0d84597b-6ea1-4332-bd4a-8451cde06855,92d6d814-267e-4d58-87a8-d281c670f7c4,fb695fdf-9397-485a-aa21-6d65c73c7b07,B323918,270,2,1732.81,2026-08-24,2028-01-17,301e3cd3-c948-49e9-add4-e8080a9fab7f,2026-08-03 15:37:14.255890,AVAILABLE
f2fef0f8-16a3-4cc6-b006-41275f543c8e,0d84597b-6ea1-4332-bd4a-8451cde06855,92d6d814-267e-4d58-87a8-d281c670f7c4,fb695fdf-9397-485a-aa21-6d65c73c7b07,B651055,70,9,1020.4,2026-07-16,2028-02-06,389d9f94-94f3-497d-9ad3-80b154c36b08,2026-07-07 15:37:14.255926,AVAILABLE
e44a3328-d7ce-4db3-a78a-04ea007cc904,0d84597b-6ea1-4332-bd4a-8451cde06855,92d6d814-267e-4d58-87a8-d281c670f7c4,c037d58f-eb63-482e-81f7-b1f739423cdf,B744497,534,0,457.62,2026-12-02,2027-12-13,389d9f94-94f3-497d-9ad3-80b154c36b08,2026-04-20 15:37:14.255964,AVAILABLE
4748498d-8073-4c62-8dff-b5a870ff81d4,0d84597b-6ea1-4332-bd4a-8451cde06855,92d6d814-267e-4d58-87a8-d281c670f7c4,c037d58f-eb63-482e-81f7-b1f739423cdf,B686678,289,22,560.86,2026-06-15,2028-01-22,e6d69402-090c-458e-ab40-7589f32bf4bf,2026-04-13 15:37:14.256091,AVAILABLE
394e0cfa-67cd-416d-bd4f-995f0cb39fe2,0d84597b-6ea1-4332-bd4a-8451cde06855,92d6d814-267e-4d58-87a8-d281c670f7c4,c037d58f-eb63-482e-81f7-b1f739423cdf,B150617,66,4,145.14,2025-09-15,2027-01-22,1400ecad-7beb-4557-b782-a9b67dbfa3ea,2026-08-30 15:37:14.256573,AVAILABLE
ff29da0e-640a-444e-8e4a-b8e0b2572d87,0d84597b-6ea1-4332-bd4a-8451cde06855,92d6d814-267e-4d58-87a8-d281c670f7c4,b261960f-23be-4297-9c50-f27ceac7eedb,B197495,199,23,1128.11,2026-06-08,2027-10-13,1400ecad-7beb-4557-b782-a9b67dbfa3ea,2026-07-01 15:37:14.257082,AVAILABLE
7a3f472a-afcd-4eee-b7bd-0a3eca49e149,0d84597b-6ea1-4332-bd4a-8451cde06855,92d6d814-267e-4d58-87a8-d281c670f7c4,b261960f-23be-4297-9c50-f27ceac7eedb,B223459,524,62,963.06,2025-09-18,2027-03-01,301e3cd3-c948-49e9-add4-e8080a9fab7f,2026-05-31 15:37:14.257165,AVAILABLE
3374aa68-10e6-45b0-b8f3-04da0ecf52ac,0d84597b-6ea1-4332-bd4a-8451cde06855,92d6d814-267e-4d58-87a8-d281c670f7c4,13cd9912-56bb-4721-abb1-986f20a370cb,B713912,493,2,71.48,2025-09-30,2027-03-11,43b13eff-affb-4e79-a137-2d676513f12b,2026-08-06 15:37:14.257214,AVAILABLE
a53c2342-bab4-427b-b990-3772beb775d5,0d84597b-6ea1-4332-bd4a-8451cde06855,92d6d814-267e-4d58-87a8-d281c670f7c4,13cd9912-56bb-4721-abb1-986f20a370cb,B597328,694,28,395.19,2025-05-07,2026-10-28,389d9f94-94f3-497d-9ad3-80b154c36b08,2026-06-07 15:37:14.257341,AVAILABLE
b106a4de-7c57-4056-9de1-4093c3f7de13,0d84597b-6ea1-4332-bd4a-8451cde06855,92d6d814-267e-4d58-87a8-d281c670f7c4,67f10774-4e14-4f09-90b6-00a732111449,B601104,593,37,436.44,2025-01-05,2026-10-08,e6d69402-090c-458e-ab40-7589f32bf4bf,2026-04-22 15:37:14.257411,AVAILABLE
c3aa8a8a-bf2c-4914-bb2e-11c45bcfc434,0d84597b-6ea1-4332-bd4a-8451cde06855,92d6d814-267e-4d58-87a8-d281c670f7c4,67f10774-4e14-4f09-90b6-00a732111449,B607888,275,6,735.0,2026-05-05,2027-01-21,e6d69402-090c-458e-ab40-7589f32bf4bf,2026-06-05 15:37:14.257454,AVAILABLE
a4a885f8-85cb-46a9-a6d5-3bb6fa193b4f,0d84597b-6ea1-4332-bd4a-8451cde06855,92d6d814-267e-4d58-87a8-d281c670f7c4,67f10774-4e14-4f09-90b6-00a732111449,B649644,921,103,1721.28,2025-02-11,2026-10-10,85ba89f5-0cbe-423d-9b09-8edf117efeb7,2026-09-08 15:37:14.257495,AVAILABLE
df543de9-625d-4527-9d10-d54ce4639fc2,0d84597b-6ea1-4332-bd4a-8451cde06855,92d6d814-267e-4d58-87a8-d281c670f7c4,b8b41174-e4bb-41e0-8dc8-fbdaf9d470ec,B397295,318,19,548.81,2026-03-31,2028-01-21,e6d69402-090c-458e-ab40-7589f32bf4bf,2026-05-28 15:37:14.257568,AVAILABLE
22b6d9c6-31f6-4f19-9af4-00eda08bc5e3,0d84597b-6ea1-4332-bd4a-8451cde06855,92d6d814-267e-4d58-87a8-d281c670f7c4,ceee2775-c68b-4199-9eb8-21746763c4ba,B593932,646,43,1127.75,2025-03-04,2026-10-14,8a3cc937-5d2e-4b04-b961-e6372fb37757,2026-07-11 15:37:14.257650,AVAILABLE
59c8e16f-dae7-4dd2-89aa-7a863bdbabc0,0d84597b-6ea1-4332-bd4a-8451cde06855,92d6d814-267e-4d58-87a8-d281c670f7c4,220f964e-a351-4ad0-827e-502f5ded939c,B614413,643,12,1588.05,2026-05-06,2027-08-12,8a3cc937-5d2e-4b04-b961-e6372fb37757,2026-05-25 15:37:14.257724,AVAILABLE
1345fe73-e0c5-4a3c-a6a9-360f193be375,0d84597b-6ea1-4332-bd4a-8451cde06855,92d6d814-267e-4d58-87a8-d281c670f7c4,ebb48eae-a1ef-4da9-8ae1-b2f70e717661,B748363,241,8,779.5,2027-06-06,2028-02-16,b55d3c34-369b-4934-9015-9e38109b79f2,2026-09-13 15:37:14.257778,AVAILABLE
03279adc-7afa-4be6-8151-a1a388b2701c,0d84597b-6ea1-4332-bd4a-8451cde06855,92d6d814-267e-4d58-87a8-d281c670f7c4,ebb48eae-a1ef-4da9-8ae1-b2f70e717661,B469492,487,25,15.03,2025-07-31,2026-10-12,389d9f94-94f3-497d-9ad3-80b154c36b08,2026-09-13 15:37:14.257981,AVAILABLE
f43e150a-f7f4-4359-a050-7621e6860026,0d84597b-6ea1-4332-bd4a-8451cde06855,92d6d814-267e-4d58-87a8-d281c670f7c4,ebb48eae-a1ef-4da9-8ae1-b2f70e717661,B550856,784,92,1091.23,2025-08-18,2026-12-11,1400ecad-7beb-4557-b782-a9b67dbfa3ea,2026-05-25 15:37:14.258029,AVAILABLE
53adeae8-2268-4139-b2ad-6675fff903cf,0d84597b-6ea1-4332-bd4a-8451cde06855,92d6d814-267e-4d58-87a8-d281c670f7c4,43110ae2-2c0b-4654-936a-72afad56219d,B658463,762,36,68.79,2025-04-15,2027-01-16,b55d3c34-369b-4934-9015-9e38109b79f2,2026-06-21 15:37:14.258073,AVAILABLE
e9ee390c-a512-4b8b-b504-dfa19e063e38,0d84597b-6ea1-4332-bd4a-8451cde06855,92d6d814-267e-4d58-87a8-d281c670f7c4,43110ae2-2c0b-4654-936a-72afad56219d,B279569,241,24,1393.55,2025-11-22,2027-07-16,85ba89f5-0cbe-423d-9b09-8edf117efeb7,2026-04-17 15:37:14.258111,AVAILABLE
2a51a00d-8bd1-490d-b46f-092964bc4a31,0d84597b-6ea1-4332-bd4a-8451cde06855,92d6d814-267e-4d58-87a8-d281c670f7c4,fdd23e22-960c-4a44-af67-60d832b98217,B913881,354,34,333.69,2026-07-05,2027-08-13,8a3cc937-5d2e-4b04-b961-e6372fb37757,2026-08-19 15:37:14.258149,AVAILABLE
c1f4b82a-4c50-473f-aee0-745e40883272,0d84597b-6ea1-4332-bd4a-8451cde06855,92d6d814-267e-4d58-87a8-d281c670f7c4,9c06c388-c751-407e-9c97-3b46b1db5e7c,B370656,978,48,1480.11,2026-09-29,2027-08-06,389d9f94-94f3-497d-9ad3-80b154c36b08,2026-09-26 15:37:14.258214,AVAILABLE
9d10096b-0abd-444e-a355-0567be8b3eca,0d84597b-6ea1-4332-bd4a-8451cde06855,92d6d814-267e-4d58-87a8-d281c670f7c4,9c06c388-c751-407e-9c97-3b46b1db5e7c,B350983,640,16,303.9,2026-09-29,2028-01-11,e6d69402-090c-458e-ab40-7589f32bf4bf,2026-05-15 15:37:14.258254,AVAILABLE
d6a08eba-8c08-4b19-874f-5ceb0d70f4a2,0d84597b-6ea1-4332-bd4a-8451cde06855,92d6d814-267e-4d58-87a8-d281c670f7c4,9c06c388-c751-407e-9c97-3b46b1db5e7c,B485863,35,3,1172.23,2025-11-13,2027-06-19,301e3cd3-c948-49e9-add4-e8080a9fab7f,2026-07-26 15:37:14.258418,AVAILABLE
3f080512-94c8-48fd-ae7f-d6fb5faf95aa,0d84597b-6ea1-4332-bd4a-8451cde06855,92d6d814-267e-4d58-87a8-d281c670f7c4,c2b13e9e-9865-4a6b-ba11-417dbd416417,B821598,34,0,511.17,2024-10-30,2026-10-08,41e5f347-011f-49c8-a809-9ebc6ef93e37,2026-05-13 15:37:14.258469,AVAILABLE
57cba43f-d36a-447b-91c9-50a1f223176d,0d84597b-6ea1-4332-bd4a-8451cde06855,92d6d814-267e-4d58-87a8-d281c670f7c4,c2b13e9e-9865-4a6b-ba11-417dbd416417,B329624,877,128,161.99,2025-05-20,2027-03-09,1400ecad-7beb-4557-b782-a9b67dbfa3ea,2026-06-08 15:37:14.258776,AVAILABLE
fa3513f0-6fb5-4e30-a4e9-7487d286555f,0d84597b-6ea1-4332-bd4a-8451cde06855,92d6d814-267e-4d58-87a8-d281c670f7c4,1640337f-9614-4c3f-bda8-20c0eb4c6bce,B717969,791,89,1757.31,2024-12-14,2026-10-02,e6d69402-090c-458e-ab40-7589f32bf4bf,2026-10-04 15:37:14.258885,EXPIRED
0b6c3844-e89c-4ea9-ab95-bd0e7d57ed61,0d84597b-6ea1-4332-bd4a-8451cde06855,92d6d814-267e-4d58-87a8-d281c670f7c4,1640337f-9614-4c3f-bda8-20c0eb4c6bce,B198644,627,85,1684.07,2026-08-03,2027-04-02,389d9f94-94f3-497d-9ad3-80b154c36b08,2026-08-14 15:37:14.259024,AVAILABLE
068c1cc7-d95c-4cc9-9a66-c6b075c84e34,0d84597b-6ea1-4332-bd4a-8451cde06855,92d6d814-267e-4d58-87a8-d281c670f7c4,b1b122eb-1ba2-4148-b9ac-5d21b2adf647,B667247,760,11,1088.16,2027-05-22,2027-12-26,41e5f347-011f-49c8-a809-9ebc6ef93e37,2026-06-27 15:37:14.259088,AVAILABLE
a0f09c8e-8168-4509-8de5-4d6571683b18,0d84597b-6ea1-4332-bd4a-8451cde06855,92d6d814-267e-4d58-87a8-d281c670f7c4,6f12778d-43ca-4220-8b3b-11201ac91209,B633377,21,1,780.23,2025-02-25,2027-02-02,43b13eff-affb-4e79-a137-2d676513f12b,2026-06-02 15:37:14.259268,AVAILABLE
40161308-5860-4081-88f2-a67bf0f06b93,0d84597b-6ea1-4332-bd4a-8451cde06855,92d6d814-267e-4d58-87a8-d281c670f7c4,522740d6-f3db-4ac1-a547-6b62598fe57f,B371787,715,10,1490.63,2027-02-04,2027-08-24,e692d4b3-4456-49eb-87f5-ee22fc6e4200,2026-06-20 15:37:14.259344,AVAILABLE
8c6384f3-85f6-47c3-a372-d16fea76f290,0d84597b-6ea1-4332-bd4a-8451cde06855,92d6d814-267e-4d58-87a8-d281c670f7c4,522740d6-f3db-4ac1-a547-6b62598fe57f,B874453,84,0,1548.02,2025-11-11,2027-10-01,8a3cc937-5d2e-4b04-b961-e6372fb37757,2026-08-09 15:37:14.259389,AVAILABLE
59e4a06c-e1f9-483c-94c5-367b53f5431f,0d84597b-6ea1-4332-bd4a-8451cde06855,92d6d814-267e-4d58-87a8-d281c670f7c4,522740d6-f3db-4ac1-a547-6b62598fe57f,B310231,290,14,1193.37,2027-06-06,2028-03-01,41e5f347-011f-49c8-a809-9ebc6ef93e37,2026-09-08 15:37:14.259428,AVAILABLE
1cef5d03-fa59-46ee-9f52-c9189605c81a,0d84597b-6ea1-4332-bd4a-8451cde06855,92d6d814-267e-4d58-87a8-d281c670f7c4,573f39b9-7855-4b4d-8a9e-14a5e9d8b2cd,B327951,428,10,1251.6,2025-11-09,2027-02-23,41e5f347-011f-49c8-a809-9ebc6ef93e37,2026-05-11 15:37:14.259469,AVAILABLE
0a6c5c42-c2b4-4947-befd-cf10c6b4bb80,0d84597b-6ea1-4332-bd4a-8451cde06855,92d6d814-267e-4d58-87a8-d281c670f7c4,573f39b9-7855-4b4d-8a9e-14a5e9d8b2cd,B798874,802,115,223.66,2027-02-15,2028-02-16,301e3cd3-c948-49e9-add4-e8080a9fab7f,2026-07-11 15:37:14.259592,AVAILABLE
91b7e4bc-d060-4b30-81aa-d1730e91a896,0d84597b-6ea1-4332-bd4a-8451cde06855,92d6d814-267e-4d58-87a8-d281c670f7c4,573f39b9-7855-4b4d-8a9e-14a5e9d8b2cd,B906638,563,64,1100.42,2026-05-29,2027-09-10,e6d69402-090c-458e-ab40-7589f32bf4bf,2026-09-24 15:37:14.259683,AVAILABLE
d9761e9a-a97e-484f-918a-8d5a052ce46d,0d84597b-6ea1-4332-bd4a-8451cde06855,92d6d814-267e-4d58-87a8-d281c670f7c4,0d430ec5-4d86-4820-8a2c-9a0885280906,B579014,381,39,929.4,2025-12-27,2026-12-31,b55d3c34-369b-4934-9015-9e38109b79f2,2026-07-29 15:37:14.259728,AVAILABLE
fa10c1bd-cd58-48a6-8c8c-75225577337a,0d84597b-6ea1-4332-bd4a-8451cde06855,92d6d814-267e-4d58-87a8-d281c670f7c4,0d430ec5-4d86-4820-8a2c-9a0885280906,B807292,211,15,973.51,2025-05-12,2026-10-21,e692d4b3-4456-49eb-87f5-ee22fc6e4200,2026-05-22 15:37:14.259881,AVAILABLE
aeff3b0b-eb52-4d0d-83ca-2d150890afe6,0d84597b-6ea1-4332-bd4a-8451cde06855,92d6d814-267e-4d58-87a8-d281c670f7c4,9f081f26-ba8d-47d6-870e-ca0ca1cae51f,B558066,290,30,495.2,2026-12-27,2027-07-29,85ba89f5-0cbe-423d-9b09-8edf117efeb7,2026-08-15 15:37:14.259950,AVAILABLE
f6ad4f11-5f04-4473-a96d-84b912e875af,0d84597b-6ea1-4332-bd4a-8451cde06855,92d6d814-267e-4d58-87a8-d281c670f7c4,33e37cdb-690b-4dd6-aa0b-3e189bf6bc51,B447230,658,50,700.56,2026-04-21,2028-03-27,85ba89f5-0cbe-423d-9b09-8edf117efeb7,2026-07-23 15:37:14.260026,AVAILABLE
d1bfe8ee-14c0-46d4-bd8a-8c7a4ec1dd4e,0d84597b-6ea1-4332-bd4a-8451cde06855,92d6d814-267e-4d58-87a8-d281c670f7c4,16d1b73f-8881-425f-82b2-7ab4974b08ef,B997535,857,92,1725.91,2026-04-13,2027-06-22,e6d69402-090c-458e-ab40-7589f32bf4bf,2026-10-07 15:37:14.260070,AVAILABLE
5a591f5e-06a5-434e-99e8-893898e4918f,0d84597b-6ea1-4332-bd4a-8451cde06855,92d6d814-267e-4d58-87a8-d281c670f7c4,6989db76-adcc-4a3d-b3c0-61fb496a0f5d,B206776,804,55,1525.43,2026-12-25,2027-10-02,301e3cd3-c948-49e9-add4-e8080a9fab7f,2026-08-27 15:37:14.260195,AVAILABLE
8545ccd3-cdb9-4ee8-aed3-bb1d3a6fe4d4,0d84597b-6ea1-4332-bd4a-8451cde06855,92d6d814-267e-4d58-87a8-d281c670f7c4,6989db76-adcc-4a3d-b3c0-61fb496a0f5d,B622751,131,7,42.96,2027-05-20,2028-03-25,e6d69402-090c-458e-ab40-7589f32bf4bf,2026-10-05 15:37:14.260434,AVAILABLE
3fd5d26b-f9fe-4131-992e-3607df206e0b,0d84597b-6ea1-4332-bd4a-8451cde06855,92d6d814-267e-4d58-87a8-d281c670f7c4,6989db76-adcc-4a3d-b3c0-61fb496a0f5d,B293785,611,44,30.92,2026-06-27,2027-06-24,41e5f347-011f-49c8-a809-9ebc6ef93e37,2026-08-08 15:37:14.260505,AVAILABLE
3eececba-62ed-497f-826e-72f40d92596f,0d84597b-6ea1-4332-bd4a-8451cde06855,92d6d814-267e-4d58-87a8-d281c670f7c4,a88fd15f-1bbb-4271-941e-899867a89583,B452159,490,52,1600.3,2026-03-13,2027-11-06,8a3cc937-5d2e-4b04-b961-e6372fb37757,2026-04-22 15:37:14.260715,AVAILABLE
6ff5390f-8c27-47f2-80a8-e476cdedb84a,0d84597b-6ea1-4332-bd4a-8451cde06855,92d6d814-267e-4d58-87a8-d281c670f7c4,9c021848-0377-486f-a048-370334cce953,B451359,905,93,88.68,2026-05-31,2027-01-05,8a3cc937-5d2e-4b04-b961-e6372fb37757,2026-09-20 15:37:14.260776,AVAILABLE
4e22c3f2-f450-4bf7-942b-534f725a39b3,0d84597b-6ea1-4332-bd4a-8451cde06855,92d6d814-267e-4d58-87a8-d281c670f7c4,0eecbfea-7628-487c-b590-fece2c687e7a,B663849,915,77,776.59,2025-07-04,2027-01-22,e6d69402-090c-458e-ab40-7589f32bf4bf,2026-04-14 15:37:14.260820,AVAILABLE
4e2b32e1-e257-485d-a047-355d09b57951,0d84597b-6ea1-4332-bd4a-8451cde06855,92d6d814-267e-4d58-87a8-d281c670f7c4,a197882a-31bc-40ba-be53-5a7c2f5930f7,B826562,817,101,47.2,2026-09-12,2027-11-05,301e3cd3-c948-49e9-add4-e8080a9fab7f,2026-08-08 15:37:14.260865,AVAILABLE
582008da-67e3-471c-a58a-d84825b38c30,0d84597b-6ea1-4332-bd4a-8451cde06855,92d6d814-267e-4d58-87a8-d281c670f7c4,a197882a-31bc-40ba-be53-5a7c2f5930f7,B689695,958,89,590.69,2025-03-26,2027-01-11,41e5f347-011f-49c8-a809-9ebc6ef93e37,2026-04-15 15:37:14.260903,AVAILABLE
fe73133a-653d-4b6f-90a7-c679e321ac98,0d84597b-6ea1-4332-bd4a-8451cde06855,92d6d814-267e-4d58-87a8-d281c670f7c4,a197882a-31bc-40ba-be53-5a7c2f5930f7,B799047,460,33,758.55,2025-05-07,2026-11-13,301e3cd3-c948-49e9-add4-e8080a9fab7f,2026-05-17 15:37:14.261038,AVAILABLE
f31ace27-06b0-48bb-aec2-86e0f429853b,0d84597b-6ea1-4332-bd4a-8451cde06855,92d6d814-267e-4d58-87a8-d281c670f7c4,85b186aa-f3a1-45ba-8d0c-349f8a13c3d4,B569261,776,60,1094.74,2025-12-21,2026-12-08,43b13eff-affb-4e79-a137-2d676513f12b,2026-08-03 15:37:14.261931,AVAILABLE
5d722d86-0e16-4fe3-a663-cfce5e82bea0,0d84597b-6ea1-4332-bd4a-8451cde06855,92d6d814-267e-4d58-87a8-d281c670f7c4,85b186aa-f3a1-45ba-8d0c-349f8a13c3d4,B553221,623,82,1295.58,2026-04-17,2027-06-05,389d9f94-94f3-497d-9ad3-80b154c36b08,2026-09-18 15:37:14.262028,AVAILABLE
4d1b9088-7397-448d-ae61-c5ce5b380224,0d84597b-6ea1-4332-bd4a-8451cde06855,92d6d814-267e-4d58-87a8-d281c670f7c4,85b186aa-f3a1-45ba-8d0c-349f8a13c3d4,B151654,803,112,1089.24,2026-08-20,2027-08-17,301e3cd3-c948-49e9-add4-e8080a9fab7f,2026-10-03 15:37:14.262084,AVAILABLE
d732ef9b-34b4-4471-a30a-00d0de380668,0d84597b-6ea1-4332-bd4a-8451cde06855,92d6d814-267e-4d58-87a8-d281c670f7c4,7b6b643c-11d8-4a62-8cfe-a28f5fe4f2d6,B217660,209,27,1707.41,2027-03-08,2027-11-04,43b13eff-affb-4e79-a137-2d676513f12b,2026-04-25 15:37:14.262164,AVAILABLE
5cabafdf-d7dd-4cdf-b886-b1ac44ff1c34,0d84597b-6ea1-4332-bd4a-8451cde06855,92d6d814-267e-4d58-87a8-d281c670f7c4,7b6b643c-11d8-4a62-8cfe-a28f5fe4f2d6,B641856,778,50,157.78,2026-03-01,2027-07-15,41e5f347-011f-49c8-a809-9ebc6ef93e37,2026-09-28 15:37:14.262207,AVAILABLE
c5116883-6108-4626-bc6b-f9ee983a81ca,0d84597b-6ea1-4332-bd4a-8451cde06855,92d6d814-267e-4d58-87a8-d281c670f7c4,7b6b643c-11d8-4a62-8cfe-a28f5fe4f2d6,B381562,676,19,1786.4,2026-01-03,2027-03-24,41e5f347-011f-49c8-a809-9ebc6ef93e37,2026-06-07 15:37:14.262247,AVAILABLE
8d33e385-5612-4123-8a6f-b4d89e322d33,0d84597b-6ea1-4332-bd4a-8451cde06855,92d6d814-267e-4d58-87a8-d281c670f7c4,9d6f82ea-a6c1-4ee5-bd74-c517ba546a27,B262574,274,17,1742.28,2026-06-24,2028-02-28,85ba89f5-0cbe-423d-9b09-8edf117efeb7,2026-04-29 15:37:14.262290,AVAILABLE
511dd6fc-1528-4ed6-a2c2-4fc67f85c0f3,0d84597b-6ea1-4332-bd4a-8451cde06855,92d6d814-267e-4d58-87a8-d281c670f7c4,9d6f82ea-a6c1-4ee5-bd74-c517ba546a27,B241499,764,80,1777.16,2027-06-27,2028-02-10,301e3cd3-c948-49e9-add4-e8080a9fab7f,2026-08-02 15:37:14.262329,AVAILABLE
eb71f22f-52a3-4dee-9c1c-97eb2be8eb7c,0d84597b-6ea1-4332-bd4a-8451cde06855,92d6d814-267e-4d58-87a8-d281c670f7c4,dee6b134-5f4e-4d83-8133-35e34f0b48e8,B467327,138,20,1179.24,2027-05-03,2028-01-25,301e3cd3-c948-49e9-add4-e8080a9fab7f,2026-07-26 15:37:14.262368,AVAILABLE
8bf2f54e-1ac9-4f64-983c-1e7140cf45b8,0d84597b-6ea1-4332-bd4a-8451cde06855,92d6d814-267e-4d58-87a8-d281c670f7c4,6cbb6f57-d6cb-41b0-aca5-9ea4e8c5be47,B707829,68,9,424.11,2026-06-07,2027-07-05,e692d4b3-4456-49eb-87f5-ee22fc6e4200,2026-04-20 15:37:14.262585,AVAILABLE
e6bb5633-fa2a-4ad5-b580-1beb18f5e969,0d84597b-6ea1-4332-bd4a-8451cde06855,92d6d814-267e-4d58-87a8-d281c670f7c4,6cbb6f57-d6cb-41b0-aca5-9ea4e8c5be47,B718056,117,16,1180.24,2026-07-04,2027-12-24,b55d3c34-369b-4934-9015-9e38109b79f2,2026-04-30 15:37:14.262679,AVAILABLE
efc92fc9-57a5-43fa-ac54-8fca911bccae,0d84597b-6ea1-4332-bd4a-8451cde06855,92d6d814-267e-4d58-87a8-d281c670f7c4,063be93d-6835-4b65-a8a1-c36e83278d83,B677658,955,112,65.32,2026-04-17,2028-03-26,e692d4b3-4456-49eb-87f5-ee22fc6e4200,2026-05-04 15:37:14.262732,AVAILABLE
3e654393-ae23-4887-89b5-4d8fc40a2b21,0d84597b-6ea1-4332-bd4a-8451cde06855,92d6d814-267e-4d58-87a8-d281c670f7c4,063be93d-6835-4b65-a8a1-c36e83278d83,B841765,373,37,1109.03,2025-12-14,2027-03-01,41e5f347-011f-49c8-a809-9ebc6ef93e37,2026-07-11 15:37:14.263062,AVAILABLE
e31aa70c-2fdc-4b62-b56a-cd6f5a5eb81c,0d84597b-6ea1-4332-bd4a-8451cde06855,92d6d814-267e-4d58-87a8-d281c670f7c4,063be93d-6835-4b65-a8a1-c36e83278d83,B958456,741,11,629.86,2025-02-19,2026-11-11,43b13eff-affb-4e79-a137-2d676513f12b,2026-04-16 15:37:14.263122,AVAILABLE
9f07f2e3-338f-49f2-9230-ee5230070227,0d84597b-6ea1-4332-bd4a-8451cde06855,92d6d814-267e-4d58-87a8-d281c670f7c4,ca8399a1-143e-4717-be95-7836c2f21dcb,B238992,688,85,329.38,2026-01-05,2027-08-26,e692d4b3-4456-49eb-87f5-ee22fc6e4200,2026-09-05 15:37:14.263167,AVAILABLE
f5a0cf7c-0ded-44e3-8be4-782e53f04ea1,0d84597b-6ea1-4332-bd4a-8451cde06855,92d6d814-267e-4d58-87a8-d281c670f7c4,ca8399a1-143e-4717-be95-7836c2f21dcb,B357651,71,1,578.93,2025-08-16,2026-11-04,8a3cc937-5d2e-4b04-b961-e6372fb37757,2026-05-10 15:37:14.263209,AVAILABLE
f6f4fcae-ea0b-44de-806f-e5611b2b506a,0d84597b-6ea1-4332-bd4a-8451cde06855,92d6d814-267e-4d58-87a8-d281c670f7c4,8cb385ca-cfdc-404f-8298-512a7c8578b3,B839867,689,0,1025.9,2027-08-15,2028-03-02,1400ecad-7beb-4557-b782-a9b67dbfa3ea,2026-09-01 15:37:14.263250,AVAILABLE
73b85028-77e5-4e17-8ac1-e7f056daeda9,0d84597b-6ea1-4332-bd4a-8451cde06855,92d6d814-267e-4d58-87a8-d281c670f7c4,24bad869-7045-4954-b58f-10edc0407e69,B881342,439,41,487.64,2025-07-06,2027-05-26,e6d69402-090c-458e-ab40-7589f32bf4bf,2026-06-14 15:37:14.263291,AVAILABLE
d8775f78-04f7-415d-b480-ae349ede3079,0d84597b-6ea1-4332-bd4a-8451cde06855,92d6d814-267e-4d58-87a8-d281c670f7c4,24bad869-7045-4954-b58f-10edc0407e69,B311966,952,116,396.68,2026-08-01,2027-02-28,389d9f94-94f3-497d-9ad3-80b154c36b08,2026-09-10 15:37:14.263329,AVAILABLE
b90b13dc-d113-4d7d-8f02-0ced6f01f95d,0d84597b-6ea1-4332-bd4a-8451cde06855,10898cfe-5023-4af9-8b1b-59453e3d2960,6cbb6f57-d6cb-41b0-aca5-9ea4e8c5be47,B667335,328,44,1042.08,2026-08-09,2027-02-06,389d9f94-94f3-497d-9ad3-80b154c36b08,2026-05-29 15:37:14.263985,AVAILABLE
f490219d-8b41-4a32-bde9-d50c3ed3daa3,0d84597b-6ea1-4332-bd4a-8451cde06855,10898cfe-5023-4af9-8b1b-59453e3d2960,6cbb6f57-d6cb-41b0-aca5-9ea4e8c5be47,B746097,169,16,457.73,2026-01-18,2027-02-20,8a3cc937-5d2e-4b04-b961-e6372fb37757,2026-06-04 15:37:14.264073,AVAILABLE
fb53b7cd-0fa5-44cd-9af4-8c22fc9573ea,0d84597b-6ea1-4332-bd4a-8451cde06855,10898cfe-5023-4af9-8b1b-59453e3d2960,6cbb6f57-d6cb-41b0-aca5-9ea4e8c5be47,B324365,248,0,513.18,2027-01-20,2027-11-08,e692d4b3-4456-49eb-87f5-ee22fc6e4200,2026-08-24 15:37:14.264132,AVAILABLE
c006a61a-1c89-4fd9-86d3-a34ec52e108a,0d84597b-6ea1-4332-bd4a-8451cde06855,10898cfe-5023-4af9-8b1b-59453e3d2960,99f2ef21-d83e-4cde-a73a-10b587a903a3,B612738,214,5,1026.08,2026-06-29,2027-11-21,85ba89f5-0cbe-423d-9b09-8edf117efeb7,2026-09-01 15:37:14.264816,AVAILABLE
7fcde1d7-37e6-4ff8-ab5a-8f1455c401ef,0d84597b-6ea1-4332-bd4a-8451cde06855,10898cfe-5023-4af9-8b1b-59453e3d2960,99f2ef21-d83e-4cde-a73a-10b587a903a3,B899386,146,15,1174.77,2026-07-31,2027-05-17,85ba89f5-0cbe-423d-9b09-8edf117efeb7,2026-07-26 15:37:14.264983,AVAILABLE
19a2fe24-751c-4732-a597-a4700120b7aa,0d84597b-6ea1-4332-bd4a-8451cde06855,10898cfe-5023-4af9-8b1b-59453e3d2960,fdd23e22-960c-4a44-af67-60d832b98217,B411058,757,70,1755.4,2025-08-02,2026-12-01,43b13eff-affb-4e79-a137-2d676513f12b,2026-08-06 15:37:14.265051,AVAILABLE
ea70be71-2ff3-4c5b-8e7a-4b1d2ff15b2f,0d84597b-6ea1-4332-bd4a-8451cde06855,10898cfe-5023-4af9-8b1b-59453e3d2960,d039d8bd-44d3-44fc-a49f-83d1987d0b48,B603060,433,15,102.78,2027-05-06,2027-12-11,43b13eff-affb-4e79-a137-2d676513f12b,2026-07-09 15:37:14.265098,AVAILABLE
d35be789-22ab-4c41-bc05-d7aeba41919d,0d84597b-6ea1-4332-bd4a-8451cde06855,10898cfe-5023-4af9-8b1b-59453e3d2960,c037d58f-eb63-482e-81f7-b1f739423cdf,B176805,701,47,969.22,2025-07-09,2027-01-18,301e3cd3-c948-49e9-add4-e8080a9fab7f,2026-06-17 15:37:14.265140,AVAILABLE
521d053c-a073-4928-93a3-15f7c757b112,0d84597b-6ea1-4332-bd4a-8451cde06855,10898cfe-5023-4af9-8b1b-59453e3d2960,a7d4d675-bb94-424a-b6e4-1709b9e91e6d,B889632,42,0,1763.83,2026-03-07,2027-06-10,301e3cd3-c948-49e9-add4-e8080a9fab7f,2026-04-13 15:37:14.265180,AVAILABLE
288abe3e-46ec-4898-a8f3-3634818518c6,0d84597b-6ea1-4332-bd4a-8451cde06855,10898cfe-5023-4af9-8b1b-59453e3d2960,a7d4d675-bb94-424a-b6e4-1709b9e91e6d,B737476,255,3,477.81,2025-04-11,2027-01-16,1400ecad-7beb-4557-b782-a9b67dbfa3ea,2026-04-28 15:37:14.265218,AVAILABLE
d57d9e77-8dab-4875-920d-6ba77a213fee,0d84597b-6ea1-4332-bd4a-8451cde06855,10898cfe-5023-4af9-8b1b-59453e3d2960,24bad869-7045-4954-b58f-10edc0407e69,B944549,587,40,381.64,2026-07-03,2027-02-02,8a3cc937-5d2e-4b04-b961-e6372fb37757,2026-04-17 15:37:14.265332,AVAILABLE
4f158372-d9e4-42b3-adba-2ca9c27d1662,0d84597b-6ea1-4332-bd4a-8451cde06855,10898cfe-5023-4af9-8b1b-59453e3d2960,24bad869-7045-4954-b58f-10edc0407e69,B452868,125,9,1043.93,2025-11-15,2027-04-01,43b13eff-affb-4e79-a137-2d676513f12b,2026-04-19 15:37:14.265684,AVAILABLE
ec3fe8ca-c7de-4f19-b183-1d4b76048665,0d84597b-6ea1-4332-bd4a-8451cde06855,10898cfe-5023-4af9-8b1b-59453e3d2960,24bad869-7045-4954-b58f-10edc0407e69,B357502,354,23,1192.08,2026-07-22,2028-02-26,41e5f347-011f-49c8-a809-9ebc6ef93e37,2026-08-03 15:37:14.265779,AVAILABLE
49703e43-0202-4a42-8ff5-7b7708756c13,0d84597b-6ea1-4332-bd4a-8451cde06855,10898cfe-5023-4af9-8b1b-59453e3d2960,2b376704-d06b-441d-a2bf-f0973873411c,B175254,938,14,1727.3,2025-05-16,2027-01-27,8a3cc937-5d2e-4b04-b961-e6372fb37757,2026-07-14 15:37:14.265830,AVAILABLE
83270984-7bd6-4c19-8bff-40be27f45301,0d84597b-6ea1-4332-bd4a-8451cde06855,10898cfe-5023-4af9-8b1b-59453e3d2960,2b376704-d06b-441d-a2bf-f0973873411c,B576231,985,105,639.75,2025-12-22,2027-02-05,e692d4b3-4456-49eb-87f5-ee22fc6e4200,2026-06-22 15:37:14.266204,AVAILABLE
a821a59a-460a-4353-8b6b-74e5bcdd0e18,0d84597b-6ea1-4332-bd4a-8451cde06855,10898cfe-5023-4af9-8b1b-59453e3d2960,2b376704-d06b-441d-a2bf-f0973873411c,B304708,214,16,384.48,2026-04-10,2027-10-26,301e3cd3-c948-49e9-add4-e8080a9fab7f,2026-05-05 15:37:14.266452,AVAILABLE
44b82212-6055-4c75-b79f-f3eec7c03d5c,0d84597b-6ea1-4332-bd4a-8451cde06855,10898cfe-5023-4af9-8b1b-59453e3d2960,fb695fdf-9397-485a-aa21-6d65c73c7b07,B422773,713,19,1333.33,2025-10-20,2027-10-07,b55d3c34-369b-4934-9015-9e38109b79f2,2026-04-21 15:37:14.266740,AVAILABLE
4de8d06a-90fd-47a6-b7fd-a1e571c900a2,0d84597b-6ea1-4332-bd4a-8451cde06855,10898cfe-5023-4af9-8b1b-59453e3d2960,fb695fdf-9397-485a-aa21-6d65c73c7b07,B703113,651,97,1444.51,2025-03-09,2027-02-07,85ba89f5-0cbe-423d-9b09-8edf117efeb7,2026-04-12 15:37:14.266844,AVAILABLE
736fad39-5db9-4c4b-a589-39a520f75c44,0d84597b-6ea1-4332-bd4a-8451cde06855,10898cfe-5023-4af9-8b1b-59453e3d2960,fb695fdf-9397-485a-aa21-6d65c73c7b07,B159735,633,87,1497.07,2026-08-29,2027-11-20,41e5f347-011f-49c8-a809-9ebc6ef93e37,2026-09-18 15:37:14.266899,AVAILABLE
39721678-9acf-4674-b6d6-3fe0304abe38,0d84597b-6ea1-4332-bd4a-8451cde06855,10898cfe-5023-4af9-8b1b-59453e3d2960,b261960f-23be-4297-9c50-f27ceac7eedb,B334580,126,16,425.98,2026-04-05,2027-03-10,b55d3c34-369b-4934-9015-9e38109b79f2,2026-05-29 15:37:14.267026,AVAILABLE
f22f4c9b-800c-4e91-86b5-bd3e12ede11b,0d84597b-6ea1-4332-bd4a-8451cde06855,10898cfe-5023-4af9-8b1b-59453e3d2960,b261960f-23be-4297-9c50-f27ceac7eedb,B168507,43,6,887.98,2025-11-24,2027-07-07,1400ecad-7beb-4557-b782-a9b67dbfa3ea,2026-10-02 15:37:14.267082,AVAILABLE
135f1c73-5524-4fd1-b695-efd9be4fdda2,0d84597b-6ea1-4332-bd4a-8451cde06855,10898cfe-5023-4af9-8b1b-59453e3d2960,b261960f-23be-4297-9c50-f27ceac7eedb,B818274,224,21,840.61,2026-04-17,2027-02-20,b55d3c34-369b-4934-9015-9e38109b79f2,2026-09-12 15:37:14.267168,AVAILABLE
0ffd9b83-a3a2-4779-a6c7-2742c22c8dfa,0d84597b-6ea1-4332-bd4a-8451cde06855,10898cfe-5023-4af9-8b1b-59453e3d2960,4bd504ed-a1c0-48c9-bff0-b66723a5f08d,B353428,777,51,1766.24,2026-02-03,2027-08-24,e6d69402-090c-458e-ab40-7589f32bf4bf,2026-06-02 15:37:14.267216,AVAILABLE
09219a5b-7469-43ca-9bad-976654640264,0d84597b-6ea1-4332-bd4a-8451cde06855,10898cfe-5023-4af9-8b1b-59453e3d2960,4bd504ed-a1c0-48c9-bff0-b66723a5f08d,B939310,435,58,1334.02,2025-09-20,2027-08-19,e6d69402-090c-458e-ab40-7589f32bf4bf,2026-05-23 15:37:14.267258,AVAILABLE
866540b2-0ef7-4622-b3f9-478a480db394,0d84597b-6ea1-4332-bd4a-8451cde06855,10898cfe-5023-4af9-8b1b-59453e3d2960,4bd504ed-a1c0-48c9-bff0-b66723a5f08d,B730648,435,12,1074.95,2026-10-23,2028-01-19,e692d4b3-4456-49eb-87f5-ee22fc6e4200,2026-08-02 15:37:14.267298,AVAILABLE
1aa0244c-75ee-4677-9ed1-92b0e4325afc,0d84597b-6ea1-4332-bd4a-8451cde06855,10898cfe-5023-4af9-8b1b-59453e3d2960,2f7de1c2-cb62-4261-83f5-d8323f438333,B953404,52,1,1495.31,2026-04-09,2027-04-03,85ba89f5-0cbe-423d-9b09-8edf117efeb7,2026-07-12 15:37:14.267336,AVAILABLE
96b07fb5-17ee-41b3-8819-c010ee14d0c8,0d84597b-6ea1-4332-bd4a-8451cde06855,10898cfe-5023-4af9-8b1b-59453e3d2960,2f7de1c2-cb62-4261-83f5-d8323f438333,B136416,569,36,822.39,2026-01-07,2026-10-08,b55d3c34-369b-4934-9015-9e38109b79f2,2026-09-14 15:37:14.267374,AVAILABLE
90602b7a-d605-4292-98d5-5b3b2d70ef93,0d84597b-6ea1-4332-bd4a-8451cde06855,10898cfe-5023-4af9-8b1b-59453e3d2960,2f7de1c2-cb62-4261-83f5-d8323f438333,B536808,976,10,631.74,2026-10-25,2027-09-29,1400ecad-7beb-4557-b782-a9b67dbfa3ea,2026-06-11 15:37:14.267411,AVAILABLE
6be5f698-c614-4151-b58e-776807b8da3f,0d84597b-6ea1-4332-bd4a-8451cde06855,10898cfe-5023-4af9-8b1b-59453e3d2960,fda2f8a3-95ba-4f42-97f3-dbce57a916f1,B162143,224,23,1551.61,2026-07-28,2028-02-06,b55d3c34-369b-4934-9015-9e38109b79f2,2026-05-25 15:37:14.267454,AVAILABLE
296ac3b2-25b7-4b5a-8512-ac0de558c28e,0d84597b-6ea1-4332-bd4a-8451cde06855,10898cfe-5023-4af9-8b1b-59453e3d2960,bd5b3f87-5b53-4347-ac00-12fb9d5cd5a6,B381350,347,0,1167.67,2027-01-05,2027-07-17,85ba89f5-0cbe-423d-9b09-8edf117efeb7,2026-06-14 15:37:14.267524,AVAILABLE
e81fe774-b0b6-4570-97b2-d08d09d2eac8,0d84597b-6ea1-4332-bd4a-8451cde06855,10898cfe-5023-4af9-8b1b-59453e3d2960,bd5b3f87-5b53-4347-ac00-12fb9d5cd5a6,B977342,932,24,66.12,2025-11-23,2027-02-08,41e5f347-011f-49c8-a809-9ebc6ef93e37,2026-06-24 15:37:14.267591,AVAILABLE
58e31418-b475-4ff8-b586-52cb53e024b7,0d84597b-6ea1-4332-bd4a-8451cde06855,10898cfe-5023-4af9-8b1b-59453e3d2960,bd5b3f87-5b53-4347-ac00-12fb9d5cd5a6,B454077,26,0,732.08,2026-03-21,2027-03-11,41e5f347-011f-49c8-a809-9ebc6ef93e37,2026-05-01 15:37:14.267677,AVAILABLE
d7d83a4d-9922-4aa7-97da-3b3e56e03d75,0d84597b-6ea1-4332-bd4a-8451cde06855,10898cfe-5023-4af9-8b1b-59453e3d2960,e5b7da92-602a-4a8f-9b36-3acfc3414ba7,B163310,484,26,1103.32,2026-09-04,2027-08-16,b55d3c34-369b-4934-9015-9e38109b79f2,2026-08-23 15:37:14.267721,AVAILABLE
fd48c6f8-2f62-4251-9cf4-94c2e6dc7cd9,0d84597b-6ea1-4332-bd4a-8451cde06855,10898cfe-5023-4af9-8b1b-59453e3d2960,e5b7da92-602a-4a8f-9b36-3acfc3414ba7,B212874,168,21,1623.56,2026-04-15,2027-10-22,43b13eff-affb-4e79-a137-2d676513f12b,2026-05-10 15:37:14.267760,AVAILABLE
81a6c1a2-6ee3-41ce-b4a7-8401e3c9ea18,0d84597b-6ea1-4332-bd4a-8451cde06855,10898cfe-5023-4af9-8b1b-59453e3d2960,e5b7da92-602a-4a8f-9b36-3acfc3414ba7,B950076,539,74,49.87,2025-04-29,2026-12-25,8a3cc937-5d2e-4b04-b961-e6372fb37757,2026-07-26 15:37:14.267796,AVAILABLE
81fdfa19-ed9c-4a8e-be01-6d971d47a74a,0d84597b-6ea1-4332-bd4a-8451cde06855,c97a783c-ba65-4bb3-90bc-4beb33475158,2aceb2a6-c859-4f95-a238-9ad796b698fa,B836805,866,25,741.28,2026-08-29,2027-08-26,41e5f347-011f-49c8-a809-9ebc6ef93e37,2026-06-02 15:37:14.267950,AVAILABLE
cb2e5478-a8ba-420c-b6cc-66635c6267e5,0d84597b-6ea1-4332-bd4a-8451cde06855,c97a783c-ba65-4bb3-90bc-4beb33475158,a197882a-31bc-40ba-be53-5a7c2f5930f7,B293838,729,18,1699.26,2026-03-23,2028-01-19,e6d69402-090c-458e-ab40-7589f32bf4bf,2026-08-04 15:37:14.268015,AVAILABLE
a36748f3-3352-4a9a-977b-35bc5e740a77,0d84597b-6ea1-4332-bd4a-8451cde06855,c97a783c-ba65-4bb3-90bc-4beb33475158,3e6ecca3-9ad1-49a9-ad9a-5509b28de79d,B781765,215,23,398.45,2026-03-21,2028-03-07,41e5f347-011f-49c8-a809-9ebc6ef93e37,2026-09-21 15:37:14.268059,AVAILABLE
44e49ad7-5e59-4de7-b0bf-3a07607698d6,0d84597b-6ea1-4332-bd4a-8451cde06855,c97a783c-ba65-4bb3-90bc-4beb33475158,3e6ecca3-9ad1-49a9-ad9a-5509b28de79d,B648036,215,3,419.54,2025-11-21,2026-09-30,e6d69402-090c-458e-ab40-7589f32bf4bf,2026-09-17 15:37:14.268099,EXPIRED
64fc29ba-8888-4a76-afe4-0f2c952111e2,0d84597b-6ea1-4332-bd4a-8451cde06855,c97a783c-ba65-4bb3-90bc-4beb33475158,97a16fda-9cba-4dc2-8770-0b5104c507d2,B537575,612,41,1493.94,2025-11-10,2027-04-20,85ba89f5-0cbe-423d-9b09-8edf117efeb7,2026-09-22 15:37:14.268194,AVAILABLE
1b1da484-14b3-4be3-9617-daf1fbfe8b48,0d84597b-6ea1-4332-bd4a-8451cde06855,c97a783c-ba65-4bb3-90bc-4beb33475158,97a16fda-9cba-4dc2-8770-0b5104c507d2,B917309,345,49,332.32,2027-07-13,2028-01-28,85ba89f5-0cbe-423d-9b09-8edf117efeb7,2026-07-21 15:37:14.268235,AVAILABLE
e241a258-5e0f-44a2-8a69-cf0b71386b60,0d84597b-6ea1-4332-bd4a-8451cde06855,c97a783c-ba65-4bb3-90bc-4beb33475158,97a16fda-9cba-4dc2-8770-0b5104c507d2,B226802,897,11,140.07,2026-08-19,2027-09-04,43b13eff-affb-4e79-a137-2d676513f12b,2026-05-28 15:37:14.268273,AVAILABLE
7b301cf3-4b56-42f2-81c6-f45eb367ab4a,0d84597b-6ea1-4332-bd4a-8451cde06855,c97a783c-ba65-4bb3-90bc-4beb33475158,16d1b73f-8881-425f-82b2-7ab4974b08ef,B921714,273,32,146.81,2025-08-26,2027-07-11,e6d69402-090c-458e-ab40-7589f32bf4bf,2026-07-27 15:37:14.268310,AVAILABLE
467349bd-eb82-40fc-95d4-57db4a28223b,0d84597b-6ea1-4332-bd4a-8451cde06855,c97a783c-ba65-4bb3-90bc-4beb33475158,16d1b73f-8881-425f-82b2-7ab4974b08ef,B291991,86,9,1238.29,2025-04-10,2027-02-13,1400ecad-7beb-4557-b782-a9b67dbfa3ea,2026-06-07 15:37:14.268346,AVAILABLE
7a1916fa-c4ad-4043-94b6-964cd720e404,0d84597b-6ea1-4332-bd4a-8451cde06855,c97a783c-ba65-4bb3-90bc-4beb33475158,16d1b73f-8881-425f-82b2-7ab4974b08ef,B210260,299,41,1333.16,2024-11-26,2026-10-11,e692d4b3-4456-49eb-87f5-ee22fc6e4200,2026-07-16 15:37:14.268409,AVAILABLE
0425b77d-283c-4d59-af23-139df1ff9bfc,0d84597b-6ea1-4332-bd4a-8451cde06855,c97a783c-ba65-4bb3-90bc-4beb33475158,ec00005f-8d61-4b61-825c-d8c696ae49aa,B125480,945,19,1075.61,2025-05-11,2026-10-19,8a3cc937-5d2e-4b04-b961-e6372fb37757,2026-05-26 15:37:14.268516,AVAILABLE
e915cc17-abb8-4d8c-8a13-a6481c449f03,0d84597b-6ea1-4332-bd4a-8451cde06855,c97a783c-ba65-4bb3-90bc-4beb33475158,ec00005f-8d61-4b61-825c-d8c696ae49aa,B257825,460,19,104.95,2026-04-07,2028-03-02,41e5f347-011f-49c8-a809-9ebc6ef93e37,2026-09-08 15:37:14.268588,AVAILABLE
51e9f9a1-f056-4b08-9633-789eba22bcc2,0d84597b-6ea1-4332-bd4a-8451cde06855,c97a783c-ba65-4bb3-90bc-4beb33475158,ec00005f-8d61-4b61-825c-d8c696ae49aa,B532642,604,52,1015.42,2027-03-22,2027-11-30,85ba89f5-0cbe-423d-9b09-8edf117efeb7,2026-04-16 15:37:14.268907,AVAILABLE
b7295577-fb2f-4346-b591-b7e2df6c3a93,0d84597b-6ea1-4332-bd4a-8451cde06855,c97a783c-ba65-4bb3-90bc-4beb33475158,b3fa980f-96f4-474d-8999-454117e0d5d6,B518293,311,26,560.3,2026-10-12,2027-08-21,e6d69402-090c-458e-ab40-7589f32bf4bf,2026-05-30 15:37:14.268998,AVAILABLE
59edfeb6-c8b9-4944-bfa9-abd3ef3b8408,0d84597b-6ea1-4332-bd4a-8451cde06855,c97a783c-ba65-4bb3-90bc-4beb33475158,6989db76-adcc-4a3d-b3c0-61fb496a0f5d,B579036,313,44,585.76,2025-12-28,2027-08-04,43b13eff-affb-4e79-a137-2d676513f12b,2026-07-23 15:37:14.269045,AVAILABLE
49257397-c9ca-490d-b8f2-1eb023f8877d,0d84597b-6ea1-4332-bd4a-8451cde06855,c97a783c-ba65-4bb3-90bc-4beb33475158,6989db76-adcc-4a3d-b3c0-61fb496a0f5d,B763230,710,53,381.43,2025-07-22,2026-09-23,301e3cd3-c948-49e9-add4-e8080a9fab7f,2026-07-10 15:37:14.269087,EXPIRED
c8eb4b52-d0a3-45b9-a9fc-0b84d3657f9d,0d84597b-6ea1-4332-bd4a-8451cde06855,c97a783c-ba65-4bb3-90bc-4beb33475158,6989db76-adcc-4a3d-b3c0-61fb496a0f5d,B696429,790,78,791.92,2026-06-02,2027-10-20,43b13eff-affb-4e79-a137-2d676513f12b,2026-06-27 15:37:14.269125,AVAILABLE
9a997a57-1205-4444-bd08-5386d03a667e,0d84597b-6ea1-4332-bd4a-8451cde06855,c97a783c-ba65-4bb3-90bc-4beb33475158,061b886b-98ed-480e-9810-63995f2f47ed,B385185,254,19,1483.93,2026-08-27,2027-11-30,e6d69402-090c-458e-ab40-7589f32bf4bf,2026-07-22 15:37:14.269188,AVAILABLE
403e69da-bf1e-4976-80ac-22c0273d22de,0d84597b-6ea1-4332-bd4a-8451cde06855,c97a783c-ba65-4bb3-90bc-4beb33475158,061b886b-98ed-480e-9810-63995f2f47ed,B245357,447,59,442.18,2026-02-11,2028-01-23,b55d3c34-369b-4934-9015-9e38109b79f2,2026-04-28 15:37:14.269241,AVAILABLE
2d2273c8-8b17-4806-8922-e7445189f19c,0d84597b-6ea1-4332-bd4a-8451cde06855,c97a783c-ba65-4bb3-90bc-4beb33475158,1941089d-b192-4af2-b696-484fa9286d80,B868051,987,27,770.68,2026-04-05,2026-12-08,41e5f347-011f-49c8-a809-9ebc6ef93e37,2026-06-21 15:37:14.269385,AVAILABLE
76f8fd87-8ff2-4690-bc2d-20600e30deda,0d84597b-6ea1-4332-bd4a-8451cde06855,c97a783c-ba65-4bb3-90bc-4beb33475158,1941089d-b192-4af2-b696-484fa9286d80,B855808,354,26,206.9,2024-12-07,2026-11-15,41e5f347-011f-49c8-a809-9ebc6ef93e37,2026-09-20 15:37:14.269436,AVAILABLE
1a741dfb-534d-4252-8d9c-cdc6ae3eef7d,0d84597b-6ea1-4332-bd4a-8451cde06855,c97a783c-ba65-4bb3-90bc-4beb33475158,1941089d-b192-4af2-b696-484fa9286d80,B892576,687,89,34.23,2026-05-19,2027-07-24,85ba89f5-0cbe-423d-9b09-8edf117efeb7,2026-05-25 15:37:14.269476,AVAILABLE
49d6eac8-fc9d-48ad-955e-3821ce3127f9,0d84597b-6ea1-4332-bd4a-8451cde06855,c97a783c-ba65-4bb3-90bc-4beb33475158,13cd9912-56bb-4721-abb1-986f20a370cb,B965309,544,31,1467.83,2026-09-30,2027-05-06,41e5f347-011f-49c8-a809-9ebc6ef93e37,2026-09-06 15:37:14.269622,AVAILABLE
030021e0-77ae-4d99-b78b-1b0f96658301,0d84597b-6ea1-4332-bd4a-8451cde06855,c97a783c-ba65-4bb3-90bc-4beb33475158,13cd9912-56bb-4721-abb1-986f20a370cb,B734802,707,7,325.85,2026-09-16,2027-11-18,e6d69402-090c-458e-ab40-7589f32bf4bf,2026-09-12 15:37:14.270275,AVAILABLE
d77956ae-70fd-42cc-9400-6b6672e6a5d8,0d84597b-6ea1-4332-bd4a-8451cde06855,c97a783c-ba65-4bb3-90bc-4beb33475158,c037d58f-eb63-482e-81f7-b1f739423cdf,B178591,357,44,1453.53,2026-10-02,2027-09-01,301e3cd3-c948-49e9-add4-e8080a9fab7f,2026-06-13 15:37:14.270336,AVAILABLE
0529aed4-8723-4002-aa24-89bbc9f536ea,0d84597b-6ea1-4332-bd4a-8451cde06855,c97a783c-ba65-4bb3-90bc-4beb33475158,c037d58f-eb63-482e-81f7-b1f739423cdf,B963243,885,5,1710.99,2026-02-09,2028-01-28,85ba89f5-0cbe-423d-9b09-8edf117efeb7,2026-08-01 15:37:14.270388,AVAILABLE
fdc0f885-98f4-4b6b-ab3a-1bd06d0a1cc5,0d84597b-6ea1-4332-bd4a-8451cde06855,c97a783c-ba65-4bb3-90bc-4beb33475158,c037d58f-eb63-482e-81f7-b1f739423cdf,B257333,915,112,1516.71,2026-04-18,2027-09-26,41e5f347-011f-49c8-a809-9ebc6ef93e37,2026-08-31 15:37:14.270515,AVAILABLE
274798a9-34e1-40c4-9aa9-2ef215806b4a,0d84597b-6ea1-4332-bd4a-8451cde06855,c97a783c-ba65-4bb3-90bc-4beb33475158,2cd10b6d-063e-4f55-a0b6-37edb93b63a6,B502942,94,3,233.04,2025-05-02,2026-10-19,1400ecad-7beb-4557-b782-a9b67dbfa3ea,2026-09-11 15:37:14.270565,AVAILABLE
ce68a7ff-e940-4af0-b413-035a8d45a0d5,0d84597b-6ea1-4332-bd4a-8451cde06855,c97a783c-ba65-4bb3-90bc-4beb33475158,2cd10b6d-063e-4f55-a0b6-37edb93b63a6,B665709,937,7,1771.74,2026-09-03,2028-03-05,e692d4b3-4456-49eb-87f5-ee22fc6e4200,2026-05-16 15:37:14.270676,AVAILABLE
53972566-63be-4bf7-89bc-4325ea27157a,0d84597b-6ea1-4332-bd4a-8451cde06855,c97a783c-ba65-4bb3-90bc-4beb33475158,2cd10b6d-063e-4f55-a0b6-37edb93b63a6,B830921,322,35,1219.45,2026-02-06,2027-04-16,389d9f94-94f3-497d-9ad3-80b154c36b08,2026-07-17 15:37:14.270729,AVAILABLE
9993d429-ce97-4520-996c-04595cfc4d1f,0d84597b-6ea1-4332-bd4a-8451cde06855,c97a783c-ba65-4bb3-90bc-4beb33475158,3e9b0bad-6728-4523-be87-a00adf0fff30,B138886,338,25,617.72,2025-12-10,2027-07-04,85ba89f5-0cbe-423d-9b09-8edf117efeb7,2026-06-14 15:37:14.270771,AVAILABLE
0683e9a9-792c-43c4-b6b4-4d33b24a7d57,0d84597b-6ea1-4332-bd4a-8451cde06855,c97a783c-ba65-4bb3-90bc-4beb33475158,0eecbfea-7628-487c-b590-fece2c687e7a,B601151,655,41,293.26,2027-02-06,2028-03-23,389d9f94-94f3-497d-9ad3-80b154c36b08,2026-04-18 15:37:14.270855,AVAILABLE
7debe565-f0bc-4abd-b007-747d168c1f96,0d84597b-6ea1-4332-bd4a-8451cde06855,b72bc331-b77d-4040-8b95-a1e92bf17ec2,24d1b68c-2a5b-464e-bb4e-c1071b3b4f3d,B477306,965,144,1267.82,2027-03-12,2027-10-22,43b13eff-affb-4e79-a137-2d676513f12b,2026-06-23 15:37:14.271096,AVAILABLE
3911d9cd-112b-424f-aec5-cb9c1d931ced,0d84597b-6ea1-4332-bd4a-8451cde06855,b72bc331-b77d-4040-8b95-a1e92bf17ec2,24d1b68c-2a5b-464e-bb4e-c1071b3b4f3d,B177803,424,51,1180.75,2025-10-31,2026-10-27,85ba89f5-0cbe-423d-9b09-8edf117efeb7,2026-09-02 15:37:14.271145,AVAILABLE
539159ab-1148-4ea5-acb9-a56648e786df,0d84597b-6ea1-4332-bd4a-8451cde06855,b72bc331-b77d-4040-8b95-a1e92bf17ec2,24d1b68c-2a5b-464e-bb4e-c1071b3b4f3d,B277752,617,45,1053.56,2027-06-26,2028-03-08,e692d4b3-4456-49eb-87f5-ee22fc6e4200,2026-06-16 15:37:14.271185,AVAILABLE
49c2a6a6-4532-485a-9929-422e8c51d111,0d84597b-6ea1-4332-bd4a-8451cde06855,b72bc331-b77d-4040-8b95-a1e92bf17ec2,ebb48eae-a1ef-4da9-8ae1-b2f70e717661,B186038,118,4,1095.8,2026-01-31,2026-12-12,41e5f347-011f-49c8-a809-9ebc6ef93e37,2026-05-24 15:37:14.271226,AVAILABLE
526a76ed-3b3a-4cb7-995c-99f0363b7cda,0d84597b-6ea1-4332-bd4a-8451cde06855,b72bc331-b77d-4040-8b95-a1e92bf17ec2,9d6f82ea-a6c1-4ee5-bd74-c517ba546a27,B961113,750,12,1606.36,2027-02-10,2028-02-03,1400ecad-7beb-4557-b782-a9b67dbfa3ea,2026-07-10 15:37:14.271267,AVAILABLE
43d3c3bc-7f91-44e1-9cbb-ce067896effa,0d84597b-6ea1-4332-bd4a-8451cde06855,b72bc331-b77d-4040-8b95-a1e92bf17ec2,9d6f82ea-a6c1-4ee5-bd74-c517ba546a27,B312341,118,11,581.26,2025-12-18,2027-03-31,1400ecad-7beb-4557-b782-a9b67dbfa3ea,2026-10-06 15:37:14.271304,AVAILABLE
79b9061b-d768-4944-9acb-f520023eeb3b,0d84597b-6ea1-4332-bd4a-8451cde06855,b72bc331-b77d-4040-8b95-a1e92bf17ec2,9d6f82ea-a6c1-4ee5-bd74-c517ba546a27,B433722,629,40,1486.0,2026-10-08,2027-04-27,e6d69402-090c-458e-ab40-7589f32bf4bf,2026-04-12 15:37:14.271687,AVAILABLE
9c9f74b0-51f4-4960-81ae-f1aca2f99d36,0d84597b-6ea1-4332-bd4a-8451cde06855,b72bc331-b77d-4040-8b95-a1e92bf17ec2,6f12778d-43ca-4220-8b3b-11201ac91209,B118114,105,7,503.09,2026-09-21,2027-04-16,389d9f94-94f3-497d-9ad3-80b154c36b08,2026-06-12 15:37:14.272300,AVAILABLE
fe962b07-ed33-498b-9d35-61c45ac81650,0d84597b-6ea1-4332-bd4a-8451cde06855,b72bc331-b77d-4040-8b95-a1e92bf17ec2,58bf12e5-ee8a-4194-a34c-aa820079144d,B480046,416,21,943.0,2025-12-02,2027-07-16,41e5f347-011f-49c8-a809-9ebc6ef93e37,2026-04-25 15:37:14.272560,AVAILABLE
096da350-8ae6-4dd0-8449-89a181703ad4,0d84597b-6ea1-4332-bd4a-8451cde06855,b72bc331-b77d-4040-8b95-a1e92bf17ec2,58bf12e5-ee8a-4194-a34c-aa820079144d,B946366,216,28,835.69,2026-08-07,2027-07-22,41e5f347-011f-49c8-a809-9ebc6ef93e37,2026-08-12 15:37:14.273202,AVAILABLE
85a60cc9-d44b-4028-9440-8e8c7da1caa4,0d84597b-6ea1-4332-bd4a-8451cde06855,b72bc331-b77d-4040-8b95-a1e92bf17ec2,58bf12e5-ee8a-4194-a34c-aa820079144d,B996038,56,4,736.15,2026-07-25,2027-09-04,301e3cd3-c948-49e9-add4-e8080a9fab7f,2026-08-19 15:37:14.273455,AVAILABLE
b6899e93-55c9-4bfe-aa4a-169cdf6f2806,0d84597b-6ea1-4332-bd4a-8451cde06855,b72bc331-b77d-4040-8b95-a1e92bf17ec2,2b376704-d06b-441d-a2bf-f0973873411c,B678199,288,38,1172.22,2026-03-10,2027-04-15,43b13eff-affb-4e79-a137-2d676513f12b,2026-09-14 15:37:14.273937,AVAILABLE
e55bc680-cd6b-4387-b70a-4227d36da568,0d84597b-6ea1-4332-bd4a-8451cde06855,b72bc331-b77d-4040-8b95-a1e92bf17ec2,2b376704-d06b-441d-a2bf-f0973873411c,B248628,544,24,98.66,2027-06-15,2027-12-20,b55d3c34-369b-4934-9015-9e38109b79f2,2026-08-15 15:37:14.274055,AVAILABLE
a3c0e0f2-6a5c-4a88-a11b-0e87dafd9a07,0d84597b-6ea1-4332-bd4a-8451cde06855,b72bc331-b77d-4040-8b95-a1e92bf17ec2,378ef267-9155-41bc-a431-7c700c1731e3,B923687,342,4,831.8,2025-05-12,2027-02-15,e6d69402-090c-458e-ab40-7589f32bf4bf,2026-08-06 15:37:14.274129,AVAILABLE
0a3e52d1-a255-4dec-ba08-bf6265b0ed43,0d84597b-6ea1-4332-bd4a-8451cde06855,b72bc331-b77d-4040-8b95-a1e92bf17ec2,378ef267-9155-41bc-a431-7c700c1731e3,B653139,217,21,886.63,2025-09-14,2026-09-30,41e5f347-011f-49c8-a809-9ebc6ef93e37,2026-05-09 15:37:14.274234,EXPIRED
bcf603d0-45b1-4792-8c63-2d7553d768f8,0d84597b-6ea1-4332-bd4a-8451cde06855,b72bc331-b77d-4040-8b95-a1e92bf17ec2,378ef267-9155-41bc-a431-7c700c1731e3,B144653,906,133,137.06,2025-08-01,2026-10-15,85ba89f5-0cbe-423d-9b09-8edf117efeb7,2026-08-19 15:37:14.274294,AVAILABLE
4e1466a1-ed06-426e-b308-90753818daf3,0d84597b-6ea1-4332-bd4a-8451cde06855,b72bc331-b77d-4040-8b95-a1e92bf17ec2,1640337f-9614-4c3f-bda8-20c0eb4c6bce,B624430,332,27,1025.81,2025-12-13,2027-05-12,389d9f94-94f3-497d-9ad3-80b154c36b08,2026-04-21 15:37:14.274353,AVAILABLE
27a1748b-e3a4-4a2a-b6c4-b09887da1b72,0d84597b-6ea1-4332-bd4a-8451cde06855,b72bc331-b77d-4040-8b95-a1e92bf17ec2,1d534fd0-ecdb-47f7-8df1-911899944ac3,B215357,820,60,544.55,2026-10-21,2028-02-14,e6d69402-090c-458e-ab40-7589f32bf4bf,2026-08-14 15:37:14.274403,AVAILABLE
3b1161dd-5318-4ba3-a98e-4f8ea3a35ede,0d84597b-6ea1-4332-bd4a-8451cde06855,b72bc331-b77d-4040-8b95-a1e92bf17ec2,d6c64038-55ae-44a3-863b-be781e1a4649,B787158,550,39,283.67,2026-08-24,2027-04-26,8a3cc937-5d2e-4b04-b961-e6372fb37757,2026-04-26 15:37:14.274475,AVAILABLE
af782848-8aa7-4827-b349-1427b132d9ce,0d84597b-6ea1-4332-bd4a-8451cde06855,b72bc331-b77d-4040-8b95-a1e92bf17ec2,6989db76-adcc-4a3d-b3c0-61fb496a0f5d,B547442,950,93,866.96,2026-01-10,2027-04-20,b55d3c34-369b-4934-9015-9e38109b79f2,2026-06-08 15:37:14.274525,AVAILABLE
bab1dac3-4da1-4e75-88ef-7bd3972d0c57,0d84597b-6ea1-4332-bd4a-8451cde06855,b72bc331-b77d-4040-8b95-a1e92bf17ec2,6989db76-adcc-4a3d-b3c0-61fb496a0f5d,B740876,447,66,1298.89,2027-01-20,2027-10-01,389d9f94-94f3-497d-9ad3-80b154c36b08,2026-06-21 15:37:14.274564,AVAILABLE
6a1af178-56d4-4c90-8ec5-d313b37c3137,0d84597b-6ea1-4332-bd4a-8451cde06855,b72bc331-b77d-4040-8b95-a1e92bf17ec2,b261960f-23be-4297-9c50-f27ceac7eedb,B740285,829,15,592.4,2026-06-09,2027-06-17,1400ecad-7beb-4557-b782-a9b67dbfa3ea,2026-08-30 15:37:14.274675,AVAILABLE
6e7503e6-70b2-4158-ad15-c4751b93ab83,0d84597b-6ea1-4332-bd4a-8451cde06855,b72bc331-b77d-4040-8b95-a1e92bf17ec2,b261960f-23be-4297-9c50-f27ceac7eedb,B119212,115,13,415.34,2025-10-19,2026-12-01,389d9f94-94f3-497d-9ad3-80b154c36b08,2026-06-03 15:37:14.274743,AVAILABLE
b552bcb9-dab6-4251-8f29-1c8e3c2f8854,0d84597b-6ea1-4332-bd4a-8451cde06855,b72bc331-b77d-4040-8b95-a1e92bf17ec2,4bd504ed-a1c0-48c9-bff0-b66723a5f08d,B228903,185,12,1654.78,2025-10-29,2027-05-14,41e5f347-011f-49c8-a809-9ebc6ef93e37,2026-07-13 15:37:14.274825,AVAILABLE
03fec907-fbf1-4daf-84ad-0ce457d6a8c6,0d84597b-6ea1-4332-bd4a-8451cde06855,b72bc331-b77d-4040-8b95-a1e92bf17ec2,4bd504ed-a1c0-48c9-bff0-b66723a5f08d,B799195,391,52,413.31,2026-09-05,2027-08-10,b55d3c34-369b-4934-9015-9e38109b79f2,2026-05-12 15:37:14.275155,AVAILABLE
d19b8b5e-e489-4348-a912-373592cf6bbd,0d84597b-6ea1-4332-bd4a-8451cde06855,b72bc331-b77d-4040-8b95-a1e92bf17ec2,4bd504ed-a1c0-48c9-bff0-b66723a5f08d,B431221,210,14,195.46,2026-04-04,2027-09-13,301e3cd3-c948-49e9-add4-e8080a9fab7f,2026-09-15 15:37:14.275323,AVAILABLE
eb040fe5-a5ed-4d4f-9598-8c2a24c4ec0a,0d84597b-6ea1-4332-bd4a-8451cde06855,b72bc331-b77d-4040-8b95-a1e92bf17ec2,3e6ecca3-9ad1-49a9-ad9a-5509b28de79d,B789985,315,34,375.58,2025-04-05,2027-02-26,e692d4b3-4456-49eb-87f5-ee22fc6e4200,2026-05-11 15:37:14.275440,AVAILABLE
b2c68be1-fd42-4107-a20e-fc03d9470cad,0d84597b-6ea1-4332-bd4a-8451cde06855,b72bc331-b77d-4040-8b95-a1e92bf17ec2,3e6ecca3-9ad1-49a9-ad9a-5509b28de79d,B744350,852,101,1609.17,2026-01-26,2026-11-15,389d9f94-94f3-497d-9ad3-80b154c36b08,2026-05-24 15:37:14.275730,AVAILABLE
5ceb2457-8cc6-416c-98f4-11aac891f65b,0d84597b-6ea1-4332-bd4a-8451cde06855,b72bc331-b77d-4040-8b95-a1e92bf17ec2,0073cc32-e309-402c-96aa-1fb03de469f1,B529067,269,5,114.34,2025-06-10,2027-04-05,43b13eff-affb-4e79-a137-2d676513f12b,2026-08-12 15:37:14.276199,AVAILABLE
3f423a4e-1537-4667-a586-ed352e9440f7,0d84597b-6ea1-4332-bd4a-8451cde06855,b72bc331-b77d-4040-8b95-a1e92bf17ec2,0073cc32-e309-402c-96aa-1fb03de469f1,B277941,765,113,652.28,2026-05-14,2027-11-19,41e5f347-011f-49c8-a809-9ebc6ef93e37,2026-08-19 15:37:14.276307,AVAILABLE
83326275-6d85-43e1-abf4-73741b24967d,0d84597b-6ea1-4332-bd4a-8451cde06855,c6a3c26c-5fb1-4caf-a470-f3f4a71f2669,6989db76-adcc-4a3d-b3c0-61fb496a0f5d,B421445,948,139,909.01,2025-11-20,2027-04-18,e692d4b3-4456-49eb-87f5-ee22fc6e4200,2026-08-01 15:37:14.276879,AVAILABLE
9c21f74a-ca1b-4e60-9afa-03413e43af0e,0d84597b-6ea1-4332-bd4a-8451cde06855,c6a3c26c-5fb1-4caf-a470-f3f4a71f2669,6989db76-adcc-4a3d-b3c0-61fb496a0f5d,B787277,471,38,1201.89,2026-11-02,2027-05-25,e692d4b3-4456-49eb-87f5-ee22fc6e4200,2026-09-18 15:37:14.277012,AVAILABLE
d375bc95-d7fc-428d-8424-3ba629bda2c6,0d84597b-6ea1-4332-bd4a-8451cde06855,c6a3c26c-5fb1-4caf-a470-f3f4a71f2669,6989db76-adcc-4a3d-b3c0-61fb496a0f5d,B283706,270,32,1774.67,2025-09-25,2027-04-17,e692d4b3-4456-49eb-87f5-ee22fc6e4200,2026-08-23 15:37:14.277107,AVAILABLE
8fee9155-9853-4577-a49a-db46ae57686a,0d84597b-6ea1-4332-bd4a-8451cde06855,c6a3c26c-5fb1-4caf-a470-f3f4a71f2669,3e6ecca3-9ad1-49a9-ad9a-5509b28de79d,B254892,715,14,1314.73,2026-09-23,2028-01-02,e692d4b3-4456-49eb-87f5-ee22fc6e4200,2026-04-25 15:37:14.277227,AVAILABLE
9d848c66-e383-43a8-ad41-5ecbeb3793c7,0d84597b-6ea1-4332-bd4a-8451cde06855,c6a3c26c-5fb1-4caf-a470-f3f4a71f2669,3e6ecca3-9ad1-49a9-ad9a-5509b28de79d,B354308,962,30,991.45,2026-07-23,2027-12-07,1400ecad-7beb-4557-b782-a9b67dbfa3ea,2026-05-03 15:37:14.277340,AVAILABLE
caf104d8-9d69-4294-bfc8-ec889761ac5e,0d84597b-6ea1-4332-bd4a-8451cde06855,c6a3c26c-5fb1-4caf-a470-f3f4a71f2669,8e67a041-f702-4f16-b57b-c66dff30e18b,B933345,182,20,224.37,2026-09-02,2027-08-20,85ba89f5-0cbe-423d-9b09-8edf117efeb7,2026-06-20 15:37:14.277654,AVAILABLE
0aa81bf3-a3ab-4565-a312-3e7ec8ab3954,0d84597b-6ea1-4332-bd4a-8451cde06855,c6a3c26c-5fb1-4caf-a470-f3f4a71f2669,2aceb2a6-c859-4f95-a238-9ad796b698fa,B584317,264,19,1197.64,2026-04-14,2027-08-13,389d9f94-94f3-497d-9ad3-80b154c36b08,2026-07-17 15:37:14.277767,AVAILABLE
b52359ac-a2ae-4c80-8525-42edc00e9f9b,0d84597b-6ea1-4332-bd4a-8451cde06855,c6a3c26c-5fb1-4caf-a470-f3f4a71f2669,2aceb2a6-c859-4f95-a238-9ad796b698fa,B832717,250,2,871.97,2026-02-05,2026-12-21,e6d69402-090c-458e-ab40-7589f32bf4bf,2026-04-23 15:37:14.278197,AVAILABLE
3b937eba-b835-4bf7-a2b9-36bdd66c64e1,0d84597b-6ea1-4332-bd4a-8451cde06855,c6a3c26c-5fb1-4caf-a470-f3f4a71f2669,e3420e6d-9ba0-43de-991d-15b61159daa1,B748569,107,0,1035.88,2027-05-25,2027-12-31,43b13eff-affb-4e79-a137-2d676513f12b,2026-09-10 15:37:14.278336,AVAILABLE
729ef689-697f-46bb-8b90-4362e1ec8533,0d84597b-6ea1-4332-bd4a-8451cde06855,c6a3c26c-5fb1-4caf-a470-f3f4a71f2669,3b4f2db0-078e-4414-849b-1ba2782649be,B909056,498,21,302.72,2026-03-21,2027-12-15,e692d4b3-4456-49eb-87f5-ee22fc6e4200,2026-06-14 15:37:14.278509,AVAILABLE
caee72c7-567b-44d1-8dc3-b83be68f2acc,0d84597b-6ea1-4332-bd4a-8451cde06855,c6a3c26c-5fb1-4caf-a470-f3f4a71f2669,3b4f2db0-078e-4414-849b-1ba2782649be,B459836,768,12,1772.53,2026-11-01,2028-01-25,e692d4b3-4456-49eb-87f5-ee22fc6e4200,2026-05-09 15:37:14.279438,AVAILABLE
23cafae7-9f30-4a51-be55-f339bf7abc8d,0d84597b-6ea1-4332-bd4a-8451cde06855,c6a3c26c-5fb1-4caf-a470-f3f4a71f2669,3b4f2db0-078e-4414-849b-1ba2782649be,B904257,418,58,898.27,2026-01-12,2027-04-01,b55d3c34-369b-4934-9015-9e38109b79f2,2026-04-18 15:37:14.279912,AVAILABLE
6644cd99-b087-442a-a495-143274bc105e,0d84597b-6ea1-4332-bd4a-8451cde06855,c6a3c26c-5fb1-4caf-a470-f3f4a71f2669,1640337f-9614-4c3f-bda8-20c0eb4c6bce,B414059,234,8,1122.99,2026-11-11,2028-01-23,85ba89f5-0cbe-423d-9b09-8edf117efeb7,2026-05-24 15:37:14.280102,AVAILABLE
8ae7b0f4-e780-4525-bf9f-755dfeac3227,0d84597b-6ea1-4332-bd4a-8451cde06855,c6a3c26c-5fb1-4caf-a470-f3f4a71f2669,1640337f-9614-4c3f-bda8-20c0eb4c6bce,B313930,970,12,387.05,2025-09-18,2027-06-14,1400ecad-7beb-4557-b782-a9b67dbfa3ea,2026-07-04 15:37:14.280294,AVAILABLE
c1478422-a808-4565-be1d-ae9c928e4526,0d84597b-6ea1-4332-bd4a-8451cde06855,c6a3c26c-5fb1-4caf-a470-f3f4a71f2669,419b95a7-17e5-4918-ad68-d58ee6b6e6f5,B112928,630,71,649.13,2025-11-15,2027-02-12,301e3cd3-c948-49e9-add4-e8080a9fab7f,2026-04-15 15:37:14.280374,AVAILABLE
0428d465-c251-4841-9b02-0efa2a42433f,0d84597b-6ea1-4332-bd4a-8451cde06855,c6a3c26c-5fb1-4caf-a470-f3f4a71f2669,419b95a7-17e5-4918-ad68-d58ee6b6e6f5,B979486,351,35,292.51,2026-12-10,2027-07-02,e6d69402-090c-458e-ab40-7589f32bf4bf,2026-05-11 15:37:14.280465,AVAILABLE
f919b88d-6975-416f-88bf-1b69483cf297,0d84597b-6ea1-4332-bd4a-8451cde06855,c6a3c26c-5fb1-4caf-a470-f3f4a71f2669,419b95a7-17e5-4918-ad68-d58ee6b6e6f5,B148819,582,55,1300.52,2026-10-13,2028-02-05,8a3cc937-5d2e-4b04-b961-e6372fb37757,2026-07-12 15:37:14.280511,AVAILABLE
3a972f78-32ac-4a48-a592-544ff821d332,0d84597b-6ea1-4332-bd4a-8451cde06855,c6a3c26c-5fb1-4caf-a470-f3f4a71f2669,d2219992-909f-48be-967e-2e3f1c3ddfa9,B496883,909,7,157.13,2025-11-17,2026-11-06,85ba89f5-0cbe-423d-9b09-8edf117efeb7,2026-07-18 15:37:14.280841,AVAILABLE
d5c08e18-f5ae-4944-813b-4e5ddf20902d,0d84597b-6ea1-4332-bd4a-8451cde06855,c6a3c26c-5fb1-4caf-a470-f3f4a71f2669,b8b41174-e4bb-41e0-8dc8-fbdaf9d470ec,B801596,342,44,31.96,2026-02-19,2026-10-15,389d9f94-94f3-497d-9ad3-80b154c36b08,2026-07-27 15:37:14.280944,AVAILABLE
ea71b212-18a5-4a7c-af81-8a9458208ce5,0d84597b-6ea1-4332-bd4a-8451cde06855,c6a3c26c-5fb1-4caf-a470-f3f4a71f2669,b8b41174-e4bb-41e0-8dc8-fbdaf9d470ec,B127331,793,86,1798.38,2027-06-25,2028-03-20,8a3cc937-5d2e-4b04-b961-e6372fb37757,2026-05-10 15:37:14.280995,AVAILABLE
8d281e65-d7ac-4a02-bbd7-1996cdbe6510,0d84597b-6ea1-4332-bd4a-8451cde06855,c6a3c26c-5fb1-4caf-a470-f3f4a71f2669,67ae158e-8140-49ce-b874-0acf92a800c2,B760930,887,38,409.98,2026-05-29,2027-12-12,e692d4b3-4456-49eb-87f5-ee22fc6e4200,2026-07-08 15:37:14.281471,AVAILABLE
f1e00d94-920d-4bdb-b4bf-39c7f774548d,0d84597b-6ea1-4332-bd4a-8451cde06855,c6a3c26c-5fb1-4caf-a470-f3f4a71f2669,67ae158e-8140-49ce-b874-0acf92a800c2,B639275,385,10,1522.75,2026-05-05,2027-04-27,e692d4b3-4456-49eb-87f5-ee22fc6e4200,2026-06-03 15:37:14.281764,AVAILABLE
89fc8dc0-a930-4aa2-a35d-35e013914c90,0d84597b-6ea1-4332-bd4a-8451cde06855,c6a3c26c-5fb1-4caf-a470-f3f4a71f2669,522740d6-f3db-4ac1-a547-6b62598fe57f,B313900,749,14,209.62,2025-06-14,2027-03-25,43b13eff-affb-4e79-a137-2d676513f12b,2026-09-30 15:37:14.281958,AVAILABLE
0440b63b-2252-4795-9916-7342602c9345,0d84597b-6ea1-4332-bd4a-8451cde06855,c6a3c26c-5fb1-4caf-a470-f3f4a71f2669,522740d6-f3db-4ac1-a547-6b62598fe57f,B964190,203,8,54.24,2026-02-06,2026-11-22,389d9f94-94f3-497d-9ad3-80b154c36b08,2026-06-22 15:37:14.282126,AVAILABLE
a54588e2-f7de-49ce-a44d-c5fbc0681c2e,0d84597b-6ea1-4332-bd4a-8451cde06855,c6a3c26c-5fb1-4caf-a470-f3f4a71f2669,ca8399a1-143e-4717-be95-7836c2f21dcb,B444589,356,35,650.96,2026-02-02,2026-10-04,85ba89f5-0cbe-423d-9b09-8edf117efeb7,2026-05-13 15:37:14.282225,EXPIRED
3835f860-9bfd-410a-8b84-32a240fe5f03,0d84597b-6ea1-4332-bd4a-8451cde06855,c6a3c26c-5fb1-4caf-a470-f3f4a71f2669,ca8399a1-143e-4717-be95-7836c2f21dcb,B763754,638,59,1404.47,2025-06-19,2027-04-05,301e3cd3-c948-49e9-add4-e8080a9fab7f,2026-06-05 15:37:14.282271,AVAILABLE
4ee67481-0ee0-4d5c-925e-5c96c8d221a3,0d84597b-6ea1-4332-bd4a-8451cde06855,c6a3c26c-5fb1-4caf-a470-f3f4a71f2669,6cbb6f57-d6cb-41b0-aca5-9ea4e8c5be47,B719805,94,9,20.01,2026-01-29,2027-06-06,43b13eff-affb-4e79-a137-2d676513f12b,2026-06-11 15:37:14.282313,AVAILABLE
ee2a5af2-3118-495d-ba42-bab95550620b,0d84597b-6ea1-4332-bd4a-8451cde06855,c6a3c26c-5fb1-4caf-a470-f3f4a71f2669,16d1b73f-8881-425f-82b2-7ab4974b08ef,B289172,550,1,35.09,2027-02-27,2027-10-25,301e3cd3-c948-49e9-add4-e8080a9fab7f,2026-09-09 15:37:14.282352,AVAILABLE
31948fc0-963b-4774-ae6b-a3a552b68fa2,0d84597b-6ea1-4332-bd4a-8451cde06855,5d03fd79-44d5-4e9b-99b8-88f96aec48eb,58bf12e5-ee8a-4194-a34c-aa820079144d,B830732,303,43,536.17,2026-05-30,2028-02-20,43b13eff-affb-4e79-a137-2d676513f12b,2026-05-20 15:37:14.282697,AVAILABLE
8d4cc056-c0c2-4d42-8a89-4f01fa7ea75f,0d84597b-6ea1-4332-bd4a-8451cde06855,5d03fd79-44d5-4e9b-99b8-88f96aec48eb,58bf12e5-ee8a-4194-a34c-aa820079144d,B731713,817,10,1416.84,2025-12-13,2027-03-03,301e3cd3-c948-49e9-add4-e8080a9fab7f,2026-07-27 15:37:14.282782,AVAILABLE
5337d0df-d75e-423b-a77e-883b31eea57e,0d84597b-6ea1-4332-bd4a-8451cde06855,5d03fd79-44d5-4e9b-99b8-88f96aec48eb,58bf12e5-ee8a-4194-a34c-aa820079144d,B891407,223,14,164.93,2026-02-03,2027-07-06,8a3cc937-5d2e-4b04-b961-e6372fb37757,2026-04-14 15:37:14.283013,AVAILABLE
876e59f5-b9b8-43a7-afe9-52eda6b87c35,0d84597b-6ea1-4332-bd4a-8451cde06855,5d03fd79-44d5-4e9b-99b8-88f96aec48eb,1d534fd0-ecdb-47f7-8df1-911899944ac3,B559868,690,69,214.24,2025-12-02,2027-02-05,8a3cc937-5d2e-4b04-b961-e6372fb37757,2026-07-06 15:37:14.283125,AVAILABLE
ea94244a-c517-4514-813f-78ee81e81f0a,0d84597b-6ea1-4332-bd4a-8451cde06855,5d03fd79-44d5-4e9b-99b8-88f96aec48eb,2c4e6d71-0152-4e82-9c16-bfc9c81ea55e,B741643,503,72,1640.33,2025-10-25,2027-02-02,8a3cc937-5d2e-4b04-b961-e6372fb37757,2026-09-17 15:37:14.283303,AVAILABLE
da8c2c1f-0b88-465a-9676-4e76ef936ab8,0d84597b-6ea1-4332-bd4a-8451cde06855,5d03fd79-44d5-4e9b-99b8-88f96aec48eb,2c4e6d71-0152-4e82-9c16-bfc9c81ea55e,B961845,381,52,1471.28,2025-11-09,2027-02-11,389d9f94-94f3-497d-9ad3-80b154c36b08,2026-07-30 15:37:14.283577,AVAILABLE
e3f4cabb-9c44-453a-aca4-b67f6b083ee1,0d84597b-6ea1-4332-bd4a-8451cde06855,5d03fd79-44d5-4e9b-99b8-88f96aec48eb,4fda6990-76da-4515-8f85-4b5ce64dd1ce,B440341,968,39,1100.93,2026-10-24,2028-01-27,b55d3c34-369b-4934-9015-9e38109b79f2,2026-06-13 15:37:14.283787,AVAILABLE
fc350d26-f193-4718-8943-eb4d4c92c613,0d84597b-6ea1-4332-bd4a-8451cde06855,5d03fd79-44d5-4e9b-99b8-88f96aec48eb,0c98fcbf-9121-467b-910d-10fcfbcd35b6,B877163,421,60,492.39,2025-01-28,2026-09-29,e692d4b3-4456-49eb-87f5-ee22fc6e4200,2026-07-08 15:37:14.284156,EXPIRED
a27e337c-f07d-4370-a83a-7508ea0c44bf,0d84597b-6ea1-4332-bd4a-8451cde06855,5d03fd79-44d5-4e9b-99b8-88f96aec48eb,0c98fcbf-9121-467b-910d-10fcfbcd35b6,B735596,729,87,1052.69,2027-03-13,2027-12-03,301e3cd3-c948-49e9-add4-e8080a9fab7f,2026-09-11 15:37:14.284412,AVAILABLE
a38888ce-690c-413f-8f95-8a849ecdde9d,0d84597b-6ea1-4332-bd4a-8451cde06855,5d03fd79-44d5-4e9b-99b8-88f96aec48eb,d2219992-909f-48be-967e-2e3f1c3ddfa9,B484030,828,21,358.15,2026-05-18,2028-01-17,8a3cc937-5d2e-4b04-b961-e6372fb37757,2026-09-28 15:37:14.284742,AVAILABLE
58fd07c1-65bb-46c2-83f9-0d54d1faabc4,0d84597b-6ea1-4332-bd4a-8451cde06855,5d03fd79-44d5-4e9b-99b8-88f96aec48eb,d2219992-909f-48be-967e-2e3f1c3ddfa9,B440424,800,9,188.67,2026-04-17,2028-02-24,43b13eff-affb-4e79-a137-2d676513f12b,2026-04-26 15:37:14.284998,AVAILABLE
7a157dcb-1c0b-44dd-9cf7-d7dc6a3f09b5,0d84597b-6ea1-4332-bd4a-8451cde06855,5d03fd79-44d5-4e9b-99b8-88f96aec48eb,d2219992-909f-48be-967e-2e3f1c3ddfa9,B483517,897,45,842.25,2026-02-02,2027-04-16,43b13eff-affb-4e79-a137-2d676513f12b,2026-06-30 15:37:14.285286,AVAILABLE
b45cef9d-2f3e-48d8-a0dc-94ff24cab3e9,0d84597b-6ea1-4332-bd4a-8451cde06855,5d03fd79-44d5-4e9b-99b8-88f96aec48eb,fdd23e22-960c-4a44-af67-60d832b98217,B995107,180,12,985.96,2026-01-31,2027-04-21,41e5f347-011f-49c8-a809-9ebc6ef93e37,2026-09-18 15:37:14.285477,AVAILABLE
ec3e42f3-656f-4818-a634-8f5523868eff,0d84597b-6ea1-4332-bd4a-8451cde06855,5d03fd79-44d5-4e9b-99b8-88f96aec48eb,fdd23e22-960c-4a44-af67-60d832b98217,B881227,170,7,1135.22,2026-03-28,2027-07-07,1400ecad-7beb-4557-b782-a9b67dbfa3ea,2026-08-02 15:37:14.285567,AVAILABLE
617fed70-474c-4ce6-8053-5d3f169b3105,0d84597b-6ea1-4332-bd4a-8451cde06855,5d03fd79-44d5-4e9b-99b8-88f96aec48eb,c037d58f-eb63-482e-81f7-b1f739423cdf,B690754,148,8,290.44,2025-07-27,2027-01-23,389d9f94-94f3-497d-9ad3-80b154c36b08,2026-07-01 15:37:14.285688,AVAILABLE
fa346aa9-97a5-426c-a173-de1fc35d9071,0d84597b-6ea1-4332-bd4a-8451cde06855,5d03fd79-44d5-4e9b-99b8-88f96aec48eb,305d6d9c-7521-4f74-8c0d-0bf7d5af8dfd,B990717,916,120,1470.11,2026-12-07,2027-09-17,41e5f347-011f-49c8-a809-9ebc6ef93e37,2026-09-19 15:37:14.285801,AVAILABLE
2dfa0a1c-53d9-4b6e-9ae8-a1672d82a0d5,0d84597b-6ea1-4332-bd4a-8451cde06855,5d03fd79-44d5-4e9b-99b8-88f96aec48eb,305d6d9c-7521-4f74-8c0d-0bf7d5af8dfd,B356257,541,40,707.35,2026-03-14,2027-08-28,43b13eff-affb-4e79-a137-2d676513f12b,2026-04-22 15:37:14.286045,AVAILABLE
a52c6870-2733-4359-8b24-7051399b11e8,0d84597b-6ea1-4332-bd4a-8451cde06855,5d03fd79-44d5-4e9b-99b8-88f96aec48eb,43110ae2-2c0b-4654-936a-72afad56219d,B969281,344,43,1472.3,2026-03-05,2027-10-16,8a3cc937-5d2e-4b04-b961-e6372fb37757,2026-06-15 15:37:14.286120,AVAILABLE
aa462c36-6ff8-492a-a26f-b7530bbc52b1,0d84597b-6ea1-4332-bd4a-8451cde06855,5d03fd79-44d5-4e9b-99b8-88f96aec48eb,43110ae2-2c0b-4654-936a-72afad56219d,B898174,401,36,142.92,2025-11-09,2027-09-16,e6d69402-090c-458e-ab40-7589f32bf4bf,2026-04-21 15:37:14.286166,AVAILABLE
9bd8d97f-f00b-4bc1-8a1c-97fc1c24fbe3,0d84597b-6ea1-4332-bd4a-8451cde06855,5d03fd79-44d5-4e9b-99b8-88f96aec48eb,43110ae2-2c0b-4654-936a-72afad56219d,B954370,248,24,1003.72,2025-08-02,2026-11-19,1400ecad-7beb-4557-b782-a9b67dbfa3ea,2026-06-28 15:37:14.286208,AVAILABLE
51771406-a2a7-447d-afe1-9f9a72c87703,0d84597b-6ea1-4332-bd4a-8451cde06855,5d03fd79-44d5-4e9b-99b8-88f96aec48eb,01d77a5e-a466-4d48-b24b-31edb500e5fa,B791086,355,32,902.76,2025-09-17,2027-03-15,e6d69402-090c-458e-ab40-7589f32bf4bf,2026-08-23 15:37:14.286443,AVAILABLE
b3ca0b1a-d08a-4cb2-9d73-b4e0b3584f24,0d84597b-6ea1-4332-bd4a-8451cde06855,5d03fd79-44d5-4e9b-99b8-88f96aec48eb,01d77a5e-a466-4d48-b24b-31edb500e5fa,B946709,535,68,1610.65,2025-10-23,2026-12-26,e692d4b3-4456-49eb-87f5-ee22fc6e4200,2026-05-25 15:37:14.286533,AVAILABLE
83bac26f-73a0-47da-8ce8-698107c96bef,0d84597b-6ea1-4332-bd4a-8451cde06855,5d03fd79-44d5-4e9b-99b8-88f96aec48eb,fb695fdf-9397-485a-aa21-6d65c73c7b07,B134280,575,79,1785.69,2026-08-04,2027-03-19,1400ecad-7beb-4557-b782-a9b67dbfa3ea,2026-05-24 15:37:14.287190,AVAILABLE
339637ff-2378-458c-a768-9b9509459ab9,0d84597b-6ea1-4332-bd4a-8451cde06855,5d03fd79-44d5-4e9b-99b8-88f96aec48eb,831a67ea-b75d-494e-8ba6-e91b1b1eae6e,B615273,436,65,1680.35,2027-06-09,2028-02-24,b55d3c34-369b-4934-9015-9e38109b79f2,2026-04-15 15:37:14.287385,AVAILABLE
73cc1712-4d32-4cd6-bf5a-110e80f76b31,0d84597b-6ea1-4332-bd4a-8451cde06855,5d03fd79-44d5-4e9b-99b8-88f96aec48eb,831a67ea-b75d-494e-8ba6-e91b1b1eae6e,B426326,161,21,1217.88,2026-04-28,2027-07-17,41e5f347-011f-49c8-a809-9ebc6ef93e37,2026-07-22 15:37:14.287468,AVAILABLE
1b518c47-0162-4a34-a99d-38dfe498e393,0d84597b-6ea1-4332-bd4a-8451cde06855,5d03fd79-44d5-4e9b-99b8-88f96aec48eb,831a67ea-b75d-494e-8ba6-e91b1b1eae6e,B787740,526,48,1548.61,2027-02-08,2027-08-27,43b13eff-affb-4e79-a137-2d676513f12b,2026-10-07 15:37:14.287584,AVAILABLE
8275169f-8c22-4d5f-8eb0-8ca5f8c0e988,0d84597b-6ea1-4332-bd4a-8451cde06855,5d03fd79-44d5-4e9b-99b8-88f96aec48eb,c5533566-0e57-4058-9e8f-cc921a574da9,B566190,670,56,623.29,2026-06-20,2026-12-20,301e3cd3-c948-49e9-add4-e8080a9fab7f,2026-06-06 15:37:14.287682,AVAILABLE
ccd3e8b5-57be-4444-bf6b-2aad4f8dc4ec,0d84597b-6ea1-4332-bd4a-8451cde06855,5d03fd79-44d5-4e9b-99b8-88f96aec48eb,2b376704-d06b-441d-a2bf-f0973873411c,B467074,258,21,780.06,2025-08-24,2027-02-03,8a3cc937-5d2e-4b04-b961-e6372fb37757,2026-06-24 15:37:14.288197,AVAILABLE
953806dc-965e-45ad-a341-9af821a5276c,0d84597b-6ea1-4332-bd4a-8451cde06855,5d03fd79-44d5-4e9b-99b8-88f96aec48eb,2b376704-d06b-441d-a2bf-f0973873411c,B909758,701,58,789.45,2026-08-12,2027-12-14,1400ecad-7beb-4557-b782-a9b67dbfa3ea,2026-07-23 15:37:14.288279,AVAILABLE
b52734fd-24f2-4529-b1e5-a31fbf7d49ac,0d84597b-6ea1-4332-bd4a-8451cde06855,5d03fd79-44d5-4e9b-99b8-88f96aec48eb,2b376704-d06b-441d-a2bf-f0973873411c,B958735,501,32,384.98,2025-10-17,2026-12-15,389d9f94-94f3-497d-9ad3-80b154c36b08,2026-05-31 15:37:14.288327,AVAILABLE
382655d0-f118-41b9-be95-4324f743e048,0d84597b-6ea1-4332-bd4a-8451cde06855,6b7f63df-5881-4664-b60a-b074ecd09193,fb695fdf-9397-485a-aa21-6d65c73c7b07,B649389,668,99,1238.9,2026-07-17,2027-06-25,b55d3c34-369b-4934-9015-9e38109b79f2,2026-04-28 15:37:14.288496,AVAILABLE
b1f0793c-7130-4e64-83ff-3bb8a68ceee5,0d84597b-6ea1-4332-bd4a-8451cde06855,6b7f63df-5881-4664-b60a-b074ecd09193,fb695fdf-9397-485a-aa21-6d65c73c7b07,B404566,25,2,32.62,2026-10-29,2028-02-19,1400ecad-7beb-4557-b782-a9b67dbfa3ea,2026-05-24 15:37:14.288544,AVAILABLE
3c2a9fa3-37ba-4ead-82cf-94ecb463dad9,0d84597b-6ea1-4332-bd4a-8451cde06855,6b7f63df-5881-4664-b60a-b074ecd09193,fb695fdf-9397-485a-aa21-6d65c73c7b07,B496827,658,67,242.57,2026-11-18,2027-10-12,b55d3c34-369b-4934-9015-9e38109b79f2,2026-05-13 15:37:14.288586,AVAILABLE
78ab76a3-e321-45ce-84e9-d05218e8afc3,0d84597b-6ea1-4332-bd4a-8451cde06855,6b7f63df-5881-4664-b60a-b074ecd09193,ebb48eae-a1ef-4da9-8ae1-b2f70e717661,B536928,518,39,728.48,2026-08-05,2028-01-16,b55d3c34-369b-4934-9015-9e38109b79f2,2026-07-26 15:37:14.288716,AVAILABLE
c5adf16f-dd48-4843-8c50-45d4af461a2e,0d84597b-6ea1-4332-bd4a-8451cde06855,6b7f63df-5881-4664-b60a-b074ecd09193,ebb48eae-a1ef-4da9-8ae1-b2f70e717661,B374385,446,26,545.45,2026-11-12,2028-01-20,43b13eff-affb-4e79-a137-2d676513f12b,2026-04-24 15:37:14.288856,AVAILABLE
0a133d39-f2dc-486e-bb5e-c91ef0546add,0d84597b-6ea1-4332-bd4a-8451cde06855,6b7f63df-5881-4664-b60a-b074ecd09193,a88fd15f-1bbb-4271-941e-899867a89583,B703701,181,2,295.05,2026-04-17,2027-02-28,b55d3c34-369b-4934-9015-9e38109b79f2,2026-07-27 15:37:14.288932,AVAILABLE
b7e30803-0f14-434f-a0f0-6ef4702a6353,0d84597b-6ea1-4332-bd4a-8451cde06855,6b7f63df-5881-4664-b60a-b074ecd09193,a88fd15f-1bbb-4271-941e-899867a89583,B656689,780,6,1128.16,2025-07-01,2026-10-16,8a3cc937-5d2e-4b04-b961-e6372fb37757,2026-05-18 15:37:14.288982,AVAILABLE
e8ef7ee6-a5e6-4cf4-b75d-07229a587768,0d84597b-6ea1-4332-bd4a-8451cde06855,6b7f63df-5881-4664-b60a-b074ecd09193,a88fd15f-1bbb-4271-941e-899867a89583,B101206,405,46,50.84,2027-02-02,2027-12-11,8a3cc937-5d2e-4b04-b961-e6372fb37757,2026-05-15 15:37:14.289023,AVAILABLE
b8221a1f-76b0-433d-b6e1-6dd792796a20,0d84597b-6ea1-4332-bd4a-8451cde06855,6b7f63df-5881-4664-b60a-b074ecd09193,01d77a5e-a466-4d48-b24b-31edb500e5fa,B899186,646,8,201.1,2027-01-28,2027-12-13,389d9f94-94f3-497d-9ad3-80b154c36b08,2026-04-17 15:37:14.289065,AVAILABLE
88f8af49-3d85-4930-9e56-4f12af38d165,0d84597b-6ea1-4332-bd4a-8451cde06855,6b7f63df-5881-4664-b60a-b074ecd09193,7b6b643c-11d8-4a62-8cfe-a28f5fe4f2d6,B317950,404,3,1161.54,2025-10-30,2027-03-03,43b13eff-affb-4e79-a137-2d676513f12b,2026-04-21 15:37:14.289105,AVAILABLE
ca330358-ac2c-41bf-a488-01384f5dfa84,0d84597b-6ea1-4332-bd4a-8451cde06855,6b7f63df-5881-4664-b60a-b074ecd09193,7b6b643c-11d8-4a62-8cfe-a28f5fe4f2d6,B290467,682,98,1241.82,2026-08-14,2027-10-18,e6d69402-090c-458e-ab40-7589f32bf4bf,2026-09-27 15:37:14.289141,AVAILABLE
83e23692-0b33-4c1b-956b-2ceea1897686,0d84597b-6ea1-4332-bd4a-8451cde06855,6b7f63df-5881-4664-b60a-b074ecd09193,16d1b73f-8881-425f-82b2-7ab4974b08ef,B153726,245,11,1111.3,2027-03-25,2027-09-29,85ba89f5-0cbe-423d-9b09-8edf117efeb7,2026-05-01 15:37:14.289179,AVAILABLE
6327e7f4-7e6d-413f-96b9-860dd1f599e7,0d84597b-6ea1-4332-bd4a-8451cde06855,6b7f63df-5881-4664-b60a-b074ecd09193,16d1b73f-8881-425f-82b2-7ab4974b08ef,B656157,757,32,963.07,2024-12-23,2026-10-14,85ba89f5-0cbe-423d-9b09-8edf117efeb7,2026-06-24 15:37:14.289272,AVAILABLE
0a21f0b6-90e9-433b-b7d2-e3fd1e30f504,0d84597b-6ea1-4332-bd4a-8451cde06855,6b7f63df-5881-4664-b60a-b074ecd09193,16d1b73f-8881-425f-82b2-7ab4974b08ef,B906130,32,0,1417.08,2026-01-30,2027-10-08,1400ecad-7beb-4557-b782-a9b67dbfa3ea,2026-04-26 15:37:14.289316,AVAILABLE
1b0d6538-ea6b-46a7-8e83-1994a31f9b74,0d84597b-6ea1-4332-bd4a-8451cde06855,6b7f63df-5881-4664-b60a-b074ecd09193,fda2f8a3-95ba-4f42-97f3-dbce57a916f1,B704394,370,4,1385.13,2026-05-17,2027-03-04,b55d3c34-369b-4934-9015-9e38109b79f2,2026-05-18 15:37:14.289386,AVAILABLE
59c77534-206d-497a-bf24-95f517934bbf,0d84597b-6ea1-4332-bd4a-8451cde06855,6b7f63df-5881-4664-b60a-b074ecd09193,c5533566-0e57-4058-9e8f-cc921a574da9,B941142,154,10,247.03,2026-12-30,2028-03-29,301e3cd3-c948-49e9-add4-e8080a9fab7f,2026-09-20 15:37:14.289428,AVAILABLE
baf3cf70-ee5b-4273-a524-0bb3b7055f9c,0d84597b-6ea1-4332-bd4a-8451cde06855,6b7f63df-5881-4664-b60a-b074ecd09193,c5533566-0e57-4058-9e8f-cc921a574da9,B874508,571,22,364.5,2026-09-16,2027-07-14,e692d4b3-4456-49eb-87f5-ee22fc6e4200,2026-04-13 15:37:14.289465,AVAILABLE
9a8b0eba-9612-4d51-93f7-533717c093ec,0d84597b-6ea1-4332-bd4a-8451cde06855,6b7f63df-5881-4664-b60a-b074ecd09193,c5533566-0e57-4058-9e8f-cc921a574da9,B506505,914,99,836.85,2026-10-11,2028-01-31,b55d3c34-369b-4934-9015-9e38109b79f2,2026-07-15 15:37:14.289748,AVAILABLE
79f8bfe2-677c-442b-9360-40e0c74e917c,0d84597b-6ea1-4332-bd4a-8451cde06855,6b7f63df-5881-4664-b60a-b074ecd09193,8cb385ca-cfdc-404f-8298-512a7c8578b3,B910359,773,50,487.57,2025-03-18,2026-10-26,389d9f94-94f3-497d-9ad3-80b154c36b08,2026-09-13 15:37:14.289902,AVAILABLE
00d4bd62-8bb6-4f82-9ad4-601cd2459344,0d84597b-6ea1-4332-bd4a-8451cde06855,6b7f63df-5881-4664-b60a-b074ecd09193,8cb385ca-cfdc-404f-8298-512a7c8578b3,B391404,21,0,1244.37,2026-11-24,2027-07-23,85ba89f5-0cbe-423d-9b09-8edf117efeb7,2026-05-14 15:37:14.290043,AVAILABLE
c3a70b0f-a522-4b09-b496-c67ae98ffd85,0d84597b-6ea1-4332-bd4a-8451cde06855,6b7f63df-5881-4664-b60a-b074ecd09193,3e8ecc15-190b-4bcd-a7fd-92ec541c75f4,B750908,539,80,1732.98,2026-04-27,2027-11-06,85ba89f5-0cbe-423d-9b09-8edf117efeb7,2026-04-23 15:37:14.290156,AVAILABLE
5fab4745-5e85-42a4-a936-c76c5c6f22f8,0d84597b-6ea1-4332-bd4a-8451cde06855,6b7f63df-5881-4664-b60a-b074ecd09193,3e8ecc15-190b-4bcd-a7fd-92ec541c75f4,B237968,478,64,191.41,2026-01-20,2026-12-12,b55d3c34-369b-4934-9015-9e38109b79f2,2026-09-17 15:37:14.290297,AVAILABLE
9e22c694-cba9-4826-aa68-78b85045b60c,0d84597b-6ea1-4332-bd4a-8451cde06855,6b7f63df-5881-4664-b60a-b074ecd09193,522740d6-f3db-4ac1-a547-6b62598fe57f,B617229,621,73,1032.47,2025-05-28,2026-10-11,389d9f94-94f3-497d-9ad3-80b154c36b08,2026-05-08 15:37:14.290402,AVAILABLE
3c4957e0-9e5b-4c1a-b571-126f64a6d6da,0d84597b-6ea1-4332-bd4a-8451cde06855,6b7f63df-5881-4664-b60a-b074ecd09193,522740d6-f3db-4ac1-a547-6b62598fe57f,B491162,102,9,407.5,2025-12-10,2027-09-14,b55d3c34-369b-4934-9015-9e38109b79f2,2026-04-15 15:37:14.290518,AVAILABLE
baaed667-19a0-4b3c-b901-195ac694dfb8,0d84597b-6ea1-4332-bd4a-8451cde06855,6b7f63df-5881-4664-b60a-b074ecd09193,ec00005f-8d61-4b61-825c-d8c696ae49aa,B861152,481,65,692.8,2027-08-09,2028-02-26,85ba89f5-0cbe-423d-9b09-8edf117efeb7,2026-09-13 15:37:14.290641,AVAILABLE
2ab49fa0-5b94-4927-b256-99d433386427,0d84597b-6ea1-4332-bd4a-8451cde06855,6b7f63df-5881-4664-b60a-b074ecd09193,ec00005f-8d61-4b61-825c-d8c696ae49aa,B886383,322,39,1765.84,2025-10-05,2027-01-02,389d9f94-94f3-497d-9ad3-80b154c36b08,2026-07-24 15:37:14.290738,AVAILABLE
7599c96d-bebb-4e14-a837-c6739ddbdac6,0d84597b-6ea1-4332-bd4a-8451cde06855,6b7f63df-5881-4664-b60a-b074ecd09193,1640337f-9614-4c3f-bda8-20c0eb4c6bce,B151772,159,11,1383.89,2027-03-23,2027-12-17,301e3cd3-c948-49e9-add4-e8080a9fab7f,2026-09-06 15:37:14.290860,AVAILABLE
6f1981af-592d-49ff-ac19-0eade4c2b5c7,0d84597b-6ea1-4332-bd4a-8451cde06855,6b7f63df-5881-4664-b60a-b074ecd09193,1640337f-9614-4c3f-bda8-20c0eb4c6bce,B774096,917,42,1595.28,2025-12-08,2027-06-10,8a3cc937-5d2e-4b04-b961-e6372fb37757,2026-06-22 15:37:14.290977,AVAILABLE
924903f8-af75-450d-bf48-99853dbec59d,0d84597b-6ea1-4332-bd4a-8451cde06855,6b7f63df-5881-4664-b60a-b074ecd09193,2c10bfc8-d106-4422-b38f-e414215c8def,B446897,378,22,30.61,2027-01-28,2027-11-03,e6d69402-090c-458e-ab40-7589f32bf4bf,2026-04-19 15:37:14.291102,AVAILABLE
db85092c-957f-409a-b530-0021c72de99f,0d84597b-6ea1-4332-bd4a-8451cde06855,6b7f63df-5881-4664-b60a-b074ecd09193,0eecbfea-7628-487c-b590-fece2c687e7a,B347871,969,12,1765.09,2025-07-20,2027-05-12,43b13eff-affb-4e79-a137-2d676513f12b,2026-09-11 15:37:14.291177,AVAILABLE
e97a1dc3-35a5-44eb-9a7a-90240ba78bb0,0d84597b-6ea1-4332-bd4a-8451cde06855,6b7f63df-5881-4664-b60a-b074ecd09193,0eecbfea-7628-487c-b590-fece2c687e7a,B401219,60,8,1710.01,2026-08-20,2028-03-26,389d9f94-94f3-497d-9ad3-80b154c36b08,2026-05-13 15:37:14.291275,AVAILABLE
0f3934bb-3d21-4a03-a86c-e0d1f24cba08,0d84597b-6ea1-4332-bd4a-8451cde06855,6b7f63df-5881-4664-b60a-b074ecd09193,0eecbfea-7628-487c-b590-fece2c687e7a,B317961,220,1,1050.89,2026-05-09,2027-01-27,e6d69402-090c-458e-ab40-7589f32bf4bf,2026-07-12 15:37:14.291339,AVAILABLE
9511f0a3-b14e-4988-9a65-1d7e1c2dfb26,0d84597b-6ea1-4332-bd4a-8451cde06855,ff425d99-36ba-4762-ab38-bd68c87d08b8,9d6f82ea-a6c1-4ee5-bd74-c517ba546a27,B253016,143,20,918.36,2026-02-01,2026-11-11,b55d3c34-369b-4934-9015-9e38109b79f2,2026-09-03 15:37:14.291543,AVAILABLE
3dcaad60-eb67-493a-bd72-9d8110cbf911,0d84597b-6ea1-4332-bd4a-8451cde06855,ff425d99-36ba-4762-ab38-bd68c87d08b8,9d6f82ea-a6c1-4ee5-bd74-c517ba546a27,B776780,801,76,541.12,2026-12-24,2028-03-02,b55d3c34-369b-4934-9015-9e38109b79f2,2026-09-27 15:37:14.291665,AVAILABLE
1224f217-8408-4491-88a3-31e995b99ed2,0d84597b-6ea1-4332-bd4a-8451cde06855,ff425d99-36ba-4762-ab38-bd68c87d08b8,6f12778d-43ca-4220-8b3b-11201ac91209,B975732,816,76,1497.3,2025-09-26,2026-12-23,301e3cd3-c948-49e9-add4-e8080a9fab7f,2026-05-22 15:37:14.291760,AVAILABLE
04c661a0-ecfb-4985-a160-f90bec5893db,0d84597b-6ea1-4332-bd4a-8451cde06855,ff425d99-36ba-4762-ab38-bd68c87d08b8,6f12778d-43ca-4220-8b3b-11201ac91209,B536456,926,92,649.9,2026-12-18,2027-11-21,43b13eff-affb-4e79-a137-2d676513f12b,2026-05-28 15:37:14.291844,AVAILABLE
3b6df94b-4ea4-436b-a39e-c58b0875b609,0d84597b-6ea1-4332-bd4a-8451cde06855,ff425d99-36ba-4762-ab38-bd68c87d08b8,6f12778d-43ca-4220-8b3b-11201ac91209,B141029,423,50,231.04,2025-03-24,2026-10-12,301e3cd3-c948-49e9-add4-e8080a9fab7f,2026-10-05 15:37:14.291914,AVAILABLE
8221e685-c23f-42fc-abc9-3f9658cce8be,0d84597b-6ea1-4332-bd4a-8451cde06855,ff425d99-36ba-4762-ab38-bd68c87d08b8,2f7de1c2-cb62-4261-83f5-d8323f438333,B218740,280,35,1344.67,2025-06-04,2026-10-11,e692d4b3-4456-49eb-87f5-ee22fc6e4200,2026-09-29 15:37:14.291981,AVAILABLE
0974508a-fe2c-411a-a486-d2f0504ce154,0d84597b-6ea1-4332-bd4a-8451cde06855,ff425d99-36ba-4762-ab38-bd68c87d08b8,2f7de1c2-cb62-4261-83f5-d8323f438333,B295720,569,29,1358.38,2026-11-01,2028-02-16,1400ecad-7beb-4557-b782-a9b67dbfa3ea,2026-04-18 15:37:14.292061,AVAILABLE
119038ac-f0f5-4123-905f-a1a63a35125c,0d84597b-6ea1-4332-bd4a-8451cde06855,ff425d99-36ba-4762-ab38-bd68c87d08b8,2f7de1c2-cb62-4261-83f5-d8323f438333,B708594,164,18,822.31,2026-02-11,2026-10-27,41e5f347-011f-49c8-a809-9ebc6ef93e37,2026-05-18 15:37:14.292138,AVAILABLE
0bf6d000-ea46-4faa-a52a-460d57a77150,0d84597b-6ea1-4332-bd4a-8451cde06855,ff425d99-36ba-4762-ab38-bd68c87d08b8,522740d6-f3db-4ac1-a547-6b62598fe57f,B135871,597,62,1790.52,2025-01-22,2026-12-10,301e3cd3-c948-49e9-add4-e8080a9fab7f,2026-05-02 15:37:14.292272,AVAILABLE
150f0630-3f60-4397-bef3-810d33dfc478,0d84597b-6ea1-4332-bd4a-8451cde06855,ff425d99-36ba-4762-ab38-bd68c87d08b8,522740d6-f3db-4ac1-a547-6b62598fe57f,B446760,124,0,921.96,2026-02-20,2028-01-15,85ba89f5-0cbe-423d-9b09-8edf117efeb7,2026-05-22 15:37:14.292353,AVAILABLE
6bfba8a4-e9b2-48f2-84af-55cf5977970e,0d84597b-6ea1-4332-bd4a-8451cde06855,ff425d99-36ba-4762-ab38-bd68c87d08b8,4bd504ed-a1c0-48c9-bff0-b66723a5f08d,B661686,302,9,1491.96,2025-09-29,2026-12-13,e692d4b3-4456-49eb-87f5-ee22fc6e4200,2026-04-25 15:37:14.292437,AVAILABLE
9903731d-e161-4718-8b03-0447a229c0c6,0d84597b-6ea1-4332-bd4a-8451cde06855,ff425d99-36ba-4762-ab38-bd68c87d08b8,4bd504ed-a1c0-48c9-bff0-b66723a5f08d,B736209,415,61,262.67,2026-08-02,2027-09-28,301e3cd3-c948-49e9-add4-e8080a9fab7f,2026-05-16 15:37:14.292515,AVAILABLE
594d73d1-8dde-42d0-a8ac-4da6046b26b8,0d84597b-6ea1-4332-bd4a-8451cde06855,ff425d99-36ba-4762-ab38-bd68c87d08b8,4bd504ed-a1c0-48c9-bff0-b66723a5f08d,B320487,575,25,538.72,2026-03-22,2028-01-06,85ba89f5-0cbe-423d-9b09-8edf117efeb7,2026-08-10 15:37:14.292580,AVAILABLE
19fc1dd2-ddfb-4570-9ddb-58113b97448f,0d84597b-6ea1-4332-bd4a-8451cde06855,ff425d99-36ba-4762-ab38-bd68c87d08b8,0d430ec5-4d86-4820-8a2c-9a0885280906,B252903,375,55,454.12,2025-07-02,2026-10-02,301e3cd3-c948-49e9-add4-e8080a9fab7f,2026-07-26 15:37:14.292875,EXPIRED
ecff6895-659d-44ad-85bd-24c900af4a9a,0d84597b-6ea1-4332-bd4a-8451cde06855,ff425d99-36ba-4762-ab38-bd68c87d08b8,0d430ec5-4d86-4820-8a2c-9a0885280906,B467550,511,41,130.87,2025-04-05,2027-02-24,8a3cc937-5d2e-4b04-b961-e6372fb37757,2026-06-02 15:37:14.292955,AVAILABLE
a1731c8c-e71f-44e6-908a-7e6264c37d33,0d84597b-6ea1-4332-bd4a-8451cde06855,ff425d99-36ba-4762-ab38-bd68c87d08b8,0d430ec5-4d86-4820-8a2c-9a0885280906,B291844,69,8,655.68,2026-08-03,2027-12-25,e692d4b3-4456-49eb-87f5-ee22fc6e4200,2026-06-15 15:37:14.293020,AVAILABLE
1e6a5b8c-1aa9-4e28-83ad-ddcc74b6bbcb,0d84597b-6ea1-4332-bd4a-8451cde06855,ff425d99-36ba-4762-ab38-bd68c87d08b8,24db962d-9a6b-4de6-982b-b719e504efb9,B579147,894,65,521.45,2026-03-09,2027-03-26,389d9f94-94f3-497d-9ad3-80b154c36b08,2026-07-07 15:37:14.293086,AVAILABLE
74e1a314-37c8-41d2-8b8d-3f3b07bc9efe,0d84597b-6ea1-4332-bd4a-8451cde06855,ff425d99-36ba-4762-ab38-bd68c87d08b8,24db962d-9a6b-4de6-982b-b719e504efb9,B275019,688,94,1296.22,2026-12-12,2027-07-30,41e5f347-011f-49c8-a809-9ebc6ef93e37,2026-09-20 15:37:14.293188,AVAILABLE
41ec01fb-f2c3-462d-8c81-81e3808ea2be,0d84597b-6ea1-4332-bd4a-8451cde06855,ff425d99-36ba-4762-ab38-bd68c87d08b8,24db962d-9a6b-4de6-982b-b719e504efb9,B197655,871,40,942.41,2025-05-03,2026-12-05,e6d69402-090c-458e-ab40-7589f32bf4bf,2026-05-07 15:37:14.293250,AVAILABLE
f7f64b83-9223-4964-8a5a-a6ddeb1dfc15,0d84597b-6ea1-4332-bd4a-8451cde06855,ff425d99-36ba-4762-ab38-bd68c87d08b8,e5b7da92-602a-4a8f-9b36-3acfc3414ba7,B352969,255,24,1549.56,2026-07-26,2028-03-13,41e5f347-011f-49c8-a809-9ebc6ef93e37,2026-04-19 15:37:14.293314,AVAILABLE
7dbf5983-c09f-4829-9197-f3392edd4476,0d84597b-6ea1-4332-bd4a-8451cde06855,ff425d99-36ba-4762-ab38-bd68c87d08b8,e5b7da92-602a-4a8f-9b36-3acfc3414ba7,B553259,752,98,13.66,2025-01-24,2026-11-01,e692d4b3-4456-49eb-87f5-ee22fc6e4200,2026-07-17 15:37:14.293381,AVAILABLE
544da54b-5259-48fe-b3c4-b06643e88721,0d84597b-6ea1-4332-bd4a-8451cde06855,ff425d99-36ba-4762-ab38-bd68c87d08b8,2c10bfc8-d106-4422-b38f-e414215c8def,B286896,535,5,1415.47,2026-07-15,2028-02-10,389d9f94-94f3-497d-9ad3-80b154c36b08,2026-08-18 15:37:14.293477,AVAILABLE
3f591f1d-4707-498f-9a5b-3d30bcbf5f9d,0d84597b-6ea1-4332-bd4a-8451cde06855,ff425d99-36ba-4762-ab38-bd68c87d08b8,2c10bfc8-d106-4422-b38f-e414215c8def,B625383,827,5,1735.34,2026-05-30,2027-07-10,43b13eff-affb-4e79-a137-2d676513f12b,2026-05-21 15:37:14.293555,AVAILABLE
980481d0-21e1-470d-bb04-95602137a270,0d84597b-6ea1-4332-bd4a-8451cde06855,ff425d99-36ba-4762-ab38-bd68c87d08b8,ea61edd3-7fbd-4c08-b312-d866041879c2,B343024,532,46,1777.23,2026-06-01,2027-04-04,85ba89f5-0cbe-423d-9b09-8edf117efeb7,2026-09-08 15:37:14.293659,AVAILABLE
bc8d7a66-bd81-4c32-87ae-648ce76ada09,0d84597b-6ea1-4332-bd4a-8451cde06855,ff425d99-36ba-4762-ab38-bd68c87d08b8,ea61edd3-7fbd-4c08-b312-d866041879c2,B397348,785,82,692.07,2026-11-01,2028-03-02,301e3cd3-c948-49e9-add4-e8080a9fab7f,2026-09-07 15:37:14.293764,AVAILABLE
850f32e5-3a91-4cbd-97fc-5cbc658d438d,0d84597b-6ea1-4332-bd4a-8451cde06855,ff425d99-36ba-4762-ab38-bd68c87d08b8,ea61edd3-7fbd-4c08-b312-d866041879c2,B247535,222,31,193.13,2026-06-01,2028-02-24,85ba89f5-0cbe-423d-9b09-8edf117efeb7,2026-10-06 15:37:14.293833,AVAILABLE
ce7ce3ed-8857-4c7c-9c86-fc245947c765,0d84597b-6ea1-4332-bd4a-8451cde06855,ff425d99-36ba-4762-ab38-bd68c87d08b8,1640337f-9614-4c3f-bda8-20c0eb4c6bce,B166417,665,59,331.26,2026-05-12,2027-02-18,389d9f94-94f3-497d-9ad3-80b154c36b08,2026-05-04 15:37:14.293945,AVAILABLE
28aa02e2-d5a0-4ce6-b239-b4b1b20b6fb2,0d84597b-6ea1-4332-bd4a-8451cde06855,ff425d99-36ba-4762-ab38-bd68c87d08b8,1640337f-9614-4c3f-bda8-20c0eb4c6bce,B194074,68,0,1253.48,2026-11-08,2028-02-17,389d9f94-94f3-497d-9ad3-80b154c36b08,2026-04-23 15:37:14.294053,AVAILABLE
7f280180-aa38-427f-b2e1-914356ed7248,0d84597b-6ea1-4332-bd4a-8451cde06855,ff425d99-36ba-4762-ab38-bd68c87d08b8,1640337f-9614-4c3f-bda8-20c0eb4c6bce,B139396,834,29,224.88,2025-11-26,2026-12-11,389d9f94-94f3-497d-9ad3-80b154c36b08,2026-05-04 15:37:14.294129,AVAILABLE
fbf4b847-d79f-4e0c-9ebe-469c6b53865e,0d84597b-6ea1-4332-bd4a-8451cde06855,ff425d99-36ba-4762-ab38-bd68c87d08b8,987c980e-f5ed-4388-b102-971ff25870b1,B665945,604,33,1792.43,2026-05-10,2026-11-07,e6d69402-090c-458e-ab40-7589f32bf4bf,2026-08-12 15:37:14.294202,AVAILABLE
7f570a35-76c6-4a78-bfd2-ea2521e0ef8f,0d84597b-6ea1-4332-bd4a-8451cde06855,ff425d99-36ba-4762-ab38-bd68c87d08b8,987c980e-f5ed-4388-b102-971ff25870b1,B926098,23,3,1053.88,2026-01-23,2027-07-24,8a3cc937-5d2e-4b04-b961-e6372fb37757,2026-10-06 15:37:14.294312,AVAILABLE
1c4957d3-931e-4d76-9b05-c0614b965702,0d84597b-6ea1-4332-bd4a-8451cde06855,ff425d99-36ba-4762-ab38-bd68c87d08b8,d6c64038-55ae-44a3-863b-be781e1a4649,B148041,438,47,1262.87,2026-05-18,2026-12-14,e6d69402-090c-458e-ab40-7589f32bf4bf,2026-09-17 15:37:14.294428,AVAILABLE
b4300219-64c0-4a9e-8b9a-b74be2c49d96,0d84597b-6ea1-4332-bd4a-8451cde06855,ff425d99-36ba-4762-ab38-bd68c87d08b8,d6c64038-55ae-44a3-863b-be781e1a4649,B195973,245,5,1246.16,2026-04-25,2027-11-21,e692d4b3-4456-49eb-87f5-ee22fc6e4200,2026-06-01 15:37:14.294505,AVAILABLE
09c61146-f274-47f0-b0ce-7709975cf69f,0d84597b-6ea1-4332-bd4a-8451cde06855,ff425d99-36ba-4762-ab38-bd68c87d08b8,f6dc8117-e75f-4920-a0cf-04c7bafc7542,B332363,238,13,651.68,2025-12-30,2027-04-07,43b13eff-affb-4e79-a137-2d676513f12b,2026-07-14 15:37:14.294590,AVAILABLE
f6e70b4c-057d-4404-bb69-0710fd5d2549,0d84597b-6ea1-4332-bd4a-8451cde06855,ff425d99-36ba-4762-ab38-bd68c87d08b8,f6dc8117-e75f-4920-a0cf-04c7bafc7542,B875576,925,4,1309.98,2026-10-03,2027-11-09,b55d3c34-369b-4934-9015-9e38109b79f2,2026-09-28 15:37:14.294709,AVAILABLE
cbbf37f6-4a20-40e1-9c5e-0e415ea4def1,0d84597b-6ea1-4332-bd4a-8451cde06855,ff425d99-36ba-4762-ab38-bd68c87d08b8,9c021848-0377-486f-a048-370334cce953,B623925,94,7,593.11,2026-09-12,2028-01-02,8a3cc937-5d2e-4b04-b961-e6372fb37757,2026-04-17 15:37:14.294874,AVAILABLE
5d969868-d576-4e65-8cd7-ce517b76b64d,0d84597b-6ea1-4332-bd4a-8451cde06855,ff425d99-36ba-4762-ab38-bd68c87d08b8,9c021848-0377-486f-a048-370334cce953,B367628,124,11,929.62,2026-09-22,2027-06-02,41e5f347-011f-49c8-a809-9ebc6ef93e37,2026-08-21 15:37:14.294937,AVAILABLE
4928f46d-01be-4fce-a029-5cd2760ba199,0d84597b-6ea1-4332-bd4a-8451cde06855,ff425d99-36ba-4762-ab38-bd68c87d08b8,9c021848-0377-486f-a048-370334cce953,B652681,318,41,1028.58,2027-05-05,2028-01-24,e6d69402-090c-458e-ab40-7589f32bf4bf,2026-08-25 15:37:14.294981,AVAILABLE
