id,hospital_id,medicine_id,location_id,current_quantity,usable_quantity,average_daily_demand,days_of_supply,lead_time_days,projected_stockout_date,stockout_probability,expiry_risk_quantity,expiry_risk_score,shortage_severity,criticality_score,overall_risk_score,risk_level
3ab9f8ad-d015-4d7e-b4b0-e46042f1fcff,920ef48e-37f7-4885-9e7f-ef5f2970a521,99f2ef21-d83e-4cde-a73a-10b587a903a3,e0a0a797-1443-43a7-9574-d4d98ac11856,568.0,568.0,32.26,17.61,7,2026-10-25,0.0133,0.0,0.0,0.0,0.0,0.0033,LOW
05ed9c2b-5f03-4134-9b28-b03fc96e6d5f,920ef48e-37f7-4885-9e7f-ef5f2970a521,33e37cdb-690b-4dd6-aa0b-3e189bf6bc51,e0a0a797-1443-43a7-9574-d4d98ac11856,0.0,0.0,80.06,0.0,5,2026-10-09,0.9707,0.0,0.0,0.8,0.0,0.6027,HIGH
491a6b69-644f-40e1-926d-365e60f49444,920ef48e-37f7-4885-9e7f-ef5f2970a521,c51619a8-ba83-483f-9b52-064f926d96a2,e0a0a797-1443-43a7-9574-d4d98ac11856,0.0,0.0,90.23,0.0,5,2026-10-09,0.9707,0.0,0.0,0.8,0.0,0.6027,HIGH
8ba926c2-d5d9-4823-a105-1c2675d9d13b,920ef48e-37f7-4885-9e7f-ef5f2970a521,f6dc8117-e75f-4920-a0cf-04c7bafc7542,e0a0a797-1443-43a7-9574-d4d98ac11856,333.0,333.0,107.94,3.09,4,2026-10-11,0.8111,0.0,0.0,0.3915,1.0,0.529,MEDIUM
457280a7-5186-4776-bc48-b9181762a9e3,920ef48e-37f7-4885-9e7f-ef5f2970a521,b3163dc0-3ac7-41cc-b4fc-244bcbe446ad,e0a0a797-1443-43a7-9574-d4d98ac11856,67.0,67.0,35.13,1.91,8,2026-10-09,0.9828,0.0,0.0,0.9093,0.0,0.6549,HIGH
b300221b-5a2c-45b1-b132-696041bdb47d,920ef48e-37f7-4885-9e7f-ef5f2970a521,b1b122eb-1ba2-4148-b9ac-5d21b2adf647,e0a0a797-1443-43a7-9574-d4d98ac11856,464.0,464.0,62.32,7.45,4,2026-10-15,0.3268,0.0,0.0,0.0,0.0,0.0817,LOW
744bdc01-98b6-40dd-ad9e-66a0619fcb97,920ef48e-37f7-4885-9e7f-ef5f2970a521,ca8399a1-143e-4717-be95-7836c2f21dcb,e0a0a797-1443-43a7-9574-d4d98ac11856,322.0,322.0,15.97,20.17,4,2026-10-28,0.0008,0.0,0.0,0.0,0.0,0.0002,LOW
3cae8035-8afb-4025-b5fa-11f97d2bf490,920ef48e-37f7-4885-9e7f-ef5f2970a521,b261960f-23be-4297-9c50-f27ceac7eedb,e0a0a797-1443-43a7-9574-d4d98ac11856,0.0,0.0,37.68,0.0,5,2026-10-09,0.9707,0.0,0.0,0.8,0.0,0.6027,HIGH
73a8c3da-8048-448c-b75d-1d43a2d97159,920ef48e-37f7-4885-9e7f-ef5f2970a521,d039d8bd-44d3-44fc-a49f-83d1987d0b48,e0a0a797-1443-43a7-9574-d4d98ac11856,1439.0,1439.0,103.81,13.86,2,2026-10-21,0.0072,0.0,0.0,0.0,1.0,0.1518,LOW
c274d587-1b14-42c6-8100-ed8b89ef60a1,920ef48e-37f7-4885-9e7f-ef5f2970a521,c2b13e9e-9865-4a6b-ba11-417dbd416417,e0a0a797-1443-43a7-9574-d4d98ac11856,2004.0,2004.0,32.65,61.39,7,,0.0,0.0,0.0,0.0,0.0,0.0,LOW
c6305251-1397-4827-9f1f-f4b7e6e26cc7,920ef48e-37f7-4885-9e7f-ef5f2970a521,6f12778d-43ca-4220-8b3b-11201ac91209,e0a0a797-1443-43a7-9574-d4d98ac11856,1059.0,1059.0,64.87,16.32,8,2026-10-24,0.0406,0.0,0.0,0.0,1.0,0.1602,LOW
f28900d7-bef3-4810-b410-b02682ea1c98,920ef48e-37f7-4885-9e7f-ef5f2970a521,01d77a5e-a466-4d48-b24b-31edb500e5fa,e0a0a797-1443-43a7-9574-d4d98ac11856,452.0,452.0,41.55,10.88,2,2026-10-18,0.0311,0.0,0.0,0.0,0.0,0.0078,LOW
738f7ede-0734-4e96-8c51-bb34467c899b,920ef48e-37f7-4885-9e7f-ef5f2970a521,6b615b69-ae0e-4f1b-a6dc-2d69233addaa,e0a0a797-1443-43a7-9574-d4d98ac11856,1037.0,1037.0,57.58,18.01,9,2026-10-26,0.0292,0.0,0.0,0.0,0.0,0.0073,LOW
61c8d238-85a2-4107-9cbf-94876969b4a1,920ef48e-37f7-4885-9e7f-ef5f2970a521,4bd504ed-a1c0-48c9-bff0-b66723a5f08d,e0a0a797-1443-43a7-9574-d4d98ac11856,34.0,0.0,57.42,0.59,9,2026-10-09,0.9945,34.0,1.0,1.0,0.0,0.8486,CRITICAL
b6e27be8-ebcb-4ed1-b4bb-bf4734ba8d5e,920ef48e-37f7-4885-9e7f-ef5f2970a521,f1b95f47-94a2-4979-a411-02444c727d3e,e0a0a797-1443-43a7-9574-d4d98ac11856,0.0,0.0,69.16,0.0,4,2026-10-09,0.9526,0.0,0.0,0.7,0.0,0.5531,HIGH
430623e3-cf0b-47d8-893b-5631067e3f29,920ef48e-37f7-4885-9e7f-ef5f2970a521,2c4e6d71-0152-4e82-9c16-bfc9c81ea55e,e0a0a797-1443-43a7-9574-d4d98ac11856,287.0,287.0,39.42,7.28,7,2026-10-15,0.7026,0.0,0.0,0.2719,0.0,0.298,LOW
c2590ab2-15f7-4884-a9ab-9f4f6ffa5819,920ef48e-37f7-4885-9e7f-ef5f2970a521,58bf12e5-ee8a-4194-a34c-aa820079144d,e0a0a797-1443-43a7-9574-d4d98ac11856,0.0,0.0,53.39,0.0,8,2026-10-09,0.9933,0.0,0.0,1.0,0.0,0.6983,HIGH
1479719f-00f5-4c57-b991-55d00fe7cf46,920ef48e-37f7-4885-9e7f-ef5f2970a521,2cd10b6d-063e-4f55-a0b6-37edb93b63a6,e0a0a797-1443-43a7-9574-d4d98ac11856,0.0,0.0,72.0,0.0,9,2026-10-09,0.9959,0.0,0.0,1.0,0.0,0.699,HIGH
b7d90c16-dad3-4092-81bd-138fc2f5fb20,920ef48e-37f7-4885-9e7f-ef5f2970a521,573f39b9-7855-4b4d-8a9e-14a5e9d8b2cd,e0a0a797-1443-43a7-9574-d4d98ac11856,0.0,0.0,48.65,0.0,9,2026-10-09,0.9959,0.0,0.0,1.0,1.0,0.849,CRITICAL
c1430592-8c2d-4e82-904b-ad607185ec88,920ef48e-37f7-4885-9e7f-ef5f2970a521,a88fd15f-1bbb-4271-941e-899867a89583,e0a0a797-1443-43a7-9574-d4d98ac11856,402.0,402.0,75.03,5.36,6,2026-10-13,0.7894,0.0,0.0,0.3642,1.0,0.5112,MEDIUM
a8762a74-f305-4798-b8e9-34d9cae679a4,920ef48e-37f7-4885-9e7f-ef5f2970a521,13cd9912-56bb-4721-abb1-986f20a370cb,e0a0a797-1443-43a7-9574-d4d98ac11856,0.0,0.0,72.0,0.0,4,2026-10-09,0.9526,0.0,0.0,0.7,0.0,0.5531,HIGH
cd6c52c3-878f-4743-ba5b-4d71b212bb49,920ef48e-37f7-4885-9e7f-ef5f2970a521,3a19d3ca-1898-4db4-b347-55af1376c897,e0a0a797-1443-43a7-9574-d4d98ac11856,0.0,0.0,85.9,0.0,9,2026-10-09,0.9959,0.0,0.0,1.0,0.0,0.699,HIGH
b2bf34f1-d95f-47a2-8633-43b0793bdd4f,920ef48e-37f7-4885-9e7f-ef5f2970a521,522740d6-f3db-4ac1-a547-6b62598fe57f,e0a0a797-1443-43a7-9574-d4d98ac11856,0.0,0.0,94.97,0.0,8,2026-10-09,0.9933,0.0,0.0,1.0,0.0,0.6983,HIGH
f6b5cf4f-d44f-43bd-a398-cce4c8bdb4c5,920ef48e-37f7-4885-9e7f-ef5f2970a521,b8b41174-e4bb-41e0-8dc8-fbdaf9d470ec,e0a0a797-1443-43a7-9574-d4d98ac11856,584.0,584.0,42.1,13.87,5,2026-10-21,0.0312,0.0,0.0,0.0,1.0,0.1578,LOW
90a01c83-c281-4466-ad1a-9e33fbff1ea9,920ef48e-37f7-4885-9e7f-ef5f2970a521,6989db76-adcc-4a3d-b3c0-61fb496a0f5d,e0a0a797-1443-43a7-9574-d4d98ac11856,0.0,0.0,60.23,0.0,7,2026-10-09,0.989,0.0,0.0,1.0,0.0,0.6973,HIGH
922458e4-0832-45c8-b841-703511a38848,920ef48e-37f7-4885-9e7f-ef5f2970a521,9c06c388-c751-407e-9c97-3b46b1db5e7c,e0a0a797-1443-43a7-9574-d4d98ac11856,0.0,0.0,41.48,0.0,3,2026-10-09,0.9241,0.0,0.0,0.6,0.0,0.501,MEDIUM
0a6aa8c6-6cb0-46b9-a727-3d17b12e87ab,920ef48e-37f7-4885-9e7f-ef5f2970a521,cf8bc62c-4d72-4142-8ab6-03524280a750,e0a0a797-1443-43a7-9574-d4d98ac11856,0.0,0.0,120.06,0.0,6,2026-10-09,0.982,0.0,0.0,0.9,0.0,0.6505,HIGH
510e09ff-9845-499a-97af-591d0252a46d,920ef48e-37f7-4885-9e7f-ef5f2970a521,2c10bfc8-d106-4422-b38f-e414215c8def,e0a0a797-1443-43a7-9574-d4d98ac11856,253.0,253.0,81.45,3.11,8,2026-10-11,0.9691,0.0,0.0,0.7894,0.0,0.5975,HIGH
8690a773-adc3-404d-a02e-daf114a9c080,920ef48e-37f7-4885-9e7f-ef5f2970a521,d2219992-909f-48be-967e-2e3f1c3ddfa9,e0a0a797-1443-43a7-9574-d4d98ac11856,176.0,0.0,7.94,22.18,5,2026-10-30,0.0005,176.0,1.0,0.0,0.0,0.1501,LOW
cd5aad70-3959-4c71-b59d-993c003acece,920ef48e-37f7-4885-9e7f-ef5f2970a521,9d6f82ea-a6c1-4ee5-bd74-c517ba546a27,e0a0a797-1443-43a7-9574-d4d98ac11856,0.0,0.0,101.84,0.0,2,2026-10-09,0.8808,0.0,0.0,0.5,0.0,0.4452,MEDIUM
be9a4914-3544-4837-9f5b-e601d4ebd0db,920ef48e-37f7-4885-9e7f-ef5f2970a521,70745aec-f24f-4b18-807e-6adb80d01ba0,e0a0a797-1443-43a7-9574-d4d98ac11856,444.0,444.0,35.61,12.47,3,2026-10-20,0.0233,0.0,0.0,0.0,0.0,0.0058,LOW
b078a6f6-0637-40ed-bd2b-e0f8a86b245a,920ef48e-37f7-4885-9e7f-ef5f2970a521,fdd23e22-960c-4a44-af67-60d832b98217,e0a0a797-1443-43a7-9574-d4d98ac11856,0.0,0.0,54.23,0.0,3,2026-10-09,0.9241,0.0,0.0,0.6,0.0,0.501,MEDIUM
559c1fcc-1c01-445a-848d-f385a3de7560,920ef48e-37f7-4885-9e7f-ef5f2970a521,0df67422-0ffe-4855-b4b7-0f4e8676cbdb,e0a0a797-1443-43a7-9574-d4d98ac11856,2516.0,2516.0,84.81,29.67,2,2026-11-06,0.0,0.0,0.0,0.0,0.0,0.0,LOW
2156896c-9ec3-4cdb-a698-60c84df07e12,920ef48e-37f7-4885-9e7f-ef5f2970a521,1640337f-9614-4c3f-bda8-20c0eb4c6bce,e0a0a797-1443-43a7-9574-d4d98ac11856,0.0,0.0,88.45,0.0,4,2026-10-09,0.9526,0.0,0.0,0.7,0.0,0.5531,HIGH
264ecf98-1c9b-4b49-af7c-77fc9cdc17ee,920ef48e-37f7-4885-9e7f-ef5f2970a521,0eecbfea-7628-487c-b590-fece2c687e7a,e0a0a797-1443-43a7-9574-d4d98ac11856,884.0,0.0,30.55,28.94,4,2026-11-05,0.0,884.0,1.0,0.0,1.0,0.3,MEDIUM
10b8ee0f-6ce5-45e5-aa9a-fdfd7fca5f07,920ef48e-37f7-4885-9e7f-ef5f2970a521,e3420e6d-9ba0-43de-991d-15b61159daa1,e0a0a797-1443-43a7-9574-d4d98ac11856,0.0,0.0,7.55,0.0,6,2026-10-09,0.982,0.0,0.0,0.9,1.0,0.8005,CRITICAL
d4ddab97-e513-48f2-8e36-f0ad1bd19777,920ef48e-37f7-4885-9e7f-ef5f2970a521,0073cc32-e309-402c-96aa-1fb03de469f1,e0a0a797-1443-43a7-9574-d4d98ac11856,691.0,691.0,32.71,21.13,6,2026-10-29,0.0014,0.0,0.0,0.0,0.0,0.0004,LOW
8abbbc3a-0124-486a-b366-8c21843af5d3,920ef48e-37f7-4885-9e7f-ef5f2970a521,a041cc1e-bb11-4e03-9969-5026c46ed837,e0a0a797-1443-43a7-9574-d4d98ac11856,1385.0,1385.0,30.68,45.15,2,2026-11-22,0.0,0.0,0.0,0.0,0.0,0.0,LOW
5ba40654-431d-42d4-8ff5-8195fd98f2f9,920ef48e-37f7-4885-9e7f-ef5f2970a521,0c98fcbf-9121-467b-910d-10fcfbcd35b6,e0a0a797-1443-43a7-9574-d4d98ac11856,0.0,0.0,33.42,0.0,2,2026-10-09,0.8808,0.0,0.0,0.5,0.0,0.4452,MEDIUM
42076dfa-0e64-4a89-9531-0fd6dd4b577a,920ef48e-37f7-4885-9e7f-ef5f2970a521,43110ae2-2c0b-4654-936a-72afad56219d,e0a0a797-1443-43a7-9574-d4d98ac11856,1319.0,1319.0,16.32,80.81,8,,0.0,0.0,0.0,0.0,0.0,0.0,LOW
4fee917d-35fc-46c3-81ac-744553406403,920ef48e-37f7-4885-9e7f-ef5f2970a521,378ef267-9155-41bc-a431-7c700c1731e3,e0a0a797-1443-43a7-9574-d4d98ac11856,204.0,0.0,102.16,2.0,4,2026-10-09,0.881,204.0,1.0,0.5003,0.0,0.5954,HIGH
a0f366e3-eeec-438b-b44c-6dec64158f09,920ef48e-37f7-4885-9e7f-ef5f2970a521,3e9b0bad-6728-4523-be87-a00adf0fff30,e0a0a797-1443-43a7-9574-d4d98ac11856,1134.0,1134.0,34.42,32.95,8,2026-11-09,0.0,0.0,0.0,0.0,0.0,0.0,LOW
d672b985-c5a0-4e3b-8909-4edc348cc9c1,920ef48e-37f7-4885-9e7f-ef5f2970a521,24bad869-7045-4954-b58f-10edc0407e69,e0a0a797-1443-43a7-9574-d4d98ac11856,0.0,0.0,61.52,0.0,9,2026-10-09,0.9959,0.0,0.0,1.0,0.0,0.699,HIGH
ca804521-b76a-4fb5-ba97-6ddeed60a36c,920ef48e-37f7-4885-9e7f-ef5f2970a521,d6c64038-55ae-44a3-863b-be781e1a4649,e0a0a797-1443-43a7-9574-d4d98ac11856,435.0,341.0,4.03,107.88,3,,0.0,94.0,0.2161,0.0,0.0,0.0324,LOW
10874fa8-518d-407b-b371-e25976fc972a,920ef48e-37f7-4885-9e7f-ef5f2970a521,27bdd8c0-778d-42ea-ae25-964ce81e391d,e0a0a797-1443-43a7-9574-d4d98ac11856,0.0,0.0,64.87,0.0,6,2026-10-09,0.982,0.0,0.0,0.9,1.0,0.8005,CRITICAL
c18022ea-b4c6-429d-baef-ae8181388818,920ef48e-37f7-4885-9e7f-ef5f2970a521,1d534fd0-ecdb-47f7-8df1-911899944ac3,e0a0a797-1443-43a7-9574-d4d98ac11856,944.0,944.0,27.68,34.11,7,2026-11-11,0.0,0.0,0.0,0.0,0.0,0.0,LOW
559a1042-edae-47a5-a01c-a157e1a72376,920ef48e-37f7-4885-9e7f-ef5f2970a521,4f7512b2-6b9d-434f-807e-2fc43528691e,e0a0a797-1443-43a7-9574-d4d98ac11856,0.0,0.0,73.45,0.0,4,2026-10-09,0.9526,0.0,0.0,0.7,0.0,0.5531,HIGH
1d262205-f7d9-45c6-9c1b-5195972f4bd3,920ef48e-37f7-4885-9e7f-ef5f2970a521,97a16fda-9cba-4dc2-8770-0b5104c507d2,e0a0a797-1443-43a7-9574-d4d98ac11856,806.0,806.0,22.9,35.19,2,2026-11-12,0.0,0.0,0.0,0.0,1.0,0.15,LOW
ba5a16c1-a8af-4347-9d01-8338852bf42c,920ef48e-37f7-4885-9e7f-ef5f2970a521,e5b7da92-602a-4a8f-9b36-3acfc3414ba7,e0a0a797-1443-43a7-9574-d4d98ac11856,0.0,0.0,79.81,0.0,5,2026-10-09,0.9707,0.0,0.0,0.8,0.0,0.6027,HIGH
9be68b50-b970-46e8-9930-8f9dff73b0d1,920ef48e-37f7-4885-9e7f-ef5f2970a521,67f10774-4e14-4f09-90b6-00a732111449,e0a0a797-1443-43a7-9574-d4d98ac11856,0.0,0.0,58.94,0.0,6,2026-10-09,0.982,0.0,0.0,0.9,0.0,0.6505,HIGH
06af83ea-bc2a-4869-b2a0-7bfcf570779b,920ef48e-37f7-4885-9e7f-ef5f2970a521,ec00005f-8d61-4b61-825c-d8c696ae49aa,e0a0a797-1443-43a7-9574-d4d98ac11856,0.0,0.0,11.26,0.0,7,2026-10-09,0.989,0.0,0.0,1.0,0.0,0.6973,HIGH
aa5819d0-d4c4-42a9-a098-7f86487a8ca7,920ef48e-37f7-4885-9e7f-ef5f2970a521,bd5b3f87-5b53-4347-ac00-12fb9d5cd5a6,e0a0a797-1443-43a7-9574-d4d98ac11856,0.0,0.0,3.65,0.0,2,2026-10-09,0.8808,0.0,0.0,0.5,0.0,0.4452,MEDIUM
378b7dbb-611d-42d3-89c4-032d436d0579,920ef48e-37f7-4885-9e7f-ef5f2970a521,a7d4d675-bb94-424a-b6e4-1709b9e91e6d,e0a0a797-1443-43a7-9574-d4d98ac11856,0.0,0.0,47.55,0.0,8,2026-10-09,0.9933,0.0,0.0,1.0,1.0,0.8483,CRITICAL
d4f78b5a-5333-4837-9912-8dac83c03cc0,920ef48e-37f7-4885-9e7f-ef5f2970a521,419b95a7-17e5-4918-ad68-d58ee6b6e6f5,e0a0a797-1443-43a7-9574-d4d98ac11856,811.0,811.0,8.65,93.81,5,,0.0,0.0,0.0,0.0,1.0,0.15,LOW
cdcdbee2-f79a-4830-abe3-0d10fcb427df,920ef48e-37f7-4885-9e7f-ef5f2970a521,a197882a-31bc-40ba-be53-5a7c2f5930f7,e0a0a797-1443-43a7-9574-d4d98ac11856,1610.0,1610.0,85.58,18.81,7,2026-10-26,0.0073,0.0,0.0,0.0,1.0,0.1518,LOW
15f3e937-c612-4ecd-9542-6f25837d6c0a,920ef48e-37f7-4885-9e7f-ef5f2970a521,fda2f8a3-95ba-4f42-97f3-dbce57a916f1,e0a0a797-1443-43a7-9574-d4d98ac11856,88.0,0.0,78.32,1.12,6,2026-10-09,0.9689,88.0,1.0,0.7876,0.0,0.7467,HIGH
de1ae023-f312-4236-9598-ac5ae447ae7e,920ef48e-37f7-4885-9e7f-ef5f2970a521,220f964e-a351-4ad0-827e-502f5ded939c,e0a0a797-1443-43a7-9574-d4d98ac11856,0.0,0.0,15.1,0.0,9,2026-10-09,0.9959,0.0,0.0,1.0,0.0,0.699,HIGH
5ad0daa6-1d20-4543-89be-fcfc0af4e663,920ef48e-37f7-4885-9e7f-ef5f2970a521,c037d58f-eb63-482e-81f7-b1f739423cdf,e0a0a797-1443-43a7-9574-d4d98ac11856,1732.0,809.0,47.71,36.3,3,2026-11-13,0.0,923.0,0.5329,0.0,0.0,0.0799,LOW
9d216ca4-d299-462c-8bbe-ac007ec2fb34,920ef48e-37f7-4885-9e7f-ef5f2970a521,0d430ec5-4d86-4820-8a2c-9a0885280906,e0a0a797-1443-43a7-9574-d4d98ac11856,0.0,0.0,4.87,0.0,2,2026-10-09,0.8808,0.0,0.0,0.5,0.0,0.4452,MEDIUM
6e1f5844-00aa-4c68-91d9-77442f085441,920ef48e-37f7-4885-9e7f-ef5f2970a521,b699a59a-a0ec-49d9-b327-482e55347adf,e0a0a797-1443-43a7-9574-d4d98ac11856,2328.0,1694.0,72.19,32.25,5,2026-11-09,0.0,634.0,0.2723,0.0,0.0,0.0409,LOW
c0c3d3a0-69bd-48bb-b6e5-96454518caad,920ef48e-37f7-4885-9e7f-ef5f2970a521,c5533566-0e57-4058-9e8f-cc921a574da9,e0a0a797-1443-43a7-9574-d4d98ac11856,1799.0,1263.0,64.32,27.97,7,2026-11-04,0.0001,536.0,0.2979,0.0,0.0,0.0447,LOW
cd16bae3-83a3-4091-b86e-4128a962e97c,920ef48e-37f7-4885-9e7f-ef5f2970a521,8cb385ca-cfdc-404f-8298-512a7c8578b3,e0a0a797-1443-43a7-9574-d4d98ac11856,0.0,0.0,13.13,0.0,8,2026-10-09,0.9933,0.0,0.0,1.0,0.0,0.6983,HIGH
3a7908a2-a4ec-4120-b4e5-8e991d208831,920ef48e-37f7-4885-9e7f-ef5f2970a521,3b4f2db0-078e-4414-849b-1ba2782649be,e0a0a797-1443-43a7-9574-d4d98ac11856,0.0,0.0,21.16,0.0,8,2026-10-09,0.9933,0.0,0.0,1.0,1.0,0.8483,CRITICAL
2210d081-0fd5-4ec1-8224-16ce5b5e1736,920ef48e-37f7-4885-9e7f-ef5f2970a521,305d6d9c-7521-4f74-8c0d-0bf7d5af8dfd,e0a0a797-1443-43a7-9574-d4d98ac11856,0.0,0.0,7.9,0.0,9,2026-10-09,0.9959,0.0,0.0,1.0,0.0,0.699,HIGH
d6ff1dc0-dadb-4cfb-9038-aafcf59faff0,920ef48e-37f7-4885-9e7f-ef5f2970a521,7b6b643c-11d8-4a62-8cfe-a28f5fe4f2d6,e0a0a797-1443-43a7-9574-d4d98ac11856,0.0,0.0,40.68,0.0,3,2026-10-09,0.9241,0.0,0.0,0.6,0.0,0.501,MEDIUM
89c90d7f-1773-4143-b340-52859f700df8,920ef48e-37f7-4885-9e7f-ef5f2970a521,cbb4966e-7bea-4df2-82bc-5fcfe9617ff8,e0a0a797-1443-43a7-9574-d4d98ac11856,0.0,0.0,35.9,0.0,4,2026-10-09,0.9526,0.0,0.0,0.7,0.0,0.5531,HIGH
3bf57c9c-cfe1-400c-9d17-b1447ed04e7b,920ef48e-37f7-4885-9e7f-ef5f2970a521,ea61edd3-7fbd-4c08-b312-d866041879c2,e0a0a797-1443-43a7-9574-d4d98ac11856,0.0,0.0,13.26,0.0,3,2026-10-09,0.9241,0.0,0.0,0.6,1.0,0.651,HIGH
19d65f2b-4555-4c8f-b5dd-c296cac13444,920ef48e-37f7-4885-9e7f-ef5f2970a521,1941089d-b192-4af2-b696-484fa9286d80,e0a0a797-1443-43a7-9574-d4d98ac11856,0.0,0.0,11.13,0.0,8,2026-10-09,0.9933,0.0,0.0,1.0,0.0,0.6983,HIGH
87db4de2-5144-46f5-9f93-9c017e7bb7bb,920ef48e-37f7-4885-9e7f-ef5f2970a521,9c021848-0377-486f-a048-370334cce953,e0a0a797-1443-43a7-9574-d4d98ac11856,0.0,0.0,39.71,0.0,4,2026-10-09,0.9526,0.0,0.0,0.7,0.0,0.5531,HIGH
954566c6-70dd-4ee6-8aba-bf34da62ac00,920ef48e-37f7-4885-9e7f-ef5f2970a521,1b0a2521-7dda-4bed-8313-954689f28c33,e0a0a797-1443-43a7-9574-d4d98ac11856,689.0,689.0,18.58,37.08,7,2026-11-14,0.0,0.0,0.0,0.0,0.0,0.0,LOW
efd503fa-7b24-4352-9e81-177f35d2f478,920ef48e-37f7-4885-9e7f-ef5f2970a521,061b886b-98ed-480e-9810-63995f2f47ed,e0a0a797-1443-43a7-9574-d4d98ac11856,1303.0,1303.0,55.1,23.65,6,2026-10-31,0.0004,0.0,0.0,0.0,0.0,0.0001,LOW
a34032da-b8f6-4020-ae81-4de2b4c66ae3,920ef48e-37f7-4885-9e7f-ef5f2970a521,24db962d-9a6b-4de6-982b-b719e504efb9,e0a0a797-1443-43a7-9574-d4d98ac11856,943.0,943.0,80.13,11.77,5,2026-10-19,0.0844,0.0,0.0,0.0,0.0,0.0211,LOW
74350f49-d3de-476f-8732-88c3a3bf5ba9,920ef48e-37f7-4885-9e7f-ef5f2970a521,6cbb6f57-d6cb-41b0-aca5-9ea4e8c5be47,e0a0a797-1443-43a7-9574-d4d98ac11856,523.0,523.0,30.32,17.25,3,2026-10-25,0.0022,0.0,0.0,0.0,0.0,0.0005,LOW
9f4c0ecc-cfe1-47b8-a35c-0dc1b0bc37b5,920ef48e-37f7-4885-9e7f-ef5f2970a521,8e67a041-f702-4f16-b57b-c66dff30e18b,e0a0a797-1443-43a7-9574-d4d98ac11856,0.0,0.0,61.03,0.0,7,2026-10-09,0.989,0.0,0.0,1.0,0.0,0.6973,HIGH
52f59a06-1839-4467-b819-b789c01fed96,920ef48e-37f7-4885-9e7f-ef5f2970a521,2f7de1c2-cb62-4261-83f5-d8323f438333,e0a0a797-1443-43a7-9574-d4d98ac11856,0.0,0.0,44.26,0.0,4,2026-10-09,0.9526,0.0,0.0,0.7,0.0,0.5531,HIGH
9b9b67fa-8363-4e8a-a478-9449c04128d1,e9ce1e40-149e-4ce9-9fa9-805e7fe159fa,67f10774-4e14-4f09-90b6-00a732111449,ba4dbad1-709d-4bff-b2c9-9067588c433c,0.0,0.0,107.13,0.0,8,2026-10-09,0.9933,0.0,0.0,1.0,0.0,0.6983,HIGH
df337b48-f4a4-4725-b7d0-24dfcdff4b2b,e9ce1e40-149e-4ce9-9fa9-805e7fe159fa,7b6b643c-11d8-4a62-8cfe-a28f5fe4f2d6,ba4dbad1-709d-4bff-b2c9-9067588c433c,335.0,335.0,47.26,7.09,5,2026-10-15,0.4889,0.0,0.0,0.0911,0.0,0.1632,LOW
2a87f8f8-532b-4bab-97f0-7ec277c3ebbe,e9ce1e40-149e-4ce9-9fa9-805e7fe159fa,573f39b9-7855-4b4d-8a9e-14a5e9d8b2cd,ba4dbad1-709d-4bff-b2c9-9067588c433c,936.0,936.0,56.42,16.59,2,2026-10-24,0.0018,0.0,0.0,0.0,1.0,0.1505,LOW
30b5fb77-68c6-4ae2-9e92-cf7d6c7946fe,e9ce1e40-149e-4ce9-9fa9-805e7fe159fa,ceee2775-c68b-4199-9eb8-21746763c4ba,ba4dbad1-709d-4bff-b2c9-9067588c433c,0.0,0.0,27.0,0.0,9,2026-10-09,0.9959,0.0,0.0,1.0,0.0,0.699,HIGH
fb9f2eb4-391c-485a-9ae9-bea8865ca4e8,e9ce1e40-149e-4ce9-9fa9-805e7fe159fa,9d6f82ea-a6c1-4ee5-bd74-c517ba546a27,ba4dbad1-709d-4bff-b2c9-9067588c433c,0.0,0.0,102.32,0.0,6,2026-10-09,0.982,0.0,0.0,0.9,0.0,0.6505,HIGH
e2b9c62b-6551-421b-88b6-f6beecd12ca2,e9ce1e40-149e-4ce9-9fa9-805e7fe159fa,85b186aa-f3a1-45ba-8d0c-349f8a13c3d4,ba4dbad1-709d-4bff-b2c9-9067588c433c,845.0,845.0,23.97,35.26,2,2026-11-12,0.0,0.0,0.0,0.0,1.0,0.15,LOW
faca208d-828f-4d3a-bd66-d639d1fd297f,e9ce1e40-149e-4ce9-9fa9-805e7fe159fa,16d1b73f-8881-425f-82b2-7ab4974b08ef,ba4dbad1-709d-4bff-b2c9-9067588c433c,0.0,0.0,74.23,0.0,5,2026-10-09,0.9707,0.0,0.0,0.8,0.0,0.6027,HIGH
aa3ffb47-f126-4430-8d7f-3c5cc7b3ba21,e9ce1e40-149e-4ce9-9fa9-805e7fe159fa,9f081f26-ba8d-47d6-870e-ca0ca1cae51f,ba4dbad1-709d-4bff-b2c9-9067588c433c,0.0,0.0,45.65,0.0,8,2026-10-09,0.9933,0.0,0.0,1.0,1.0,0.8483,CRITICAL
7222b335-dbc2-4a04-bffc-09658fd789da,e9ce1e40-149e-4ce9-9fa9-805e7fe159fa,2cd10b6d-063e-4f55-a0b6-37edb93b63a6,ba4dbad1-709d-4bff-b2c9-9067588c433c,0.0,0.0,76.42,0.0,9,2026-10-09,0.9959,0.0,0.0,1.0,0.0,0.699,HIGH
f8a8ff93-00f2-4639-9be1-80ec443f0de3,e9ce1e40-149e-4ce9-9fa9-805e7fe159fa,ca8399a1-143e-4717-be95-7836c2f21dcb,ba4dbad1-709d-4bff-b2c9-9067588c433c,0.0,0.0,10.74,0.0,3,2026-10-09,0.9241,0.0,0.0,0.6,0.0,0.501,MEDIUM
0819d8d6-f85a-4b8a-ac1c-6ab4c9ebd779,e9ce1e40-149e-4ce9-9fa9-805e7fe159fa,bd5b3f87-5b53-4347-ac00-12fb9d5cd5a6,ba4dbad1-709d-4bff-b2c9-9067588c433c,987.0,987.0,5.94,166.29,5,,0.0,0.0,0.0,0.0,0.0,0.0,LOW
ecaa9f47-e3a4-43d0-94e8-26b0c666f53a,e9ce1e40-149e-4ce9-9fa9-805e7fe159fa,cbb4966e-7bea-4df2-82bc-5fcfe9617ff8,ba4dbad1-709d-4bff-b2c9-9067588c433c,0.0,0.0,27.13,0.0,4,2026-10-09,0.9526,0.0,0.0,0.7,0.0,0.5531,HIGH
e92caa3f-3c4f-4013-bdbd-bcdc7a3974e7,e9ce1e40-149e-4ce9-9fa9-805e7fe159fa,522740d6-f3db-4ac1-a547-6b62598fe57f,ba4dbad1-709d-4bff-b2c9-9067588c433c,548.0,548.0,88.29,6.21,7,2026-10-14,0.8016,0.0,0.0,0.3793,0.0,0.3711,MEDIUM
34a9176a-66dc-4d18-82d7-308ee953f7a6,e9ce1e40-149e-4ce9-9fa9-805e7fe159fa,3e8ecc15-190b-4bcd-a7fd-92ec541c75f4,ba4dbad1-709d-4bff-b2c9-9067588c433c,0.0,0.0,41.52,0.0,5,2026-10-09,0.9707,0.0,0.0,0.8,1.0,0.7527,CRITICAL
3a5f0f25-8076-4b8c-be02-cd09366ca50b,e9ce1e40-149e-4ce9-9fa9-805e7fe159fa,e5b7da92-602a-4a8f-9b36-3acfc3414ba7,ba4dbad1-709d-4bff-b2c9-9067588c433c,0.0,0.0,58.39,0.0,2,2026-10-09,0.8808,0.0,0.0,0.5,0.0,0.4452,MEDIUM
5303df0e-6411-4d7d-9199-339ab99ac266,e9ce1e40-149e-4ce9-9fa9-805e7fe159fa,24856ba7-ab81-4f22-985e-e30a3b9397cb,ba4dbad1-709d-4bff-b2c9-9067588c433c,0.0,0.0,27.87,0.0,9,2026-10-09,0.9959,0.0,0.0,1.0,0.0,0.699,HIGH
90703016-bb76-4904-872e-b9a51eb42904,e9ce1e40-149e-4ce9-9fa9-805e7fe159fa,a197882a-31bc-40ba-be53-5a7c2f5930f7,ba4dbad1-709d-4bff-b2c9-9067588c433c,1229.0,989.0,69.61,17.65,3,2026-10-25,0.0018,240.0,0.1953,0.0,1.0,0.1797,LOW
b3a12cf5-2d51-4f09-8436-e77b6ed07aa0,e9ce1e40-149e-4ce9-9fa9-805e7fe159fa,0c98fcbf-9121-467b-910d-10fcfbcd35b6,ba4dbad1-709d-4bff-b2c9-9067588c433c,861.0,861.0,62.55,13.77,6,2026-10-21,0.053,0.0,0.0,0.0,0.0,0.0133,LOW
d405ad8f-6c21-47c5-a548-0923d8c1c44a,e9ce1e40-149e-4ce9-9fa9-805e7fe159fa,0d430ec5-4d86-4820-8a2c-9a0885280906,ba4dbad1-709d-4bff-b2c9-9067588c433c,496.0,496.0,6.03,82.22,9,,0.0,0.0,0.0,0.0,0.0,0.0,LOW
43a2c499-ee1b-4151-85c6-e5020a48b8dd,e9ce1e40-149e-4ce9-9fa9-805e7fe159fa,99f2ef21-d83e-4cde-a73a-10b587a903a3,ba4dbad1-709d-4bff-b2c9-9067588c433c,687.0,687.0,40.71,16.88,7,2026-10-24,0.0191,0.0,0.0,0.0,0.0,0.0048,LOW
33e4a7b1-aa45-4351-85cf-9a8031b7716e,e9ce1e40-149e-4ce9-9fa9-805e7fe159fa,063be93d-6835-4b65-a8a1-c36e83278d83,ba4dbad1-709d-4bff-b2c9-9067588c433c,0.0,0.0,58.84,0.0,9,2026-10-09,0.9959,0.0,0.0,1.0,1.0,0.849,CRITICAL
a4407719-2631-4707-91cd-44d9bc197805,e9ce1e40-149e-4ce9-9fa9-805e7fe159fa,6cbb6f57-d6cb-41b0-aca5-9ea4e8c5be47,ba4dbad1-709d-4bff-b2c9-9067588c433c,0.0,0.0,22.29,0.0,9,2026-10-09,0.9959,0.0,0.0,1.0,0.0,0.699,HIGH
b9cea828-b790-4b3d-b98d-423a3004cd70,e9ce1e40-149e-4ce9-9fa9-805e7fe159fa,fda2f8a3-95ba-4f42-97f3-dbce57a916f1,ba4dbad1-709d-4bff-b2c9-9067588c433c,2535.0,2535.0,84.45,30.02,2,2026-11-07,0.0,0.0,0.0,0.0,0.0,0.0,LOW
307b0aa8-328a-4817-9ade-f26b3d633708,e9ce1e40-149e-4ce9-9fa9-805e7fe159fa,3e9b0bad-6728-4523-be87-a00adf0fff30,ba4dbad1-709d-4bff-b2c9-9067588c433c,718.0,718.0,28.42,25.26,2,2026-11-02,0.0,0.0,0.0,0.0,0.0,0.0,LOW
e8ea98e6-00fb-4131-9d7a-1942aa47cd99,e9ce1e40-149e-4ce9-9fa9-805e7fe159fa,6f12778d-43ca-4220-8b3b-11201ac91209,ba4dbad1-709d-4bff-b2c9-9067588c433c,1494.0,1494.0,45.58,32.78,2,2026-11-09,0.0,0.0,0.0,0.0,1.0,0.15,LOW
db8e0c1c-1a09-46e0-9e67-8a4e01bd1730,e9ce1e40-149e-4ce9-9fa9-805e7fe159fa,6989db76-adcc-4a3d-b3c0-61fb496a0f5d,ba4dbad1-709d-4bff-b2c9-9067588c433c,1311.0,610.0,59.03,22.21,6,2026-10-30,0.0008,701.0,0.5347,0.0,0.0,0.0804,LOW
4efa1786-46b9-4b96-9113-fc3817fdfdc2,e9ce1e40-149e-4ce9-9fa9-805e7fe159fa,43110ae2-2c0b-4654-936a-72afad56219d,ba4dbad1-709d-4bff-b2c9-9067588c433c,0.0,0.0,26.19,0.0,6,2026-10-09,0.982,0.0,0.0,0.9,0.0,0.6505,HIGH
bc873767-8f36-4ec7-b539-047e39f4ea31,e9ce1e40-149e-4ce9-9fa9-805e7fe159fa,b261960f-23be-4297-9c50-f27ceac7eedb,ba4dbad1-709d-4bff-b2c9-9067588c433c,306.0,121.0,43.61,7.02,8,2026-10-15,0.8164,185.0,0.6046,0.3984,0.0,0.474,MEDIUM
a7f4f37f-a3f9-44d5-80bb-3c2082fa1b7c,e9ce1e40-149e-4ce9-9fa9-805e7fe159fa,2c4e6d71-0152-4e82-9c16-bfc9c81ea55e,ba4dbad1-709d-4bff-b2c9-9067588c433c,665.0,0.0,31.16,21.34,9,2026-10-29,0.0057,665.0,1.0,0.0,0.0,0.1514,LOW
2542d495-45e2-4cdf-988e-340308f216e5,e9ce1e40-149e-4ce9-9fa9-805e7fe159fa,0df67422-0ffe-4855-b4b7-0f4e8676cbdb,ba4dbad1-709d-4bff-b2c9-9067588c433c,0.0,0.0,59.13,0.0,3,2026-10-09,0.9241,0.0,0.0,0.6,0.0,0.501,MEDIUM
e8a088c2-4410-4c8b-8bbd-a38481668c02,e9ce1e40-149e-4ce9-9fa9-805e7fe159fa,3e6ecca3-9ad1-49a9-ad9a-5509b28de79d,ba4dbad1-709d-4bff-b2c9-9067588c433c,0.0,0.0,87.32,0.0,3,2026-10-09,0.9241,0.0,0.0,0.6,0.0,0.501,MEDIUM
efe78787-9e14-4494-a90b-b1df10445c70,e9ce1e40-149e-4ce9-9fa9-805e7fe159fa,0a915249-7e9b-4a22-be4b-d5a6c9628e04,ba4dbad1-709d-4bff-b2c9-9067588c433c,1553.0,1553.0,60.97,25.47,2,2026-11-02,0.0,0.0,0.0,0.0,0.0,0.0,LOW
86ada897-7c20-41ef-bea5-f45cf8acdc7b,e9ce1e40-149e-4ce9-9fa9-805e7fe159fa,dee6b134-5f4e-4d83-8133-35e34f0b48e8,ba4dbad1-709d-4bff-b2c9-9067588c433c,549.0,549.0,46.65,11.77,8,2026-10-19,0.2922,0.0,0.0,0.0,0.0,0.073,LOW
f8c3eeb0-ab97-472f-9d75-9f83794afc46,e9ce1e40-149e-4ce9-9fa9-805e7fe159fa,cf8bc62c-4d72-4142-8ab6-03524280a750,ba4dbad1-709d-4bff-b2c9-9067588c433c,1178.0,1178.0,83.65,14.08,9,2026-10-22,0.1763,0.0,0.0,0.0,0.0,0.0441,LOW
6843e348-37ff-4964-82bc-8a1bfbb31491,e9ce1e40-149e-4ce9-9fa9-805e7fe159fa,d039d8bd-44d3-44fc-a49f-83d1987d0b48,ba4dbad1-709d-4bff-b2c9-9067588c433c,1083.0,1083.0,90.71,11.94,6,2026-10-19,0.1224,0.0,0.0,0.0,1.0,0.1806,LOW
49408307-d9a6-4da8-a9e5-4df651997ccb,e9ce1e40-149e-4ce9-9fa9-805e7fe159fa,ec00005f-8d61-4b61-825c-d8c696ae49aa,ba4dbad1-709d-4bff-b2c9-9067588c433c,0.0,0.0,20.39,0.0,6,2026-10-09,0.982,0.0,0.0,0.9,0.0,0.6505,HIGH
a883e818-121b-4e15-a532-96b130ae1020,e9ce1e40-149e-4ce9-9fa9-805e7fe159fa,be0b42c5-6bfe-48dc-8f33-e20d29d25a48,ba4dbad1-709d-4bff-b2c9-9067588c433c,217.0,0.0,101.39,2.14,5,2026-10-10,0.9191,217.0,1.0,0.586,0.0,0.6435,HIGH
49f1fc00-c645-44d4-81e9-7807e6472749,e9ce1e40-149e-4ce9-9fa9-805e7fe159fa,f00273a7-acae-43ae-a0b4-b85c0ed6d4d3,ba4dbad1-709d-4bff-b2c9-9067588c433c,0.0,0.0,81.29,0.0,4,2026-10-09,0.9526,0.0,0.0,0.7,0.0,0.5531,HIGH
f66719b1-410a-4f8f-b5c3-765c9aa05eef,e9ce1e40-149e-4ce9-9fa9-805e7fe159fa,fdd23e22-960c-4a44-af67-60d832b98217,ba4dbad1-709d-4bff-b2c9-9067588c433c,0.0,0.0,80.32,0.0,6,2026-10-09,0.982,0.0,0.0,0.9,0.0,0.6505,HIGH
4f8a0efa-552d-49f4-883c-5d64e11b2841,e9ce1e40-149e-4ce9-9fa9-805e7fe159fa,d6c64038-55ae-44a3-863b-be781e1a4649,ba4dbad1-709d-4bff-b2c9-9067588c433c,1195.0,1195.0,4.13,289.41,7,,0.0,0.0,0.0,0.0,0.0,0.0,LOW
37943685-4db5-4844-a281-1e02a48a72e6,e9ce1e40-149e-4ce9-9fa9-805e7fe159fa,b8b41174-e4bb-41e0-8dc8-fbdaf9d470ec,ba4dbad1-709d-4bff-b2c9-9067588c433c,1433.0,1433.0,31.97,44.83,4,2026-11-21,0.0,0.0,0.0,0.0,1.0,0.15,LOW
9bcf7598-3791-4063-8c41-c3d19bed9f23,e9ce1e40-149e-4ce9-9fa9-805e7fe159fa,378ef267-9155-41bc-a431-7c700c1731e3,ba4dbad1-709d-4bff-b2c9-9067588c433c,1980.0,1980.0,81.9,24.17,9,2026-11-01,0.0014,0.0,0.0,0.0,0.0,0.0003,LOW
cd733bfc-bba7-4284-afaf-bb1b08122dd1,e9ce1e40-149e-4ce9-9fa9-805e7fe159fa,ebb48eae-a1ef-4da9-8ae1-b2f70e717661,ba4dbad1-709d-4bff-b2c9-9067588c433c,0.0,0.0,72.61,0.0,8,2026-10-09,0.9933,0.0,0.0,1.0,0.0,0.6983,HIGH
8f268180-8a4c-4670-ac09-a9da8a414dac,e9ce1e40-149e-4ce9-9fa9-805e7fe159fa,ea61edd3-7fbd-4c08-b312-d866041879c2,ba4dbad1-709d-4bff-b2c9-9067588c433c,359.0,359.0,9.39,38.24,4,2026-11-15,0.0,0.0,0.0,0.0,1.0,0.15,LOW
285572ea-d661-40f1-a00b-d32991945ff4,e9ce1e40-149e-4ce9-9fa9-805e7fe159fa,c5533566-0e57-4058-9e8f-cc921a574da9,ba4dbad1-709d-4bff-b2c9-9067588c433c,937.0,937.0,44.74,20.94,9,2026-10-28,0.0069,0.0,0.0,0.0,0.0,0.0017,LOW
dd6ff114-a80a-47a7-90c7-5b2cfcd5ab29,e9ce1e40-149e-4ce9-9fa9-805e7fe159fa,fb695fdf-9397-485a-aa21-6d65c73c7b07,ba4dbad1-709d-4bff-b2c9-9067588c433c,861.0,861.0,114.42,7.52,9,2026-10-15,0.8504,0.0,0.0,0.4475,0.0,0.414,MEDIUM
36c310d0-3c21-45f0-8a62-9a579911c0c7,e9ce1e40-149e-4ce9-9fa9-805e7fe159fa,1640337f-9614-4c3f-bda8-20c0eb4c6bce,ba4dbad1-709d-4bff-b2c9-9067588c433c,0.0,0.0,56.58,0.0,3,2026-10-09,0.9241,0.0,0.0,0.6,0.0,0.501,MEDIUM
c0659a29-02fc-4f9e-8b0c-824b0a0a9e9f,e9ce1e40-149e-4ce9-9fa9-805e7fe159fa,a7d4d675-bb94-424a-b6e4-1709b9e91e6d,ba4dbad1-709d-4bff-b2c9-9067588c433c,930.0,930.0,42.71,21.77,8,2026-10-29,0.0028,0.0,0.0,0.0,1.0,0.1507,LOW
c1697d99-3348-41c1-9e5f-270edcd38bea,e9ce1e40-149e-4ce9-9fa9-805e7fe159fa,831a67ea-b75d-494e-8ba6-e91b1b1eae6e,ba4dbad1-709d-4bff-b2c9-9067588c433c,0.0,0.0,31.94,0.0,6,2026-10-09,0.982,0.0,0.0,0.9,0.0,0.6505,HIGH
82d66d4f-ffa8-412c-b465-b491daaf090c,e9ce1e40-149e-4ce9-9fa9-805e7fe159fa,061b886b-98ed-480e-9810-63995f2f47ed,ba4dbad1-709d-4bff-b2c9-9067588c433c,0.0,0.0,44.58,0.0,5,2026-10-09,0.9707,0.0,0.0,0.8,0.0,0.6027,HIGH
1931dab6-2b6f-4686-a292-ae8229bf7fc7,e9ce1e40-149e-4ce9-9fa9-805e7fe159fa,4f7512b2-6b9d-434f-807e-2fc43528691e,ba4dbad1-709d-4bff-b2c9-9067588c433c,0.0,0.0,85.71,0.0,3,2026-10-09,0.9241,0.0,0.0,0.6,0.0,0.501,MEDIUM
6ec8e4f6-d792-4a0d-9ebd-f350e885578a,e9ce1e40-149e-4ce9-9fa9-805e7fe159fa,2aceb2a6-c859-4f95-a238-9ad796b698fa,ba4dbad1-709d-4bff-b2c9-9067588c433c,0.0,0.0,51.0,0.0,7,2026-10-09,0.989,0.0,0.0,1.0,0.0,0.6973,HIGH
7745213e-83ca-4511-bd5c-0bf7a0d11096,e9ce1e40-149e-4ce9-9fa9-805e7fe159fa,01d77a5e-a466-4d48-b24b-31edb500e5fa,ba4dbad1-709d-4bff-b2c9-9067588c433c,0.0,0.0,50.71,0.0,7,2026-10-09,0.989,0.0,0.0,1.0,0.0,0.6973,HIGH
ff4835b8-6849-476b-b6dd-8f699b28e947,e9ce1e40-149e-4ce9-9fa9-805e7fe159fa,4bd504ed-a1c0-48c9-bff0-b66723a5f08d,ba4dbad1-709d-4bff-b2c9-9067588c433c,0.0,0.0,54.0,0.0,6,2026-10-09,0.982,0.0,0.0,0.9,0.0,0.6505,HIGH
daf5a782-aa1a-4004-81d3-595dedde4775,e9ce1e40-149e-4ce9-9fa9-805e7fe159fa,b3fa980f-96f4-474d-8999-454117e0d5d6,ba4dbad1-709d-4bff-b2c9-9067588c433c,466.0,466.0,41.74,11.16,3,2026-10-19,0.0439,0.0,0.0,0.0,0.0,0.011,LOW
65bd158f-1cf1-4455-b5e0-5e75aa2683da,e9ce1e40-149e-4ce9-9fa9-805e7fe159fa,d2219992-909f-48be-967e-2e3f1c3ddfa9,ba4dbad1-709d-4bff-b2c9-9067588c433c,365.0,365.0,11.32,32.24,5,2026-11-09,0.0,0.0,0.0,0.0,0.0,0.0,LOW
3018c8fb-02e2-40bd-9e86-50bf0bd49a0f,e9ce1e40-149e-4ce9-9fa9-805e7fe159fa,0eecbfea-7628-487c-b590-fece2c687e7a,ba4dbad1-709d-4bff-b2c9-9067588c433c,0.0,0.0,24.16,0.0,4,2026-10-09,0.9526,0.0,0.0,0.7,1.0,0.7031,HIGH
76c4262f-5ded-4332-94a9-09ea5221c301,e9ce1e40-149e-4ce9-9fa9-805e7fe159fa,305d6d9c-7521-4f74-8c0d-0bf7d5af8dfd,ba4dbad1-709d-4bff-b2c9-9067588c433c,0.0,0.0,4.84,0.0,2,2026-10-09,0.8808,0.0,0.0,0.5,0.0,0.4452,MEDIUM
97e08d01-c628-45eb-9ce0-116ed8d71a1c,e9ce1e40-149e-4ce9-9fa9-805e7fe159fa,2b376704-d06b-441d-a2bf-f0973873411c,ba4dbad1-709d-4bff-b2c9-9067588c433c,984.0,984.0,101.13,9.73,7,2026-10-17,0.4097,0.0,0.0,0.027,1.0,0.2646,LOW
d3c17a8b-a1f7-43a2-9992-acb92026f967,e9ce1e40-149e-4ce9-9fa9-805e7fe159fa,97a16fda-9cba-4dc2-8770-0b5104c507d2,ba4dbad1-709d-4bff-b2c9-9067588c433c,0.0,0.0,16.03,0.0,8,2026-10-09,0.9933,0.0,0.0,1.0,1.0,0.8483,CRITICAL
229beddb-0bf6-478b-9cc2-61311c945745,e9ce1e40-149e-4ce9-9fa9-805e7fe159fa,3e98e5ab-52e7-4056-8353-5ac655247948,ba4dbad1-709d-4bff-b2c9-9067588c433c,251.0,251.0,67.48,3.72,6,2026-10-11,0.8948,0.0,0.0,0.5281,0.0,0.4613,MEDIUM
ef56f71a-601d-496b-89f2-1dbe3fcef27d,e9ce1e40-149e-4ce9-9fa9-805e7fe159fa,33e37cdb-690b-4dd6-aa0b-3e189bf6bc51,ba4dbad1-709d-4bff-b2c9-9067588c433c,473.0,473.0,85.1,5.56,9,2026-10-13,0.9382,0.0,0.0,0.6442,0.0,0.5244,MEDIUM
25f8d298-1b88-4197-ba3e-83ad508add72,e9ce1e40-149e-4ce9-9fa9-805e7fe159fa,6b615b69-ae0e-4f1b-a6dc-2d69233addaa,ba4dbad1-709d-4bff-b2c9-9067588c433c,0.0,0.0,79.0,0.0,3,2026-10-09,0.9241,0.0,0.0,0.6,0.0,0.501,MEDIUM
df352614-942b-4c48-9328-3c4796cf69eb,e9ce1e40-149e-4ce9-9fa9-805e7fe159fa,a041cc1e-bb11-4e03-9969-5026c46ed837,ba4dbad1-709d-4bff-b2c9-9067588c433c,1220.0,1220.0,37.0,32.97,2,2026-11-09,0.0,0.0,0.0,0.0,0.0,0.0,LOW
c82a62aa-c23e-4d72-91fd-80c1fa4bd910,e9ce1e40-149e-4ce9-9fa9-805e7fe159fa,2c10bfc8-d106-4422-b38f-e414215c8def,ba4dbad1-709d-4bff-b2c9-9067588c433c,0.0,0.0,64.13,0.0,2,2026-10-09,0.8808,0.0,0.0,0.5,0.0,0.4452,MEDIUM
e12dddff-d020-4adc-87f7-d38c4b0a74ba,e9ce1e40-149e-4ce9-9fa9-805e7fe159fa,b3163dc0-3ac7-41cc-b4fc-244bcbe446ad,ba4dbad1-709d-4bff-b2c9-9067588c433c,212.0,212.0,32.81,6.46,3,2026-10-14,0.325,0.0,0.0,0.0,0.0,0.0812,LOW
503d5bc8-1900-4e68-a24b-1bfa7796efbd,e9ce1e40-149e-4ce9-9fa9-805e7fe159fa,1d534fd0-ecdb-47f7-8df1-911899944ac3,ba4dbad1-709d-4bff-b2c9-9067588c433c,0.0,0.0,28.55,0.0,8,2026-10-09,0.9933,0.0,0.0,1.0,0.0,0.6983,HIGH
e3f0fa5d-fc21-48fb-9489-6aa50c2e2dfe,e9ce1e40-149e-4ce9-9fa9-805e7fe159fa,1941089d-b192-4af2-b696-484fa9286d80,ba4dbad1-709d-4bff-b2c9-9067588c433c,0.0,0.0,11.1,0.0,9,2026-10-09,0.9959,0.0,0.0,1.0,0.0,0.699,HIGH
3a043de0-ee08-4666-b404-7384eca90cd9,e9ce1e40-149e-4ce9-9fa9-805e7fe159fa,70745aec-f24f-4b18-807e-6adb80d01ba0,ba4dbad1-709d-4bff-b2c9-9067588c433c,0.0,0.0,43.39,0.0,9,2026-10-09,0.9959,0.0,0.0,1.0,0.0,0.699,HIGH
a2569697-04f2-411f-8faa-d173b3cd7de9,e9ce1e40-149e-4ce9-9fa9-805e7fe159fa,220f964e-a351-4ad0-827e-502f5ded939c,ba4dbad1-709d-4bff-b2c9-9067588c433c,1191.0,1191.0,23.45,50.79,4,2026-11-27,0.0,0.0,0.0,0.0,0.0,0.0,LOW
37f8d12d-f950-4dcd-8e46-45fd60e75082,e9ce1e40-149e-4ce9-9fa9-805e7fe159fa,e3420e6d-9ba0-43de-991d-15b61159daa1,ba4dbad1-709d-4bff-b2c9-9067588c433c,1113.0,1113.0,9.39,118.57,8,,0.0,0.0,0.0,0.0,1.0,0.15,LOW
015c2f41-90a6-4211-b757-8d9d1fb44875,e9ce1e40-149e-4ce9-9fa9-805e7fe159fa,4fda6990-76da-4515-8f85-4b5ce64dd1ce,ba4dbad1-709d-4bff-b2c9-9067588c433c,0.0,0.0,100.19,0.0,6,2026-10-09,0.982,0.0,0.0,0.9,1.0,0.8005,CRITICAL
21670320-73d4-4a11-8a10-f6c9745856f3,e9ce1e40-149e-4ce9-9fa9-805e7fe159fa,f1b95f47-94a2-4979-a411-02444c727d3e,ba4dbad1-709d-4bff-b2c9-9067588c433c,0.0,0.0,61.68,0.0,8,2026-10-09,0.9933,0.0,0.0,1.0,0.0,0.6983,HIGH
2f4001e6-0ee1-4940-a538-d3eb8f4af2df,e9ce1e40-149e-4ce9-9fa9-805e7fe159fa,3a19d3ca-1898-4db4-b347-55af1376c897,ba4dbad1-709d-4bff-b2c9-9067588c433c,0.0,0.0,47.71,0.0,4,2026-10-09,0.9526,0.0,0.0,0.7,0.0,0.5531,HIGH
9afa5438-eb6f-4bd9-a4b4-cbe63517c057,e9ce1e40-149e-4ce9-9fa9-805e7fe159fa,24d1b68c-2a5b-464e-bb4e-c1071b3b4f3d,ba4dbad1-709d-4bff-b2c9-9067588c433c,0.0,0.0,13.94,0.0,7,2026-10-09,0.989,0.0,0.0,1.0,0.0,0.6973,HIGH
87a49596-6c79-45b5-83a7-d23b350d3d09,e3bbe120-0a9b-4cd8-b137-17f5c377e253,3e8ecc15-190b-4bcd-a7fd-92ec541c75f4,b35df925-ba9e-4c1f-ae30-b292ad2c55bb,614.0,614.0,28.58,21.48,7,2026-10-29,0.0019,0.0,0.0,0.0,1.0,0.1505,LOW
5ff00cca-2427-4690-b391-701002650476,e3bbe120-0a9b-4cd8-b137-17f5c377e253,ea61edd3-7fbd-4c08-b312-d866041879c2,b35df925-ba9e-4c1f-ae30-b292ad2c55bb,1922.0,1922.0,7.81,246.21,6,,0.0,0.0,0.0,0.0,1.0,0.15,LOW
1bc68e3a-577d-47b4-9556-60ca9adb9075,e3bbe120-0a9b-4cd8-b137-17f5c377e253,58bf12e5-ee8a-4194-a34c-aa820079144d,b35df925-ba9e-4c1f-ae30-b292ad2c55bb,0.0,0.0,37.84,0.0,7,2026-10-09,0.989,0.0,0.0,1.0,0.0,0.6973,HIGH
74252832-cc0a-4a2e-a60f-fc725894d0c4,e3bbe120-0a9b-4cd8-b137-17f5c377e253,8cb385ca-cfdc-404f-8298-512a7c8578b3,b35df925-ba9e-4c1f-ae30-b292ad2c55bb,1590.0,1590.0,14.03,113.31,2,,0.0,0.0,0.0,0.0,0.0,0.0,LOW
e179f988-ab95-46ee-888c-e4914a1980b4,e3bbe120-0a9b-4cd8-b137-17f5c377e253,8e67a041-f702-4f16-b57b-c66dff30e18b,b35df925-ba9e-4c1f-ae30-b292ad2c55bb,0.0,0.0,50.71,0.0,3,2026-10-09,0.9241,0.0,0.0,0.6,0.0,0.501,MEDIUM
3bc9e991-4d2e-4797-a61e-b2fd0f7d7c74,e3bbe120-0a9b-4cd8-b137-17f5c377e253,24db962d-9a6b-4de6-982b-b719e504efb9,b35df925-ba9e-4c1f-ae30-b292ad2c55bb,0.0,0.0,50.65,0.0,6,2026-10-09,0.982,0.0,0.0,0.9,0.0,0.6505,HIGH
5f760915-26a7-4c78-bfb9-1ec7f020988e,e3bbe120-0a9b-4cd8-b137-17f5c377e253,3e6ecca3-9ad1-49a9-ad9a-5509b28de79d,b35df925-ba9e-4c1f-ae30-b292ad2c55bb,0.0,0.0,61.13,0.0,4,2026-10-09,0.9526,0.0,0.0,0.7,0.0,0.5531,HIGH
dd0d5840-960b-4380-8788-98f0a2ec54ac,e3bbe120-0a9b-4cd8-b137-17f5c377e253,9c06c388-c751-407e-9c97-3b46b1db5e7c,b35df925-ba9e-4c1f-ae30-b292ad2c55bb,540.0,540.0,27.97,19.31,4,2026-10-27,0.0013,0.0,0.0,0.0,0.0,0.0003,LOW
f312af3f-008f-4dfc-8755-1977f512cc52,e3bbe120-0a9b-4cd8-b137-17f5c377e253,419b95a7-17e5-4918-ad68-d58ee6b6e6f5,b35df925-ba9e-4c1f-ae30-b292ad2c55bb,1426.0,1426.0,6.71,212.53,9,,0.0,0.0,0.0,0.0,1.0,0.15,LOW
d54f69f5-62d1-4483-8933-d6f0abed165a,e3bbe120-0a9b-4cd8-b137-17f5c377e253,d6c64038-55ae-44a3-863b-be781e1a4649,b35df925-ba9e-4c1f-ae30-b292ad2c55bb,0.0,0.0,4.1,0.0,7,2026-10-09,0.989,0.0,0.0,1.0,0.0,0.6973,HIGH
751a6a89-b8c3-4859-94b5-66595fadc69e,e3bbe120-0a9b-4cd8-b137-17f5c377e253,1640337f-9614-4c3f-bda8-20c0eb4c6bce,b35df925-ba9e-4c1f-ae30-b292ad2c55bb,0.0,0.0,67.65,0.0,8,2026-10-09,0.9933,0.0,0.0,1.0,0.0,0.6983,HIGH
caf25f6d-1e5a-4788-8e0b-926c07595606,e3bbe120-0a9b-4cd8-b137-17f5c377e253,01d77a5e-a466-4d48-b24b-31edb500e5fa,b35df925-ba9e-4c1f-ae30-b292ad2c55bb,0.0,0.0,60.03,0.0,3,2026-10-09,0.9241,0.0,0.0,0.6,0.0,0.501,MEDIUM
bae2e3c7-3eb2-452e-9571-b35726d70423,e3bbe120-0a9b-4cd8-b137-17f5c377e253,a041cc1e-bb11-4e03-9969-5026c46ed837,b35df925-ba9e-4c1f-ae30-b292ad2c55bb,0.0,0.0,38.97,0.0,3,2026-10-09,0.9241,0.0,0.0,0.6,0.0,0.501,MEDIUM
377dba72-b5fa-4793-b0db-fbbbb47c7199,e3bbe120-0a9b-4cd8-b137-17f5c377e253,cf8bc62c-4d72-4142-8ab6-03524280a750,b35df925-ba9e-4c1f-ae30-b292ad2c55bb,0.0,0.0,116.84,0.0,4,2026-10-09,0.9526,0.0,0.0,0.7,0.0,0.5531,HIGH
6ac1e757-af3f-4217-8909-11edb708042c,e3bbe120-0a9b-4cd8-b137-17f5c377e253,b699a59a-a0ec-49d9-b327-482e55347adf,b35df925-ba9e-4c1f-ae30-b292ad2c55bb,272.0,0.0,66.61,4.08,7,2026-10-12,0.9212,272.0,1.0,0.5917,0.0,0.6465,HIGH
3db10199-5988-4d71-96a9-3a009475346e,e3bbe120-0a9b-4cd8-b137-17f5c377e253,9c021848-0377-486f-a048-370334cce953,b35df925-ba9e-4c1f-ae30-b292ad2c55bb,710.0,710.0,69.87,10.16,9,2026-10-18,0.6033,0.0,0.0,0.1838,0.0,0.2336,LOW
569a3190-2837-48f2-891c-8127eea76b01,e3bbe120-0a9b-4cd8-b137-17f5c377e253,0073cc32-e309-402c-96aa-1fb03de469f1,b35df925-ba9e-4c1f-ae30-b292ad2c55bb,355.0,0.0,27.29,13.01,8,2026-10-21,0.1818,355.0,1.0,0.0,0.0,0.1955,LOW
a5224c18-d7d5-4f4c-bacf-4b296accb63b,e3bbe120-0a9b-4cd8-b137-17f5c377e253,43110ae2-2c0b-4654-936a-72afad56219d,b35df925-ba9e-4c1f-ae30-b292ad2c55bb,0.0,0.0,21.58,0.0,3,2026-10-09,0.9241,0.0,0.0,0.6,0.0,0.501,MEDIUM
4328cd63-2b56-4dee-a973-7aad4af4ab1f,e3bbe120-0a9b-4cd8-b137-17f5c377e253,67f10774-4e14-4f09-90b6-00a732111449,b35df925-ba9e-4c1f-ae30-b292ad2c55bb,0.0,0.0,73.58,0.0,4,2026-10-09,0.9526,0.0,0.0,0.7,0.0,0.5531,HIGH
bd9dd4c0-0fe8-4895-b07a-d3155bd5d9d6,e3bbe120-0a9b-4cd8-b137-17f5c377e253,d2219992-909f-48be-967e-2e3f1c3ddfa9,b35df925-ba9e-4c1f-ae30-b292ad2c55bb,0.0,0.0,12.32,0.0,9,2026-10-09,0.9959,0.0,0.0,1.0,0.0,0.699,HIGH
8d8019eb-4375-4481-b3ee-469d4f715481,e3bbe120-0a9b-4cd8-b137-17f5c377e253,33e37cdb-690b-4dd6-aa0b-3e189bf6bc51,b35df925-ba9e-4c1f-ae30-b292ad2c55bb,2607.0,2607.0,51.03,51.09,5,2026-11-28,0.0,0.0,0.0,0.0,0.0,0.0,LOW
2f6a698e-cec5-452d-92cc-4fe946191c6e,e3bbe120-0a9b-4cd8-b137-17f5c377e253,1d534fd0-ecdb-47f7-8df1-911899944ac3,b35df925-ba9e-4c1f-ae30-b292ad2c55bb,0.0,0.0,16.0,0.0,6,2026-10-09,0.982,0.0,0.0,0.9,0.0,0.6505,HIGH
8b71b070-62a0-4031-81be-f554b607badc,e3bbe120-0a9b-4cd8-b137-17f5c377e253,ebb48eae-a1ef-4da9-8ae1-b2f70e717661,b35df925-ba9e-4c1f-ae30-b292ad2c55bb,1812.0,1812.0,51.42,35.24,4,2026-11-12,0.0,0.0,0.0,0.0,0.0,0.0,LOW
e0c12309-8498-4413-89b9-881f76207c1b,e3bbe120-0a9b-4cd8-b137-17f5c377e253,be0b42c5-6bfe-48dc-8f33-e20d29d25a48,b35df925-ba9e-4c1f-ae30-b292ad2c55bb,0.0,0.0,76.55,0.0,3,2026-10-09,0.9241,0.0,0.0,0.6,0.0,0.501,MEDIUM
e72f174a-0cc0-4358-96fc-2d291840cdcf,e3bbe120-0a9b-4cd8-b137-17f5c377e253,522740d6-f3db-4ac1-a547-6b62598fe57f,b35df925-ba9e-4c1f-ae30-b292ad2c55bb,0.0,0.0,86.77,0.0,5,2026-10-09,0.9707,0.0,0.0,0.8,0.0,0.6027,HIGH
9b0931bb-1671-4e11-8cea-b15a9a49083f,e3bbe120-0a9b-4cd8-b137-17f5c377e253,3e98e5ab-52e7-4056-8353-5ac655247948,b35df925-ba9e-4c1f-ae30-b292ad2c55bb,270.0,270.0,50.32,5.37,3,2026-10-13,0.4545,0.0,0.0,0.0635,0.0,0.1422,LOW
f5190f2b-2e74-43bf-bd3a-4fa027d9e070,e3bbe120-0a9b-4cd8-b137-17f5c377e253,2b376704-d06b-441d-a2bf-f0973873411c,b35df925-ba9e-4c1f-ae30-b292ad2c55bb,1464.0,1464.0,91.32,16.03,5,2026-10-24,0.0108,0.0,0.0,0.0,1.0,0.1527,LOW
4d825d21-414a-40df-af35-0ffa04bcce40,e3bbe120-0a9b-4cd8-b137-17f5c377e253,2c10bfc8-d106-4422-b38f-e414215c8def,b35df925-ba9e-4c1f-ae30-b292ad2c55bb,980.0,270.0,63.71,15.38,4,2026-10-23,0.0091,710.0,0.7245,0.0,0.0,0.1109,LOW
14ffa4c9-ac46-498d-84b0-cbb5671c5b0c,e3bbe120-0a9b-4cd8-b137-17f5c377e253,573f39b9-7855-4b4d-8a9e-14a5e9d8b2cd,b35df925-ba9e-4c1f-ae30-b292ad2c55bb,63.0,63.0,48.35,1.3,6,2026-10-09,0.9661,0.0,0.0,0.7697,1.0,0.7379,HIGH
465145ec-e256-4269-9919-bf069931df54,e3bbe120-0a9b-4cd8-b137-17f5c377e253,1b0a2521-7dda-4bed-8313-954689f28c33,b35df925-ba9e-4c1f-ae30-b292ad2c55bb,0.0,0.0,11.23,0.0,4,2026-10-09,0.9526,0.0,0.0,0.7,0.0,0.5531,HIGH
15ccfa5e-b4eb-4e32-81b1-2e1520d762f6,e3bbe120-0a9b-4cd8-b137-17f5c377e253,e3420e6d-9ba0-43de-991d-15b61159daa1,b35df925-ba9e-4c1f-ae30-b292ad2c55bb,0.0,0.0,11.32,0.0,8,2026-10-09,0.9933,0.0,0.0,1.0,1.0,0.8483,CRITICAL
6235f805-e0c2-41fa-a61d-bbb70bac82d2,e3bbe120-0a9b-4cd8-b137-17f5c377e253,3b4f2db0-078e-4414-849b-1ba2782649be,b35df925-ba9e-4c1f-ae30-b292ad2c55bb,0.0,0.0,27.03,0.0,7,2026-10-09,0.989,0.0,0.0,1.0,1.0,0.8473,CRITICAL
fbe3ba1a-d64e-450c-ab8a-db37df8b82fc,e3bbe120-0a9b-4cd8-b137-17f5c377e253,13cd9912-56bb-4721-abb1-986f20a370cb,b35df925-ba9e-4c1f-ae30-b292ad2c55bb,1197.0,1197.0,81.55,14.68,4,2026-10-22,0.0129,0.0,0.0,0.0,0.0,0.0032,LOW
1cc547cd-8354-44a4-8df4-9782bd1f5a61,e3bbe120-0a9b-4cd8-b137-17f5c377e253,061b886b-98ed-480e-9810-63995f2f47ed,b35df925-ba9e-4c1f-ae30-b292ad2c55bb,1460.0,1460.0,38.1,38.32,8,2026-11-15,0.0,0.0,0.0,0.0,0.0,0.0,LOW
e9839d35-a28f-4d36-92b4-55d3e5354e9a,e3bbe120-0a9b-4cd8-b137-17f5c377e253,063be93d-6835-4b65-a8a1-c36e83278d83,b35df925-ba9e-4c1f-ae30-b292ad2c55bb,0.0,0.0,69.84,0.0,6,2026-10-09,0.982,0.0,0.0,0.9,1.0,0.8005,CRITICAL
36bd5fa6-e703-4490-b29b-d46f260ecfcb,e3bbe120-0a9b-4cd8-b137-17f5c377e253,b1b122eb-1ba2-4148-b9ac-5d21b2adf647,b35df925-ba9e-4c1f-ae30-b292ad2c55bb,0.0,0.0,57.45,0.0,4,2026-10-09,0.9526,0.0,0.0,0.7,0.0,0.5531,HIGH
3e405c73-b91b-45cd-ae85-9973c222f780,e3bbe120-0a9b-4cd8-b137-17f5c377e253,8e15b3a9-915f-4bf0-84c7-182f335e062c,b35df925-ba9e-4c1f-ae30-b292ad2c55bb,298.0,298.0,25.29,11.78,9,2026-10-19,0.4033,0.0,0.0,0.0217,0.0,0.1106,LOW
00f740cb-bc87-4cd8-89c1-fb6b6bcf0962,e3bbe120-0a9b-4cd8-b137-17f5c377e253,67ae158e-8140-49ce-b874-0acf92a800c2,b35df925-ba9e-4c1f-ae30-b292ad2c55bb,964.0,964.0,6.61,145.78,7,,0.0,0.0,0.0,0.0,0.0,0.0,LOW
c1939be0-e9b1-41f8-ba1b-123ec3a440bb,e3bbe120-0a9b-4cd8-b137-17f5c377e253,4f7512b2-6b9d-434f-807e-2fc43528691e,b35df925-ba9e-4c1f-ae30-b292ad2c55bb,1265.0,1265.0,56.55,22.37,5,2026-10-30,0.0005,0.0,0.0,0.0,0.0,0.0001,LOW
de79f9ef-0e4e-4eb5-b5cf-2727106623ff,e3bbe120-0a9b-4cd8-b137-17f5c377e253,6f12778d-43ca-4220-8b3b-11201ac91209,b35df925-ba9e-4c1f-ae30-b292ad2c55bb,2278.0,2278.0,62.9,36.21,7,2026-11-13,0.0,0.0,0.0,0.0,1.0,0.15,LOW
15ef2a0a-19a4-4009-87a3-8e06bc4e74c8,e3bbe120-0a9b-4cd8-b137-17f5c377e253,0c98fcbf-9121-467b-910d-10fcfbcd35b6,b35df925-ba9e-4c1f-ae30-b292ad2c55bb,692.0,692.0,44.29,15.62,3,2026-10-23,0.0049,0.0,0.0,0.0,0.0,0.0012,LOW
802c9d23-2ea9-417d-bcd8-3b1f5ffb5199,e3bbe120-0a9b-4cd8-b137-17f5c377e253,b3fa980f-96f4-474d-8999-454117e0d5d6,b35df925-ba9e-4c1f-ae30-b292ad2c55bb,982.0,982.0,36.61,26.82,2,2026-11-03,0.0,0.0,0.0,0.0,0.0,0.0,LOW
dd4af3ec-3848-4e75-8b2d-ed9cb3b29ff0,e3bbe120-0a9b-4cd8-b137-17f5c377e253,24bad869-7045-4954-b58f-10edc0407e69,b35df925-ba9e-4c1f-ae30-b292ad2c55bb,0.0,0.0,39.68,0.0,5,2026-10-09,0.9707,0.0,0.0,0.8,0.0,0.6027,HIGH
62d19c5a-cb82-426e-8f5f-06ed6c41af0b,e3bbe120-0a9b-4cd8-b137-17f5c377e253,7b6b643c-11d8-4a62-8cfe-a28f5fe4f2d6,b35df925-ba9e-4c1f-ae30-b292ad2c55bb,176.0,176.0,42.65,4.13,7,2026-10-12,0.9196,0.0,0.0,0.5873,0.0,0.4942,MEDIUM
b05c0b3a-5da2-4ec5-a967-1f7c3c20fea6,e3bbe120-0a9b-4cd8-b137-17f5c377e253,2aceb2a6-c859-4f95-a238-9ad796b698fa,b35df925-ba9e-4c1f-ae30-b292ad2c55bb,1476.0,1476.0,38.97,37.88,6,2026-11-14,0.0,0.0,0.0,0.0,0.0,0.0,LOW
fbd225c8-03ce-4f19-9989-2905ceecb6f8,e3bbe120-0a9b-4cd8-b137-17f5c377e253,fdd23e22-960c-4a44-af67-60d832b98217,b35df925-ba9e-4c1f-ae30-b292ad2c55bb,0.0,0.0,82.81,0.0,8,2026-10-09,0.9933,0.0,0.0,1.0,0.0,0.6983,HIGH
7b082627-2761-4642-ac34-cb971a969a48,e3bbe120-0a9b-4cd8-b137-17f5c377e253,c2b13e9e-9865-4a6b-ba11-417dbd416417,b35df925-ba9e-4c1f-ae30-b292ad2c55bb,1513.0,1513.0,22.52,67.2,3,,0.0,0.0,0.0,0.0,0.0,0.0,LOW
faf61c13-af3e-48c2-a63f-13d650b99759,e3bbe120-0a9b-4cd8-b137-17f5c377e253,6b615b69-ae0e-4f1b-a6dc-2d69233addaa,b35df925-ba9e-4c1f-ae30-b292ad2c55bb,0.0,0.0,84.03,0.0,4,2026-10-09,0.9526,0.0,0.0,0.7,0.0,0.5531,HIGH
5ae51a10-7688-4007-8876-2bff65e64278,e3bbe120-0a9b-4cd8-b137-17f5c377e253,27bdd8c0-778d-42ea-ae25-964ce81e391d,b35df925-ba9e-4c1f-ae30-b292ad2c55bb,669.0,669.0,97.61,6.85,3,2026-10-14,0.2836,0.0,0.0,0.0,1.0,0.2209,LOW
cc231f0c-ed83-400c-a7f4-43c8b80f3aba,e3bbe120-0a9b-4cd8-b137-17f5c377e253,f1b95f47-94a2-4979-a411-02444c727d3e,b35df925-ba9e-4c1f-ae30-b292ad2c55bb,0.0,0.0,61.06,0.0,2,2026-10-09,0.8808,0.0,0.0,0.5,0.0,0.4452,MEDIUM
5138d812-f320-4802-8c63-4f9fbc4efc70,e3bbe120-0a9b-4cd8-b137-17f5c377e253,85b186aa-f3a1-45ba-8d0c-349f8a13c3d4,b35df925-ba9e-4c1f-ae30-b292ad2c55bb,0.0,0.0,12.23,0.0,5,2026-10-09,0.9707,0.0,0.0,0.8,1.0,0.7527,CRITICAL
73b14c17-b4b1-4632-af5c-f4bde286ef4e,e3bbe120-0a9b-4cd8-b137-17f5c377e253,2cd10b6d-063e-4f55-a0b6-37edb93b63a6,b35df925-ba9e-4c1f-ae30-b292ad2c55bb,503.0,503.0,62.0,8.11,2,2026-10-16,0.1134,0.0,0.0,0.0,0.0,0.0284,LOW
67e54a45-a7d0-470b-a078-305699b3e33c,e3bbe120-0a9b-4cd8-b137-17f5c377e253,b261960f-23be-4297-9c50-f27ceac7eedb,b35df925-ba9e-4c1f-ae30-b292ad2c55bb,0.0,0.0,35.55,0.0,6,2026-10-09,0.982,0.0,0.0,0.9,0.0,0.6505,HIGH
31e17d0a-0b15-4b8f-89a8-c710f1524480,e3bbe120-0a9b-4cd8-b137-17f5c377e253,a197882a-31bc-40ba-be53-5a7c2f5930f7,b35df925-ba9e-4c1f-ae30-b292ad2c55bb,0.0,0.0,69.29,0.0,6,2026-10-09,0.982,0.0,0.0,0.9,1.0,0.8005,CRITICAL
c26e7e09-ff1d-4310-83a1-93dcd2576d85,e3bbe120-0a9b-4cd8-b137-17f5c377e253,70745aec-f24f-4b18-807e-6adb80d01ba0,b35df925-ba9e-4c1f-ae30-b292ad2c55bb,0.0,0.0,41.03,0.0,8,2026-10-09,0.9933,0.0,0.0,1.0,0.0,0.6983,HIGH
516981de-70d5-423d-a66b-041a74766f89,e3bbe120-0a9b-4cd8-b137-17f5c377e253,c51619a8-ba83-483f-9b52-064f926d96a2,b35df925-ba9e-4c1f-ae30-b292ad2c55bb,859.0,0.0,80.61,10.66,9,2026-10-18,0.5429,859.0,1.0,0.1344,0.0,0.3462,MEDIUM
1143fb6d-8cab-44f7-8248-7e5ce5528434,e3bbe120-0a9b-4cd8-b137-17f5c377e253,f00273a7-acae-43ae-a0b4-b85c0ed6d4d3,b35df925-ba9e-4c1f-ae30-b292ad2c55bb,0.0,0.0,63.74,0.0,5,2026-10-09,0.9707,0.0,0.0,0.8,0.0,0.6027,HIGH
0647ce69-120a-4622-b0fc-c50b8509851b,e3bbe120-0a9b-4cd8-b137-17f5c377e253,378ef267-9155-41bc-a431-7c700c1731e3,b35df925-ba9e-4c1f-ae30-b292ad2c55bb,0.0,0.0,105.1,0.0,6,2026-10-09,0.982,0.0,0.0,0.9,0.0,0.6505,HIGH
41e74fca-02ce-4be9-bc4e-e5003c72c1fa,e3bbe120-0a9b-4cd8-b137-17f5c377e253,9d6f82ea-a6c1-4ee5-bd74-c517ba546a27,b35df925-ba9e-4c1f-ae30-b292ad2c55bb,0.0,0.0,66.65,0.0,4,2026-10-09,0.9526,0.0,0.0,0.7,0.0,0.5531,HIGH
ec4d05cb-b05a-403e-89d1-4547915847c6,e3bbe120-0a9b-4cd8-b137-17f5c377e253,220f964e-a351-4ad0-827e-502f5ded939c,b35df925-ba9e-4c1f-ae30-b292ad2c55bb,735.0,735.0,26.42,27.82,3,2026-11-04,0.0,0.0,0.0,0.0,0.0,0.0,LOW
39b24764-fc23-4ed1-ad6e-b29cfa9051a0,e3bbe120-0a9b-4cd8-b137-17f5c377e253,0eecbfea-7628-487c-b590-fece2c687e7a,b35df925-ba9e-4c1f-ae30-b292ad2c55bb,44.0,44.0,23.45,1.88,4,2026-10-09,0.8871,0.0,0.0,0.5124,1.0,0.6024,HIGH
ce6d15fb-4796-47b1-a549-f64590a4e35d,e3bbe120-0a9b-4cd8-b137-17f5c377e253,ceee2775-c68b-4199-9eb8-21746763c4ba,b35df925-ba9e-4c1f-ae30-b292ad2c55bb,670.0,670.0,20.84,32.15,8,2026-11-09,0.0,0.0,0.0,0.0,0.0,0.0,LOW
d207b3d9-9e79-4ad7-99ca-45d4a6df359a,e3bbe120-0a9b-4cd8-b137-17f5c377e253,ca8399a1-143e-4717-be95-7836c2f21dcb,b35df925-ba9e-4c1f-ae30-b292ad2c55bb,0.0,0.0,9.55,0.0,7,2026-10-09,0.989,0.0,0.0,1.0,0.0,0.6973,HIGH
2b475cbc-8655-4081-8a76-e66fbb40d2cf,e3bbe120-0a9b-4cd8-b137-17f5c377e253,4bd504ed-a1c0-48c9-bff0-b66723a5f08d,b35df925-ba9e-4c1f-ae30-b292ad2c55bb,2584.0,2584.0,70.26,36.78,9,2026-11-13,0.0,0.0,0.0,0.0,0.0,0.0,LOW
17e087f4-8db3-4c68-9715-5321e47889fb,e3bbe120-0a9b-4cd8-b137-17f5c377e253,f6dc8117-e75f-4920-a0cf-04c7bafc7542,b35df925-ba9e-4c1f-ae30-b292ad2c55bb,1279.0,1279.0,113.26,11.29,3,2026-10-19,0.0412,0.0,0.0,0.0,1.0,0.1603,LOW
bff4848f-1c63-4351-814c-2f04746c785b,e3bbe120-0a9b-4cd8-b137-17f5c377e253,a88fd15f-1bbb-4271-941e-899867a89583,b35df925-ba9e-4c1f-ae30-b292ad2c55bb,637.0,0.0,70.68,9.01,9,2026-10-17,0.7298,637.0,1.0,0.2987,1.0,0.6169,HIGH
c8bd963b-78f1-4334-a71e-2f979949b688,e3bbe120-0a9b-4cd8-b137-17f5c377e253,99f2ef21-d83e-4cde-a73a-10b587a903a3,b35df925-ba9e-4c1f-ae30-b292ad2c55bb,233.0,233.0,44.26,5.26,7,2026-10-13,0.8662,0.0,0.0,0.4735,0.0,0.4296,MEDIUM
91063cc3-be19-4ac0-ac13-0da5cca83655,e3bbe120-0a9b-4cd8-b137-17f5c377e253,4fda6990-76da-4515-8f85-4b5ce64dd1ce,b35df925-ba9e-4c1f-ae30-b292ad2c55bb,305.0,0.0,108.61,2.81,3,2026-10-10,0.7495,305.0,1.0,0.3192,1.0,0.631,HIGH
dddd3cfd-5ac3-452f-876b-717af16ed179,e3bbe120-0a9b-4cd8-b137-17f5c377e253,16d1b73f-8881-425f-82b2-7ab4974b08ef,b35df925-ba9e-4c1f-ae30-b292ad2c55bb,0.0,0.0,73.35,0.0,5,2026-10-09,0.9707,0.0,0.0,0.8,0.0,0.6027,HIGH
2f7da304-310c-400e-a72f-4c691bf9591c,e3bbe120-0a9b-4cd8-b137-17f5c377e253,97a16fda-9cba-4dc2-8770-0b5104c507d2,b35df925-ba9e-4c1f-ae30-b292ad2c55bb,0.0,0.0,23.16,0.0,7,2026-10-09,0.989,0.0,0.0,1.0,1.0,0.8473,CRITICAL
5b36cb69-31bd-4d50-83b4-3a707fa40b72,e3bbe120-0a9b-4cd8-b137-17f5c377e253,24856ba7-ab81-4f22-985e-e30a3b9397cb,b35df925-ba9e-4c1f-ae30-b292ad2c55bb,0.0,0.0,40.32,0.0,9,2026-10-09,0.9959,0.0,0.0,1.0,0.0,0.699,HIGH
bcbab6d1-42bc-43ee-b015-ea88c44d9627,e3bbe120-0a9b-4cd8-b137-17f5c377e253,b3163dc0-3ac7-41cc-b4fc-244bcbe446ad,b35df925-ba9e-4c1f-ae30-b292ad2c55bb,516.0,198.0,30.06,17.16,7,2026-10-25,0.0166,318.0,0.6163,0.0,0.0,0.0966,LOW
9919b9a9-3e0b-4576-94b5-bbdb00eec981,e3bbe120-0a9b-4cd8-b137-17f5c377e253,c037d58f-eb63-482e-81f7-b1f739423cdf,b35df925-ba9e-4c1f-ae30-b292ad2c55bb,0.0,0.0,35.97,0.0,8,2026-10-09,0.9933,0.0,0.0,1.0,0.0,0.6983,HIGH
6c89307d-a154-416b-87f5-67ec94771ede,e3bbe120-0a9b-4cd8-b137-17f5c377e253,9f081f26-ba8d-47d6-870e-ca0ca1cae51f,b35df925-ba9e-4c1f-ae30-b292ad2c55bb,0.0,0.0,64.81,0.0,9,2026-10-09,0.9959,0.0,0.0,1.0,1.0,0.849,CRITICAL
23d91516-70c9-4a16-bdae-9ea549515bfd,e3bbe120-0a9b-4cd8-b137-17f5c377e253,2f7de1c2-cb62-4261-83f5-d8323f438333,b35df925-ba9e-4c1f-ae30-b292ad2c55bb,954.0,954.0,54.94,17.37,9,2026-10-25,0.0398,0.0,0.0,0.0,0.0,0.01,LOW
1dd39fe2-5cd0-46be-8cbc-a9b6417e9181,08edb0d0-edbf-44ce-9d32-b74a11e02048,43110ae2-2c0b-4654-936a-72afad56219d,2d8f4baf-a053-49ce-bf90-68dcad2ff737,0.0,0.0,15.48,0.0,9,2026-10-09,0.9959,0.0,0.0,1.0,0.0,0.699,HIGH
7f039a95-052a-4a64-be81-888b477518f8,08edb0d0-edbf-44ce-9d32-b74a11e02048,d2219992-909f-48be-967e-2e3f1c3ddfa9,2d8f4baf-a053-49ce-bf90-68dcad2ff737,1616.0,1616.0,9.68,166.99,9,,0.0,0.0,0.0,0.0,0.0,0.0,LOW
e10eecb7-6b5f-446f-89af-9845644ce0aa,08edb0d0-edbf-44ce-9d32-b74a11e02048,a7d4d675-bb94-424a-b6e4-1709b9e91e6d,2d8f4baf-a053-49ce-bf90-68dcad2ff737,0.0,0.0,34.65,0.0,8,2026-10-09,0.9933,0.0,0.0,1.0,1.0,0.8483,CRITICAL
63902221-a877-401a-a513-0eeacfe3d1ba,08edb0d0-edbf-44ce-9d32-b74a11e02048,305d6d9c-7521-4f74-8c0d-0bf7d5af8dfd,2d8f4baf-a053-49ce-bf90-68dcad2ff737,581.0,581.0,6.19,93.81,6,,0.0,0.0,0.0,0.0,0.0,0.0,LOW
6ceb0c7d-2641-4842-9b9e-f974aa5db480,08edb0d0-edbf-44ce-9d32-b74a11e02048,f1b95f47-94a2-4979-a411-02444c727d3e,2d8f4baf-a053-49ce-bf90-68dcad2ff737,2473.0,2473.0,97.45,25.38,6,2026-11-02,0.0002,0.0,0.0,0.0,0.0,0.0,LOW
bed57a78-950a-4313-a7ac-fb4e8adbad40,08edb0d0-edbf-44ce-9d32-b74a11e02048,ca8399a1-143e-4717-be95-7836c2f21dcb,2d8f4baf-a053-49ce-bf90-68dcad2ff737,0.0,0.0,12.9,0.0,4,2026-10-09,0.9526,0.0,0.0,0.7,0.0,0.5531,HIGH
a39e1001-0cfd-4f7f-ac2e-326d7dac15ea,08edb0d0-edbf-44ce-9d32-b74a11e02048,24bad869-7045-4954-b58f-10edc0407e69,2d8f4baf-a053-49ce-bf90-68dcad2ff737,0.0,0.0,54.52,0.0,4,2026-10-09,0.9526,0.0,0.0,0.7,0.0,0.5531,HIGH
6f3d3aaf-5f20-43db-a735-56bf82588164,08edb0d0-edbf-44ce-9d32-b74a11e02048,4fda6990-76da-4515-8f85-4b5ce64dd1ce,2d8f4baf-a053-49ce-bf90-68dcad2ff737,0.0,0.0,57.87,0.0,7,2026-10-09,0.989,0.0,0.0,1.0,1.0,0.8473,CRITICAL
3a732ec6-6d80-48fe-9ccc-f211e7573b08,08edb0d0-edbf-44ce-9d32-b74a11e02048,2cd10b6d-063e-4f55-a0b6-37edb93b63a6,2d8f4baf-a053-49ce-bf90-68dcad2ff737,0.0,0.0,55.58,0.0,9,2026-10-09,0.9959,0.0,0.0,1.0,0.0,0.699,HIGH
70fea775-41ac-4668-a0de-737a0e967888,08edb0d0-edbf-44ce-9d32-b74a11e02048,9c021848-0377-486f-a048-370334cce953,2d8f4baf-a053-49ce-bf90-68dcad2ff737,0.0,0.0,80.06,0.0,3,2026-10-09,0.9241,0.0,0.0,0.6,0.0,0.501,MEDIUM
3211ecb3-02c2-4d4b-bba6-d7493b1612d4,08edb0d0-edbf-44ce-9d32-b74a11e02048,9c06c388-c751-407e-9c97-3b46b1db5e7c,2d8f4baf-a053-49ce-bf90-68dcad2ff737,0.0,0.0,30.94,0.0,6,2026-10-09,0.982,0.0,0.0,0.9,0.0,0.6505,HIGH
dd469a58-e919-4120-95ba-1af8677edbee,08edb0d0-edbf-44ce-9d32-b74a11e02048,2aceb2a6-c859-4f95-a238-9ad796b698fa,2d8f4baf-a053-49ce-bf90-68dcad2ff737,0.0,0.0,45.0,0.0,3,2026-10-09,0.9241,0.0,0.0,0.6,0.0,0.501,MEDIUM
74e92e1a-7b40-4234-a8bf-47c27cc40f45,08edb0d0-edbf-44ce-9d32-b74a11e02048,e5b7da92-602a-4a8f-9b36-3acfc3414ba7,2d8f4baf-a053-49ce-bf90-68dcad2ff737,1535.0,1535.0,81.26,18.89,7,2026-10-26,0.0071,0.0,0.0,0.0,0.0,0.0018,LOW
20a96698-4be4-48dc-a919-9e5b18356055,08edb0d0-edbf-44ce-9d32-b74a11e02048,2b376704-d06b-441d-a2bf-f0973873411c,2d8f4baf-a053-49ce-bf90-68dcad2ff737,592.0,592.0,95.1,6.23,8,2026-10-14,0.8685,0.0,0.0,0.4775,1.0,0.582,HIGH
d2dbcb1d-4262-4333-bc72-59711db9e9b4,08edb0d0-edbf-44ce-9d32-b74a11e02048,2c4e6d71-0152-4e82-9c16-bfc9c81ea55e,2d8f4baf-a053-49ce-bf90-68dcad2ff737,0.0,0.0,28.13,0.0,6,2026-10-09,0.982,0.0,0.0,0.9,0.0,0.6505,HIGH
6808b9a2-d641-40ba-a030-4f6dab00cc98,08edb0d0-edbf-44ce-9d32-b74a11e02048,b3fa980f-96f4-474d-8999-454117e0d5d6,2d8f4baf-a053-49ce-bf90-68dcad2ff737,0.0,0.0,51.81,0.0,3,2026-10-09,0.9241,0.0,0.0,0.6,0.0,0.501,MEDIUM
942da819-ef51-48dd-9bc2-e884e13777c5,08edb0d0-edbf-44ce-9d32-b74a11e02048,0d430ec5-4d86-4820-8a2c-9a0885280906,2d8f4baf-a053-49ce-bf90-68dcad2ff737,1545.0,1545.0,7.1,217.7,9,,0.0,0.0,0.0,0.0,0.0,0.0,LOW
cce784bd-5cf7-4c57-9c07-998149cdff13,08edb0d0-edbf-44ce-9d32-b74a11e02048,24db962d-9a6b-4de6-982b-b719e504efb9,2d8f4baf-a053-49ce-bf90-68dcad2ff737,625.0,625.0,101.26,6.17,9,2026-10-14,0.9179,0.0,0.0,0.5828,0.0,0.4917,MEDIUM
d66c1ea8-cd76-413a-8d6d-8d6348a25ea0,08edb0d0-edbf-44ce-9d32-b74a11e02048,ea61edd3-7fbd-4c08-b312-d866041879c2,2d8f4baf-a053-49ce-bf90-68dcad2ff737,0.0,0.0,13.9,0.0,5,2026-10-09,0.9707,0.0,0.0,0.8,1.0,0.7527,CRITICAL
ec845c13-496c-4d18-9065-62103cfd4bf5,08edb0d0-edbf-44ce-9d32-b74a11e02048,fb695fdf-9397-485a-aa21-6d65c73c7b07,2d8f4baf-a053-49ce-bf90-68dcad2ff737,0.0,0.0,82.1,0.0,2,2026-10-09,0.8808,0.0,0.0,0.5,0.0,0.4452,MEDIUM
314cbc73-1f27-472d-8424-69a2b05d1be0,08edb0d0-edbf-44ce-9d32-b74a11e02048,987c980e-f5ed-4388-b102-971ff25870b1,2d8f4baf-a053-49ce-bf90-68dcad2ff737,0.0,0.0,14.9,0.0,7,2026-10-09,0.989,0.0,0.0,1.0,1.0,0.8473,CRITICAL
6931f13f-653e-423a-8b5b-316ae0bcc769,08edb0d0-edbf-44ce-9d32-b74a11e02048,b261960f-23be-4297-9c50-f27ceac7eedb,2d8f4baf-a053-49ce-bf90-68dcad2ff737,731.0,731.0,37.32,19.59,5,2026-10-27,0.0018,0.0,0.0,0.0,0.0,0.0005,LOW
deadb3b4-0f40-4426-981f-ec8525bdf45c,08edb0d0-edbf-44ce-9d32-b74a11e02048,3e6ecca3-9ad1-49a9-ad9a-5509b28de79d,2d8f4baf-a053-49ce-bf90-68dcad2ff737,0.0,0.0,81.06,0.0,5,2026-10-09,0.9707,0.0,0.0,0.8,0.0,0.6027,HIGH
df0bd84f-af86-4d58-a791-d2baa06b5aad,08edb0d0-edbf-44ce-9d32-b74a11e02048,85b186aa-f3a1-45ba-8d0c-349f8a13c3d4,2d8f4baf-a053-49ce-bf90-68dcad2ff737,772.0,772.0,20.77,37.16,7,2026-11-14,0.0,0.0,0.0,0.0,1.0,0.15,LOW
f7416c19-5382-4e99-9a2b-01c719a7d17a,08edb0d0-edbf-44ce-9d32-b74a11e02048,8cb385ca-cfdc-404f-8298-512a7c8578b3,2d8f4baf-a053-49ce-bf90-68dcad2ff737,0.0,0.0,20.23,0.0,6,2026-10-09,0.982,0.0,0.0,0.9,0.0,0.6505,HIGH
9dab3463-62ea-41cf-8b7f-48ef2be21474,08edb0d0-edbf-44ce-9d32-b74a11e02048,b8b41174-e4bb-41e0-8dc8-fbdaf9d470ec,2d8f4baf-a053-49ce-bf90-68dcad2ff737,0.0,0.0,29.74,0.0,6,2026-10-09,0.982,0.0,0.0,0.9,1.0,0.8005,CRITICAL
474e5681-b13f-4f30-bb6d-dd3d5694e22f,08edb0d0-edbf-44ce-9d32-b74a11e02048,a041cc1e-bb11-4e03-9969-5026c46ed837,2d8f4baf-a053-49ce-bf90-68dcad2ff737,978.0,978.0,35.45,27.59,9,2026-11-04,0.0003,0.0,0.0,0.0,0.0,0.0001,LOW
7ef91288-a5b2-4c12-967a-e00896ed298c,08edb0d0-edbf-44ce-9d32-b74a11e02048,33e37cdb-690b-4dd6-aa0b-3e189bf6bc51,2d8f4baf-a053-49ce-bf90-68dcad2ff737,0.0,0.0,61.61,0.0,8,2026-10-09,0.9933,0.0,0.0,1.0,0.0,0.6983,HIGH
af8304a9-445a-475a-a2d1-d688c8bd9146,08edb0d0-edbf-44ce-9d32-b74a11e02048,a88fd15f-1bbb-4271-941e-899867a89583,2d8f4baf-a053-49ce-bf90-68dcad2ff737,0.0,0.0,60.84,0.0,4,2026-10-09,0.9526,0.0,0.0,0.7,1.0,0.7031,HIGH
82072a74-8066-4273-bc51-8ccb6dd47a2c,08edb0d0-edbf-44ce-9d32-b74a11e02048,419b95a7-17e5-4918-ad68-d58ee6b6e6f5,2d8f4baf-a053-49ce-bf90-68dcad2ff737,411.0,411.0,9.45,43.48,6,2026-11-20,0.0,0.0,0.0,0.0,1.0,0.15,LOW
0fa00b3e-6007-479b-b2d9-a3f030a76510,08edb0d0-edbf-44ce-9d32-b74a11e02048,378ef267-9155-41bc-a431-7c700c1731e3,2d8f4baf-a053-49ce-bf90-68dcad2ff737,363.0,363.0,60.39,6.01,6,2026-10-14,0.73,0.0,0.0,0.2989,0.0,0.317,MEDIUM
9b89deb1-0a5f-4313-b772-2c417599cd4e,08edb0d0-edbf-44ce-9d32-b74a11e02048,99f2ef21-d83e-4cde-a73a-10b587a903a3,2d8f4baf-a053-49ce-bf90-68dcad2ff737,0.0,0.0,35.81,0.0,6,2026-10-09,0.982,0.0,0.0,0.9,0.0,0.6505,HIGH
4a967cf1-a4d3-4258-8275-c845b94998b9,08edb0d0-edbf-44ce-9d32-b74a11e02048,b1b122eb-1ba2-4148-b9ac-5d21b2adf647,2d8f4baf-a053-49ce-bf90-68dcad2ff737,0.0,0.0,50.26,0.0,4,2026-10-09,0.9526,0.0,0.0,0.7,0.0,0.5531,HIGH
0e696f12-4b8f-4574-9fe9-a40dd3fce07b,08edb0d0-edbf-44ce-9d32-b74a11e02048,bd5b3f87-5b53-4347-ac00-12fb9d5cd5a6,2d8f4baf-a053-49ce-bf90-68dcad2ff737,0.0,0.0,4.81,0.0,8,2026-10-09,0.9933,0.0,0.0,1.0,0.0,0.6983,HIGH
c6b520c8-0649-47a1-ac9c-320652be46d3,08edb0d0-edbf-44ce-9d32-b74a11e02048,957c588f-5e69-469f-b353-4b24fef25a65,2d8f4baf-a053-49ce-bf90-68dcad2ff737,963.0,963.0,30.68,31.39,8,2026-11-08,0.0,0.0,0.0,0.0,0.0,0.0,LOW
18bf25d8-b3bf-42e0-8f70-38a6dcf0bf13,08edb0d0-edbf-44ce-9d32-b74a11e02048,01d77a5e-a466-4d48-b24b-31edb500e5fa,2d8f4baf-a053-49ce-bf90-68dcad2ff737,1445.0,1445.0,87.52,16.51,3,2026-10-24,0.0032,0.0,0.0,0.0,0.0,0.0008,LOW
fe1150a6-3dec-4981-b894-9230ee83284f,08edb0d0-edbf-44ce-9d32-b74a11e02048,0df67422-0ffe-4855-b4b7-0f4e8676cbdb,2d8f4baf-a053-49ce-bf90-68dcad2ff737,1164.0,1164.0,74.58,15.61,8,2026-10-23,0.0571,0.0,0.0,0.0,0.0,0.0143,LOW
c7128176-2fa3-40af-975e-56645049f28e,08edb0d0-edbf-44ce-9d32-b74a11e02048,e3420e6d-9ba0-43de-991d-15b61159daa1,2d8f4baf-a053-49ce-bf90-68dcad2ff737,0.0,0.0,12.06,0.0,6,2026-10-09,0.982,0.0,0.0,0.9,1.0,0.8005,CRITICAL
29825645-7d04-4f2b-b8a0-e52be3047ef1,08edb0d0-edbf-44ce-9d32-b74a11e02048,ebb48eae-a1ef-4da9-8ae1-b2f70e717661,2d8f4baf-a053-49ce-bf90-68dcad2ff737,0.0,0.0,46.19,0.0,2,2026-10-09,0.8808,0.0,0.0,0.5,0.0,0.4452,MEDIUM
38aaf0d8-b2f4-4b8e-bfb8-02a3d2d36fd1,08edb0d0-edbf-44ce-9d32-b74a11e02048,d039d8bd-44d3-44fc-a49f-83d1987d0b48,2d8f4baf-a053-49ce-bf90-68dcad2ff737,0.0,0.0,84.0,0.0,8,2026-10-09,0.9933,0.0,0.0,1.0,1.0,0.8483,CRITICAL
290a738f-0a8e-4cad-a4e1-d0d998acaeeb,08edb0d0-edbf-44ce-9d32-b74a11e02048,13cd9912-56bb-4721-abb1-986f20a370cb,2d8f4baf-a053-49ce-bf90-68dcad2ff737,705.0,705.0,82.03,8.59,4,2026-10-16,0.2147,0.0,0.0,0.0,0.0,0.0537,LOW
00a1fda8-d0cb-4c2b-8181-090b0f6e8d95,08edb0d0-edbf-44ce-9d32-b74a11e02048,fda2f8a3-95ba-4f42-97f3-dbce57a916f1,2d8f4baf-a053-49ce-bf90-68dcad2ff737,601.0,601.0,48.48,12.4,7,2026-10-20,0.1547,0.0,0.0,0.0,0.0,0.0387,LOW
ccf5b571-959b-4320-92d3-39965b0d03ec,08edb0d0-edbf-44ce-9d32-b74a11e02048,1d534fd0-ecdb-47f7-8df1-911899944ac3,2d8f4baf-a053-49ce-bf90-68dcad2ff737,739.0,739.0,21.94,33.69,9,2026-11-10,0.0,0.0,0.0,0.0,0.0,0.0,LOW
12a455c0-8891-4ac2-a621-1adf6775039d,08edb0d0-edbf-44ce-9d32-b74a11e02048,70745aec-f24f-4b18-807e-6adb80d01ba0,2d8f4baf-a053-49ce-bf90-68dcad2ff737,981.0,981.0,28.84,34.02,6,2026-11-11,0.0,0.0,0.0,0.0,0.0,0.0,LOW
1cc1a196-cbd5-44a5-902c-ee555d8752d0,08edb0d0-edbf-44ce-9d32-b74a11e02048,0a915249-7e9b-4a22-be4b-d5a6c9628e04,2d8f4baf-a053-49ce-bf90-68dcad2ff737,0.0,0.0,36.65,0.0,2,2026-10-09,0.8808,0.0,0.0,0.5,0.0,0.4452,MEDIUM
a143a00e-7c34-4cc7-b63e-5fdde1554a6a,08edb0d0-edbf-44ce-9d32-b74a11e02048,ceee2775-c68b-4199-9eb8-21746763c4ba,2d8f4baf-a053-49ce-bf90-68dcad2ff737,0.0,0.0,28.03,0.0,4,2026-10-09,0.9526,0.0,0.0,0.7,0.0,0.5531,HIGH
4e7f58dd-633b-4889-9128-c0b5187e6560,08edb0d0-edbf-44ce-9d32-b74a11e02048,4bd504ed-a1c0-48c9-bff0-b66723a5f08d,2d8f4baf-a053-49ce-bf90-68dcad2ff737,0.0,0.0,57.94,0.0,2,2026-10-09,0.8808,0.0,0.0,0.5,0.0,0.4452,MEDIUM
e0577722-e229-461d-9787-3aeee50add4f,08edb0d0-edbf-44ce-9d32-b74a11e02048,67ae158e-8140-49ce-b874-0acf92a800c2,2d8f4baf-a053-49ce-bf90-68dcad2ff737,1617.0,1617.0,5.58,289.75,6,,0.0,0.0,0.0,0.0,0.0,0.0,LOW
0cb2865d-7ed0-47ec-b87b-1d46719d5bf4,08edb0d0-edbf-44ce-9d32-b74a11e02048,0073cc32-e309-402c-96aa-1fb03de469f1,2d8f4baf-a053-49ce-bf90-68dcad2ff737,0.0,0.0,28.39,0.0,5,2026-10-09,0.9707,0.0,0.0,0.8,0.0,0.6027,HIGH
21d8cf75-bf86-43bb-9832-b29ab2d0d1ce,08edb0d0-edbf-44ce-9d32-b74a11e02048,24856ba7-ab81-4f22-985e-e30a3b9397cb,2d8f4baf-a053-49ce-bf90-68dcad2ff737,1352.0,1352.0,31.61,42.77,9,2026-11-19,0.0,0.0,0.0,0.0,0.0,0.0,LOW
a0816569-51bf-47d0-aa58-5263d4a54696,08edb0d0-edbf-44ce-9d32-b74a11e02048,3e8ecc15-190b-4bcd-a7fd-92ec541c75f4,2d8f4baf-a053-49ce-bf90-68dcad2ff737,960.0,960.0,31.32,30.65,4,2026-11-07,0.0,0.0,0.0,0.0,1.0,0.15,LOW
96ac7ba6-997b-4058-bc45-358888b73ab4,08edb0d0-edbf-44ce-9d32-b74a11e02048,fdd23e22-960c-4a44-af67-60d832b98217,2d8f4baf-a053-49ce-bf90-68dcad2ff737,535.0,535.0,75.61,7.08,8,2026-10-15,0.8119,0.0,0.0,0.3924,0.0,0.3796,MEDIUM
768bfd3e-5a7d-4c8b-a099-5e0102859896,08edb0d0-edbf-44ce-9d32-b74a11e02048,3e9b0bad-6728-4523-be87-a00adf0fff30,2d8f4baf-a053-49ce-bf90-68dcad2ff737,56.0,56.0,26.03,2.15,2,2026-10-10,0.7159,0.0,0.0,0.2849,0.0,0.3072,MEDIUM
e01e6aa3-86b6-4c74-b2af-c965dd04b801,08edb0d0-edbf-44ce-9d32-b74a11e02048,573f39b9-7855-4b4d-8a9e-14a5e9d8b2cd,2d8f4baf-a053-49ce-bf90-68dcad2ff737,0.0,0.0,35.13,0.0,9,2026-10-09,0.9959,0.0,0.0,1.0,1.0,0.849,CRITICAL
abfee405-38a6-4d32-a5b6-f7663ae23ee2,08edb0d0-edbf-44ce-9d32-b74a11e02048,0c98fcbf-9121-467b-910d-10fcfbcd35b6,2d8f4baf-a053-49ce-bf90-68dcad2ff737,0.0,0.0,55.32,0.0,3,2026-10-09,0.9241,0.0,0.0,0.6,0.0,0.501,MEDIUM
28e59c2f-3eb0-4e9e-a525-020cdfc0625f,08edb0d0-edbf-44ce-9d32-b74a11e02048,522740d6-f3db-4ac1-a547-6b62598fe57f,2d8f4baf-a053-49ce-bf90-68dcad2ff737,801.0,801.0,66.48,12.05,4,2026-10-20,0.0464,0.0,0.0,0.0,0.0,0.0116,LOW
00ceb4eb-015d-4b2f-8650-9176b9eee92d,08edb0d0-edbf-44ce-9d32-b74a11e02048,1941089d-b192-4af2-b696-484fa9286d80,2d8f4baf-a053-49ce-bf90-68dcad2ff737,0.0,0.0,10.26,0.0,8,2026-10-09,0.9933,0.0,0.0,1.0,0.0,0.6983,HIGH
1f6e5e99-35ab-4cc3-baeb-4709a98fd783,08edb0d0-edbf-44ce-9d32-b74a11e02048,063be93d-6835-4b65-a8a1-c36e83278d83,2d8f4baf-a053-49ce-bf90-68dcad2ff737,722.0,600.0,64.45,11.2,7,2026-10-19,0.2495,122.0,0.169,0.0,1.0,0.2377,LOW
7fd48f6b-8f41-49ea-9ec4-a198a60134d8,08edb0d0-edbf-44ce-9d32-b74a11e02048,f00273a7-acae-43ae-a0b4-b85c0ed6d4d3,2d8f4baf-a053-49ce-bf90-68dcad2ff737,0.0,0.0,105.94,0.0,6,2026-10-09,0.982,0.0,0.0,0.9,0.0,0.6505,HIGH
8b79550b-ea38-4923-8c64-872628257388,08edb0d0-edbf-44ce-9d32-b74a11e02048,9f081f26-ba8d-47d6-870e-ca0ca1cae51f,2d8f4baf-a053-49ce-bf90-68dcad2ff737,0.0,0.0,87.32,0.0,8,2026-10-09,0.9933,0.0,0.0,1.0,1.0,0.8483,CRITICAL
ee5475f1-b3fc-4e5f-bffc-9fd754184322,08edb0d0-edbf-44ce-9d32-b74a11e02048,4f7512b2-6b9d-434f-807e-2fc43528691e,2d8f4baf-a053-49ce-bf90-68dcad2ff737,1273.0,1273.0,85.97,14.81,8,2026-10-22,0.0829,0.0,0.0,0.0,0.0,0.0207,LOW
45ecaf70-b5fc-468a-89b8-a26a7736a659,08edb0d0-edbf-44ce-9d32-b74a11e02048,0eecbfea-7628-487c-b590-fece2c687e7a,2d8f4baf-a053-49ce-bf90-68dcad2ff737,0.0,0.0,18.94,0.0,2,2026-10-09,0.8808,0.0,0.0,0.5,1.0,0.5952,HIGH
def9f79d-bcb2-42e2-a88a-8f03a6b33f3a,08edb0d0-edbf-44ce-9d32-b74a11e02048,d6c64038-55ae-44a3-863b-be781e1a4649,2d8f4baf-a053-49ce-bf90-68dcad2ff737,0.0,0.0,5.26,0.0,2,2026-10-09,0.8808,0.0,0.0,0.5,0.0,0.4452,MEDIUM
1fa107bc-89df-4d80-a762-0e2e57025287,08edb0d0-edbf-44ce-9d32-b74a11e02048,9d6f82ea-a6c1-4ee5-bd74-c517ba546a27,2d8f4baf-a053-49ce-bf90-68dcad2ff737,44.0,44.0,107.1,0.41,9,2026-10-09,0.995,0.0,0.0,1.0,0.0,0.6988,HIGH
7d395bff-31b3-49e5-8a79-f62ba6ddafeb,08edb0d0-edbf-44ce-9d32-b74a11e02048,1b0a2521-7dda-4bed-8313-954689f28c33,2d8f4baf-a053-49ce-bf90-68dcad2ff737,0.0,0.0,15.55,0.0,7,2026-10-09,0.989,0.0,0.0,1.0,0.0,0.6973,HIGH
e0bdd8c6-e5d4-4707-8de3-9153621bfe57,08edb0d0-edbf-44ce-9d32-b74a11e02048,cbb4966e-7bea-4df2-82bc-5fcfe9617ff8,2d8f4baf-a053-49ce-bf90-68dcad2ff737,734.0,685.0,34.39,21.35,2,2026-10-29,0.0002,49.0,0.0668,0.0,0.0,0.0101,LOW
9458d643-aa05-467e-9e36-25773f24de73,08edb0d0-edbf-44ce-9d32-b74a11e02048,2c10bfc8-d106-4422-b38f-e414215c8def,2d8f4baf-a053-49ce-bf90-68dcad2ff737,908.0,908.0,72.87,12.46,7,2026-10-20,0.1506,0.0,0.0,0.0,0.0,0.0376,LOW
ebe8a59b-37b9-4358-ab91-fe95972c299a,08edb0d0-edbf-44ce-9d32-b74a11e02048,2f7de1c2-cb62-4261-83f5-d8323f438333,2d8f4baf-a053-49ce-bf90-68dcad2ff737,0.0,0.0,52.48,0.0,9,2026-10-09,0.9959,0.0,0.0,1.0,0.0,0.699,HIGH
1e942b53-023b-482d-9e8b-5dd6ffe17805,08edb0d0-edbf-44ce-9d32-b74a11e02048,6cbb6f57-d6cb-41b0-aca5-9ea4e8c5be47,2d8f4baf-a053-49ce-bf90-68dcad2ff737,629.0,629.0,23.87,26.35,7,2026-11-03,0.0002,0.0,0.0,0.0,0.0,0.0,LOW
d48a3c44-46ec-4d7c-88df-d1d88fa745d1,08edb0d0-edbf-44ce-9d32-b74a11e02048,a197882a-31bc-40ba-be53-5a7c2f5930f7,2d8f4baf-a053-49ce-bf90-68dcad2ff737,0.0,0.0,59.26,0.0,4,2026-10-09,0.9526,0.0,0.0,0.7,1.0,0.7031,HIGH
06f9644d-f114-4dcd-9cea-3c39434add69,08edb0d0-edbf-44ce-9d32-b74a11e02048,cf8bc62c-4d72-4142-8ab6-03524280a750,2d8f4baf-a053-49ce-bf90-68dcad2ff737,380.0,380.0,90.81,4.18,8,2026-10-12,0.9482,0.0,0.0,0.6815,0.0,0.5437,MEDIUM
f8fc5fac-9d2a-4a35-83c2-fd3aebcdc8a1,08edb0d0-edbf-44ce-9d32-b74a11e02048,c51619a8-ba83-483f-9b52-064f926d96a2,2d8f4baf-a053-49ce-bf90-68dcad2ff737,307.0,0.0,65.0,4.72,8,2026-10-12,0.9333,307.0,1.0,0.6277,0.0,0.6658,HIGH
758e1a2e-128e-45e9-8a01-85496fca7dfd,08edb0d0-edbf-44ce-9d32-b74a11e02048,6b615b69-ae0e-4f1b-a6dc-2d69233addaa,2d8f4baf-a053-49ce-bf90-68dcad2ff737,0.0,0.0,66.87,0.0,4,2026-10-09,0.9526,0.0,0.0,0.7,0.0,0.5531,HIGH
58d6c51d-fc2c-426f-8e27-b8f885b839c0,08edb0d0-edbf-44ce-9d32-b74a11e02048,c5533566-0e57-4058-9e8f-cc921a574da9,2d8f4baf-a053-49ce-bf90-68dcad2ff737,2419.0,2419.0,88.71,27.27,8,2026-11-04,0.0002,0.0,0.0,0.0,0.0,0.0,LOW
b1b4f0a8-d7df-4beb-9d6d-3664248752c3,08edb0d0-edbf-44ce-9d32-b74a11e02048,3a19d3ca-1898-4db4-b347-55af1376c897,2d8f4baf-a053-49ce-bf90-68dcad2ff737,0.0,0.0,93.45,0.0,9,2026-10-09,0.9959,0.0,0.0,1.0,0.0,0.699,HIGH
31e009f3-0dcf-4f43-85dc-fba77f4d0e36,a7373a90-b4e1-4e4c-8f0b-7ad06a9fa600,4f7512b2-6b9d-434f-807e-2fc43528691e,c89006cd-6dca-4543-aa7c-88fc8d5b4314,1086.0,1086.0,57.23,18.98,7,2026-10-26,0.0068,0.0,0.0,0.0,0.0,0.0017,LOW
06b14fff-1a39-4cfd-9999-b4621f1e4333,a7373a90-b4e1-4e4c-8f0b-7ad06a9fa600,cbb4966e-7bea-4df2-82bc-5fcfe9617ff8,c89006cd-6dca-4543-aa7c-88fc8d5b4314,0.0,0.0,31.52,0.0,9,2026-10-09,0.9959,0.0,0.0,1.0,0.0,0.699,HIGH
3f766c73-d4d7-46a6-aa54-d7c5b845c528,a7373a90-b4e1-4e4c-8f0b-7ad06a9fa600,be0b42c5-6bfe-48dc-8f33-e20d29d25a48,c89006cd-6dca-4543-aa7c-88fc8d5b4314,0.0,0.0,112.13,0.0,8,2026-10-09,0.9933,0.0,0.0,1.0,0.0,0.6983,HIGH
257b37eb-e848-46fa-9cbf-7dba0b2607c2,a7373a90-b4e1-4e4c-8f0b-7ad06a9fa600,fdd23e22-960c-4a44-af67-60d832b98217,c89006cd-6dca-4543-aa7c-88fc8d5b4314,0.0,0.0,95.65,0.0,7,2026-10-09,0.989,0.0,0.0,1.0,0.0,0.6973,HIGH
ff017f49-15b7-4f5a-9663-a276e07ecc58,a7373a90-b4e1-4e4c-8f0b-7ad06a9fa600,ec00005f-8d61-4b61-825c-d8c696ae49aa,c89006cd-6dca-4543-aa7c-88fc8d5b4314,0.0,0.0,12.45,0.0,3,2026-10-09,0.9241,0.0,0.0,0.6,0.0,0.501,MEDIUM
58a38c11-6402-4fce-a330-eec4d3c69b19,a7373a90-b4e1-4e4c-8f0b-7ad06a9fa600,3e9b0bad-6728-4523-be87-a00adf0fff30,c89006cd-6dca-4543-aa7c-88fc8d5b4314,85.0,85.0,36.94,2.3,5,2026-10-10,0.9129,0.0,0.0,0.5699,0.0,0.4847,MEDIUM
71814188-51eb-41f5-8471-9d089193fab5,a7373a90-b4e1-4e4c-8f0b-7ad06a9fa600,957c588f-5e69-469f-b353-4b24fef25a65,c89006cd-6dca-4543-aa7c-88fc8d5b4314,0.0,0.0,28.32,0.0,4,2026-10-09,0.9526,0.0,0.0,0.7,0.0,0.5531,HIGH
e6c83063-4da6-4a4c-83ff-a9aa85e1ec41,a7373a90-b4e1-4e4c-8f0b-7ad06a9fa600,6f12778d-43ca-4220-8b3b-11201ac91209,c89006cd-6dca-4543-aa7c-88fc8d5b4314,0.0,0.0,47.42,0.0,9,2026-10-09,0.9959,0.0,0.0,1.0,1.0,0.849,CRITICAL
05b9c4d5-f550-4605-9aee-e5fd8e8fa56c,a7373a90-b4e1-4e4c-8f0b-7ad06a9fa600,6989db76-adcc-4a3d-b3c0-61fb496a0f5d,c89006cd-6dca-4543-aa7c-88fc8d5b4314,0.0,0.0,36.03,0.0,9,2026-10-09,0.9959,0.0,0.0,1.0,0.0,0.699,HIGH
1c457e5d-cddc-481a-8001-56a14d3dc53b,a7373a90-b4e1-4e4c-8f0b-7ad06a9fa600,58bf12e5-ee8a-4194-a34c-aa820079144d,c89006cd-6dca-4543-aa7c-88fc8d5b4314,433.0,433.0,50.65,8.55,2,2026-10-16,0.0932,0.0,0.0,0.0,0.0,0.0233,LOW
27318c1b-0a92-4839-9baf-783bf879f7db,a7373a90-b4e1-4e4c-8f0b-7ad06a9fa600,b8b41174-e4bb-41e0-8dc8-fbdaf9d470ec,c89006cd-6dca-4543-aa7c-88fc8d5b4314,1362.0,1362.0,32.65,41.72,4,2026-11-18,0.0,0.0,0.0,0.0,1.0,0.15,LOW
d4a247ff-cc16-46a2-b8fc-2fdcae72c4cd,a7373a90-b4e1-4e4c-8f0b-7ad06a9fa600,061b886b-98ed-480e-9810-63995f2f47ed,c89006cd-6dca-4543-aa7c-88fc8d5b4314,0.0,0.0,40.32,0.0,7,2026-10-09,0.989,0.0,0.0,1.0,0.0,0.6973,HIGH
17ae3280-1eb8-48f9-9262-3edb2df8b3d5,a7373a90-b4e1-4e4c-8f0b-7ad06a9fa600,16d1b73f-8881-425f-82b2-7ab4974b08ef,c89006cd-6dca-4543-aa7c-88fc8d5b4314,0.0,0.0,68.61,0.0,2,2026-10-09,0.8808,0.0,0.0,0.5,0.0,0.4452,MEDIUM
17bd170b-bf82-46ba-ab42-8d5d1c7cf258,a7373a90-b4e1-4e4c-8f0b-7ad06a9fa600,2cd10b6d-063e-4f55-a0b6-37edb93b63a6,c89006cd-6dca-4543-aa7c-88fc8d5b4314,0.0,0.0,45.35,0.0,3,2026-10-09,0.9241,0.0,0.0,0.6,0.0,0.501,MEDIUM
2df5ff65-6b80-476b-94a6-a2d099c51948,a7373a90-b4e1-4e4c-8f0b-7ad06a9fa600,ca8399a1-143e-4717-be95-7836c2f21dcb,c89006cd-6dca-4543-aa7c-88fc8d5b4314,789.0,789.0,12.23,64.54,2,,0.0,0.0,0.0,0.0,0.0,0.0,LOW
bce0ae7d-f87f-4470-b552-82554f898561,a7373a90-b4e1-4e4c-8f0b-7ad06a9fa600,522740d6-f3db-4ac1-a547-6b62598fe57f,c89006cd-6dca-4543-aa7c-88fc8d5b4314,0.0,0.0,104.68,0.0,3,2026-10-09,0.9241,0.0,0.0,0.6,0.0,0.501,MEDIUM
c9ad730a-6482-473f-8a66-847548c55ea8,a7373a90-b4e1-4e4c-8f0b-7ad06a9fa600,2c10bfc8-d106-4422-b38f-e414215c8def,c89006cd-6dca-4543-aa7c-88fc8d5b4314,426.0,426.0,48.48,8.79,2,2026-10-16,0.0837,0.0,0.0,0.0,0.0,0.0209,LOW
ac66ff3d-df7d-4de1-8cb5-7640f607672f,a7373a90-b4e1-4e4c-8f0b-7ad06a9fa600,67ae158e-8140-49ce-b874-0acf92a800c2,c89006cd-6dca-4543-aa7c-88fc8d5b4314,1583.0,1583.0,7.42,213.36,3,,0.0,0.0,0.0,0.0,0.0,0.0,LOW
99ff7526-3e27-431c-ad5f-8b6c388af05c,a7373a90-b4e1-4e4c-8f0b-7ad06a9fa600,85b186aa-f3a1-45ba-8d0c-349f8a13c3d4,c89006cd-6dca-4543-aa7c-88fc8d5b4314,0.0,0.0,13.68,0.0,3,2026-10-09,0.9241,0.0,0.0,0.6,1.0,0.651,HIGH
a720d563-a3a9-456b-bc50-962e2b1ddb82,a7373a90-b4e1-4e4c-8f0b-7ad06a9fa600,c2b13e9e-9865-4a6b-ba11-417dbd416417,c89006cd-6dca-4543-aa7c-88fc8d5b4314,2214.0,2214.0,22.65,97.77,8,,0.0,0.0,0.0,0.0,0.0,0.0,LOW
a3b488f7-36bf-4572-8866-2557bb1b63c2,a7373a90-b4e1-4e4c-8f0b-7ad06a9fa600,d2219992-909f-48be-967e-2e3f1c3ddfa9,c89006cd-6dca-4543-aa7c-88fc8d5b4314,1026.0,1026.0,14.71,69.75,7,,0.0,0.0,0.0,0.0,0.0,0.0,LOW
52d592bd-e9f3-4df3-b778-13a4a32c1f41,a7373a90-b4e1-4e4c-8f0b-7ad06a9fa600,b1b122eb-1ba2-4148-b9ac-5d21b2adf647,c89006cd-6dca-4543-aa7c-88fc8d5b4314,661.0,661.0,31.97,20.68,6,2026-10-28,0.0018,0.0,0.0,0.0,0.0,0.0004,LOW
a155d93a-daf7-4752-a302-2d10fac2e6b8,a7373a90-b4e1-4e4c-8f0b-7ad06a9fa600,27bdd8c0-778d-42ea-ae25-964ce81e391d,c89006cd-6dca-4543-aa7c-88fc8d5b4314,1095.0,1095.0,63.48,17.25,6,2026-10-25,0.0097,0.0,0.0,0.0,1.0,0.1524,LOW
108d05fa-1d46-4ca7-9124-e5417631e140,a7373a90-b4e1-4e4c-8f0b-7ad06a9fa600,f6dc8117-e75f-4920-a0cf-04c7bafc7542,c89006cd-6dca-4543-aa7c-88fc8d5b4314,0.0,0.0,67.84,0.0,4,2026-10-09,0.9526,0.0,0.0,0.7,1.0,0.7031,HIGH
d85b055c-62da-4ee4-91a5-4a07cb769be7,a7373a90-b4e1-4e4c-8f0b-7ad06a9fa600,0df67422-0ffe-4855-b4b7-0f4e8676cbdb,c89006cd-6dca-4543-aa7c-88fc8d5b4314,1027.0,1027.0,69.35,14.81,6,2026-10-22,0.0322,0.0,0.0,0.0,0.0,0.008,LOW
ab7165e2-f688-4ae7-8f5f-f8449c2753fd,a7373a90-b4e1-4e4c-8f0b-7ad06a9fa600,dee6b134-5f4e-4d83-8133-35e34f0b48e8,c89006cd-6dca-4543-aa7c-88fc8d5b4314,977.0,977.0,45.68,21.39,9,2026-10-29,0.0055,0.0,0.0,0.0,0.0,0.0014,LOW
3057a139-9bfa-4b55-935e-6737b415c76a,a7373a90-b4e1-4e4c-8f0b-7ad06a9fa600,d6c64038-55ae-44a3-863b-be781e1a4649,c89006cd-6dca-4543-aa7c-88fc8d5b4314,0.0,0.0,4.81,0.0,6,2026-10-09,0.982,0.0,0.0,0.9,0.0,0.6505,HIGH
6f8ae864-5f25-444d-9076-ffd5bcd3f4be,a7373a90-b4e1-4e4c-8f0b-7ad06a9fa600,9f081f26-ba8d-47d6-870e-ca0ca1cae51f,c89006cd-6dca-4543-aa7c-88fc8d5b4314,0.0,0.0,72.13,0.0,8,2026-10-09,0.9933,0.0,0.0,1.0,1.0,0.8483,CRITICAL
5bfee339-e28a-453d-bbe0-a556cfbf2ab0,a7373a90-b4e1-4e4c-8f0b-7ad06a9fa600,6cbb6f57-d6cb-41b0-aca5-9ea4e8c5be47,c89006cd-6dca-4543-aa7c-88fc8d5b4314,0.0,0.0,30.65,0.0,8,2026-10-09,0.9933,0.0,0.0,1.0,0.0,0.6983,HIGH
dc1c4d1d-1938-4f63-95fb-ca761ed42833,a7373a90-b4e1-4e4c-8f0b-7ad06a9fa600,4fda6990-76da-4515-8f85-4b5ce64dd1ce,c89006cd-6dca-4543-aa7c-88fc8d5b4314,1508.0,1508.0,89.77,16.8,7,2026-10-24,0.0199,0.0,0.0,0.0,1.0,0.155,LOW
cd1c1125-09af-4567-99af-82ca722d24b8,a7373a90-b4e1-4e4c-8f0b-7ad06a9fa600,3e98e5ab-52e7-4056-8353-5ac655247948,c89006cd-6dca-4543-aa7c-88fc8d5b4314,0.0,0.0,91.45,0.0,9,2026-10-09,0.9959,0.0,0.0,1.0,0.0,0.699,HIGH
48cad8ff-e8ea-4868-b001-cf77381b2e6d,a7373a90-b4e1-4e4c-8f0b-7ad06a9fa600,1d534fd0-ecdb-47f7-8df1-911899944ac3,c89006cd-6dca-4543-aa7c-88fc8d5b4314,0.0,0.0,29.35,0.0,8,2026-10-09,0.9933,0.0,0.0,1.0,0.0,0.6983,HIGH
899f4128-3aa2-45bb-803e-21588095a0c0,a7373a90-b4e1-4e4c-8f0b-7ad06a9fa600,0a915249-7e9b-4a22-be4b-d5a6c9628e04,c89006cd-6dca-4543-aa7c-88fc8d5b4314,1443.0,745.0,57.35,25.16,3,2026-11-02,0.0,698.0,0.4837,0.0,0.0,0.0726,LOW
94533e69-f1c7-48d7-b95d-081280e0d319,a7373a90-b4e1-4e4c-8f0b-7ad06a9fa600,b3fa980f-96f4-474d-8999-454117e0d5d6,c89006cd-6dca-4543-aa7c-88fc8d5b4314,0.0,0.0,36.87,0.0,3,2026-10-09,0.9241,0.0,0.0,0.6,0.0,0.501,MEDIUM
e2493c66-c30b-4e76-87e2-732ac6668f45,a7373a90-b4e1-4e4c-8f0b-7ad06a9fa600,419b95a7-17e5-4918-ad68-d58ee6b6e6f5,c89006cd-6dca-4543-aa7c-88fc8d5b4314,0.0,0.0,7.68,0.0,3,2026-10-09,0.9241,0.0,0.0,0.6,1.0,0.651,HIGH
da0ec696-20cc-4d8f-981a-18f68e2fb966,a7373a90-b4e1-4e4c-8f0b-7ad06a9fa600,1941089d-b192-4af2-b696-484fa9286d80,c89006cd-6dca-4543-aa7c-88fc8d5b4314,777.0,777.0,19.94,38.98,6,2026-11-15,0.0,0.0,0.0,0.0,0.0,0.0,LOW
1a397857-c0b4-4068-af14-3ace57191edc,a7373a90-b4e1-4e4c-8f0b-7ad06a9fa600,24856ba7-ab81-4f22-985e-e30a3b9397cb,c89006cd-6dca-4543-aa7c-88fc8d5b4314,0.0,0.0,38.58,0.0,4,2026-10-09,0.9526,0.0,0.0,0.7,0.0,0.5531,HIGH
59ee1b4b-6355-4760-8c85-887d7bb91c95,a7373a90-b4e1-4e4c-8f0b-7ad06a9fa600,ea61edd3-7fbd-4c08-b312-d866041879c2,c89006cd-6dca-4543-aa7c-88fc8d5b4314,0.0,0.0,9.1,0.0,6,2026-10-09,0.982,0.0,0.0,0.9,1.0,0.8005,CRITICAL
f485cb76-0800-40d1-86cd-ab066cd25553,a7373a90-b4e1-4e4c-8f0b-7ad06a9fa600,220f964e-a351-4ad0-827e-502f5ded939c,c89006cd-6dca-4543-aa7c-88fc8d5b4314,0.0,0.0,26.45,0.0,6,2026-10-09,0.982,0.0,0.0,0.9,0.0,0.6505,HIGH
f3a0fa13-9bb6-4522-8761-267699d447ae,a7373a90-b4e1-4e4c-8f0b-7ad06a9fa600,99f2ef21-d83e-4cde-a73a-10b587a903a3,c89006cd-6dca-4543-aa7c-88fc8d5b4314,898.0,898.0,23.61,38.03,7,2026-11-15,0.0,0.0,0.0,0.0,0.0,0.0,LOW
73e17a34-f828-4569-842d-e2c4b993496e,a7373a90-b4e1-4e4c-8f0b-7ad06a9fa600,97a16fda-9cba-4dc2-8770-0b5104c507d2,c89006cd-6dca-4543-aa7c-88fc8d5b4314,0.0,0.0,18.42,0.0,4,2026-10-09,0.9526,0.0,0.0,0.7,1.0,0.7031,HIGH
52b4d172-4606-4ef9-84bc-d21afcefdbd0,a7373a90-b4e1-4e4c-8f0b-7ad06a9fa600,305d6d9c-7521-4f74-8c0d-0bf7d5af8dfd,c89006cd-6dca-4543-aa7c-88fc8d5b4314,0.0,0.0,6.55,0.0,8,2026-10-09,0.9933,0.0,0.0,1.0,0.0,0.6983,HIGH
de589e73-dd88-4c71-9274-56e237aa8bb1,a7373a90-b4e1-4e4c-8f0b-7ad06a9fa600,e3420e6d-9ba0-43de-991d-15b61159daa1,c89006cd-6dca-4543-aa7c-88fc8d5b4314,0.0,0.0,7.61,0.0,5,2026-10-09,0.9707,0.0,0.0,0.8,1.0,0.7527,CRITICAL
cafabe15-d49e-4c02-9fd7-84f2e78b2b88,a7373a90-b4e1-4e4c-8f0b-7ad06a9fa600,24d1b68c-2a5b-464e-bb4e-c1071b3b4f3d,c89006cd-6dca-4543-aa7c-88fc8d5b4314,677.0,677.0,13.0,52.08,8,2026-11-29,0.0,0.0,0.0,0.0,0.0,0.0,LOW
5b7b2ab9-37c5-4f4b-80a8-0af71358f6cc,a7373a90-b4e1-4e4c-8f0b-7ad06a9fa600,b261960f-23be-4297-9c50-f27ceac7eedb,c89006cd-6dca-4543-aa7c-88fc8d5b4314,697.0,697.0,40.26,17.31,4,2026-10-25,0.0035,0.0,0.0,0.0,0.0,0.0009,LOW
b0b42552-3593-4055-9e5d-87dfd237a92c,a7373a90-b4e1-4e4c-8f0b-7ad06a9fa600,1b0a2521-7dda-4bed-8313-954689f28c33,c89006cd-6dca-4543-aa7c-88fc8d5b4314,89.0,89.0,17.94,4.96,8,2026-10-12,0.9255,0.0,0.0,0.6038,0.0,0.5031,MEDIUM
573f1878-a1a5-4751-babc-b632df8c7de5,a7373a90-b4e1-4e4c-8f0b-7ad06a9fa600,24bad869-7045-4954-b58f-10edc0407e69,c89006cd-6dca-4543-aa7c-88fc8d5b4314,0.0,0.0,60.81,0.0,6,2026-10-09,0.982,0.0,0.0,0.9,0.0,0.6505,HIGH
72e2d5cf-97fa-496c-a195-6cf4d22d0af6,a7373a90-b4e1-4e4c-8f0b-7ad06a9fa600,b699a59a-a0ec-49d9-b327-482e55347adf,c89006cd-6dca-4543-aa7c-88fc8d5b4314,0.0,0.0,42.48,0.0,5,2026-10-09,0.9707,0.0,0.0,0.8,0.0,0.6027,HIGH
10bd06dc-f011-4cbf-845f-0e61805bdcfe,a7373a90-b4e1-4e4c-8f0b-7ad06a9fa600,ceee2775-c68b-4199-9eb8-21746763c4ba,c89006cd-6dca-4543-aa7c-88fc8d5b4314,0.0,0.0,21.87,0.0,2,2026-10-09,0.8808,0.0,0.0,0.5,0.0,0.4452,MEDIUM
061c2872-5eac-4148-9711-bce14329e890,a7373a90-b4e1-4e4c-8f0b-7ad06a9fa600,4bd504ed-a1c0-48c9-bff0-b66723a5f08d,c89006cd-6dca-4543-aa7c-88fc8d5b4314,1860.0,1860.0,47.42,39.22,9,2026-11-16,0.0,0.0,0.0,0.0,0.0,0.0,LOW
a052fbb8-019e-4850-9404-dbb04a95ec52,a7373a90-b4e1-4e4c-8f0b-7ad06a9fa600,0eecbfea-7628-487c-b590-fece2c687e7a,c89006cd-6dca-4543-aa7c-88fc8d5b4314,689.0,689.0,22.26,30.96,6,2026-11-07,0.0,0.0,0.0,0.0,1.0,0.15,LOW
31617533-2ec9-4637-a668-541973aec0b9,a7373a90-b4e1-4e4c-8f0b-7ad06a9fa600,a7d4d675-bb94-424a-b6e4-1709b9e91e6d,c89006cd-6dca-4543-aa7c-88fc8d5b4314,1813.0,826.0,30.32,59.79,9,2026-12-06,0.0,987.0,0.5444,0.0,1.0,0.2317,LOW
775c448a-2a7c-4f33-b479-e16eaba61545,a7373a90-b4e1-4e4c-8f0b-7ad06a9fa600,f1b95f47-94a2-4979-a411-02444c727d3e,c89006cd-6dca-4543-aa7c-88fc8d5b4314,513.0,513.0,54.87,9.35,7,2026-10-17,0.4565,0.0,0.0,0.0651,0.0,0.1434,LOW
fe3d8552-cb46-4c7c-aa6f-3e3cf9f1fa83,a7373a90-b4e1-4e4c-8f0b-7ad06a9fa600,378ef267-9155-41bc-a431-7c700c1731e3,c89006cd-6dca-4543-aa7c-88fc8d5b4314,793.0,0.0,106.0,7.48,7,2026-10-15,0.6812,793.0,1.0,0.2519,0.0,0.4337,MEDIUM
edde73ff-31c0-4408-8e44-18587cb9fb64,a7373a90-b4e1-4e4c-8f0b-7ad06a9fa600,3e6ecca3-9ad1-49a9-ad9a-5509b28de79d,c89006cd-6dca-4543-aa7c-88fc8d5b4314,0.0,0.0,121.29,0.0,9,2026-10-09,0.9959,0.0,0.0,1.0,0.0,0.699,HIGH
dd2d5e4e-28d2-4c0e-b3dd-5d00edd62d85,a7373a90-b4e1-4e4c-8f0b-7ad06a9fa600,d039d8bd-44d3-44fc-a49f-83d1987d0b48,c89006cd-6dca-4543-aa7c-88fc8d5b4314,0.0,0.0,84.29,0.0,7,2026-10-09,0.989,0.0,0.0,1.0,1.0,0.8473,CRITICAL
b350bc0e-29bb-4e34-9939-3b285685ef1b,a7373a90-b4e1-4e4c-8f0b-7ad06a9fa600,70745aec-f24f-4b18-807e-6adb80d01ba0,c89006cd-6dca-4543-aa7c-88fc8d5b4314,905.0,905.0,27.52,32.89,4,2026-11-09,0.0,0.0,0.0,0.0,0.0,0.0,LOW
27e6d735-6072-48a4-8112-451babb920f8,a7373a90-b4e1-4e4c-8f0b-7ad06a9fa600,8cb385ca-cfdc-404f-8298-512a7c8578b3,c89006cd-6dca-4543-aa7c-88fc8d5b4314,0.0,0.0,13.13,0.0,6,2026-10-09,0.982,0.0,0.0,0.9,0.0,0.6505,HIGH
600327af-617d-478f-abfa-8fb7e607edd1,a7373a90-b4e1-4e4c-8f0b-7ad06a9fa600,a88fd15f-1bbb-4271-941e-899867a89583,c89006cd-6dca-4543-aa7c-88fc8d5b4314,0.0,0.0,45.87,0.0,9,2026-10-09,0.9959,0.0,0.0,1.0,1.0,0.849,CRITICAL
ab7ef527-54bb-4eee-b10e-4cb1b1986f15,a7373a90-b4e1-4e4c-8f0b-7ad06a9fa600,573f39b9-7855-4b4d-8a9e-14a5e9d8b2cd,c89006cd-6dca-4543-aa7c-88fc8d5b4314,209.0,209.0,64.77,3.23,7,2026-10-11,0.9472,0.0,0.0,0.6773,1.0,0.6916,HIGH
0bf3ac4e-0e35-4b9d-a951-cbae96197aff,a7373a90-b4e1-4e4c-8f0b-7ad06a9fa600,987c980e-f5ed-4388-b102-971ff25870b1,c89006cd-6dca-4543-aa7c-88fc8d5b4314,2009.0,2009.0,16.26,123.57,6,,0.0,0.0,0.0,0.0,1.0,0.15,LOW
2349738f-5207-4c77-9c64-73c513d4028c,a7373a90-b4e1-4e4c-8f0b-7ad06a9fa600,a197882a-31bc-40ba-be53-5a7c2f5930f7,c89006cd-6dca-4543-aa7c-88fc8d5b4314,0.0,0.0,79.94,0.0,2,2026-10-09,0.8808,0.0,0.0,0.5,1.0,0.5952,HIGH
3757d1f8-4607-45ee-8f0b-79faf0664f19,a7373a90-b4e1-4e4c-8f0b-7ad06a9fa600,3b4f2db0-078e-4414-849b-1ba2782649be,c89006cd-6dca-4543-aa7c-88fc8d5b4314,948.0,948.0,23.68,40.04,4,2026-11-17,0.0,0.0,0.0,0.0,1.0,0.15,LOW
e27602b8-33cf-469f-a8a4-a2e3f05ca4cb,a7373a90-b4e1-4e4c-8f0b-7ad06a9fa600,cf8bc62c-4d72-4142-8ab6-03524280a750,c89006cd-6dca-4543-aa7c-88fc8d5b4314,740.0,740.0,85.97,8.61,3,2026-10-16,0.1414,0.0,0.0,0.0,0.0,0.0353,LOW
b188d10e-58a4-4ddf-9f56-3141303e0de8,a7373a90-b4e1-4e4c-8f0b-7ad06a9fa600,2f7de1c2-cb62-4261-83f5-d8323f438333,c89006cd-6dca-4543-aa7c-88fc8d5b4314,698.0,698.0,39.29,17.77,8,2026-10-25,0.0202,0.0,0.0,0.0,0.0,0.005,LOW
8e8a6b22-e859-4977-b724-52ceb1915e72,a7373a90-b4e1-4e4c-8f0b-7ad06a9fa600,c5533566-0e57-4058-9e8f-cc921a574da9,c89006cd-6dca-4543-aa7c-88fc8d5b4314,0.0,0.0,54.74,0.0,2,2026-10-09,0.8808,0.0,0.0,0.5,0.0,0.4452,MEDIUM
feeb76e2-76ee-46a1-ace7-73e211f56b41,a7373a90-b4e1-4e4c-8f0b-7ad06a9fa600,c51619a8-ba83-483f-9b52-064f926d96a2,c89006cd-6dca-4543-aa7c-88fc8d5b4314,746.0,746.0,82.74,9.02,2,2026-10-17,0.0753,0.0,0.0,0.0,0.0,0.0188,LOW
81c5d04e-0fb2-40ff-8fe6-c15cd6962848,a7373a90-b4e1-4e4c-8f0b-7ad06a9fa600,3a19d3ca-1898-4db4-b347-55af1376c897,c89006cd-6dca-4543-aa7c-88fc8d5b4314,0.0,0.0,70.32,0.0,5,2026-10-09,0.9707,0.0,0.0,0.8,0.0,0.6027,HIGH
d5c95093-16a5-48f6-b1de-14ec7a3354a8,a7373a90-b4e1-4e4c-8f0b-7ad06a9fa600,bd5b3f87-5b53-4347-ac00-12fb9d5cd5a6,c89006cd-6dca-4543-aa7c-88fc8d5b4314,557.0,557.0,6.23,89.47,9,,0.0,0.0,0.0,0.0,0.0,0.0,LOW
4e357193-69d7-4790-a650-3f697dfc201a,a7373a90-b4e1-4e4c-8f0b-7ad06a9fa600,831a67ea-b75d-494e-8ba6-e91b1b1eae6e,c89006cd-6dca-4543-aa7c-88fc8d5b4314,0.0,0.0,36.52,0.0,2,2026-10-09,0.8808,0.0,0.0,0.5,0.0,0.4452,MEDIUM
b92ae1bd-a407-4248-8703-3e1fbb8ff827,a7373a90-b4e1-4e4c-8f0b-7ad06a9fa600,8e15b3a9-915f-4bf0-84c7-182f335e062c,c89006cd-6dca-4543-aa7c-88fc8d5b4314,0.0,0.0,28.97,0.0,9,2026-10-09,0.9959,0.0,0.0,1.0,0.0,0.699,HIGH
bf3f9a29-2303-4cab-979e-ba55e7a928f7,a7373a90-b4e1-4e4c-8f0b-7ad06a9fa600,e5b7da92-602a-4a8f-9b36-3acfc3414ba7,c89006cd-6dca-4543-aa7c-88fc8d5b4314,1279.0,646.0,96.71,13.23,3,2026-10-21,0.0161,633.0,0.4949,0.0,0.0,0.0783,LOW
261e5dfc-19e6-43d1-be7e-5f0f6d6e6aa6,a7373a90-b4e1-4e4c-8f0b-7ad06a9fa600,43110ae2-2c0b-4654-936a-72afad56219d,c89006cd-6dca-4543-aa7c-88fc8d5b4314,80.0,80.0,25.55,3.13,3,2026-10-11,0.718,0.0,0.0,0.2869,0.0,0.3086,MEDIUM
7c04c826-db1d-4e09-aa41-0909c4d2ad55,a7373a90-b4e1-4e4c-8f0b-7ad06a9fa600,6b615b69-ae0e-4f1b-a6dc-2d69233addaa,c89006cd-6dca-4543-aa7c-88fc8d5b4314,0.0,0.0,81.1,0.0,7,2026-10-09,0.989,0.0,0.0,1.0,0.0,0.6973,HIGH
a59c67d8-082b-47fa-8d17-da3101fe7b8c,a7373a90-b4e1-4e4c-8f0b-7ad06a9fa600,9c06c388-c751-407e-9c97-3b46b1db5e7c,c89006cd-6dca-4543-aa7c-88fc8d5b4314,1489.0,433.0,42.77,34.81,8,2026-11-11,0.0,1056.0,0.7092,0.0,0.0,0.1064,LOW
6c586cda-410a-428d-bb4f-2597bbab1b5e,85ae4cf3-51bf-45d7-8011-bb994eb602a6,8cb385ca-cfdc-404f-8298-512a7c8578b3,aa1dc229-7fd9-4825-a368-5b9a449669bf,702.0,702.0,23.0,30.52,7,2026-11-07,0.0,0.0,0.0,0.0,0.0,0.0,LOW
86628cd7-fdb1-4cae-9f97-23bf9e05e938,85ae4cf3-51bf-45d7-8011-bb994eb602a6,3e8ecc15-190b-4bcd-a7fd-92ec541c75f4,aa1dc229-7fd9-4825-a368-5b9a449669bf,1296.0,1296.0,30.81,42.07,4,2026-11-19,0.0,0.0,0.0,0.0,1.0,0.15,LOW
5f0840b3-b4ce-44ad-90fc-5a0b85c32c4e,85ae4cf3-51bf-45d7-8011-bb994eb602a6,d039d8bd-44d3-44fc-a49f-83d1987d0b48,aa1dc229-7fd9-4825-a368-5b9a449669bf,0.0,0.0,102.29,0.0,5,2026-10-09,0.9707,0.0,0.0,0.8,1.0,0.7527,CRITICAL
2e9aabd9-e36f-495f-986d-69e695fabd6e,85ae4cf3-51bf-45d7-8011-bb994eb602a6,0eecbfea-7628-487c-b590-fece2c687e7a,aa1dc229-7fd9-4825-a368-5b9a449669bf,403.0,403.0,31.19,12.92,6,2026-10-20,0.0787,0.0,0.0,0.0,1.0,0.1697,LOW
6c287efe-8c56-4dd8-93dc-b24201220d77,85ae4cf3-51bf-45d7-8011-bb994eb602a6,d6c64038-55ae-44a3-863b-be781e1a4649,aa1dc229-7fd9-4825-a368-5b9a449669bf,706.0,706.0,4.03,175.09,9,,0.0,0.0,0.0,0.0,0.0,0.0,LOW
f5e13909-054f-4d28-a7ea-60271240e884,85ae4cf3-51bf-45d7-8011-bb994eb602a6,6989db76-adcc-4a3d-b3c0-61fb496a0f5d,aa1dc229-7fd9-4825-a368-5b9a449669bf,0.0,0.0,51.55,0.0,3,2026-10-09,0.9241,0.0,0.0,0.6,0.0,0.501,MEDIUM
ba49695a-7f0c-477f-babc-6ae8926d868a,85ae4cf3-51bf-45d7-8011-bb994eb602a6,522740d6-f3db-4ac1-a547-6b62598fe57f,aa1dc229-7fd9-4825-a368-5b9a449669bf,965.0,965.0,65.9,14.64,3,2026-10-22,0.008,0.0,0.0,0.0,0.0,0.002,LOW
195a6b33-6716-4d4f-9449-ededa83b8715,85ae4cf3-51bf-45d7-8011-bb994eb602a6,85b186aa-f3a1-45ba-8d0c-349f8a13c3d4,aa1dc229-7fd9-4825-a368-5b9a449669bf,1044.0,706.0,20.32,51.37,2,2026-11-28,0.0,338.0,0.3238,0.0,1.0,0.1986,LOW
3c2f8532-935d-484e-8560-c51020c1f571,85ae4cf3-51bf-45d7-8011-bb994eb602a6,58bf12e5-ee8a-4194-a34c-aa820079144d,aa1dc229-7fd9-4825-a368-5b9a449669bf,2190.0,2190.0,38.9,56.29,8,2026-12-03,0.0,0.0,0.0,0.0,0.0,0.0,LOW
31707c37-0c5b-4ef0-87c1-bf5cb0578ff8,85ae4cf3-51bf-45d7-8011-bb994eb602a6,8e15b3a9-915f-4bf0-84c7-182f335e062c,aa1dc229-7fd9-4825-a368-5b9a449669bf,165.0,165.0,26.06,6.33,8,2026-10-14,0.8623,0.0,0.0,0.467,0.0,0.4257,MEDIUM
c688b279-3cd5-42b3-ae6e-cf8fed573e16,85ae4cf3-51bf-45d7-8011-bb994eb602a6,3e98e5ab-52e7-4056-8353-5ac655247948,aa1dc229-7fd9-4825-a368-5b9a449669bf,678.0,678.0,57.65,11.76,8,2026-10-19,0.293,0.0,0.0,0.0,0.0,0.0733,LOW
2f7773ca-ee82-40dc-9396-ae3450b1b772,85ae4cf3-51bf-45d7-8011-bb994eb602a6,c5533566-0e57-4058-9e8f-cc921a574da9,aa1dc229-7fd9-4825-a368-5b9a449669bf,0.0,0.0,49.55,0.0,9,2026-10-09,0.9959,0.0,0.0,1.0,0.0,0.699,HIGH
54b13d8b-97ad-4c2a-9a83-fcbbfec0bd11,85ae4cf3-51bf-45d7-8011-bb994eb602a6,cbb4966e-7bea-4df2-82bc-5fcfe9617ff8,aa1dc229-7fd9-4825-a368-5b9a449669bf,0.0,0.0,40.77,0.0,7,2026-10-09,0.989,0.0,0.0,1.0,0.0,0.6973,HIGH
6224f91a-7cb8-4db7-9eac-69918ec2d919,85ae4cf3-51bf-45d7-8011-bb994eb602a6,6b615b69-ae0e-4f1b-a6dc-2d69233addaa,aa1dc229-7fd9-4825-a368-5b9a449669bf,714.0,0.0,58.58,12.19,9,2026-10-20,0.3557,714.0,1.0,0.0,0.0,0.2389,LOW
671d3128-0269-4ff2-9d7f-7fb284092259,85ae4cf3-51bf-45d7-8011-bb994eb602a6,a7d4d675-bb94-424a-b6e4-1709b9e91e6d,aa1dc229-7fd9-4825-a368-5b9a449669bf,0.0,0.0,42.19,0.0,4,2026-10-09,0.9526,0.0,0.0,0.7,1.0,0.7031,HIGH
ab0c2e24-9669-4d27-96d2-b85114c0215b,85ae4cf3-51bf-45d7-8011-bb994eb602a6,b3fa980f-96f4-474d-8999-454117e0d5d6,aa1dc229-7fd9-4825-a368-5b9a449669bf,0.0,0.0,50.77,0.0,9,2026-10-09,0.9959,0.0,0.0,1.0,0.0,0.699,HIGH
aa2d564b-44b0-4f6c-b4c7-b03a399ff22a,85ae4cf3-51bf-45d7-8011-bb994eb602a6,987c980e-f5ed-4388-b102-971ff25870b1,aa1dc229-7fd9-4825-a368-5b9a449669bf,0.0,0.0,11.74,0.0,9,2026-10-09,0.9959,0.0,0.0,1.0,1.0,0.849,CRITICAL
6c01734a-d915-4aeb-9458-eae3b95f6cfc,85ae4cf3-51bf-45d7-8011-bb994eb602a6,b261960f-23be-4297-9c50-f27ceac7eedb,aa1dc229-7fd9-4825-a368-5b9a449669bf,0.0,0.0,32.13,0.0,6,2026-10-09,0.982,0.0,0.0,0.9,0.0,0.6505,HIGH
896859de-9945-462f-bb3e-c08f5085b8a8,85ae4cf3-51bf-45d7-8011-bb994eb602a6,f6dc8117-e75f-4920-a0cf-04c7bafc7542,aa1dc229-7fd9-4825-a368-5b9a449669bf,0.0,0.0,79.87,0.0,8,2026-10-09,0.9933,0.0,0.0,1.0,1.0,0.8483,CRITICAL
b49c9bec-4378-4294-b157-8b5ec59014e3,85ae4cf3-51bf-45d7-8011-bb994eb602a6,9f081f26-ba8d-47d6-870e-ca0ca1cae51f,aa1dc229-7fd9-4825-a368-5b9a449669bf,0.0,0.0,56.84,0.0,3,2026-10-09,0.9241,0.0,0.0,0.6,1.0,0.651,HIGH
6623f019-8c78-4d2b-996a-bc4736916809,85ae4cf3-51bf-45d7-8011-bb994eb602a6,3e9b0bad-6728-4523-be87-a00adf0fff30,aa1dc229-7fd9-4825-a368-5b9a449669bf,1121.0,1121.0,46.35,24.18,5,2026-11-01,0.0002,0.0,0.0,0.0,0.0,0.0,LOW
b6a1dcf5-d063-458f-a473-bcb9d30d450d,85ae4cf3-51bf-45d7-8011-bb994eb602a6,061b886b-98ed-480e-9810-63995f2f47ed,aa1dc229-7fd9-4825-a368-5b9a449669bf,463.0,463.0,54.45,8.5,9,2026-10-16,0.777,0.0,0.0,0.3497,0.0,0.3516,MEDIUM
532c52d3-adc3-4e60-8144-62ac09a6519b,85ae4cf3-51bf-45d7-8011-bb994eb602a6,24db962d-9a6b-4de6-982b-b719e504efb9,aa1dc229-7fd9-4825-a368-5b9a449669bf,888.0,888.0,58.35,15.22,7,2026-10-23,0.0428,0.0,0.0,0.0,0.0,0.0107,LOW
0f2edfc1-7abf-4e23-a355-87827289aa18,85ae4cf3-51bf-45d7-8011-bb994eb602a6,0df67422-0ffe-4855-b4b7-0f4e8676cbdb,aa1dc229-7fd9-4825-a368-5b9a449669bf,0.0,0.0,77.32,0.0,2,2026-10-09,0.8808,0.0,0.0,0.5,0.0,0.4452,MEDIUM
b447dd90-1556-45b1-8610-21311f3d5596,85ae4cf3-51bf-45d7-8011-bb994eb602a6,2aceb2a6-c859-4f95-a238-9ad796b698fa,aa1dc229-7fd9-4825-a368-5b9a449669bf,2188.0,2188.0,74.71,29.29,4,2026-11-06,0.0,0.0,0.0,0.0,0.0,0.0,LOW
c8c26de8-a3e3-4565-9e6e-82bd8c9fe58f,85ae4cf3-51bf-45d7-8011-bb994eb602a6,33e37cdb-690b-4dd6-aa0b-3e189bf6bc51,aa1dc229-7fd9-4825-a368-5b9a449669bf,1731.0,1011.0,82.26,21.04,2,2026-10-29,0.0002,720.0,0.4159,0.0,0.0,0.0624,LOW
174fbe2b-9fe9-4de5-af24-81f3e77e10f8,85ae4cf3-51bf-45d7-8011-bb994eb602a6,573f39b9-7855-4b4d-8a9e-14a5e9d8b2cd,aa1dc229-7fd9-4825-a368-5b9a449669bf,490.0,490.0,69.39,7.06,3,2026-10-15,0.2629,0.0,0.0,0.0,1.0,0.2157,LOW
786c22aa-e24f-4242-b008-d4de4042cc47,85ae4cf3-51bf-45d7-8011-bb994eb602a6,1640337f-9614-4c3f-bda8-20c0eb4c6bce,aa1dc229-7fd9-4825-a368-5b9a449669bf,0.0,0.0,77.77,0.0,2,2026-10-09,0.8808,0.0,0.0,0.5,0.0,0.4452,MEDIUM
5e58923b-9b2f-41a5-90a5-5dc1b3187878,85ae4cf3-51bf-45d7-8011-bb994eb602a6,4f7512b2-6b9d-434f-807e-2fc43528691e,aa1dc229-7fd9-4825-a368-5b9a449669bf,0.0,0.0,66.87,0.0,2,2026-10-09,0.8808,0.0,0.0,0.5,0.0,0.4452,MEDIUM
d137b004-baf1-4aeb-93fb-af5adb133060,85ae4cf3-51bf-45d7-8011-bb994eb602a6,bd5b3f87-5b53-4347-ac00-12fb9d5cd5a6,aa1dc229-7fd9-4825-a368-5b9a449669bf,0.0,0.0,5.52,0.0,2,2026-10-09,0.8808,0.0,0.0,0.5,0.0,0.4452,MEDIUM
0db760d9-50b5-4833-b0f7-38491569b037,85ae4cf3-51bf-45d7-8011-bb994eb602a6,3a19d3ca-1898-4db4-b347-55af1376c897,aa1dc229-7fd9-4825-a368-5b9a449669bf,380.0,380.0,74.55,5.1,2,2026-10-13,0.3662,0.0,0.0,0.0,0.0,0.0915,LOW
7d38bb98-48ef-4bc2-a2f7-7e3968d4d7fc,85ae4cf3-51bf-45d7-8011-bb994eb602a6,1d534fd0-ecdb-47f7-8df1-911899944ac3,aa1dc229-7fd9-4825-a368-5b9a449669bf,1730.0,1730.0,29.23,59.19,6,2026-12-06,0.0,0.0,0.0,0.0,0.0,0.0,LOW
4355ca24-846f-4ec7-ab54-b3593166d6f3,85ae4cf3-51bf-45d7-8011-bb994eb602a6,fb695fdf-9397-485a-aa21-6d65c73c7b07,aa1dc229-7fd9-4825-a368-5b9a449669bf,478.0,478.0,74.71,6.4,2,2026-10-14,0.2316,0.0,0.0,0.0,0.0,0.0579,LOW
f2efe36f-e8d1-4edd-9317-454680416b42,85ae4cf3-51bf-45d7-8011-bb994eb602a6,9c06c388-c751-407e-9c97-3b46b1db5e7c,aa1dc229-7fd9-4825-a368-5b9a449669bf,338.0,338.0,47.13,7.17,8,2026-10-15,0.8044,0.0,0.0,0.3828,0.0,0.3734,MEDIUM
c8a667fd-6b2b-4800-ab93-29fd3e21cb81,85ae4cf3-51bf-45d7-8011-bb994eb602a6,a197882a-31bc-40ba-be53-5a7c2f5930f7,aa1dc229-7fd9-4825-a368-5b9a449669bf,645.0,645.0,99.26,6.5,2,2026-10-14,0.2229,0.0,0.0,0.0,1.0,0.2057,LOW
4fac476e-9727-479f-af87-28c554a9a2d9,85ae4cf3-51bf-45d7-8011-bb994eb602a6,dee6b134-5f4e-4d83-8133-35e34f0b48e8,aa1dc229-7fd9-4825-a368-5b9a449669bf,580.0,580.0,44.61,13.0,5,2026-10-21,0.0474,0.0,0.0,0.0,0.0,0.0119,LOW
75790e85-0f49-4ad9-be92-d76c6c8029de,85ae4cf3-51bf-45d7-8011-bb994eb602a6,ea61edd3-7fbd-4c08-b312-d866041879c2,aa1dc229-7fd9-4825-a368-5b9a449669bf,558.0,558.0,15.74,35.45,3,2026-11-12,0.0,0.0,0.0,0.0,1.0,0.15,LOW
41d022c8-735f-471c-83f9-540b8caf0016,85ae4cf3-51bf-45d7-8011-bb994eb602a6,ca8399a1-143e-4717-be95-7836c2f21dcb,aa1dc229-7fd9-4825-a368-5b9a449669bf,1141.0,1141.0,12.94,88.21,2,,0.0,0.0,0.0,0.0,0.0,0.0,LOW
564d0fb0-2f20-45d9-98c0-feac9403cd05,85ae4cf3-51bf-45d7-8011-bb994eb602a6,16d1b73f-8881-425f-82b2-7ab4974b08ef,aa1dc229-7fd9-4825-a368-5b9a449669bf,0.0,0.0,70.65,0.0,2,2026-10-09,0.8808,0.0,0.0,0.5,0.0,0.4452,MEDIUM
89b52eea-6de3-429c-8c70-01ca4d852a22,85ae4cf3-51bf-45d7-8011-bb994eb602a6,419b95a7-17e5-4918-ad68-d58ee6b6e6f5,aa1dc229-7fd9-4825-a368-5b9a449669bf,0.0,0.0,7.61,0.0,2,2026-10-09,0.8808,0.0,0.0,0.5,1.0,0.5952,HIGH
38ce1535-0731-48a7-ad7c-6c671fa24914,85ae4cf3-51bf-45d7-8011-bb994eb602a6,3e6ecca3-9ad1-49a9-ad9a-5509b28de79d,aa1dc229-7fd9-4825-a368-5b9a449669bf,0.0,0.0,98.97,0.0,6,2026-10-09,0.982,0.0,0.0,0.9,0.0,0.6505,HIGH
7b86235c-32f2-4b7f-9f84-75b1f9f0d3a6,85ae4cf3-51bf-45d7-8011-bb994eb602a6,7b6b643c-11d8-4a62-8cfe-a28f5fe4f2d6,aa1dc229-7fd9-4825-a368-5b9a449669bf,2190.0,2190.0,37.1,59.03,9,2026-12-06,0.0,0.0,0.0,0.0,0.0,0.0,LOW
d3011cb3-2c07-4119-bf39-5414357a1b4a,85ae4cf3-51bf-45d7-8011-bb994eb602a6,2c4e6d71-0152-4e82-9c16-bfc9c81ea55e,aa1dc229-7fd9-4825-a368-5b9a449669bf,0.0,0.0,39.19,0.0,7,2026-10-09,0.989,0.0,0.0,1.0,0.0,0.6973,HIGH
ab808b1a-2724-4618-807a-30c5269ced7f,85ae4cf3-51bf-45d7-8011-bb994eb602a6,0c98fcbf-9121-467b-910d-10fcfbcd35b6,aa1dc229-7fd9-4825-a368-5b9a449669bf,0.0,0.0,68.26,0.0,4,2026-10-09,0.9526,0.0,0.0,0.7,0.0,0.5531,HIGH
b1ee3248-6f9f-40b2-b98f-62e5e0e33bca,85ae4cf3-51bf-45d7-8011-bb994eb602a6,f00273a7-acae-43ae-a0b4-b85c0ed6d4d3,aa1dc229-7fd9-4825-a368-5b9a449669bf,0.0,0.0,95.23,0.0,7,2026-10-09,0.989,0.0,0.0,1.0,0.0,0.6973,HIGH
20fdd546-5db4-4546-9d22-bb745c00fe38,85ae4cf3-51bf-45d7-8011-bb994eb602a6,be0b42c5-6bfe-48dc-8f33-e20d29d25a48,aa1dc229-7fd9-4825-a368-5b9a449669bf,606.0,606.0,105.03,5.77,6,2026-10-13,0.7531,0.0,0.0,0.323,0.0,0.3336,MEDIUM
e9253cf1-cbb6-48e8-beb7-b33c2fbdfa95,85ae4cf3-51bf-45d7-8011-bb994eb602a6,1b0a2521-7dda-4bed-8313-954689f28c33,aa1dc229-7fd9-4825-a368-5b9a449669bf,1663.0,1663.0,12.84,129.53,7,,0.0,0.0,0.0,0.0,0.0,0.0,LOW
3d724ef1-823a-40a9-831a-62825af8464e,85ae4cf3-51bf-45d7-8011-bb994eb602a6,4bd504ed-a1c0-48c9-bff0-b66723a5f08d,aa1dc229-7fd9-4825-a368-5b9a449669bf,0.0,0.0,62.58,0.0,9,2026-10-09,0.9959,0.0,0.0,1.0,0.0,0.699,HIGH
2788acf0-a55d-47c8-9d73-b18e75942084,85ae4cf3-51bf-45d7-8011-bb994eb602a6,a88fd15f-1bbb-4271-941e-899867a89583,aa1dc229-7fd9-4825-a368-5b9a449669bf,925.0,925.0,59.29,15.6,7,2026-10-23,0.0356,0.0,0.0,0.0,1.0,0.1589,LOW
48582162-42dc-47f8-8191-d778dbe49852,85ae4cf3-51bf-45d7-8011-bb994eb602a6,6cbb6f57-d6cb-41b0-aca5-9ea4e8c5be47,aa1dc229-7fd9-4825-a368-5b9a449669bf,0.0,0.0,35.94,0.0,6,2026-10-09,0.982,0.0,0.0,0.9,0.0,0.6505,HIGH
f7bda283-d4eb-4e9e-a4ef-3c6e66ee7048,85ae4cf3-51bf-45d7-8011-bb994eb602a6,2f7de1c2-cb62-4261-83f5-d8323f438333,aa1dc229-7fd9-4825-a368-5b9a449669bf,983.0,983.0,70.35,13.97,2,2026-10-21,0.0068,0.0,0.0,0.0,0.0,0.0017,LOW
9e1b27a7-86a4-492b-99c8-6a768724f50f,85ae4cf3-51bf-45d7-8011-bb994eb602a6,9c021848-0377-486f-a048-370334cce953,aa1dc229-7fd9-4825-a368-5b9a449669bf,0.0,0.0,61.19,0.0,2,2026-10-09,0.8808,0.0,0.0,0.5,0.0,0.4452,MEDIUM
6b7b6dac-4d29-411d-b550-41d238b0a787,85ae4cf3-51bf-45d7-8011-bb994eb602a6,e5b7da92-602a-4a8f-9b36-3acfc3414ba7,aa1dc229-7fd9-4825-a368-5b9a449669bf,2127.0,2127.0,108.58,19.59,4,2026-10-27,0.0011,0.0,0.0,0.0,0.0,0.0003,LOW
3685d509-72bd-40d1-b18b-c8961c76aedb,85ae4cf3-51bf-45d7-8011-bb994eb602a6,ceee2775-c68b-4199-9eb8-21746763c4ba,aa1dc229-7fd9-4825-a368-5b9a449669bf,0.0,0.0,23.0,0.0,2,2026-10-09,0.8808,0.0,0.0,0.5,0.0,0.4452,MEDIUM
f2cbda7f-371a-4e70-abac-cb60ce592aab,85ae4cf3-51bf-45d7-8011-bb994eb602a6,24bad869-7045-4954-b58f-10edc0407e69,aa1dc229-7fd9-4825-a368-5b9a449669bf,0.0,0.0,42.35,0.0,8,2026-10-09,0.9933,0.0,0.0,1.0,0.0,0.6983,HIGH
bf761fdc-9eb3-48aa-942b-77330166bc82,85ae4cf3-51bf-45d7-8011-bb994eb602a6,e3420e6d-9ba0-43de-991d-15b61159daa1,aa1dc229-7fd9-4825-a368-5b9a449669bf,0.0,0.0,8.9,0.0,4,2026-10-09,0.9526,0.0,0.0,0.7,1.0,0.7031,HIGH
f2ca3827-e0c6-4080-b028-8663e68ffbdf,85ae4cf3-51bf-45d7-8011-bb994eb602a6,063be93d-6835-4b65-a8a1-c36e83278d83,aa1dc229-7fd9-4825-a368-5b9a449669bf,0.0,0.0,76.48,0.0,8,2026-10-09,0.9933,0.0,0.0,1.0,1.0,0.8483,CRITICAL
ca84774a-797d-49e1-b111-822e0fc6ab43,85ae4cf3-51bf-45d7-8011-bb994eb602a6,305d6d9c-7521-4f74-8c0d-0bf7d5af8dfd,aa1dc229-7fd9-4825-a368-5b9a449669bf,0.0,0.0,5.48,0.0,5,2026-10-09,0.9707,0.0,0.0,0.8,0.0,0.6027,HIGH
cd432dc0-26d7-4a22-9af4-f86d28ba2970,85ae4cf3-51bf-45d7-8011-bb994eb602a6,cf8bc62c-4d72-4142-8ab6-03524280a750,aa1dc229-7fd9-4825-a368-5b9a449669bf,0.0,0.0,74.71,0.0,9,2026-10-09,0.9959,0.0,0.0,1.0,0.0,0.699,HIGH
e2ac13a5-d8f7-4306-ad92-65a3966faeb9,85ae4cf3-51bf-45d7-8011-bb994eb602a6,70745aec-f24f-4b18-807e-6adb80d01ba0,aa1dc229-7fd9-4825-a368-5b9a449669bf,1293.0,1293.0,31.74,40.73,5,2026-11-17,0.0,0.0,0.0,0.0,0.0,0.0,LOW
86b92f11-157b-41d6-aaf8-d8710fb36f0f,85ae4cf3-51bf-45d7-8011-bb994eb602a6,b8b41174-e4bb-41e0-8dc8-fbdaf9d470ec,aa1dc229-7fd9-4825-a368-5b9a449669bf,0.0,0.0,25.87,0.0,8,2026-10-09,0.9933,0.0,0.0,1.0,1.0,0.8483,CRITICAL
a718a1c9-92b0-478c-9bac-89d7579e9c08,85ae4cf3-51bf-45d7-8011-bb994eb602a6,27bdd8c0-778d-42ea-ae25-964ce81e391d,aa1dc229-7fd9-4825-a368-5b9a449669bf,512.0,512.0,65.71,7.79,8,2026-10-15,0.751,0.0,0.0,0.3208,1.0,0.4821,MEDIUM
bb572cf1-dddd-4859-b90e-3e6904ac0b17,85ae4cf3-51bf-45d7-8011-bb994eb602a6,c51619a8-ba83-483f-9b52-064f926d96a2,aa1dc229-7fd9-4825-a368-5b9a449669bf,465.0,465.0,98.35,4.73,8,2026-10-12,0.9331,0.0,0.0,0.6272,0.0,0.5155,MEDIUM
97258970-ef4e-47bd-8ae1-f648a53b8015,85ae4cf3-51bf-45d7-8011-bb994eb602a6,220f964e-a351-4ad0-827e-502f5ded939c,aa1dc229-7fd9-4825-a368-5b9a449669bf,624.0,624.0,23.74,26.28,2,2026-11-03,0.0,0.0,0.0,0.0,0.0,0.0,LOW
bdd7ac8a-32f2-4d68-9e8a-71781c183ad2,85ae4cf3-51bf-45d7-8011-bb994eb602a6,13cd9912-56bb-4721-abb1-986f20a370cb,aa1dc229-7fd9-4825-a368-5b9a449669bf,0.0,0.0,51.71,0.0,7,2026-10-09,0.989,0.0,0.0,1.0,0.0,0.6973,HIGH
a9763520-96ec-42cf-a36c-92e3be705302,85ae4cf3-51bf-45d7-8011-bb994eb602a6,67f10774-4e14-4f09-90b6-00a732111449,aa1dc229-7fd9-4825-a368-5b9a449669bf,1928.0,1928.0,79.16,24.36,9,2026-11-01,0.0013,0.0,0.0,0.0,0.0,0.0003,LOW
1201f5a6-3cef-4b54-a98c-19b00a1db886,85ae4cf3-51bf-45d7-8011-bb994eb602a6,957c588f-5e69-469f-b353-4b24fef25a65,aa1dc229-7fd9-4825-a368-5b9a449669bf,96.0,96.0,29.9,3.21,7,2026-10-11,0.9476,0.0,0.0,0.679,0.0,0.5424,MEDIUM
beecf50d-5b99-425d-b972-13b7a5133c6c,85ae4cf3-51bf-45d7-8011-bb994eb602a6,24d1b68c-2a5b-464e-bb4e-c1071b3b4f3d,aa1dc229-7fd9-4825-a368-5b9a449669bf,0.0,0.0,10.45,0.0,3,2026-10-09,0.9241,0.0,0.0,0.6,0.0,0.501,MEDIUM
25c9f9ef-611a-4c1e-906b-0c49084c7269,85ae4cf3-51bf-45d7-8011-bb994eb602a6,99f2ef21-d83e-4cde-a73a-10b587a903a3,aa1dc229-7fd9-4825-a368-5b9a449669bf,0.0,0.0,28.9,0.0,7,2026-10-09,0.989,0.0,0.0,1.0,0.0,0.6973,HIGH
8472b981-0001-4f6a-969f-b1e72c55106a,85ae4cf3-51bf-45d7-8011-bb994eb602a6,24856ba7-ab81-4f22-985e-e30a3b9397cb,aa1dc229-7fd9-4825-a368-5b9a449669bf,0.0,0.0,38.9,0.0,5,2026-10-09,0.9707,0.0,0.0,0.8,0.0,0.6027,HIGH
9522a1e7-a62f-4e62-a5c2-b3dfbb5eb4eb,85ae4cf3-51bf-45d7-8011-bb994eb602a6,f1b95f47-94a2-4979-a411-02444c727d3e,aa1dc229-7fd9-4825-a368-5b9a449669bf,1035.0,1035.0,84.32,12.27,3,2026-10-20,0.0257,0.0,0.0,0.0,0.0,0.0064,LOW
d440915b-f28d-4a20-ab2d-14810b8799a8,85ae4cf3-51bf-45d7-8011-bb994eb602a6,0d430ec5-4d86-4820-8a2c-9a0885280906,aa1dc229-7fd9-4825-a368-5b9a449669bf,0.0,0.0,5.29,0.0,2,2026-10-09,0.8808,0.0,0.0,0.5,0.0,0.4452,MEDIUM
0d3f2e1e-0f46-4333-917e-5465ae49b797,85ae4cf3-51bf-45d7-8011-bb994eb602a6,1941089d-b192-4af2-b696-484fa9286d80,aa1dc229-7fd9-4825-a368-5b9a449669bf,0.0,0.0,18.71,0.0,9,2026-10-09,0.9959,0.0,0.0,1.0,0.0,0.699,HIGH
34ed627c-e412-4074-ba17-784b8f924b73,85ae4cf3-51bf-45d7-8011-bb994eb602a6,8e67a041-f702-4f16-b57b-c66dff30e18b,aa1dc229-7fd9-4825-a368-5b9a449669bf,906.0,906.0,40.58,22.33,8,2026-10-30,0.0021,0.0,0.0,0.0,0.0,0.0005,LOW
b99bcffa-f156-403d-beb4-e516845bb9ed,85ae4cf3-51bf-45d7-8011-bb994eb602a6,b699a59a-a0ec-49d9-b327-482e55347adf,aa1dc229-7fd9-4825-a368-5b9a449669bf,238.0,238.0,64.13,3.71,2,2026-10-11,0.536,0.0,0.0,0.1289,0.0,0.192,LOW
99b120a8-7651-420e-bd75-3df6ae0ef3db,9454a900-be26-4a3d-ad53-b449210cffb4,e3420e6d-9ba0-43de-991d-15b61159daa1,c892a00b-e4a6-47d6-95a4-a89c7c5f31cf,391.0,391.0,12.23,31.98,3,2026-11-08,0.0,0.0,0.0,0.0,1.0,0.15,LOW
3aaa306e-63a3-4c5c-94ae-b2bc16d30b95,9454a900-be26-4a3d-ad53-b449210cffb4,2c10bfc8-d106-4422-b38f-e414215c8def,c892a00b-e4a6-47d6-95a4-a89c7c5f31cf,1861.0,1861.0,91.06,20.44,4,2026-10-28,0.0007,0.0,0.0,0.0,0.0,0.0002,LOW
ab798cb5-7e07-477b-8019-2c898b3ff723,9454a900-be26-4a3d-ad53-b449210cffb4,378ef267-9155-41bc-a431-7c700c1731e3,c892a00b-e4a6-47d6-95a4-a89c7c5f31cf,620.0,259.0,69.32,8.94,2,2026-10-16,0.0779,361.0,0.5823,0.0,0.0,0.1068,LOW
ea387891-6e50-4aa6-bee1-eebbbbfa2817,9454a900-be26-4a3d-ad53-b449210cffb4,3e9b0bad-6728-4523-be87-a00adf0fff30,c892a00b-e4a6-47d6-95a4-a89c7c5f31cf,0.0,0.0,44.23,0.0,8,2026-10-09,0.9933,0.0,0.0,1.0,0.0,0.6983,HIGH
a19ec1be-4ae9-4a37-90e2-cb69a715db28,9454a900-be26-4a3d-ad53-b449210cffb4,c5533566-0e57-4058-9e8f-cc921a574da9,c892a00b-e4a6-47d6-95a4-a89c7c5f31cf,952.0,952.0,77.58,12.27,6,2026-10-20,0.1057,0.0,0.0,0.0,0.0,0.0264,LOW
cc2d2518-e28b-44d8-8cfa-ed5dfb4c5762,9454a900-be26-4a3d-ad53-b449210cffb4,0df67422-0ffe-4855-b4b7-0f4e8676cbdb,c892a00b-e4a6-47d6-95a4-a89c7c5f31cf,1237.0,1237.0,65.71,18.83,8,2026-10-26,0.012,0.0,0.0,0.0,0.0,0.003,LOW
edba8992-4155-4028-8681-47102bcdda20,9454a900-be26-4a3d-ad53-b449210cffb4,ceee2775-c68b-4199-9eb8-21746763c4ba,c892a00b-e4a6-47d6-95a4-a89c7c5f31cf,0.0,0.0,23.9,0.0,6,2026-10-09,0.982,0.0,0.0,0.9,0.0,0.6505,HIGH
abc2ebfb-6e2d-433b-a064-d7ff458f015b,9454a900-be26-4a3d-ad53-b449210cffb4,fdd23e22-960c-4a44-af67-60d832b98217,c892a00b-e4a6-47d6-95a4-a89c7c5f31cf,584.0,584.0,92.03,6.35,8,2026-10-14,0.8614,0.0,0.0,0.4654,0.0,0.4248,MEDIUM
77273e6e-2790-4b57-a0d7-31059bad8e5f,9454a900-be26-4a3d-ad53-b449210cffb4,305d6d9c-7521-4f74-8c0d-0bf7d5af8dfd,c892a00b-e4a6-47d6-95a4-a89c7c5f31cf,969.0,969.0,5.74,168.76,2,,0.0,0.0,0.0,0.0,0.0,0.0,LOW
f3d2f31a-ab65-419d-bbd1-fa829f83944e,9454a900-be26-4a3d-ad53-b449210cffb4,8cb385ca-cfdc-404f-8298-512a7c8578b3,c892a00b-e4a6-47d6-95a4-a89c7c5f31cf,855.0,855.0,20.65,41.41,8,2026-11-18,0.0,0.0,0.0,0.0,0.0,0.0,LOW
db5d950a-9fd9-43be-9303-300d78127974,9454a900-be26-4a3d-ad53-b449210cffb4,ea61edd3-7fbd-4c08-b312-d866041879c2,c892a00b-e4a6-47d6-95a4-a89c7c5f31cf,1454.0,1017.0,12.68,114.69,7,,0.0,437.0,0.3006,0.0,1.0,0.1951,LOW
0aa3b06d-7f29-4f7e-ac14-02930502a234,9454a900-be26-4a3d-ad53-b449210cffb4,dee6b134-5f4e-4d83-8133-35e34f0b48e8,c892a00b-e4a6-47d6-95a4-a89c7c5f31cf,0.0,0.0,74.35,0.0,2,2026-10-09,0.8808,0.0,0.0,0.5,0.0,0.4452,MEDIUM
234eb70c-9a34-4ea9-9a53-aa548a550577,9454a900-be26-4a3d-ad53-b449210cffb4,b3163dc0-3ac7-41cc-b4fc-244bcbe446ad,c892a00b-e4a6-47d6-95a4-a89c7c5f31cf,0.0,0.0,26.42,0.0,3,2026-10-09,0.9241,0.0,0.0,0.6,0.0,0.501,MEDIUM
9a81c716-1c85-4e25-8445-be577ee33ea4,9454a900-be26-4a3d-ad53-b449210cffb4,ec00005f-8d61-4b61-825c-d8c696ae49aa,c892a00b-e4a6-47d6-95a4-a89c7c5f31cf,979.0,979.0,12.45,78.62,6,,0.0,0.0,0.0,0.0,0.0,0.0,LOW
59b3cc5e-2ba4-44ef-b096-d0dbde3d2f52,9454a900-be26-4a3d-ad53-b449210cffb4,1d534fd0-ecdb-47f7-8df1-911899944ac3,c892a00b-e4a6-47d6-95a4-a89c7c5f31cf,0.0,0.0,24.61,0.0,5,2026-10-09,0.9707,0.0,0.0,0.8,0.0,0.6027,HIGH
41831976-5ea6-4558-95b0-713e5ce9d6ee,9454a900-be26-4a3d-ad53-b449210cffb4,2aceb2a6-c859-4f95-a238-9ad796b698fa,c892a00b-e4a6-47d6-95a4-a89c7c5f31cf,1152.0,1152.0,37.45,30.76,7,2026-11-07,0.0,0.0,0.0,0.0,0.0,0.0,LOW
a4ca3dff-4ace-4675-9e09-5c187f483975,9454a900-be26-4a3d-ad53-b449210cffb4,6f12778d-43ca-4220-8b3b-11201ac91209,c892a00b-e4a6-47d6-95a4-a89c7c5f31cf,0.0,0.0,72.77,0.0,4,2026-10-09,0.9526,0.0,0.0,0.7,1.0,0.7031,HIGH
423cbffb-dabc-4eea-a896-a6e32d8d9f93,9454a900-be26-4a3d-ad53-b449210cffb4,24db962d-9a6b-4de6-982b-b719e504efb9,c892a00b-e4a6-47d6-95a4-a89c7c5f31cf,1570.0,1570.0,54.52,28.8,6,2026-11-05,0.0,0.0,0.0,0.0,0.0,0.0,LOW
b1830a15-a10c-49ad-bc57-96d65e497d3c,9454a900-be26-4a3d-ad53-b449210cffb4,2c4e6d71-0152-4e82-9c16-bfc9c81ea55e,c892a00b-e4a6-47d6-95a4-a89c7c5f31cf,0.0,0.0,35.65,0.0,6,2026-10-09,0.982,0.0,0.0,0.9,0.0,0.6505,HIGH
6c776cc7-5b6e-4060-ae16-1dbd0d100745,9454a900-be26-4a3d-ad53-b449210cffb4,9c021848-0377-486f-a048-370334cce953,c892a00b-e4a6-47d6-95a4-a89c7c5f31cf,0.0,0.0,45.35,0.0,7,2026-10-09,0.989,0.0,0.0,1.0,0.0,0.6973,HIGH
b754db60-3038-4471-aeb0-1cd6a1a06d11,9454a900-be26-4a3d-ad53-b449210cffb4,be0b42c5-6bfe-48dc-8f33-e20d29d25a48,c892a00b-e4a6-47d6-95a4-a89c7c5f31cf,1145.0,1145.0,93.26,12.28,6,2026-10-20,0.1054,0.0,0.0,0.0,0.0,0.0263,LOW
f7fad8b5-4da7-45d1-9da7-a9e4bb9cf6ca,9454a900-be26-4a3d-ad53-b449210cffb4,1b0a2521-7dda-4bed-8313-954689f28c33,c892a00b-e4a6-47d6-95a4-a89c7c5f31cf,0.0,0.0,16.81,0.0,2,2026-10-09,0.8808,0.0,0.0,0.5,0.0,0.4452,MEDIUM
fb15ad74-e70f-4f45-9c98-6a1291e97640,9454a900-be26-4a3d-ad53-b449210cffb4,a197882a-31bc-40ba-be53-5a7c2f5930f7,c892a00b-e4a6-47d6-95a4-a89c7c5f31cf,1421.0,1421.0,67.35,21.1,2,2026-10-29,0.0002,0.0,0.0,0.0,1.0,0.15,LOW
6214f8fa-bb38-4c63-86bb-b72900d098ac,9454a900-be26-4a3d-ad53-b449210cffb4,9f081f26-ba8d-47d6-870e-ca0ca1cae51f,c892a00b-e4a6-47d6-95a4-a89c7c5f31cf,282.0,282.0,81.45,3.46,6,2026-10-11,0.9063,0.0,0.0,0.5538,1.0,0.6258,HIGH
b05ec8d8-9001-4ba6-ad77-6294adcc0f8d,9454a900-be26-4a3d-ad53-b449210cffb4,27bdd8c0-778d-42ea-ae25-964ce81e391d,c892a00b-e4a6-47d6-95a4-a89c7c5f31cf,0.0,0.0,72.97,0.0,8,2026-10-09,0.9933,0.0,0.0,1.0,1.0,0.8483,CRITICAL
3cb3340f-63af-437b-997f-b6434692796a,9454a900-be26-4a3d-ad53-b449210cffb4,d2219992-909f-48be-967e-2e3f1c3ddfa9,c892a00b-e4a6-47d6-95a4-a89c7c5f31cf,0.0,0.0,11.55,0.0,4,2026-10-09,0.9526,0.0,0.0,0.7,0.0,0.5531,HIGH
28f87972-1da4-4024-ab7e-fed7aa2e9cb6,9454a900-be26-4a3d-ad53-b449210cffb4,9c06c388-c751-407e-9c97-3b46b1db5e7c,c892a00b-e4a6-47d6-95a4-a89c7c5f31cf,1725.0,785.0,58.55,29.46,6,2026-11-06,0.0,940.0,0.5449,0.0,0.0,0.0817,LOW
b092e0aa-8b02-4eb7-ade3-18de46dbe532,9454a900-be26-4a3d-ad53-b449210cffb4,b699a59a-a0ec-49d9-b327-482e55347adf,c892a00b-e4a6-47d6-95a4-a89c7c5f31cf,613.0,613.0,51.65,11.87,9,2026-10-19,0.393,0.0,0.0,0.0131,0.0,0.1041,LOW
e6e7608c-44cc-48bf-8edd-39ce57e13e70,9454a900-be26-4a3d-ad53-b449210cffb4,b1b122eb-1ba2-4148-b9ac-5d21b2adf647,c892a00b-e4a6-47d6-95a4-a89c7c5f31cf,0.0,0.0,58.9,0.0,4,2026-10-09,0.9526,0.0,0.0,0.7,0.0,0.5531,HIGH
dd4a85f4-7d1c-4377-a977-fab78a9d6e49,9454a900-be26-4a3d-ad53-b449210cffb4,4bd504ed-a1c0-48c9-bff0-b66723a5f08d,c892a00b-e4a6-47d6-95a4-a89c7c5f31cf,0.0,0.0,33.68,0.0,9,2026-10-09,0.9959,0.0,0.0,1.0,0.0,0.699,HIGH
25dff752-536e-45b2-83b5-2e97f2ae1525,9454a900-be26-4a3d-ad53-b449210cffb4,063be93d-6835-4b65-a8a1-c36e83278d83,c892a00b-e4a6-47d6-95a4-a89c7c5f31cf,0.0,0.0,67.13,0.0,7,2026-10-09,0.989,0.0,0.0,1.0,1.0,0.8473,CRITICAL
dddab08e-aece-4470-a609-1682de3b4b5b,9454a900-be26-4a3d-ad53-b449210cffb4,a041cc1e-bb11-4e03-9969-5026c46ed837,c892a00b-e4a6-47d6-95a4-a89c7c5f31cf,2071.0,2071.0,43.94,47.14,9,2026-11-24,0.0,0.0,0.0,0.0,0.0,0.0,LOW
6b38eb54-61ab-4ce9-95e2-0fcb52d1c963,9454a900-be26-4a3d-ad53-b449210cffb4,7b6b643c-11d8-4a62-8cfe-a28f5fe4f2d6,c892a00b-e4a6-47d6-95a4-a89c7c5f31cf,0.0,0.0,42.81,0.0,8,2026-10-09,0.9933,0.0,0.0,1.0,0.0,0.6983,HIGH
4b8676ff-f6e3-4a6c-9665-6ba685add0a7,9454a900-be26-4a3d-ad53-b449210cffb4,c2b13e9e-9865-4a6b-ba11-417dbd416417,c892a00b-e4a6-47d6-95a4-a89c7c5f31cf,468.0,468.0,23.26,20.12,7,2026-10-28,0.0038,0.0,0.0,0.0,0.0,0.001,LOW
a53dbe2c-8dbd-46dc-bcbf-c0aa31135b00,9454a900-be26-4a3d-ad53-b449210cffb4,16d1b73f-8881-425f-82b2-7ab4974b08ef,c892a00b-e4a6-47d6-95a4-a89c7c5f31cf,1869.0,1790.0,59.81,31.25,5,2026-11-08,0.0,79.0,0.0423,0.0,0.0,0.0063,LOW
57d7555e-47bc-4310-adc3-f16b0b7d5bcd,9454a900-be26-4a3d-ad53-b449210cffb4,67f10774-4e14-4f09-90b6-00a732111449,c892a00b-e4a6-47d6-95a4-a89c7c5f31cf,0.0,0.0,99.42,0.0,9,2026-10-09,0.9959,0.0,0.0,1.0,0.0,0.699,HIGH
a320657f-ffd8-48ac-929f-ebf67718d8fd,9454a900-be26-4a3d-ad53-b449210cffb4,3b4f2db0-078e-4414-849b-1ba2782649be,c892a00b-e4a6-47d6-95a4-a89c7c5f31cf,0.0,0.0,19.13,0.0,4,2026-10-09,0.9526,0.0,0.0,0.7,1.0,0.7031,HIGH
e68636b1-29a7-458c-98d1-3adb92835bb8,9454a900-be26-4a3d-ad53-b449210cffb4,3e6ecca3-9ad1-49a9-ad9a-5509b28de79d,c892a00b-e4a6-47d6-95a4-a89c7c5f31cf,874.0,874.0,87.87,9.95,8,2026-10-17,0.5067,0.0,0.0,0.1054,0.0,0.1741,LOW
9cac0a71-1c3c-4e34-ab8d-bb509e26329e,9454a900-be26-4a3d-ad53-b449210cffb4,0073cc32-e309-402c-96aa-1fb03de469f1,c892a00b-e4a6-47d6-95a4-a89c7c5f31cf,0.0,0.0,37.94,0.0,5,2026-10-09,0.9707,0.0,0.0,0.8,0.0,0.6027,HIGH
00cd98bc-3516-4761-82ce-80bae8deab2e,9454a900-be26-4a3d-ad53-b449210cffb4,67ae158e-8140-49ce-b874-0acf92a800c2,c892a00b-e4a6-47d6-95a4-a89c7c5f31cf,0.0,0.0,5.45,0.0,7,2026-10-09,0.989,0.0,0.0,1.0,0.0,0.6973,HIGH
9a0a063a-4908-4818-97a8-821349288efc,9454a900-be26-4a3d-ad53-b449210cffb4,0a915249-7e9b-4a22-be4b-d5a6c9628e04,c892a00b-e4a6-47d6-95a4-a89c7c5f31cf,0.0,0.0,33.39,0.0,9,2026-10-09,0.9959,0.0,0.0,1.0,0.0,0.699,HIGH
2992cdd2-08f7-4573-891c-9776f6c2bfe0,9454a900-be26-4a3d-ad53-b449210cffb4,01d77a5e-a466-4d48-b24b-31edb500e5fa,c892a00b-e4a6-47d6-95a4-a89c7c5f31cf,0.0,0.0,89.48,0.0,6,2026-10-09,0.982,0.0,0.0,0.9,0.0,0.6505,HIGH
6b838cdc-8838-4842-85a2-fdc4a4b0197a,9454a900-be26-4a3d-ad53-b449210cffb4,987c980e-f5ed-4388-b102-971ff25870b1,c892a00b-e4a6-47d6-95a4-a89c7c5f31cf,0.0,0.0,8.87,0.0,2,2026-10-09,0.8808,0.0,0.0,0.5,1.0,0.5952,HIGH
a3f8a142-fbcd-41a5-a234-ce60fa5b7a24,9454a900-be26-4a3d-ad53-b449210cffb4,831a67ea-b75d-494e-8ba6-e91b1b1eae6e,c892a00b-e4a6-47d6-95a4-a89c7c5f31cf,315.0,315.0,42.9,7.34,4,2026-10-15,0.3383,0.0,0.0,0.0,0.0,0.0846,LOW
d0ce31de-e2a3-4cae-9f28-1da03cd712f8,9454a900-be26-4a3d-ad53-b449210cffb4,24d1b68c-2a5b-464e-bb4e-c1071b3b4f3d,c892a00b-e4a6-47d6-95a4-a89c7c5f31cf,0.0,0.0,12.9,0.0,6,2026-10-09,0.982,0.0,0.0,0.9,0.0,0.6505,HIGH
c5839da7-0ae2-4e28-8d00-30c666b4a0f1,9454a900-be26-4a3d-ad53-b449210cffb4,fda2f8a3-95ba-4f42-97f3-dbce57a916f1,c892a00b-e4a6-47d6-95a4-a89c7c5f31cf,0.0,0.0,82.87,0.0,6,2026-10-09,0.982,0.0,0.0,0.9,0.0,0.6505,HIGH
d0a56bf7-35d7-4ced-85dc-6265759ecdee,9454a900-be26-4a3d-ad53-b449210cffb4,2f7de1c2-cb62-4261-83f5-d8323f438333,c892a00b-e4a6-47d6-95a4-a89c7c5f31cf,1409.0,1409.0,39.9,35.31,7,2026-11-12,0.0,0.0,0.0,0.0,0.0,0.0,LOW
35d9e7bd-9195-4190-8f38-4a5d3963e3e3,9454a900-be26-4a3d-ad53-b449210cffb4,d039d8bd-44d3-44fc-a49f-83d1987d0b48,c892a00b-e4a6-47d6-95a4-a89c7c5f31cf,302.0,302.0,114.0,2.65,6,2026-10-10,0.9356,0.0,0.0,0.6351,1.0,0.6697,HIGH
e4309cf3-6934-44b6-8992-19e0263a4714,9454a900-be26-4a3d-ad53-b449210cffb4,3a19d3ca-1898-4db4-b347-55af1376c897,c892a00b-e4a6-47d6-95a4-a89c7c5f31cf,2193.0,2193.0,60.35,36.34,8,2026-11-13,0.0,0.0,0.0,0.0,0.0,0.0,LOW
d0ad6618-0e3a-47c7-9664-58a5928c029d,9454a900-be26-4a3d-ad53-b449210cffb4,24856ba7-ab81-4f22-985e-e30a3b9397cb,c892a00b-e4a6-47d6-95a4-a89c7c5f31cf,0.0,0.0,28.13,0.0,3,2026-10-09,0.9241,0.0,0.0,0.6,0.0,0.501,MEDIUM
cb51198a-7eb7-406a-b2a7-026a75b8e042,9454a900-be26-4a3d-ad53-b449210cffb4,b261960f-23be-4297-9c50-f27ceac7eedb,c892a00b-e4a6-47d6-95a4-a89c7c5f31cf,0.0,0.0,27.03,0.0,4,2026-10-09,0.9526,0.0,0.0,0.7,0.0,0.5531,HIGH
f792cdaf-5048-4e0e-aa12-3b41443153d2,9454a900-be26-4a3d-ad53-b449210cffb4,33e37cdb-690b-4dd6-aa0b-3e189bf6bc51,c892a00b-e4a6-47d6-95a4-a89c7c5f31cf,0.0,0.0,76.58,0.0,8,2026-10-09,0.9933,0.0,0.0,1.0,0.0,0.6983,HIGH
9d07a1e1-cf7d-4544-ac06-c94aa5df2fb1,9454a900-be26-4a3d-ad53-b449210cffb4,8e15b3a9-915f-4bf0-84c7-182f335e062c,c892a00b-e4a6-47d6-95a4-a89c7c5f31cf,215.0,0.0,28.52,7.54,3,2026-10-15,0.2193,215.0,1.0,0.0,0.0,0.2048,LOW
ffa6bf90-d898-4bdd-a2ef-f39bbfe3ad53,9454a900-be26-4a3d-ad53-b449210cffb4,b3fa980f-96f4-474d-8999-454117e0d5d6,c892a00b-e4a6-47d6-95a4-a89c7c5f31cf,0.0,0.0,50.61,0.0,3,2026-10-09,0.9241,0.0,0.0,0.6,0.0,0.501,MEDIUM
418c5e1d-55e1-440d-bb0b-3cff6dda4ba7,9454a900-be26-4a3d-ad53-b449210cffb4,fb695fdf-9397-485a-aa21-6d65c73c7b07,c892a00b-e4a6-47d6-95a4-a89c7c5f31cf,0.0,0.0,79.42,0.0,3,2026-10-09,0.9241,0.0,0.0,0.6,0.0,0.501,MEDIUM
8454fa0f-1dd9-4f13-ad19-25cf86054bf7,9454a900-be26-4a3d-ad53-b449210cffb4,cf8bc62c-4d72-4142-8ab6-03524280a750,c892a00b-e4a6-47d6-95a4-a89c7c5f31cf,894.0,894.0,91.0,9.82,8,2026-10-17,0.522,0.0,0.0,0.1176,0.0,0.1834,LOW
1bdf83c6-ad7e-40d0-8017-aa3c0b3b04e6,9454a900-be26-4a3d-ad53-b449210cffb4,2b376704-d06b-441d-a2bf-f0973873411c,c892a00b-e4a6-47d6-95a4-a89c7c5f31cf,373.0,373.0,103.61,3.6,2,2026-10-11,0.5498,0.0,0.0,0.14,1.0,0.3505,MEDIUM
28c396e4-f045-42d6-b6ab-1ddebd48701e,9454a900-be26-4a3d-ad53-b449210cffb4,c51619a8-ba83-483f-9b52-064f926d96a2,c892a00b-e4a6-47d6-95a4-a89c7c5f31cf,311.0,311.0,74.13,4.2,5,2026-10-12,0.8025,0.0,0.0,0.3805,0.0,0.3718,MEDIUM
8e8be621-0a2d-424d-8768-dcba92cd9cfc,9454a900-be26-4a3d-ad53-b449210cffb4,97a16fda-9cba-4dc2-8770-0b5104c507d2,c892a00b-e4a6-47d6-95a4-a89c7c5f31cf,0.0,0.0,18.48,0.0,3,2026-10-09,0.9241,0.0,0.0,0.6,1.0,0.651,HIGH
9ab24578-915e-45cb-b256-657062e167be,9454a900-be26-4a3d-ad53-b449210cffb4,0c98fcbf-9121-467b-910d-10fcfbcd35b6,c892a00b-e4a6-47d6-95a4-a89c7c5f31cf,405.0,405.0,42.65,9.5,3,2026-10-17,0.0955,0.0,0.0,0.0,0.0,0.0239,LOW
4d73c29d-d368-4756-81c0-f17e5792fdb3,9454a900-be26-4a3d-ad53-b449210cffb4,43110ae2-2c0b-4654-936a-72afad56219d,c892a00b-e4a6-47d6-95a4-a89c7c5f31cf,987.0,987.0,29.06,33.96,3,2026-11-10,0.0,0.0,0.0,0.0,0.0,0.0,LOW
af8f7389-4751-46d8-b068-f6482bbee270,9454a900-be26-4a3d-ad53-b449210cffb4,a88fd15f-1bbb-4271-941e-899867a89583,c892a00b-e4a6-47d6-95a4-a89c7c5f31cf,0.0,0.0,68.06,0.0,3,2026-10-09,0.9241,0.0,0.0,0.6,1.0,0.651,HIGH
06d86e2e-354d-40f6-8494-e183d4928ee6,9454a900-be26-4a3d-ad53-b449210cffb4,6989db76-adcc-4a3d-b3c0-61fb496a0f5d,c892a00b-e4a6-47d6-95a4-a89c7c5f31cf,2183.0,2183.0,52.16,41.85,7,2026-11-18,0.0,0.0,0.0,0.0,0.0,0.0,LOW
fe32d282-892f-4bed-9e86-b30cc6969c4b,9454a900-be26-4a3d-ad53-b449210cffb4,1941089d-b192-4af2-b696-484fa9286d80,c892a00b-e4a6-47d6-95a4-a89c7c5f31cf,0.0,0.0,16.06,0.0,3,2026-10-09,0.9241,0.0,0.0,0.6,0.0,0.501,MEDIUM
2a8c25b9-7807-4936-8a49-a675b5f3d687,9454a900-be26-4a3d-ad53-b449210cffb4,ca8399a1-143e-4717-be95-7836c2f21dcb,c892a00b-e4a6-47d6-95a4-a89c7c5f31cf,2037.0,2037.0,8.61,236.51,6,,0.0,0.0,0.0,0.0,0.0,0.0,LOW
5026725d-ed2d-4857-8557-136b6387cd5c,9454a900-be26-4a3d-ad53-b449210cffb4,9d6f82ea-a6c1-4ee5-bd74-c517ba546a27,c892a00b-e4a6-47d6-95a4-a89c7c5f31cf,0.0,0.0,69.45,0.0,2,2026-10-09,0.8808,0.0,0.0,0.5,0.0,0.4452,MEDIUM
a7b1bc0c-3f75-44e9-9b62-77ebd99dc0cf,9454a900-be26-4a3d-ad53-b449210cffb4,0d430ec5-4d86-4820-8a2c-9a0885280906,c892a00b-e4a6-47d6-95a4-a89c7c5f31cf,0.0,0.0,4.23,0.0,8,2026-10-09,0.9933,0.0,0.0,1.0,0.0,0.6983,HIGH
5c777613-eddb-4915-9194-3727b4c69d13,9454a900-be26-4a3d-ad53-b449210cffb4,3e98e5ab-52e7-4056-8353-5ac655247948,c892a00b-e4a6-47d6-95a4-a89c7c5f31cf,0.0,0.0,84.19,0.0,2,2026-10-09,0.8808,0.0,0.0,0.5,0.0,0.4452,MEDIUM
1496c4b4-9f0b-4fb0-a8a5-e2d032a8d336,9454a900-be26-4a3d-ad53-b449210cffb4,ebb48eae-a1ef-4da9-8ae1-b2f70e717661,c892a00b-e4a6-47d6-95a4-a89c7c5f31cf,1107.0,1107.0,58.23,19.01,7,2026-10-27,0.0067,0.0,0.0,0.0,0.0,0.0017,LOW
c0da4f0a-5b2c-46c3-88d4-ade645b28591,9454a900-be26-4a3d-ad53-b449210cffb4,bd5b3f87-5b53-4347-ac00-12fb9d5cd5a6,c892a00b-e4a6-47d6-95a4-a89c7c5f31cf,2075.0,2075.0,4.42,469.53,4,,0.0,0.0,0.0,0.0,0.0,0.0,LOW
100bac85-a4b4-4690-942d-e392f661b90b,9454a900-be26-4a3d-ad53-b449210cffb4,d6c64038-55ae-44a3-863b-be781e1a4649,c892a00b-e4a6-47d6-95a4-a89c7c5f31cf,0.0,0.0,4.32,0.0,7,2026-10-09,0.989,0.0,0.0,1.0,0.0,0.6973,HIGH
5c9f6e4e-5e4a-47e8-9940-7b26067f5b3e,9454a900-be26-4a3d-ad53-b449210cffb4,061b886b-98ed-480e-9810-63995f2f47ed,c892a00b-e4a6-47d6-95a4-a89c7c5f31cf,1823.0,1823.0,54.39,33.52,8,2026-11-10,0.0,0.0,0.0,0.0,0.0,0.0,LOW
e0e658d3-d39e-4483-b58b-8601f37219f1,9454a900-be26-4a3d-ad53-b449210cffb4,b8b41174-e4bb-41e0-8dc8-fbdaf9d470ec,c892a00b-e4a6-47d6-95a4-a89c7c5f31cf,1092.0,1092.0,38.68,28.23,2,2026-11-05,0.0,0.0,0.0,0.0,1.0,0.15,LOW
9e9a2a57-e51a-4aae-94af-443dc43f8156,9454a900-be26-4a3d-ad53-b449210cffb4,1640337f-9614-4c3f-bda8-20c0eb4c6bce,c892a00b-e4a6-47d6-95a4-a89c7c5f31cf,766.0,766.0,66.23,11.57,2,2026-10-19,0.0222,0.0,0.0,0.0,0.0,0.0056,LOW
30fe3298-be83-4c19-8315-2c693bdeea37,9454a900-be26-4a3d-ad53-b449210cffb4,419b95a7-17e5-4918-ad68-d58ee6b6e6f5,c892a00b-e4a6-47d6-95a4-a89c7c5f31cf,1088.0,1088.0,9.52,114.33,6,,0.0,0.0,0.0,0.0,1.0,0.15,LOW
fc3209d0-9846-4edd-842a-37f7bd14872f,0d84597b-6ea1-4332-bd4a-8451cde06855,0d430ec5-4d86-4820-8a2c-9a0885280906,92d6d814-267e-4d58-87a8-d281c670f7c4,592.0,381.0,7.61,77.76,6,,0.0,211.0,0.3564,0.0,0.0,0.0535,LOW
7447a601-ee50-471c-895d-7cf1bb395f43,0d84597b-6ea1-4332-bd4a-8451cde06855,ea61edd3-7fbd-4c08-b312-d866041879c2,92d6d814-267e-4d58-87a8-d281c670f7c4,0.0,0.0,10.87,0.0,6,2026-10-09,0.982,0.0,0.0,0.9,1.0,0.8005,CRITICAL
238d8676-1a3e-4006-98df-cee95a55213c,0d84597b-6ea1-4332-bd4a-8451cde06855,58bf12e5-ee8a-4194-a34c-aa820079144d,92d6d814-267e-4d58-87a8-d281c670f7c4,0.0,0.0,60.29,0.0,6,2026-10-09,0.982,0.0,0.0,0.9,0.0,0.6505,HIGH
9fef613f-8260-4da2-bf3a-eda7f1363eed,0d84597b-6ea1-4332-bd4a-8451cde06855,061b886b-98ed-480e-9810-63995f2f47ed,92d6d814-267e-4d58-87a8-d281c670f7c4,369.0,369.0,43.52,8.48,3,2026-10-16,0.1493,0.0,0.0,0.0,0.0,0.0373,LOW
8e2390de-f64a-4f7d-9411-ea0620985e04,0d84597b-6ea1-4332-bd4a-8451cde06855,a7d4d675-bb94-424a-b6e4-1709b9e91e6d,92d6d814-267e-4d58-87a8-d281c670f7c4,0.0,0.0,35.0,0.0,9,2026-10-09,0.9959,0.0,0.0,1.0,1.0,0.849,CRITICAL
61c091d3-38d0-45d1-a35b-99cf85cfe713,0d84597b-6ea1-4332-bd4a-8451cde06855,ceee2775-c68b-4199-9eb8-21746763c4ba,92d6d814-267e-4d58-87a8-d281c670f7c4,646.0,0.0,29.35,22.01,2,2026-10-30,0.0001,646.0,1.0,0.0,0.0,0.15,LOW
7e019397-cf98-47f1-994c-7187c1ea5eed,0d84597b-6ea1-4332-bd4a-8451cde06855,dee6b134-5f4e-4d83-8133-35e34f0b48e8,92d6d814-267e-4d58-87a8-d281c670f7c4,138.0,138.0,74.32,1.86,2,2026-10-09,0.7449,0.0,0.0,0.3143,0.0,0.3277,MEDIUM
5ae5de04-b20e-435d-977c-e108abb591ed,0d84597b-6ea1-4332-bd4a-8451cde06855,16d1b73f-8881-425f-82b2-7ab4974b08ef,92d6d814-267e-4d58-87a8-d281c670f7c4,857.0,857.0,45.03,19.03,4,2026-10-27,0.0015,0.0,0.0,0.0,0.0,0.0004,LOW
8fcdfddf-7876-47b2-adb7-7478713f49da,0d84597b-6ea1-4332-bd4a-8451cde06855,3a19d3ca-1898-4db4-b347-55af1376c897,92d6d814-267e-4d58-87a8-d281c670f7c4,934.0,934.0,69.35,13.47,7,2026-10-21,0.0968,0.0,0.0,0.0,0.0,0.0242,LOW
b4c3b94a-999f-45b5-a665-6a31f642eb64,0d84597b-6ea1-4332-bd4a-8451cde06855,522740d6-f3db-4ac1-a547-6b62598fe57f,92d6d814-267e-4d58-87a8-d281c670f7c4,1089.0,1089.0,77.16,14.11,6,2026-10-22,0.0449,0.0,0.0,0.0,0.0,0.0112,LOW
cc1e911c-147e-4d8d-a3c0-ea714bfa0a23,0d84597b-6ea1-4332-bd4a-8451cde06855,24db962d-9a6b-4de6-982b-b719e504efb9,92d6d814-267e-4d58-87a8-d281c670f7c4,0.0,0.0,57.81,0.0,2,2026-10-09,0.8808,0.0,0.0,0.5,0.0,0.4452,MEDIUM
f38de253-a179-4771-99da-d6923a216ce6,0d84597b-6ea1-4332-bd4a-8451cde06855,43110ae2-2c0b-4654-936a-72afad56219d,92d6d814-267e-4d58-87a8-d281c670f7c4,1003.0,1003.0,21.16,47.4,2,2026-11-24,0.0,0.0,0.0,0.0,0.0,0.0,LOW
2d9582fe-0360-4ccf-94db-671c1de6b5f6,0d84597b-6ea1-4332-bd4a-8451cde06855,2cd10b6d-063e-4f55-a0b6-37edb93b63a6,92d6d814-267e-4d58-87a8-d281c670f7c4,0.0,0.0,46.74,0.0,8,2026-10-09,0.9933,0.0,0.0,1.0,0.0,0.6983,HIGH
2561de66-83e7-4a4d-ab09-e0e8181039fb,0d84597b-6ea1-4332-bd4a-8451cde06855,063be93d-6835-4b65-a8a1-c36e83278d83,92d6d814-267e-4d58-87a8-d281c670f7c4,2069.0,1328.0,50.19,41.22,3,2026-11-18,0.0,741.0,0.3581,0.0,1.0,0.2037,LOW
cf5e4200-a424-4dfb-a89b-a2662790a1ed,0d84597b-6ea1-4332-bd4a-8451cde06855,2f7de1c2-cb62-4261-83f5-d8323f438333,92d6d814-267e-4d58-87a8-d281c670f7c4,0.0,0.0,60.19,0.0,3,2026-10-09,0.9241,0.0,0.0,0.6,0.0,0.501,MEDIUM
1140acb3-06cc-4356-b500-1864aaeb8bc1,0d84597b-6ea1-4332-bd4a-8451cde06855,831a67ea-b75d-494e-8ba6-e91b1b1eae6e,92d6d814-267e-4d58-87a8-d281c670f7c4,0.0,0.0,39.58,0.0,8,2026-10-09,0.9933,0.0,0.0,1.0,0.0,0.6983,HIGH
8bcaf2f9-9864-4cfa-887a-700a2fabb273,0d84597b-6ea1-4332-bd4a-8451cde06855,70745aec-f24f-4b18-807e-6adb80d01ba0,92d6d814-267e-4d58-87a8-d281c670f7c4,2118.0,2118.0,39.61,53.47,8,2026-11-30,0.0,0.0,0.0,0.0,0.0,0.0,LOW
522f7a5a-0f02-4df1-a38d-8de9f8565b84,0d84597b-6ea1-4332-bd4a-8451cde06855,2aceb2a6-c859-4f95-a238-9ad796b698fa,92d6d814-267e-4d58-87a8-d281c670f7c4,0.0,0.0,57.29,0.0,7,2026-10-09,0.989,0.0,0.0,1.0,0.0,0.6973,HIGH
f35ae12a-b41b-493f-9485-c5f1fcf5bc2b,0d84597b-6ea1-4332-bd4a-8451cde06855,fb695fdf-9397-485a-aa21-6d65c73c7b07,92d6d814-267e-4d58-87a8-d281c670f7c4,779.0,779.0,108.77,7.16,9,2026-10-15,0.872,0.0,0.0,0.4838,0.0,0.4357,MEDIUM
74e71368-8c08-4cd5-835a-81310a8d57c1,0d84597b-6ea1-4332-bd4a-8451cde06855,99f2ef21-d83e-4cde-a73a-10b587a903a3,92d6d814-267e-4d58-87a8-d281c670f7c4,0.0,0.0,33.77,0.0,9,2026-10-09,0.9959,0.0,0.0,1.0,0.0,0.699,HIGH
0ba2c56a-1646-4805-bae8-2f45943a2546,0d84597b-6ea1-4332-bd4a-8451cde06855,85b186aa-f3a1-45ba-8d0c-349f8a13c3d4,92d6d814-267e-4d58-87a8-d281c670f7c4,2202.0,2202.0,21.1,104.38,3,,0.0,0.0,0.0,0.0,1.0,0.15,LOW
731d165b-0f0c-4794-9e7c-66cea2da39f1,0d84597b-6ea1-4332-bd4a-8451cde06855,f00273a7-acae-43ae-a0b4-b85c0ed6d4d3,92d6d814-267e-4d58-87a8-d281c670f7c4,0.0,0.0,68.35,0.0,8,2026-10-09,0.9933,0.0,0.0,1.0,0.0,0.6983,HIGH
77946e9f-985f-4336-be89-75af9688308c,0d84597b-6ea1-4332-bd4a-8451cde06855,4f7512b2-6b9d-434f-807e-2fc43528691e,92d6d814-267e-4d58-87a8-d281c670f7c4,810.0,205.0,52.29,15.49,9,2026-10-23,0.0958,605.0,0.7469,0.0,0.0,0.136,LOW
7692cc11-7f83-4adc-8f5c-b8b4dc54c3db,0d84597b-6ea1-4332-bd4a-8451cde06855,3e6ecca3-9ad1-49a9-ad9a-5509b28de79d,92d6d814-267e-4d58-87a8-d281c670f7c4,537.0,0.0,116.13,4.62,7,2026-10-12,0.8992,537.0,1.0,0.5376,0.0,0.6167,HIGH
5033ba75-6b66-41a4-afb2-00359f1ac0cf,0d84597b-6ea1-4332-bd4a-8451cde06855,0a915249-7e9b-4a22-be4b-d5a6c9628e04,92d6d814-267e-4d58-87a8-d281c670f7c4,562.0,562.0,60.52,9.29,2,2026-10-17,0.0664,0.0,0.0,0.0,0.0,0.0166,LOW
9cb5a288-b32f-4d27-8a9c-d281f62b8bee,0d84597b-6ea1-4332-bd4a-8451cde06855,24bad869-7045-4954-b58f-10edc0407e69,92d6d814-267e-4d58-87a8-d281c670f7c4,1391.0,1391.0,43.42,32.04,4,2026-11-09,0.0,0.0,0.0,0.0,0.0,0.0,LOW
042b7387-5a13-41bb-953a-c7e6f90da54e,0d84597b-6ea1-4332-bd4a-8451cde06855,f6dc8117-e75f-4920-a0cf-04c7bafc7542,92d6d814-267e-4d58-87a8-d281c670f7c4,0.0,0.0,64.39,0.0,7,2026-10-09,0.989,0.0,0.0,1.0,1.0,0.8473,CRITICAL
e7a71f70-2b9a-401e-b063-12e37bf4278f,0d84597b-6ea1-4332-bd4a-8451cde06855,27bdd8c0-778d-42ea-ae25-964ce81e391d,92d6d814-267e-4d58-87a8-d281c670f7c4,0.0,0.0,59.23,0.0,8,2026-10-09,0.9933,0.0,0.0,1.0,1.0,0.8483,CRITICAL
35559f76-4da4-4887-981b-d4610c1634e2,0d84597b-6ea1-4332-bd4a-8451cde06855,3e8ecc15-190b-4bcd-a7fd-92ec541c75f4,92d6d814-267e-4d58-87a8-d281c670f7c4,0.0,0.0,44.35,0.0,7,2026-10-09,0.989,0.0,0.0,1.0,1.0,0.8473,CRITICAL
6d6c72e5-e531-4627-b9a7-0791fba35151,0d84597b-6ea1-4332-bd4a-8451cde06855,987c980e-f5ed-4388-b102-971ff25870b1,92d6d814-267e-4d58-87a8-d281c670f7c4,0.0,0.0,9.61,0.0,2,2026-10-09,0.8808,0.0,0.0,0.5,1.0,0.5952,HIGH
ccacaa37-f801-4c92-be87-3aa5b66da100,0d84597b-6ea1-4332-bd4a-8451cde06855,3b4f2db0-078e-4414-849b-1ba2782649be,92d6d814-267e-4d58-87a8-d281c670f7c4,942.0,942.0,21.29,44.25,2,2026-11-21,0.0,0.0,0.0,0.0,1.0,0.15,LOW
8ad2cf2b-05f7-49fb-9826-a58d94bb010f,0d84597b-6ea1-4332-bd4a-8451cde06855,67f10774-4e14-4f09-90b6-00a732111449,92d6d814-267e-4d58-87a8-d281c670f7c4,1789.0,275.0,72.61,24.64,2,2026-11-01,0.0,1514.0,0.8463,0.0,0.0,0.127,LOW
62ca157c-6be6-4309-9cc9-ba50114141a5,0d84597b-6ea1-4332-bd4a-8451cde06855,1640337f-9614-4c3f-bda8-20c0eb4c6bce,92d6d814-267e-4d58-87a8-d281c670f7c4,627.0,627.0,51.61,12.15,9,2026-10-20,0.3603,0.0,0.0,0.0,0.0,0.0901,LOW
45ee2e58-b8d8-4d51-b490-39b9ea26ba7e,0d84597b-6ea1-4332-bd4a-8451cde06855,9d6f82ea-a6c1-4ee5-bd74-c517ba546a27,92d6d814-267e-4d58-87a8-d281c670f7c4,1038.0,1038.0,54.45,19.06,6,2026-10-27,0.0039,0.0,0.0,0.0,0.0,0.001,LOW
4c5b35b5-0f88-4e08-897b-66011e431406,0d84597b-6ea1-4332-bd4a-8451cde06855,67ae158e-8140-49ce-b874-0acf92a800c2,92d6d814-267e-4d58-87a8-d281c670f7c4,0.0,0.0,6.1,0.0,7,2026-10-09,0.989,0.0,0.0,1.0,0.0,0.6973,HIGH
d2e2bf45-08f0-42a1-8802-e2d741ba4676,0d84597b-6ea1-4332-bd4a-8451cde06855,2b376704-d06b-441d-a2bf-f0973873411c,92d6d814-267e-4d58-87a8-d281c670f7c4,0.0,0.0,90.77,0.0,3,2026-10-09,0.9241,0.0,0.0,0.6,1.0,0.651,HIGH
4a6ebe26-1d05-474a-8ce7-b4192b73ab77,0d84597b-6ea1-4332-bd4a-8451cde06855,c2b13e9e-9865-4a6b-ba11-417dbd416417,92d6d814-267e-4d58-87a8-d281c670f7c4,911.0,877.0,27.94,32.61,9,2026-11-09,0.0,34.0,0.0373,0.0,0.0,0.0056,LOW
f7195769-e2e2-40b6-aca8-21668462e03c,0d84597b-6ea1-4332-bd4a-8451cde06855,a041cc1e-bb11-4e03-9969-5026c46ed837,92d6d814-267e-4d58-87a8-d281c670f7c4,0.0,0.0,30.26,0.0,6,2026-10-09,0.982,0.0,0.0,0.9,0.0,0.6505,HIGH
d894a605-26cc-4fd9-9f2c-97833eb0a114,0d84597b-6ea1-4332-bd4a-8451cde06855,957c588f-5e69-469f-b353-4b24fef25a65,92d6d814-267e-4d58-87a8-d281c670f7c4,0.0,0.0,30.16,0.0,8,2026-10-09,0.9933,0.0,0.0,1.0,0.0,0.6983,HIGH
4b5547ba-77b0-4889-868f-8486d6529d55,0d84597b-6ea1-4332-bd4a-8451cde06855,6f12778d-43ca-4220-8b3b-11201ac91209,92d6d814-267e-4d58-87a8-d281c670f7c4,21.0,21.0,61.19,0.34,5,2026-10-09,0.9654,0.0,0.0,0.7657,1.0,0.7359,HIGH
79de9fbd-1d35-458b-a92a-dcb5e818a7ee,0d84597b-6ea1-4332-bd4a-8451cde06855,be0b42c5-6bfe-48dc-8f33-e20d29d25a48,92d6d814-267e-4d58-87a8-d281c670f7c4,0.0,0.0,63.03,0.0,5,2026-10-09,0.9707,0.0,0.0,0.8,0.0,0.6027,HIGH
8fcce684-37a6-4a50-babb-7f06ed3a7283,0d84597b-6ea1-4332-bd4a-8451cde06855,6b615b69-ae0e-4f1b-a6dc-2d69233addaa,92d6d814-267e-4d58-87a8-d281c670f7c4,0.0,0.0,55.39,0.0,8,2026-10-09,0.9933,0.0,0.0,1.0,0.0,0.6983,HIGH
c4bf7b2a-28ee-4453-943f-0cd41778f469,0d84597b-6ea1-4332-bd4a-8451cde06855,d2219992-909f-48be-967e-2e3f1c3ddfa9,92d6d814-267e-4d58-87a8-d281c670f7c4,0.0,0.0,7.65,0.0,3,2026-10-09,0.9241,0.0,0.0,0.6,0.0,0.501,MEDIUM
caf207b3-3482-4aa2-bff6-07bf24a5992c,0d84597b-6ea1-4332-bd4a-8451cde06855,9c021848-0377-486f-a048-370334cce953,92d6d814-267e-4d58-87a8-d281c670f7c4,905.0,905.0,44.48,20.34,2,2026-10-28,0.0003,0.0,0.0,0.0,0.0,0.0001,LOW
95ba51cb-a8fb-4826-b8e8-bf7004589f5b,0d84597b-6ea1-4332-bd4a-8451cde06855,bd5b3f87-5b53-4347-ac00-12fb9d5cd5a6,92d6d814-267e-4d58-87a8-d281c670f7c4,0.0,0.0,5.03,0.0,8,2026-10-09,0.9933,0.0,0.0,1.0,0.0,0.6983,HIGH
c06871fe-a3c6-4060-b36a-b7f85393d45f,0d84597b-6ea1-4332-bd4a-8451cde06855,8cb385ca-cfdc-404f-8298-512a7c8578b3,92d6d814-267e-4d58-87a8-d281c670f7c4,689.0,689.0,14.42,47.78,3,2026-11-24,0.0,0.0,0.0,0.0,0.0,0.0,LOW
a5fc61fb-8c4f-46ce-b271-21e9cec1731d,0d84597b-6ea1-4332-bd4a-8451cde06855,ec00005f-8d61-4b61-825c-d8c696ae49aa,92d6d814-267e-4d58-87a8-d281c670f7c4,0.0,0.0,17.74,0.0,8,2026-10-09,0.9933,0.0,0.0,1.0,0.0,0.6983,HIGH
4bceee6d-9ec0-4f8b-ae80-6b3cf65595ff,0d84597b-6ea1-4332-bd4a-8451cde06855,c5533566-0e57-4058-9e8f-cc921a574da9,92d6d814-267e-4d58-87a8-d281c670f7c4,0.0,0.0,77.48,0.0,2,2026-10-09,0.8808,0.0,0.0,0.5,0.0,0.4452,MEDIUM
21344ae2-54f0-42d0-ac24-951bdacc8d5e,0d84597b-6ea1-4332-bd4a-8451cde06855,13cd9912-56bb-4721-abb1-986f20a370cb,92d6d814-267e-4d58-87a8-d281c670f7c4,1187.0,493.0,72.0,16.49,7,2026-10-24,0.0231,694.0,0.5847,0.0,0.0,0.0935,LOW
b0d89480-4550-4cb5-ae4b-bd4bb48d0e50,0d84597b-6ea1-4332-bd4a-8451cde06855,ca8399a1-143e-4717-be95-7836c2f21dcb,92d6d814-267e-4d58-87a8-d281c670f7c4,759.0,688.0,14.9,50.93,3,2026-11-27,0.0,71.0,0.0935,0.0,0.0,0.014,LOW
ce25eee1-5d34-4a18-9bf2-9d810f8a736d,0d84597b-6ea1-4332-bd4a-8451cde06855,419b95a7-17e5-4918-ad68-d58ee6b6e6f5,92d6d814-267e-4d58-87a8-d281c670f7c4,0.0,0.0,10.35,0.0,4,2026-10-09,0.9526,0.0,0.0,0.7,1.0,0.7031,HIGH
7f5293f8-4708-4827-bbaf-89ce568d2f16,0d84597b-6ea1-4332-bd4a-8451cde06855,fdd23e22-960c-4a44-af67-60d832b98217,92d6d814-267e-4d58-87a8-d281c670f7c4,354.0,354.0,85.06,4.16,9,2026-10-12,0.9683,0.0,0.0,0.7838,0.0,0.5948,HIGH
6154162c-bb47-4577-b5c9-1322662a0402,0d84597b-6ea1-4332-bd4a-8451cde06855,b261960f-23be-4297-9c50-f27ceac7eedb,92d6d814-267e-4d58-87a8-d281c670f7c4,723.0,723.0,27.39,26.4,6,2026-11-03,0.0001,0.0,0.0,0.0,0.0,0.0,LOW
d924972e-542f-4b58-acc1-437e45e433ee,0d84597b-6ea1-4332-bd4a-8451cde06855,9f081f26-ba8d-47d6-870e-ca0ca1cae51f,92d6d814-267e-4d58-87a8-d281c670f7c4,290.0,290.0,73.9,3.92,7,2026-10-11,0.9268,0.0,0.0,0.6076,1.0,0.6551,HIGH
04bd7a27-dd5a-4b9a-a785-1e8e04ba1282,0d84597b-6ea1-4332-bd4a-8451cde06855,1b0a2521-7dda-4bed-8313-954689f28c33,92d6d814-267e-4d58-87a8-d281c670f7c4,0.0,0.0,11.29,0.0,9,2026-10-09,0.9959,0.0,0.0,1.0,0.0,0.699,HIGH
1a7839af-380e-455f-b8ce-1c717daf8665,0d84597b-6ea1-4332-bd4a-8451cde06855,0df67422-0ffe-4855-b4b7-0f4e8676cbdb,92d6d814-267e-4d58-87a8-d281c670f7c4,0.0,0.0,89.58,0.0,2,2026-10-09,0.8808,0.0,0.0,0.5,0.0,0.4452,MEDIUM
e3d6ad5d-d103-4646-ba39-0127f5dbd3a4,0d84597b-6ea1-4332-bd4a-8451cde06855,ebb48eae-a1ef-4da9-8ae1-b2f70e717661,92d6d814-267e-4d58-87a8-d281c670f7c4,1512.0,1025.0,56.23,26.89,3,2026-11-03,0.0,487.0,0.3221,0.0,0.0,0.0483,LOW
cb30b3da-d06b-43db-acbd-6663ded72646,0d84597b-6ea1-4332-bd4a-8451cde06855,4bd504ed-a1c0-48c9-bff0-b66723a5f08d,92d6d814-267e-4d58-87a8-d281c670f7c4,0.0,0.0,42.0,0.0,6,2026-10-09,0.982,0.0,0.0,0.9,0.0,0.6505,HIGH
9b4a9bcc-a6e5-4405-aef7-8e9bda6472b9,0d84597b-6ea1-4332-bd4a-8451cde06855,3e98e5ab-52e7-4056-8353-5ac655247948,92d6d814-267e-4d58-87a8-d281c670f7c4,0.0,0.0,60.48,0.0,5,2026-10-09,0.9707,0.0,0.0,0.8,0.0,0.6027,HIGH
a708fa8c-aad3-46cb-b9f1-525d61a1b644,0d84597b-6ea1-4332-bd4a-8451cde06855,b8b41174-e4bb-41e0-8dc8-fbdaf9d470ec,92d6d814-267e-4d58-87a8-d281c670f7c4,318.0,318.0,40.81,7.79,5,2026-10-15,0.4022,0.0,0.0,0.0207,1.0,0.2599,LOW
f67386df-4f98-436d-8168-cfb823b7cfc8,0d84597b-6ea1-4332-bd4a-8451cde06855,8e15b3a9-915f-4bf0-84c7-182f335e062c,92d6d814-267e-4d58-87a8-d281c670f7c4,949.0,949.0,17.9,53.01,9,2026-11-30,0.0,0.0,0.0,0.0,0.0,0.0,LOW
c682c61a-03fc-451d-9fe7-2204b6aa6dd7,0d84597b-6ea1-4332-bd4a-8451cde06855,6cbb6f57-d6cb-41b0-aca5-9ea4e8c5be47,92d6d814-267e-4d58-87a8-d281c670f7c4,185.0,185.0,32.94,5.62,5,2026-10-13,0.6663,0.0,0.0,0.2383,0.0,0.2738,LOW
677ee34a-4470-4aa3-9b7d-cbfe44243aef,0d84597b-6ea1-4332-bd4a-8451cde06855,d6c64038-55ae-44a3-863b-be781e1a4649,92d6d814-267e-4d58-87a8-d281c670f7c4,0.0,0.0,5.48,0.0,6,2026-10-09,0.982,0.0,0.0,0.9,0.0,0.6505,HIGH
c2f25442-f866-45df-86c9-dc7787ab87ff,0d84597b-6ea1-4332-bd4a-8451cde06855,24d1b68c-2a5b-464e-bb4e-c1071b3b4f3d,92d6d814-267e-4d58-87a8-d281c670f7c4,1081.0,482.0,10.32,104.72,6,,0.0,599.0,0.5541,0.0,0.0,0.0831,LOW
7eab5416-9f6e-49d9-9dc5-09d60f2b15e5,0d84597b-6ea1-4332-bd4a-8451cde06855,e5b7da92-602a-4a8f-9b36-3acfc3414ba7,92d6d814-267e-4d58-87a8-d281c670f7c4,0.0,0.0,98.94,0.0,8,2026-10-09,0.9933,0.0,0.0,1.0,0.0,0.6983,HIGH
d8b29c47-bd4e-4434-96a7-fc345b3b0e73,0d84597b-6ea1-4332-bd4a-8451cde06855,97a16fda-9cba-4dc2-8770-0b5104c507d2,92d6d814-267e-4d58-87a8-d281c670f7c4,0.0,0.0,22.1,0.0,9,2026-10-09,0.9959,0.0,0.0,1.0,1.0,0.849,CRITICAL
022b73d0-a0c6-4c68-9e47-272be74fc00b,0d84597b-6ea1-4332-bd4a-8451cde06855,9c06c388-c751-407e-9c97-3b46b1db5e7c,92d6d814-267e-4d58-87a8-d281c670f7c4,1653.0,1653.0,46.1,35.86,7,2026-11-12,0.0,0.0,0.0,0.0,0.0,0.0,LOW
2493b964-8b47-4ca3-9e76-441a75150104,0d84597b-6ea1-4332-bd4a-8451cde06855,2c10bfc8-d106-4422-b38f-e414215c8def,92d6d814-267e-4d58-87a8-d281c670f7c4,744.0,744.0,56.77,13.1,9,2026-10-21,0.2588,0.0,0.0,0.0,0.0,0.0647,LOW
f4a3e843-dc7b-4402-af56-e285dbe3c7ca,0d84597b-6ea1-4332-bd4a-8451cde06855,b3fa980f-96f4-474d-8999-454117e0d5d6,92d6d814-267e-4d58-87a8-d281c670f7c4,954.0,954.0,32.77,29.11,8,2026-11-06,0.0001,0.0,0.0,0.0,0.0,0.0,LOW
dbc0c12e-085c-409b-b692-1391c24a9a7c,0d84597b-6ea1-4332-bd4a-8451cde06855,378ef267-9155-41bc-a431-7c700c1731e3,92d6d814-267e-4d58-87a8-d281c670f7c4,0.0,0.0,91.55,0.0,8,2026-10-09,0.9933,0.0,0.0,1.0,0.0,0.6983,HIGH
88c3b54d-318f-4708-8c70-155bcdc3c49d,0d84597b-6ea1-4332-bd4a-8451cde06855,f1b95f47-94a2-4979-a411-02444c727d3e,92d6d814-267e-4d58-87a8-d281c670f7c4,594.0,0.0,93.97,6.32,2,2026-10-14,0.2385,594.0,1.0,0.0,0.0,0.2096,LOW
2555784e-95cf-4d63-bac7-3d11fc46d49c,0d84597b-6ea1-4332-bd4a-8451cde06855,d039d8bd-44d3-44fc-a49f-83d1987d0b48,92d6d814-267e-4d58-87a8-d281c670f7c4,0.0,0.0,107.1,0.0,8,2026-10-09,0.9933,0.0,0.0,1.0,1.0,0.8483,CRITICAL
3101f824-7d9e-43a4-9c21-e2d88d0bc0e0,0d84597b-6ea1-4332-bd4a-8451cde06855,c037d58f-eb63-482e-81f7-b1f739423cdf,92d6d814-267e-4d58-87a8-d281c670f7c4,889.0,889.0,39.32,22.61,3,2026-10-30,0.0002,0.0,0.0,0.0,0.0,0.0,LOW
99167011-cd49-49b5-81da-cc9978bd9c2b,0d84597b-6ea1-4332-bd4a-8451cde06855,01d77a5e-a466-4d48-b24b-31edb500e5fa,92d6d814-267e-4d58-87a8-d281c670f7c4,0.0,0.0,61.42,0.0,9,2026-10-09,0.9959,0.0,0.0,1.0,0.0,0.699,HIGH
d18ca9cf-6423-4b75-a199-b153f1208c3d,0d84597b-6ea1-4332-bd4a-8451cde06855,4fda6990-76da-4515-8f85-4b5ce64dd1ce,92d6d814-267e-4d58-87a8-d281c670f7c4,0.0,0.0,100.48,0.0,5,2026-10-09,0.9707,0.0,0.0,0.8,1.0,0.7527,CRITICAL
