id,purchase_order_id,medicine_id,ordered_quantity,received_quantity,unit_price,expected_delivery_date
c5b58e4d-0e84-4f72-ab31-ad4311c58c85,3bc171b5-00e3-42f1-9ac3-8ffecc7d1645,1941089d-b192-4af2-b696-484fa9286d80,47,36,978.59,2026-07-03
1d31ee8e-a696-487f-83b9-34782114debf,3bc171b5-00e3-42f1-9ac3-8ffecc7d1645,67ae158e-8140-49ce-b874-0acf92a800c2,306,182,1045.23,2026-07-03
2be23f76-e15c-4b22-8bab-3c35754b51dd,3bc171b5-00e3-42f1-9ac3-8ffecc7d1645,8e67a041-f702-4f16-b57b-c66dff30e18b,435,149,403.99,2026-07-03
12603a93-e2b9-4104-8a66-19cab4678e90,3bc171b5-00e3-42f1-9ac3-8ffecc7d1645,24d1b68c-2a5b-464e-bb4e-c1071b3b4f3d,106,44,807.3,2026-07-03
63a5d65f-a48b-4458-911b-d646d83a88a0,3bc171b5-00e3-42f1-9ac3-8ffecc7d1645,8e67a041-f702-4f16-b57b-c66dff30e18b,53,36,54.92,2026-07-03
d215138e-4aa9-4c96-b520-63e407f24936,34628ed9-1119-4c4b-b2ca-cd6874254742,c5533566-0e57-4058-9e8f-cc921a574da9,550,0,830.71,2026-06-20
7995a03a-c130-4fcc-8591-c7b88b29f97c,34628ed9-1119-4c4b-b2ca-cd6874254742,419b95a7-17e5-4918-ad68-d58ee6b6e6f5,356,0,328.3,2026-06-20
40d8d78d-7d1c-48eb-8270-c3fdf536028a,34628ed9-1119-4c4b-b2ca-cd6874254742,d2219992-909f-48be-967e-2e3f1c3ddfa9,517,0,763.19,2026-06-20
224c0804-4455-40cd-9025-930d4f817745,34628ed9-1119-4c4b-b2ca-cd6874254742,061b886b-98ed-480e-9810-63995f2f47ed,374,0,120.83,2026-06-20
abc09f06-72ee-46c2-9799-e534486e3fd6,34628ed9-1119-4c4b-b2ca-cd6874254742,3e9b0bad-6728-4523-be87-a00adf0fff30,32,0,454.24,2026-06-20
eb4860a1-9951-48c1-937c-62f194995766,34628ed9-1119-4c4b-b2ca-cd6874254742,1d534fd0-ecdb-47f7-8df1-911899944ac3,351,0,1044.89,2026-06-20
59c5e23a-570d-4b20-8232-3115642b7a84,34628ed9-1119-4c4b-b2ca-cd6874254742,c51619a8-ba83-483f-9b52-064f926d96a2,354,0,1029.38,2026-06-20
058011c9-2ac0-4f28-b915-d96175c72b26,880b60c5-3a23-4270-9ef3-a7a69e782294,ea61edd3-7fbd-4c08-b312-d866041879c2,177,177,874.62,2026-10-11
beb54fc8-6842-41c9-902d-67548bc692fd,880b60c5-3a23-4270-9ef3-a7a69e782294,f00273a7-acae-43ae-a0b4-b85c0ed6d4d3,422,422,268.21,2026-10-11
0e3552f8-62da-4f6a-b3fa-90cf45c03f2b,880b60c5-3a23-4270-9ef3-a7a69e782294,305d6d9c-7521-4f74-8c0d-0bf7d5af8dfd,488,488,793.04,2026-10-11
b79a42af-9b4c-43a0-bee1-556ad9338934,880b60c5-3a23-4270-9ef3-a7a69e782294,58bf12e5-ee8a-4194-a34c-aa820079144d,167,167,629.66,2026-10-11
2d34d405-14cc-4f18-a032-e03d1f9361ea,880b60c5-3a23-4270-9ef3-a7a69e782294,ceee2775-c68b-4199-9eb8-21746763c4ba,580,580,834.02,2026-10-11
eb5546df-27d4-474c-a4d0-649993a801ef,880b60c5-3a23-4270-9ef3-a7a69e782294,ea61edd3-7fbd-4c08-b312-d866041879c2,149,149,554.96,2026-10-11
2e5beb79-83ce-4cc2-82e9-b0703f1622a5,880b60c5-3a23-4270-9ef3-a7a69e782294,ea61edd3-7fbd-4c08-b312-d866041879c2,339,339,552.95,2026-10-11
f9469a12-0362-4895-8717-ee2a5868a150,e17d4e6d-238a-49bf-b3a0-bdff8784d6a2,16d1b73f-8881-425f-82b2-7ab4974b08ef,456,456,205.71,2026-05-30
963fc957-5715-49c7-be72-adcec9fe5627,e17d4e6d-238a-49bf-b3a0-bdff8784d6a2,f00273a7-acae-43ae-a0b4-b85c0ed6d4d3,393,393,366.74,2026-05-30
f1485110-3938-4549-959e-ea3d6d50772c,a127acea-bb37-4a3b-8228-344df770916d,c5533566-0e57-4058-9e8f-cc921a574da9,341,341,1169.04,2026-06-22
d8ddaf91-89e8-4e4e-81e6-223f138aa6b7,a127acea-bb37-4a3b-8228-344df770916d,9d6f82ea-a6c1-4ee5-bd74-c517ba546a27,82,82,444.37,2026-06-22
2b7e190c-b726-418b-80b5-f149431a0b52,a127acea-bb37-4a3b-8228-344df770916d,c037d58f-eb63-482e-81f7-b1f739423cdf,557,557,284.97,2026-06-22
c4c736ea-b04e-423c-b26b-34e15f13abf8,a127acea-bb37-4a3b-8228-344df770916d,2b376704-d06b-441d-a2bf-f0973873411c,151,151,589.8,2026-06-22
ac97133c-8093-47e9-a980-f5af32f95d59,f381cdff-226d-4797-9a8d-c6f2e95ec44c,1b0a2521-7dda-4bed-8313-954689f28c33,244,0,1095.54,2026-09-03
bf8ea2fc-b444-42f7-a83e-fd79bd60102f,f381cdff-226d-4797-9a8d-c6f2e95ec44c,c2b13e9e-9865-4a6b-ba11-417dbd416417,124,0,30.44,2026-09-03
29a86626-ff2a-4ee7-add5-3cfed5c50636,f381cdff-226d-4797-9a8d-c6f2e95ec44c,220f964e-a351-4ad0-827e-502f5ded939c,53,0,386.91,2026-09-03
c71e86f0-521c-4047-989f-e919676deab7,b5abfa49-08cc-4a0d-abc5-883c600e0a5d,305d6d9c-7521-4f74-8c0d-0bf7d5af8dfd,143,143,339.93,2026-06-28
45369a88-b998-4980-8ced-251a098f9775,b5abfa49-08cc-4a0d-abc5-883c600e0a5d,1b0a2521-7dda-4bed-8313-954689f28c33,162,162,1085.2,2026-06-28
a06e3886-a682-4f40-816b-a35718ce41d1,b5abfa49-08cc-4a0d-abc5-883c600e0a5d,fdd23e22-960c-4a44-af67-60d832b98217,238,238,1066.29,2026-06-28
16030220-10fc-422f-b715-84897ceb67ca,f23f6602-d3e0-4144-9214-a8909dcf9751,16d1b73f-8881-425f-82b2-7ab4974b08ef,222,222,118.47,2026-08-15
013ca070-0fcb-4253-9485-8b1604af17a5,f23f6602-d3e0-4144-9214-a8909dcf9751,be0b42c5-6bfe-48dc-8f33-e20d29d25a48,73,73,876.26,2026-08-15
77d119e6-dd12-4415-88c6-3be572fe2343,d833beea-41fb-4e28-80a8-384436a20f0b,3e6ecca3-9ad1-49a9-ad9a-5509b28de79d,176,0,1166.63,2026-06-23
f39d17d2-844c-4c38-89a7-71734e91c5d8,d833beea-41fb-4e28-80a8-384436a20f0b,2aceb2a6-c859-4f95-a238-9ad796b698fa,146,0,87.47,2026-06-23
7746a2ed-a0aa-4f0a-9b87-b87f5e78f0ae,19d0c05d-aceb-4749-ab59-2671c05dbbf3,573f39b9-7855-4b4d-8a9e-14a5e9d8b2cd,467,467,641.33,2026-07-04
d5958aa1-79a3-4cc9-8945-31008c7ef0b0,19d0c05d-aceb-4749-ab59-2671c05dbbf3,67f10774-4e14-4f09-90b6-00a732111449,377,377,274.37,2026-07-04
c3613a4a-cd35-4587-a9e5-9ec6481edef8,7c8fdfb7-7325-441a-9e7e-00f71e34d033,9c06c388-c751-407e-9c97-3b46b1db5e7c,357,313,145.9,2026-06-01
49f4a9d1-9795-46ff-9fcc-ac037eef6055,7c8fdfb7-7325-441a-9e7e-00f71e34d033,b3163dc0-3ac7-41cc-b4fc-244bcbe446ad,478,322,1065.03,2026-06-01
d48c3729-24b7-48fb-a630-66d8ec358f1d,7c8fdfb7-7325-441a-9e7e-00f71e34d033,3b4f2db0-078e-4414-849b-1ba2782649be,279,109,329.8,2026-06-01
3902e650-b5d6-426a-8d36-156e30ac4241,7c8fdfb7-7325-441a-9e7e-00f71e34d033,c51619a8-ba83-483f-9b52-064f926d96a2,324,278,1048.67,2026-06-01
b40fdacc-6f5d-47d5-90e8-584151407027,7c8fdfb7-7325-441a-9e7e-00f71e34d033,ca8399a1-143e-4717-be95-7836c2f21dcb,205,106,968.09,2026-06-01
1a0db901-216a-4df8-a4e9-d321e3a4cd1d,7c8fdfb7-7325-441a-9e7e-00f71e34d033,b8b41174-e4bb-41e0-8dc8-fbdaf9d470ec,122,54,375.53,2026-06-01
83f5d51b-79c7-45db-b64a-1520dd4f33a1,7c8fdfb7-7325-441a-9e7e-00f71e34d033,d6c64038-55ae-44a3-863b-be781e1a4649,533,176,397.89,2026-06-01
a79dcd97-ec88-42d1-a229-175f36f183d6,2cdf7bc4-f93b-40ec-9f43-107ad6f922ca,13cd9912-56bb-4721-abb1-986f20a370cb,593,593,1026.46,2026-07-21
04c369d9-af4c-4eee-b02a-7c4e5003e98a,2cdf7bc4-f93b-40ec-9f43-107ad6f922ca,061b886b-98ed-480e-9810-63995f2f47ed,151,151,1135.28,2026-07-21
0502794f-66b9-471a-a191-55891b567f03,2cdf7bc4-f93b-40ec-9f43-107ad6f922ca,e5b7da92-602a-4a8f-9b36-3acfc3414ba7,371,371,1199.65,2026-07-21
74b2bb90-1f4b-45d6-b64a-1b85c5a310e5,2cdf7bc4-f93b-40ec-9f43-107ad6f922ca,24bad869-7045-4954-b58f-10edc0407e69,195,195,487.1,2026-07-21
79cd3e93-b3e4-4315-9b1f-691dbfad6e7d,2cdf7bc4-f93b-40ec-9f43-107ad6f922ca,67f10774-4e14-4f09-90b6-00a732111449,210,210,554.41,2026-07-21
bbc1e948-1137-436b-8f9a-8145c373cdaf,2cdf7bc4-f93b-40ec-9f43-107ad6f922ca,f1b95f47-94a2-4979-a411-02444c727d3e,438,438,391.17,2026-07-21
dca57a0c-0a5f-4cae-a646-1118a54e886b,aa672c44-20e2-443d-8ca0-2e24938229d5,ea61edd3-7fbd-4c08-b312-d866041879c2,485,287,615.48,2026-05-28
39d8f358-a518-4fa3-80d0-435ec9700e32,aa672c44-20e2-443d-8ca0-2e24938229d5,b699a59a-a0ec-49d9-b327-482e55347adf,479,351,869.05,2026-05-28
46e6a646-472e-4f4c-a470-ebe7b3ad60bd,aa672c44-20e2-443d-8ca0-2e24938229d5,378ef267-9155-41bc-a431-7c700c1731e3,313,215,677.15,2026-05-28
0098672e-70f6-494e-b2a6-65b083ee9f99,aa672c44-20e2-443d-8ca0-2e24938229d5,3e9b0bad-6728-4523-be87-a00adf0fff30,532,380,290.79,2026-05-28
db1b4f08-f272-4d35-84c6-8e5eafc6911a,aa672c44-20e2-443d-8ca0-2e24938229d5,b8b41174-e4bb-41e0-8dc8-fbdaf9d470ec,154,107,888.63,2026-05-28
9c9cc2be-b7e8-49a0-9283-715e19588097,aa672c44-20e2-443d-8ca0-2e24938229d5,f1b95f47-94a2-4979-a411-02444c727d3e,563,209,1089.96,2026-05-28
8d86c102-d58d-481c-817d-34085d71da01,a570d5aa-774a-4fb5-9c41-b763298838e7,ec00005f-8d61-4b61-825c-d8c696ae49aa,395,0,179.53,2026-08-18
77825e4d-4e0f-4177-b2d2-c5975e65b3c9,a570d5aa-774a-4fb5-9c41-b763298838e7,831a67ea-b75d-494e-8ba6-e91b1b1eae6e,323,0,712.09,2026-08-18
ea948e9f-1792-4046-a930-8579e299a772,857732ec-8c32-4ebd-900b-11e0afae47b0,85b186aa-f3a1-45ba-8d0c-349f8a13c3d4,106,0,350.87,2026-05-22
2a2fb5f4-2fd3-41b4-8ce7-cf252a55231b,857732ec-8c32-4ebd-900b-11e0afae47b0,fb695fdf-9397-485a-aa21-6d65c73c7b07,334,0,887.93,2026-05-22
ce67bde7-bde9-4354-97f9-a77f97f8fc1d,857732ec-8c32-4ebd-900b-11e0afae47b0,8e15b3a9-915f-4bf0-84c7-182f335e062c,558,0,851.51,2026-05-22
09dfe2e8-d875-4293-9ab5-a34a50112214,857732ec-8c32-4ebd-900b-11e0afae47b0,a88fd15f-1bbb-4271-941e-899867a89583,482,0,1197.38,2026-05-22
e6a15bd1-3235-4a6f-8dab-31f475aebe38,a4a0c103-debd-493d-b920-151241b477c0,58bf12e5-ee8a-4194-a34c-aa820079144d,328,328,638.24,2026-09-11
2a9c378e-472d-43a9-a0dd-17ffb1d35b3a,a4a0c103-debd-493d-b920-151241b477c0,13cd9912-56bb-4721-abb1-986f20a370cb,116,116,1175.16,2026-09-11
a33ef8cf-3fe4-4182-8329-061a2f044e46,a4a0c103-debd-493d-b920-151241b477c0,9f081f26-ba8d-47d6-870e-ca0ca1cae51f,209,209,803.67,2026-09-11
4643dd77-a410-4408-b743-c9794d5f2658,a4a0c103-debd-493d-b920-151241b477c0,063be93d-6835-4b65-a8a1-c36e83278d83,259,259,66.95,2026-09-11
f5ca4a61-0554-440e-82ab-f3b940e3a8d8,a4a0c103-debd-493d-b920-151241b477c0,6cbb6f57-d6cb-41b0-aca5-9ea4e8c5be47,61,61,1025.44,2026-09-11
9e7f2de6-8962-4a7d-b462-96a8c5687e5d,a4a0c103-debd-493d-b920-151241b477c0,67f10774-4e14-4f09-90b6-00a732111449,283,283,212.32,2026-09-11
1fb1e74d-dee0-4609-b451-86a478c1b4e8,0d0da191-2b98-424b-8638-75c8311d4fdc,be0b42c5-6bfe-48dc-8f33-e20d29d25a48,470,0,383.27,2026-06-28
2c611cea-6e31-44bd-a9fc-f468e225ff66,0d0da191-2b98-424b-8638-75c8311d4fdc,6cbb6f57-d6cb-41b0-aca5-9ea4e8c5be47,322,0,789.71,2026-06-28
6e22ae1e-c425-4b88-8620-4f2aa07f22ee,0d0da191-2b98-424b-8638-75c8311d4fdc,99f2ef21-d83e-4cde-a73a-10b587a903a3,67,0,266.6,2026-06-28
e768f2cd-577d-47db-8a2b-25d2e431e235,0d0da191-2b98-424b-8638-75c8311d4fdc,99f2ef21-d83e-4cde-a73a-10b587a903a3,121,0,1094.43,2026-06-28
372acb32-1cb6-47b5-b365-169d9a843fa2,0d0da191-2b98-424b-8638-75c8311d4fdc,24db962d-9a6b-4de6-982b-b719e504efb9,451,0,200.11,2026-06-28
9bf63898-cdbc-465a-ba71-d05dc810f4c6,dc7ad843-0ae5-406a-a8b3-5ca10f59393c,220f964e-a351-4ad0-827e-502f5ded939c,482,482,211.27,2026-07-10
3a978dbe-46c9-4125-b4fb-614d3d9bbb28,dc7ad843-0ae5-406a-a8b3-5ca10f59393c,fdd23e22-960c-4a44-af67-60d832b98217,523,523,960.18,2026-07-10
56fb9a7d-0d42-4e4e-998e-fe55f9a25cb9,dc7ad843-0ae5-406a-a8b3-5ca10f59393c,27bdd8c0-778d-42ea-ae25-964ce81e391d,551,551,530.68,2026-07-10
c9044941-9229-4eb9-8d46-e8d98147e1c5,dc7ad843-0ae5-406a-a8b3-5ca10f59393c,fdd23e22-960c-4a44-af67-60d832b98217,213,213,193.29,2026-07-10
a903333b-c9a1-4649-af70-cd3da6fcb780,dc7ad843-0ae5-406a-a8b3-5ca10f59393c,43110ae2-2c0b-4654-936a-72afad56219d,593,593,917.69,2026-07-10
20258bda-7aa1-4cc4-b32d-6262b3a7a8aa,dc7ad843-0ae5-406a-a8b3-5ca10f59393c,0eecbfea-7628-487c-b590-fece2c687e7a,28,28,449.08,2026-07-10
02416179-f1c6-47a4-bbc1-4da31c7bfb23,dc7ad843-0ae5-406a-a8b3-5ca10f59393c,24db962d-9a6b-4de6-982b-b719e504efb9,585,585,97.07,2026-07-10
0a9d8261-b849-4eb8-8b68-57e738ace12b,a2f71a49-a22b-4c7f-911c-6de6ebba22cc,b3fa980f-96f4-474d-8999-454117e0d5d6,110,83,213.6,2026-09-06
c62e0551-0b3a-4155-9703-228771cc5f68,a2f71a49-a22b-4c7f-911c-6de6ebba22cc,573f39b9-7855-4b4d-8a9e-14a5e9d8b2cd,59,46,995.88,2026-09-06
91e9c22f-8644-4f51-936e-551965597815,a2f71a49-a22b-4c7f-911c-6de6ebba22cc,3e6ecca3-9ad1-49a9-ad9a-5509b28de79d,579,350,525.14,2026-09-06
1f4ba8bb-3783-45a6-a755-d95c540c1019,a2f71a49-a22b-4c7f-911c-6de6ebba22cc,58bf12e5-ee8a-4194-a34c-aa820079144d,362,110,1133.78,2026-09-06
e580b5ee-410a-4464-974d-3be162b45489,a2f71a49-a22b-4c7f-911c-6de6ebba22cc,b261960f-23be-4297-9c50-f27ceac7eedb,95,54,687.65,2026-09-06
75968deb-6fdb-486a-91a9-bdb3d12b6b6b,2b54f3f6-d46d-45ec-bccd-1d992e6c60b3,419b95a7-17e5-4918-ad68-d58ee6b6e6f5,232,232,205.72,2026-06-25
37eb5a11-4ab1-46f7-af08-7fa9840ff41c,2b54f3f6-d46d-45ec-bccd-1d992e6c60b3,831a67ea-b75d-494e-8ba6-e91b1b1eae6e,101,101,204.49,2026-06-25
1c33eaab-8d43-4618-8825-baffd6113cb5,2b54f3f6-d46d-45ec-bccd-1d992e6c60b3,957c588f-5e69-469f-b353-4b24fef25a65,391,391,525.92,2026-06-25
78d89f38-f1b0-401d-bc1f-148611bf635d,2b54f3f6-d46d-45ec-bccd-1d992e6c60b3,3b4f2db0-078e-4414-849b-1ba2782649be,260,260,13.1,2026-06-25
b6cd10d8-cb59-41c4-9938-f0bdd0df0fe3,2b54f3f6-d46d-45ec-bccd-1d992e6c60b3,70745aec-f24f-4b18-807e-6adb80d01ba0,489,489,568.71,2026-06-25
1a90b161-b3a3-452e-8c5e-cbbf4bab260c,26ebd952-1de1-4884-a0ac-a42a215d726e,24d1b68c-2a5b-464e-bb4e-c1071b3b4f3d,301,301,1061.06,2026-07-16
16ff9791-624e-4c54-886a-a0d71ddcf944,26ebd952-1de1-4884-a0ac-a42a215d726e,13cd9912-56bb-4721-abb1-986f20a370cb,94,94,340.56,2026-07-16
cd02d354-4d90-4829-ae9f-0c9ba58b6979,26ebd952-1de1-4884-a0ac-a42a215d726e,fb695fdf-9397-485a-aa21-6d65c73c7b07,247,247,676.57,2026-07-16
7a69a154-d979-4fd6-8d64-23c080c3ad8e,26ebd952-1de1-4884-a0ac-a42a215d726e,13cd9912-56bb-4721-abb1-986f20a370cb,348,348,859.29,2026-07-16
5f8729cc-226d-4b1d-a14c-33114ee82ded,26ebd952-1de1-4884-a0ac-a42a215d726e,dee6b134-5f4e-4d83-8133-35e34f0b48e8,109,109,740.06,2026-07-16
57fd3589-ac45-48c6-ac15-cee9ef2c0944,26ebd952-1de1-4884-a0ac-a42a215d726e,97a16fda-9cba-4dc2-8770-0b5104c507d2,235,235,333.6,2026-07-16
392cc3f1-b244-4e24-bd74-4f2771c082f5,c31b8e7d-2d75-480a-893a-78a3cc40e858,e5b7da92-602a-4a8f-9b36-3acfc3414ba7,538,0,87.34,2026-09-26
ad2a30d9-70a5-4a5a-ab0b-ebff4d19f241,c31b8e7d-2d75-480a-893a-78a3cc40e858,b261960f-23be-4297-9c50-f27ceac7eedb,117,0,607.23,2026-09-26
09d1796e-7a04-422b-bfad-a4e811147e35,89065b08-1a97-4d21-8180-3790cddbb362,2aceb2a6-c859-4f95-a238-9ad796b698fa,221,70,763.17,2026-05-27
88ad5732-f75b-470f-8898-4ca6a977c264,89065b08-1a97-4d21-8180-3790cddbb362,9c06c388-c751-407e-9c97-3b46b1db5e7c,77,27,236.21,2026-05-27
f3e37166-a9e2-4aef-90d8-40c77a9b8cb9,89065b08-1a97-4d21-8180-3790cddbb362,9c021848-0377-486f-a048-370334cce953,564,440,432.27,2026-05-27
7aefd35d-0973-434a-aeeb-6679bf6aa289,89065b08-1a97-4d21-8180-3790cddbb362,b1b122eb-1ba2-4148-b9ac-5d21b2adf647,383,188,887.52,2026-05-27
4fb64c26-02a7-4b9d-a996-abc901eb80ff,89065b08-1a97-4d21-8180-3790cddbb362,9d6f82ea-a6c1-4ee5-bd74-c517ba546a27,243,147,1165.11,2026-05-27
e94a1d21-d8ae-447c-bee9-fd9a9baee655,89065b08-1a97-4d21-8180-3790cddbb362,3b4f2db0-078e-4414-849b-1ba2782649be,398,128,1037.9,2026-05-27
c863fc94-d7f0-498f-bc94-6855642da349,35458334-af10-42c1-912b-d60b9fede64d,67f10774-4e14-4f09-90b6-00a732111449,512,304,332.98,2026-06-11
de60e6ac-c46a-4c02-b09b-252bf4a3cf21,35458334-af10-42c1-912b-d60b9fede64d,33e37cdb-690b-4dd6-aa0b-3e189bf6bc51,145,95,155.53,2026-06-11
f60268c2-7318-4e2f-86aa-f7010fc1d7b3,35458334-af10-42c1-912b-d60b9fede64d,522740d6-f3db-4ac1-a547-6b62598fe57f,467,305,445.31,2026-06-11
33610599-d525-4705-8e48-2bf52d5d51d2,35458334-af10-42c1-912b-d60b9fede64d,e5b7da92-602a-4a8f-9b36-3acfc3414ba7,20,9,1178.86,2026-06-11
fd640ee3-2146-4f79-80f9-db39bb8819f7,35458334-af10-42c1-912b-d60b9fede64d,13cd9912-56bb-4721-abb1-986f20a370cb,494,228,668.47,2026-06-11
e9dc1d38-540d-4c2f-9aca-96dd9d36fae6,bed7be51-3081-4b86-9759-21ece0ad6696,9c021848-0377-486f-a048-370334cce953,155,155,476.41,2026-06-01
4c0357d8-9dda-4363-b1cf-77d55cf0433c,bed7be51-3081-4b86-9759-21ece0ad6696,3e9b0bad-6728-4523-be87-a00adf0fff30,572,572,1199.3,2026-06-01
4f7c35c8-10c3-4b85-b08c-13ed194b7717,bed7be51-3081-4b86-9759-21ece0ad6696,9f081f26-ba8d-47d6-870e-ca0ca1cae51f,132,132,702.88,2026-06-01
0ab195d7-e748-493e-80cb-b61fc2be598a,bed7be51-3081-4b86-9759-21ece0ad6696,24d1b68c-2a5b-464e-bb4e-c1071b3b4f3d,122,122,125.44,2026-06-01
aeff255b-0ae4-47b8-9631-3bdde3a03987,bed7be51-3081-4b86-9759-21ece0ad6696,fdd23e22-960c-4a44-af67-60d832b98217,365,365,1034.94,2026-06-01
aa1aeccc-78b2-4c1c-a3d9-27c2f2be3eeb,bed7be51-3081-4b86-9759-21ece0ad6696,3a19d3ca-1898-4db4-b347-55af1376c897,366,366,907.25,2026-06-01
9007f982-9ee3-4041-9bc7-9925d3877721,bed7be51-3081-4b86-9759-21ece0ad6696,dee6b134-5f4e-4d83-8133-35e34f0b48e8,456,456,110.15,2026-06-01
5720f716-aec5-40a5-8a62-851d52b3976a,f7de2b77-aa79-440f-a79f-92387fd412bc,2f7de1c2-cb62-4261-83f5-d8323f438333,513,303,412.65,2026-09-03
92732f60-a9b4-416e-9680-66988b105c10,f7de2b77-aa79-440f-a79f-92387fd412bc,e3420e6d-9ba0-43de-991d-15b61159daa1,268,202,1037.38,2026-09-03
0c68a9a4-387a-48ba-b105-2fee7e7fb1b6,f7de2b77-aa79-440f-a79f-92387fd412bc,d2219992-909f-48be-967e-2e3f1c3ddfa9,173,144,196.87,2026-09-03
18be96f4-9a7f-4d5c-9ed0-dfa36cf95332,f7de2b77-aa79-440f-a79f-92387fd412bc,27bdd8c0-778d-42ea-ae25-964ce81e391d,382,218,213.43,2026-09-03
dbe462dc-a4cd-41fb-8cad-c9aa015471ef,f7de2b77-aa79-440f-a79f-92387fd412bc,305d6d9c-7521-4f74-8c0d-0bf7d5af8dfd,66,51,1078.86,2026-09-03
c75c4875-5ec1-4999-8015-56588042d7b0,e9204504-8f8e-47de-be4b-f12f3391ab4d,67f10774-4e14-4f09-90b6-00a732111449,505,0,204.32,2026-08-06
c5e7cefc-7d72-41bb-9eda-0ed2ee9a6987,e9204504-8f8e-47de-be4b-f12f3391ab4d,1640337f-9614-4c3f-bda8-20c0eb4c6bce,468,0,697.75,2026-08-06
a4ff33e0-b63c-4c09-93b3-95825352456a,6fdb4225-c4ae-401a-945d-19bb3cbadeb1,4fda6990-76da-4515-8f85-4b5ce64dd1ce,28,0,43.6,2026-07-01
0d146b18-aef7-4f73-830b-0076cd81bddc,6fdb4225-c4ae-401a-945d-19bb3cbadeb1,9c021848-0377-486f-a048-370334cce953,121,0,781.92,2026-07-01
83bc7d5d-a44a-4165-8505-0a4a8fbd5819,6fdb4225-c4ae-401a-945d-19bb3cbadeb1,8e15b3a9-915f-4bf0-84c7-182f335e062c,581,0,359.36,2026-07-01
2f3e1a19-ffa4-49b4-abc3-df13239de3eb,6fdb4225-c4ae-401a-945d-19bb3cbadeb1,a7d4d675-bb94-424a-b6e4-1709b9e91e6d,523,0,1043.64,2026-07-01
9522434c-d67a-4cfa-ae2d-5ba8d6062041,6fdb4225-c4ae-401a-945d-19bb3cbadeb1,16d1b73f-8881-425f-82b2-7ab4974b08ef,259,0,1063.77,2026-07-01
cc1df39c-eec8-401f-97bc-7d947034b9f7,6fdb4225-c4ae-401a-945d-19bb3cbadeb1,1b0a2521-7dda-4bed-8313-954689f28c33,260,0,453.02,2026-07-01
10e11626-22c4-436f-a796-ca5be8dfa6eb,6fdb4225-c4ae-401a-945d-19bb3cbadeb1,ebb48eae-a1ef-4da9-8ae1-b2f70e717661,325,0,626.74,2026-07-01
5c11233b-38d2-473c-92d3-b01b91aa3215,a75e0e74-867d-4979-b391-47a38177aab8,58bf12e5-ee8a-4194-a34c-aa820079144d,322,0,536.33,2026-05-31
44f951e0-b5b4-459e-bbb1-5559231c0a81,a75e0e74-867d-4979-b391-47a38177aab8,378ef267-9155-41bc-a431-7c700c1731e3,64,0,396.07,2026-05-31
78763613-f042-477e-8c08-94381ba4e9b0,a75e0e74-867d-4979-b391-47a38177aab8,573f39b9-7855-4b4d-8a9e-14a5e9d8b2cd,424,0,448.04,2026-05-31
a4c19aea-5e67-4a11-bcad-5444b17555b4,a75e0e74-867d-4979-b391-47a38177aab8,2c10bfc8-d106-4422-b38f-e414215c8def,426,0,1113.7,2026-05-31
70903db5-258d-4a81-a96a-b8a44942be5f,a75e0e74-867d-4979-b391-47a38177aab8,061b886b-98ed-480e-9810-63995f2f47ed,70,0,559.37,2026-05-31
c9d588fc-1117-40a2-9d39-4be6b0711f0b,a75e0e74-867d-4979-b391-47a38177aab8,d039d8bd-44d3-44fc-a49f-83d1987d0b48,108,0,984.41,2026-05-31
7b1386e7-7e69-4fa0-87e3-8fc2826f4806,a9b37357-cd77-48d9-9ad6-dc5293c9d180,fdd23e22-960c-4a44-af67-60d832b98217,328,328,397.8,2026-08-29
f9606dcf-8086-4a02-81a1-1bebabbe97ce,a9b37357-cd77-48d9-9ad6-dc5293c9d180,061b886b-98ed-480e-9810-63995f2f47ed,560,560,409.85,2026-08-29
be55e6c1-b7e2-48c1-b392-986f052a64c8,a9b37357-cd77-48d9-9ad6-dc5293c9d180,ec00005f-8d61-4b61-825c-d8c696ae49aa,41,41,99.94,2026-08-29
79c520b6-f961-40c8-9fc2-74ace0fd2c5c,a9b37357-cd77-48d9-9ad6-dc5293c9d180,4f7512b2-6b9d-434f-807e-2fc43528691e,102,102,456.45,2026-08-29
174f3f3a-3604-4968-a8b1-7177e2554b2a,a9b37357-cd77-48d9-9ad6-dc5293c9d180,378ef267-9155-41bc-a431-7c700c1731e3,207,207,642.39,2026-08-29
6d55efb9-5345-4e27-948f-1a85ea1159a5,a9b37357-cd77-48d9-9ad6-dc5293c9d180,4bd504ed-a1c0-48c9-bff0-b66723a5f08d,452,452,542.81,2026-08-29
13f4d7bf-727e-4fbf-80a2-7dc938630d1c,c124bd6b-e000-4ee3-ac2f-4dbf5584de15,bd5b3f87-5b53-4347-ac00-12fb9d5cd5a6,70,0,755.25,2026-05-23
00465bf8-047f-464c-86a0-1f41bd498d31,c124bd6b-e000-4ee3-ac2f-4dbf5584de15,43110ae2-2c0b-4654-936a-72afad56219d,261,0,492.49,2026-05-23
3216f193-c2ef-4ce1-9a83-e57423f752a5,c124bd6b-e000-4ee3-ac2f-4dbf5584de15,063be93d-6835-4b65-a8a1-c36e83278d83,501,0,985.63,2026-05-23
f66b04ab-5e80-4abf-8009-c733d040f8fc,c124bd6b-e000-4ee3-ac2f-4dbf5584de15,3a19d3ca-1898-4db4-b347-55af1376c897,494,0,540.17,2026-05-23
e24294c9-919d-42fb-960a-2814d8f5e8af,c124bd6b-e000-4ee3-ac2f-4dbf5584de15,cbb4966e-7bea-4df2-82bc-5fcfe9617ff8,81,0,151.83,2026-05-23
2df745ba-eea5-4c09-bbca-382f0a2069ed,c124bd6b-e000-4ee3-ac2f-4dbf5584de15,a7d4d675-bb94-424a-b6e4-1709b9e91e6d,568,0,878.87,2026-05-23
99605313-c6fe-4fb9-9257-3f12bdc17030,c124bd6b-e000-4ee3-ac2f-4dbf5584de15,3e8ecc15-190b-4bcd-a7fd-92ec541c75f4,187,0,746.59,2026-05-23
197b042d-da05-418c-86ec-597dfe62c47e,9a6f34d7-f627-4237-81fe-b04d677e5cc6,be0b42c5-6bfe-48dc-8f33-e20d29d25a48,240,0,758.28,2026-10-11
4ec0db29-fb27-4208-b461-ba85fd51cd82,9a6f34d7-f627-4237-81fe-b04d677e5cc6,220f964e-a351-4ad0-827e-502f5ded939c,582,0,391.75,2026-10-11
dab740e1-16dc-4a35-976e-677535ae7892,9a6f34d7-f627-4237-81fe-b04d677e5cc6,2b376704-d06b-441d-a2bf-f0973873411c,483,0,1116.22,2026-10-11
330a505c-a28d-49c4-b863-f43cbea5d7bb,9a6f34d7-f627-4237-81fe-b04d677e5cc6,220f964e-a351-4ad0-827e-502f5ded939c,423,0,859.91,2026-10-11
e91df54e-61fa-4962-9f36-b437afe75da4,551dfd91-641f-4739-9492-a663670e89c9,ebb48eae-a1ef-4da9-8ae1-b2f70e717661,469,469,281.52,2026-06-26
3acfe952-b73f-49b5-9166-d92567b26c97,551dfd91-641f-4739-9492-a663670e89c9,063be93d-6835-4b65-a8a1-c36e83278d83,262,262,482.26,2026-06-26
e31c4d16-1f44-4490-a045-a780d93a1c56,569ccff5-0304-4fc9-b8d3-23bfcf9c57e0,2c10bfc8-d106-4422-b38f-e414215c8def,73,0,810.17,2026-09-26
c453adfd-3c6d-4ea9-8542-237a9bf64a58,569ccff5-0304-4fc9-b8d3-23bfcf9c57e0,27bdd8c0-778d-42ea-ae25-964ce81e391d,50,0,158.05,2026-09-26
6222c000-b9c1-43a3-87eb-50ce063a9403,569ccff5-0304-4fc9-b8d3-23bfcf9c57e0,24d1b68c-2a5b-464e-bb4e-c1071b3b4f3d,331,0,127.84,2026-09-26
ee58c930-4a65-42b9-8855-9881b28e8d9f,569ccff5-0304-4fc9-b8d3-23bfcf9c57e0,01d77a5e-a466-4d48-b24b-31edb500e5fa,282,0,315.03,2026-09-26
b8e0b5e1-fd7d-4104-9f47-d0401b33e59d,569ccff5-0304-4fc9-b8d3-23bfcf9c57e0,27bdd8c0-778d-42ea-ae25-964ce81e391d,114,0,1131.87,2026-09-26
0c6601d9-c6c1-478c-b6ed-7d270583e922,569ccff5-0304-4fc9-b8d3-23bfcf9c57e0,ceee2775-c68b-4199-9eb8-21746763c4ba,531,0,168.28,2026-09-26
35a0e8c8-1817-412a-b6bb-27f7c55b9488,16f54a08-1e64-4f03-9506-e8d64dbbbb77,8e15b3a9-915f-4bf0-84c7-182f335e062c,320,0,497.3,2026-09-16
a25c3bb0-72cc-4a25-b891-dbee261f202f,16f54a08-1e64-4f03-9506-e8d64dbbbb77,e5b7da92-602a-4a8f-9b36-3acfc3414ba7,199,0,352.59,2026-09-16
80c75c9c-a5f4-4710-adc9-d8330e44cf06,16f54a08-1e64-4f03-9506-e8d64dbbbb77,4fda6990-76da-4515-8f85-4b5ce64dd1ce,160,0,235.36,2026-09-16
6aa270bb-d954-4244-91df-447e5e063aa4,16f54a08-1e64-4f03-9506-e8d64dbbbb77,dee6b134-5f4e-4d83-8133-35e34f0b48e8,24,0,259.32,2026-09-16
4013e06f-75b1-4cba-8c9c-cb23f182258c,16f54a08-1e64-4f03-9506-e8d64dbbbb77,1941089d-b192-4af2-b696-484fa9286d80,425,0,656.84,2026-09-16
76e76c7b-3231-4ccc-93c1-21c1df5033a6,16f54a08-1e64-4f03-9506-e8d64dbbbb77,13cd9912-56bb-4721-abb1-986f20a370cb,275,0,790.72,2026-09-16
6c9cc1ef-5f45-4ee4-8419-47541a927f94,16f54a08-1e64-4f03-9506-e8d64dbbbb77,b1b122eb-1ba2-4148-b9ac-5d21b2adf647,360,0,250.3,2026-09-16
c5bd464c-26b1-4114-a348-8d6b638a42d3,db89bc22-72ac-4f7b-9147-6d11dec00f21,b3fa980f-96f4-474d-8999-454117e0d5d6,207,112,28.63,2026-07-28
d5263a04-619e-4bec-8b87-9a75ccbbb5bf,db89bc22-72ac-4f7b-9147-6d11dec00f21,4bd504ed-a1c0-48c9-bff0-b66723a5f08d,265,142,1177.21,2026-07-28
e052542d-8aa5-4233-beab-26dcaeb23172,cf18e05e-cd26-49ce-9b6c-80a6b09ad15d,1d534fd0-ecdb-47f7-8df1-911899944ac3,481,481,585.29,2026-06-28
de4b3fab-150d-4b39-97fe-36faf4a2512e,cf18e05e-cd26-49ce-9b6c-80a6b09ad15d,2f7de1c2-cb62-4261-83f5-d8323f438333,406,406,881.3,2026-06-28
6106c5e6-9050-414a-afcd-3956305f5a2b,cf18e05e-cd26-49ce-9b6c-80a6b09ad15d,e5b7da92-602a-4a8f-9b36-3acfc3414ba7,285,285,210.05,2026-06-28
101ad01c-9d6e-492c-ae45-c1a8fa589d4a,cf18e05e-cd26-49ce-9b6c-80a6b09ad15d,01d77a5e-a466-4d48-b24b-31edb500e5fa,369,369,663.18,2026-06-28
5c294cd6-d8d3-4cb4-a726-56fc28b05410,7b435468-ea67-4c1f-9acf-f61be35fae4b,c51619a8-ba83-483f-9b52-064f926d96a2,584,0,399.91,2026-08-03
a3e5e9b0-d883-4679-997e-dc241931234b,7b435468-ea67-4c1f-9acf-f61be35fae4b,67ae158e-8140-49ce-b874-0acf92a800c2,533,0,1152.41,2026-08-03
0f26f2d8-1e31-4c30-bb36-70c4ebdbf3e3,7b435468-ea67-4c1f-9acf-f61be35fae4b,c5533566-0e57-4058-9e8f-cc921a574da9,207,0,1074.25,2026-08-03
cd17dbc9-889e-43e2-a049-c7907b49f159,7b435468-ea67-4c1f-9acf-f61be35fae4b,378ef267-9155-41bc-a431-7c700c1731e3,260,0,1132.48,2026-08-03
cab1e427-f061-443a-ba8c-e71dfe05d221,7b435468-ea67-4c1f-9acf-f61be35fae4b,ec00005f-8d61-4b61-825c-d8c696ae49aa,574,0,1130.36,2026-08-03
e751de6a-b7b2-4e81-b856-ac423bf21675,6b8caf58-5b05-40ba-8859-5a15067bfb24,a197882a-31bc-40ba-be53-5a7c2f5930f7,398,398,1064.59,2026-06-17
97423c8c-3516-44ea-b360-64d6e8ac660e,6b8caf58-5b05-40ba-8859-5a15067bfb24,3e98e5ab-52e7-4056-8353-5ac655247948,376,376,427.58,2026-06-17
de368a82-1fad-46a2-818d-74dac745fdde,6b8caf58-5b05-40ba-8859-5a15067bfb24,6f12778d-43ca-4220-8b3b-11201ac91209,439,439,315.15,2026-06-17
16e7b792-8c0f-421b-9ec7-432a8a9b3128,6b8caf58-5b05-40ba-8859-5a15067bfb24,8e15b3a9-915f-4bf0-84c7-182f335e062c,126,126,629.72,2026-06-17
891dada3-035d-4b49-9ea0-2cdea49b8f87,6b8caf58-5b05-40ba-8859-5a15067bfb24,4bd504ed-a1c0-48c9-bff0-b66723a5f08d,275,275,358.47,2026-06-17
781f81af-092b-438a-be59-26785212874f,6b8caf58-5b05-40ba-8859-5a15067bfb24,c037d58f-eb63-482e-81f7-b1f739423cdf,78,78,590.61,2026-06-17
9b81f793-3173-46fc-ad34-300fbc5aaa76,6b8caf58-5b05-40ba-8859-5a15067bfb24,2c10bfc8-d106-4422-b38f-e414215c8def,59,59,574.41,2026-06-17
bfa0c55a-31d4-4cf6-98c5-5b1a16c7485b,8ebf5a2b-d7f0-4098-8a9c-2fcceb1703f2,220f964e-a351-4ad0-827e-502f5ded939c,436,261,111.51,2026-07-10
21a65262-cb6d-4f6c-93b2-bd4cb15a63cc,8ebf5a2b-d7f0-4098-8a9c-2fcceb1703f2,6cbb6f57-d6cb-41b0-aca5-9ea4e8c5be47,240,196,1157.32,2026-07-10
94cd95f2-b78c-401f-910c-31fd6fd2a418,8ebf5a2b-d7f0-4098-8a9c-2fcceb1703f2,987c980e-f5ed-4388-b102-971ff25870b1,549,328,210.17,2026-07-10
87fd7ab9-d119-41e1-83af-c914340f07c2,893bfc88-8ca4-4198-9e77-0199734f4357,13cd9912-56bb-4721-abb1-986f20a370cb,434,434,808.47,2026-06-10
fa55bf3b-e72d-42bf-8bb7-ebb1a461e15d,893bfc88-8ca4-4198-9e77-0199734f4357,99f2ef21-d83e-4cde-a73a-10b587a903a3,95,95,821.21,2026-06-10
1df44bf2-2f3a-4d92-9917-8826d16aa2f0,893bfc88-8ca4-4198-9e77-0199734f4357,1941089d-b192-4af2-b696-484fa9286d80,474,474,355.14,2026-06-10
ed93ddbe-6311-4743-9f83-bdf686c8e98c,6b480f2b-84c9-4667-972f-a4be54c4b580,7b6b643c-11d8-4a62-8cfe-a28f5fe4f2d6,534,0,438.22,2026-06-10
eeb74869-f8bb-4f3d-ad3b-ea4920a3f4f9,6b480f2b-84c9-4667-972f-a4be54c4b580,fda2f8a3-95ba-4f42-97f3-dbce57a916f1,193,0,437.49,2026-06-10
0f22a6ec-bde3-466a-a696-3597431fc752,6b480f2b-84c9-4667-972f-a4be54c4b580,b1b122eb-1ba2-4148-b9ac-5d21b2adf647,34,0,436.39,2026-06-10
d83d7576-caa2-4479-bf9a-36ece242b5e5,af1ce810-199f-42c7-82e1-aa8c750652fe,cf8bc62c-4d72-4142-8ab6-03524280a750,532,240,1197.4,2026-06-07
fcbf21c6-4109-435f-80af-3d7e1dd604d2,af1ce810-199f-42c7-82e1-aa8c750652fe,f6dc8117-e75f-4920-a0cf-04c7bafc7542,34,15,409.13,2026-06-07
f370d4d4-9ce7-43ba-8859-0ca06949f039,af1ce810-199f-42c7-82e1-aa8c750652fe,01d77a5e-a466-4d48-b24b-31edb500e5fa,219,88,840.37,2026-06-07
c058b233-b851-4293-88fd-17ad6d7144fe,af1ce810-199f-42c7-82e1-aa8c750652fe,1d534fd0-ecdb-47f7-8df1-911899944ac3,59,32,893.97,2026-06-07
9207b091-9fe7-4111-95ee-ab77bb8c49c8,af1ce810-199f-42c7-82e1-aa8c750652fe,b3163dc0-3ac7-41cc-b4fc-244bcbe446ad,561,343,56.78,2026-06-07
53da753f-35c1-4ae1-80f3-ff4039c83331,af1ce810-199f-42c7-82e1-aa8c750652fe,dee6b134-5f4e-4d83-8133-35e34f0b48e8,212,114,268.59,2026-06-07
ede50685-b9c8-4ece-a1f0-e125b8d43636,af1ce810-199f-42c7-82e1-aa8c750652fe,2f7de1c2-cb62-4261-83f5-d8323f438333,232,149,345.5,2026-06-07
e0a0490c-d1c0-484f-9af3-c75448735390,f3752a7b-e191-48aa-ac99-789b50c7ef75,9d6f82ea-a6c1-4ee5-bd74-c517ba546a27,70,0,965.2,2026-10-07
5ee8229b-50e4-40ab-976c-e9991bd9ecb9,f3752a7b-e191-48aa-ac99-789b50c7ef75,c51619a8-ba83-483f-9b52-064f926d96a2,76,0,712.06,2026-10-07
5a9e74e3-5fd0-4e6e-a9e9-7f2209751b8a,f3752a7b-e191-48aa-ac99-789b50c7ef75,cf8bc62c-4d72-4142-8ab6-03524280a750,553,0,947.54,2026-10-07
323d53a0-c877-4e59-9b5e-481979067fe3,bac3b31e-88af-4ae0-a9bc-bc5430f730d3,9d6f82ea-a6c1-4ee5-bd74-c517ba546a27,523,0,220.57,2026-08-19
bd16c7a9-e982-4cff-b18a-08eb72f61c26,bac3b31e-88af-4ae0-a9bc-bc5430f730d3,9c06c388-c751-407e-9c97-3b46b1db5e7c,589,0,648.62,2026-08-19
d2d59ae8-2dca-4a90-b6cc-0827bd35d70a,bac3b31e-88af-4ae0-a9bc-bc5430f730d3,305d6d9c-7521-4f74-8c0d-0bf7d5af8dfd,491,0,117.21,2026-08-19
adb2e6aa-c5ca-4cbd-9d5b-56670b5ebb5e,bac3b31e-88af-4ae0-a9bc-bc5430f730d3,d039d8bd-44d3-44fc-a49f-83d1987d0b48,394,0,652.99,2026-08-19
d1f4ff3e-7d3e-474c-88a8-347b0df67fa8,bac3b31e-88af-4ae0-a9bc-bc5430f730d3,a197882a-31bc-40ba-be53-5a7c2f5930f7,413,0,275.06,2026-08-19
d043f44a-03d6-4f62-8233-eb2649359cf2,bac3b31e-88af-4ae0-a9bc-bc5430f730d3,1b0a2521-7dda-4bed-8313-954689f28c33,178,0,530.9,2026-08-19
18c8576b-9281-44d0-82a9-0020f215591c,d83e6fea-1632-4033-af66-e8431628abc3,f1b95f47-94a2-4979-a411-02444c727d3e,285,285,236.36,2026-07-11
185c711b-65a9-4f2c-a6c3-4af974c0fc08,d83e6fea-1632-4033-af66-e8431628abc3,b3163dc0-3ac7-41cc-b4fc-244bcbe446ad,370,370,1197.28,2026-07-11
21ee2fba-d6b6-4cb2-a48a-81ebed93f0ce,d83e6fea-1632-4033-af66-e8431628abc3,522740d6-f3db-4ac1-a547-6b62598fe57f,330,330,727.31,2026-07-11
2de81d11-def3-464a-8faf-5a10e92d24ec,d83e6fea-1632-4033-af66-e8431628abc3,e5b7da92-602a-4a8f-9b36-3acfc3414ba7,206,206,263.1,2026-07-11
f89bf5d5-0c5c-46c8-84df-9027b9c42934,d551c5f3-6d08-4d5d-b093-6f1a2b1abf2d,f6dc8117-e75f-4920-a0cf-04c7bafc7542,401,401,709.01,2026-08-18
95e57f37-a62b-4568-a98b-81f1c0a8f0c6,d551c5f3-6d08-4d5d-b093-6f1a2b1abf2d,063be93d-6835-4b65-a8a1-c36e83278d83,285,285,361.1,2026-08-18
321be2c5-b938-4983-ab35-efbd839531c6,d551c5f3-6d08-4d5d-b093-6f1a2b1abf2d,2aceb2a6-c859-4f95-a238-9ad796b698fa,284,284,38.35,2026-08-18
780f7571-6eec-4a86-997f-6c91eaedef46,d551c5f3-6d08-4d5d-b093-6f1a2b1abf2d,bd5b3f87-5b53-4347-ac00-12fb9d5cd5a6,95,95,588.3,2026-08-18
76bd83b0-a76c-4aa0-8f3b-3f02909c5ff0,d551c5f3-6d08-4d5d-b093-6f1a2b1abf2d,957c588f-5e69-469f-b353-4b24fef25a65,392,392,1057.27,2026-08-18
fe200e7a-4c2b-465a-8503-5c51a1878fe9,d551c5f3-6d08-4d5d-b093-6f1a2b1abf2d,2f7de1c2-cb62-4261-83f5-d8323f438333,319,319,32.75,2026-08-18
aa420459-81af-472f-8cc3-e8af3c794bf8,2ef22a0a-f10f-4475-b6fb-65c96467df8c,97a16fda-9cba-4dc2-8770-0b5104c507d2,98,0,304.19,2026-05-18
fbf48e8a-2f49-4b13-ad4f-6d60c71a44af,2ef22a0a-f10f-4475-b6fb-65c96467df8c,1941089d-b192-4af2-b696-484fa9286d80,545,0,315.22,2026-05-18
e59f5e62-3113-41db-a085-7a3a3ad78e7c,2ef22a0a-f10f-4475-b6fb-65c96467df8c,ea61edd3-7fbd-4c08-b312-d866041879c2,484,0,46.15,2026-05-18
40b71622-23df-4c67-8d4d-26b94b9de662,2ef22a0a-f10f-4475-b6fb-65c96467df8c,ebb48eae-a1ef-4da9-8ae1-b2f70e717661,264,0,252.32,2026-05-18
c691c850-1cba-4230-b103-01f2afe40d26,2ef22a0a-f10f-4475-b6fb-65c96467df8c,99f2ef21-d83e-4cde-a73a-10b587a903a3,62,0,305.2,2026-05-18
b631cdba-c562-47a9-8379-547d1380268a,27561b2e-b32e-4524-adc6-74e45d1d036e,957c588f-5e69-469f-b353-4b24fef25a65,124,91,833.88,2026-06-26
e4c43ceb-692f-4dc2-9439-f53df1b28622,27561b2e-b32e-4524-adc6-74e45d1d036e,cf8bc62c-4d72-4142-8ab6-03524280a750,541,463,166.78,2026-06-26
de29e051-5ef8-4377-a2f3-b47a95ea74fd,27561b2e-b32e-4524-adc6-74e45d1d036e,9f081f26-ba8d-47d6-870e-ca0ca1cae51f,582,361,63.12,2026-06-26
0e6a6c06-9834-4b5f-bcb8-95966f9d3491,27561b2e-b32e-4524-adc6-74e45d1d036e,13cd9912-56bb-4721-abb1-986f20a370cb,584,333,717.14,2026-06-26
f59d7da3-a125-47b1-af0e-0e25181d7711,27561b2e-b32e-4524-adc6-74e45d1d036e,9c06c388-c751-407e-9c97-3b46b1db5e7c,80,52,466.99,2026-06-26
f821817e-87e7-431a-af5c-b6824f462758,27561b2e-b32e-4524-adc6-74e45d1d036e,85b186aa-f3a1-45ba-8d0c-349f8a13c3d4,125,103,627.18,2026-06-26
9bd7e3b8-9eba-45e3-8fa6-c4e2e6775335,f46753c7-b480-4556-b345-3800c4b74c69,01d77a5e-a466-4d48-b24b-31edb500e5fa,406,219,1149.46,2026-10-11
c03dc15f-1b6e-49e6-81bf-9337cb952c93,f46753c7-b480-4556-b345-3800c4b74c69,85b186aa-f3a1-45ba-8d0c-349f8a13c3d4,48,17,623.19,2026-10-11
434dde33-9657-4912-9072-efaa57bbb318,f46753c7-b480-4556-b345-3800c4b74c69,67f10774-4e14-4f09-90b6-00a732111449,401,254,257.12,2026-10-11
d423a504-270c-4016-905b-ce904599613b,f46753c7-b480-4556-b345-3800c4b74c69,6cbb6f57-d6cb-41b0-aca5-9ea4e8c5be47,500,278,1112.02,2026-10-11
defb7951-3541-44d6-be75-863ae167574e,f46753c7-b480-4556-b345-3800c4b74c69,987c980e-f5ed-4388-b102-971ff25870b1,176,97,82.67,2026-10-11
5f34b560-5728-4e49-a497-b6d22ffd007c,f46753c7-b480-4556-b345-3800c4b74c69,d6c64038-55ae-44a3-863b-be781e1a4649,96,54,826.04,2026-10-11
62318834-2ffc-435b-ae82-4722eda56a6b,f46753c7-b480-4556-b345-3800c4b74c69,99f2ef21-d83e-4cde-a73a-10b587a903a3,401,132,649.9,2026-10-11
074875e4-8eb2-4535-85d8-8aae91bfa123,6db93028-0f9b-4d81-9ac9-543014491799,a041cc1e-bb11-4e03-9969-5026c46ed837,68,0,711.89,2026-08-26
6ee600e8-cb30-49fb-9652-dc47a7ce6c03,6db93028-0f9b-4d81-9ac9-543014491799,1b0a2521-7dda-4bed-8313-954689f28c33,518,0,272.2,2026-08-26
c229d792-7a38-4018-b02c-112cb2257991,6db93028-0f9b-4d81-9ac9-543014491799,d039d8bd-44d3-44fc-a49f-83d1987d0b48,499,0,1150.91,2026-08-26
495656d2-8412-4ce7-82b4-eb7a67e1501b,6db93028-0f9b-4d81-9ac9-543014491799,33e37cdb-690b-4dd6-aa0b-3e189bf6bc51,113,0,1109.2,2026-08-26
28000589-f530-4d47-be44-9cefaf5d5c33,ca833200-bf97-4a83-b565-51ac98515a18,2aceb2a6-c859-4f95-a238-9ad796b698fa,109,0,109.86,2026-07-15
ac3b816a-dd66-4c4d-8ca5-25d7124c761e,ca833200-bf97-4a83-b565-51ac98515a18,ca8399a1-143e-4717-be95-7836c2f21dcb,581,0,1190.47,2026-07-15
afc6db2c-9a64-4017-a709-3ada85cf258c,ca833200-bf97-4a83-b565-51ac98515a18,2b376704-d06b-441d-a2bf-f0973873411c,437,0,450.61,2026-07-15
bb8353c2-4b2b-4da2-961b-d2dcb4c8fb47,ca833200-bf97-4a83-b565-51ac98515a18,67ae158e-8140-49ce-b874-0acf92a800c2,81,0,195.47,2026-07-15
82748389-c1f2-4ef8-a000-f10b824437df,ea021556-a27a-4671-b63c-ed12e34e7fc9,9f081f26-ba8d-47d6-870e-ca0ca1cae51f,424,424,77.49,2026-10-01
24f6ef07-61d1-4316-91ec-b15f2d05939e,ea021556-a27a-4671-b63c-ed12e34e7fc9,16d1b73f-8881-425f-82b2-7ab4974b08ef,374,374,260.86,2026-10-01
df8352d5-6356-4315-a50e-0cc07a86d8dd,f767f061-985b-4ebe-ab4d-0a288d06d408,ebb48eae-a1ef-4da9-8ae1-b2f70e717661,156,156,465.63,2026-09-09
d2942ee3-9904-4faa-87b0-a2c249480ea7,f767f061-985b-4ebe-ab4d-0a288d06d408,fda2f8a3-95ba-4f42-97f3-dbce57a916f1,294,294,471.56,2026-09-09
50bb3d12-e1f8-4851-8f01-15d76589a433,f767f061-985b-4ebe-ab4d-0a288d06d408,9c021848-0377-486f-a048-370334cce953,507,507,351.09,2026-09-09
39de1f2b-73da-467b-8215-a0c268e7ca6b,f767f061-985b-4ebe-ab4d-0a288d06d408,573f39b9-7855-4b4d-8a9e-14a5e9d8b2cd,46,46,239.91,2026-09-09
6d11cf5a-d3c5-43b5-b305-377478262da6,f767f061-985b-4ebe-ab4d-0a288d06d408,85b186aa-f3a1-45ba-8d0c-349f8a13c3d4,75,75,209.58,2026-09-09
ac382d9d-f8e5-41f0-9574-70ac24bbc407,f767f061-985b-4ebe-ab4d-0a288d06d408,987c980e-f5ed-4388-b102-971ff25870b1,21,21,777.32,2026-09-09
206bf812-c256-447c-9600-29a18cc5993e,f767f061-985b-4ebe-ab4d-0a288d06d408,8cb385ca-cfdc-404f-8298-512a7c8578b3,277,277,781.53,2026-09-09
d70dd784-7dd1-4c2a-a58e-ce8a010fff91,43c03181-aa6a-4d01-8f38-1477a679d70e,f1b95f47-94a2-4979-a411-02444c727d3e,192,192,339.74,2026-06-15
a83aca38-021f-49ee-9bdf-07d9be42ec01,43c03181-aa6a-4d01-8f38-1477a679d70e,cbb4966e-7bea-4df2-82bc-5fcfe9617ff8,295,295,512.44,2026-06-15
41de18c4-4977-4928-8578-3fa151b932f5,43c03181-aa6a-4d01-8f38-1477a679d70e,305d6d9c-7521-4f74-8c0d-0bf7d5af8dfd,195,195,1114.67,2026-06-15
1623dd3f-e227-4ea3-9701-43dab26a3157,43c03181-aa6a-4d01-8f38-1477a679d70e,e3420e6d-9ba0-43de-991d-15b61159daa1,541,541,1187.47,2026-06-15
b1d247ea-16e7-4301-818f-0a18dc6a4b90,43c03181-aa6a-4d01-8f38-1477a679d70e,957c588f-5e69-469f-b353-4b24fef25a65,80,80,170.43,2026-06-15
4531b38c-5517-4798-b63d-65d7731c7bb1,43c03181-aa6a-4d01-8f38-1477a679d70e,b1b122eb-1ba2-4148-b9ac-5d21b2adf647,28,28,221.5,2026-06-15
ddf68083-e63b-4581-bd47-3aa2b6e1326d,177ad447-03a0-432d-be25-41534feb6d1e,2c4e6d71-0152-4e82-9c16-bfc9c81ea55e,533,0,229.85,2026-10-14
47312552-cfad-4c14-a787-e5af639a0eac,177ad447-03a0-432d-be25-41534feb6d1e,9d6f82ea-a6c1-4ee5-bd74-c517ba546a27,465,0,883.71,2026-10-14
0c8c9a12-8441-40bb-b7dc-68348505d2da,177ad447-03a0-432d-be25-41534feb6d1e,f00273a7-acae-43ae-a0b4-b85c0ed6d4d3,429,0,137.19,2026-10-14
ce6443c2-6645-4e32-b614-c7b7949e5f97,177ad447-03a0-432d-be25-41534feb6d1e,ceee2775-c68b-4199-9eb8-21746763c4ba,466,0,315.29,2026-10-14
059e3f51-1eff-4190-866b-64ce8dc6ad46,177ad447-03a0-432d-be25-41534feb6d1e,27bdd8c0-778d-42ea-ae25-964ce81e391d,231,0,1029.74,2026-10-14
c36c5cea-13d7-448b-a99b-91f6b3434f29,9463d085-783b-4ec1-9832-2c8d729875ba,1941089d-b192-4af2-b696-484fa9286d80,546,480,470.77,2026-07-20
76696659-2a48-4cc9-9d88-99edc4af3265,9463d085-783b-4ec1-9832-2c8d729875ba,2c4e6d71-0152-4e82-9c16-bfc9c81ea55e,497,382,941.44,2026-07-20
4247a698-aac8-4200-8695-f28d6fe90a20,9463d085-783b-4ec1-9832-2c8d729875ba,b261960f-23be-4297-9c50-f27ceac7eedb,491,264,819.48,2026-07-20
a5d83791-3f7f-48a4-a313-2c3930cfc56e,9463d085-783b-4ec1-9832-2c8d729875ba,be0b42c5-6bfe-48dc-8f33-e20d29d25a48,514,281,88.81,2026-07-20
1225c6d9-5534-4b20-8d98-63972e3a8724,9463d085-783b-4ec1-9832-2c8d729875ba,4f7512b2-6b9d-434f-807e-2fc43528691e,598,259,662.64,2026-07-20
0de9d8c7-aae6-4504-ae9c-7625712c4f2b,9463d085-783b-4ec1-9832-2c8d729875ba,0df67422-0ffe-4855-b4b7-0f4e8676cbdb,432,163,295.35,2026-07-20
9ca03d30-ef57-4e85-b361-a49c3f6ed4b5,9463d085-783b-4ec1-9832-2c8d729875ba,b3fa980f-96f4-474d-8999-454117e0d5d6,410,152,1058.3,2026-07-20
d89c0901-7ae1-4287-a407-94955d7c998b,9fad1248-bba6-4c82-965d-cb391f49ffec,1640337f-9614-4c3f-bda8-20c0eb4c6bce,582,0,922.65,2026-10-13
8f43ecd1-05e1-47f2-88cf-6874e5e77cac,9fad1248-bba6-4c82-965d-cb391f49ffec,f1b95f47-94a2-4979-a411-02444c727d3e,317,0,340.54,2026-10-13
b50adedb-9ff3-4b4a-8de6-e167a68b4705,5d87d7d2-5483-4868-b370-be165f2f547b,99f2ef21-d83e-4cde-a73a-10b587a903a3,283,0,1009.39,2026-07-31
741de414-e628-4e6f-ba7a-90527914429b,5d87d7d2-5483-4868-b370-be165f2f547b,b3fa980f-96f4-474d-8999-454117e0d5d6,376,0,418.69,2026-07-31
d8b0ce27-ae07-4812-b3e7-e9854bfcdfa6,5d87d7d2-5483-4868-b370-be165f2f547b,3e98e5ab-52e7-4056-8353-5ac655247948,238,0,788.13,2026-07-31
a82cb009-fa22-4180-8bf7-6bd0faa21bea,edff562f-eb61-479c-a752-e4924668c665,2f7de1c2-cb62-4261-83f5-d8323f438333,410,131,835.42,2026-08-21
93fd291a-d39b-404c-b45c-0c0c104cfb0c,edff562f-eb61-479c-a752-e4924668c665,4bd504ed-a1c0-48c9-bff0-b66723a5f08d,531,376,754.39,2026-08-21
ba5f3f28-b2fb-4217-ad78-016864ecd8ba,edff562f-eb61-479c-a752-e4924668c665,24d1b68c-2a5b-464e-bb4e-c1071b3b4f3d,506,203,818.02,2026-08-21
9ccdd39b-1863-43f3-b66d-7c03604b0d81,344ec110-3ad3-4cb8-b263-16484194610f,0d430ec5-4d86-4820-8a2c-9a0885280906,572,0,484.99,2026-06-01
9ea32ccc-6c09-4102-96f4-9b904ad82d11,344ec110-3ad3-4cb8-b263-16484194610f,0073cc32-e309-402c-96aa-1fb03de469f1,75,0,641.58,2026-06-01
93cb2edc-95df-493d-94f3-212c57e5ca50,5d6d2752-2278-4c89-a58e-5ed8562a92dd,a7d4d675-bb94-424a-b6e4-1709b9e91e6d,308,0,259.46,2026-06-27
8ca20e6a-f5f4-464a-bff2-b574a7b4a465,5d6d2752-2278-4c89-a58e-5ed8562a92dd,2c4e6d71-0152-4e82-9c16-bfc9c81ea55e,479,0,1160.7,2026-06-27
bfe81997-5618-4880-9c63-687c3a2f3543,5d6d2752-2278-4c89-a58e-5ed8562a92dd,0d430ec5-4d86-4820-8a2c-9a0885280906,332,0,45.96,2026-06-27
cd086961-7138-4796-8037-1ec99d2ac7f2,5d6d2752-2278-4c89-a58e-5ed8562a92dd,b261960f-23be-4297-9c50-f27ceac7eedb,199,0,824.46,2026-06-27
4f6047eb-4650-4d29-bf94-ec52de6d4507,5d6d2752-2278-4c89-a58e-5ed8562a92dd,67f10774-4e14-4f09-90b6-00a732111449,42,0,533.93,2026-06-27
5ff24257-6904-43f9-b367-cf2d77af70bc,5d6d2752-2278-4c89-a58e-5ed8562a92dd,4bd504ed-a1c0-48c9-bff0-b66723a5f08d,32,0,326.81,2026-06-27
7439621c-4cec-4e84-8f06-bcfe2ac4840d,273ae76b-6be4-4119-8bf7-9de2abc9762b,1941089d-b192-4af2-b696-484fa9286d80,315,250,35.83,2026-10-11
85eaa8ef-4074-41e0-b97a-4589aded074b,273ae76b-6be4-4119-8bf7-9de2abc9762b,e5b7da92-602a-4a8f-9b36-3acfc3414ba7,292,137,899.04,2026-10-11
c8a0d26d-128b-4053-8501-be29dc0d020a,273ae76b-6be4-4119-8bf7-9de2abc9762b,2c4e6d71-0152-4e82-9c16-bfc9c81ea55e,153,53,37.47,2026-10-11
b03b217e-85fa-4b87-95b7-14f29ed9707d,273ae76b-6be4-4119-8bf7-9de2abc9762b,2c10bfc8-d106-4422-b38f-e414215c8def,237,135,1108.95,2026-10-11
c9fcb85d-fbb5-4af0-85db-6d1bf449b0af,273ae76b-6be4-4119-8bf7-9de2abc9762b,a197882a-31bc-40ba-be53-5a7c2f5930f7,176,139,467.4,2026-10-11
9f8a021b-5c5e-4a64-8ddb-e619ea78df36,273ae76b-6be4-4119-8bf7-9de2abc9762b,d039d8bd-44d3-44fc-a49f-83d1987d0b48,439,149,1091.65,2026-10-11
ce97ddbb-a534-4f07-86b5-ffebd9c6cc84,1b6d74a7-5fa1-4130-8d9d-dcb9141f785d,dee6b134-5f4e-4d83-8133-35e34f0b48e8,231,86,390.89,2026-07-21
70236d08-0182-4e5d-b795-62394da7027e,1b6d74a7-5fa1-4130-8d9d-dcb9141f785d,573f39b9-7855-4b4d-8a9e-14a5e9d8b2cd,560,395,876.35,2026-07-21
c2d23643-4392-4be0-ad8b-24dd0d666d1e,1b6d74a7-5fa1-4130-8d9d-dcb9141f785d,97a16fda-9cba-4dc2-8770-0b5104c507d2,246,78,1171.77,2026-07-21
6f55a9e9-f976-46dd-b233-bf475f0a6118,1b6d74a7-5fa1-4130-8d9d-dcb9141f785d,e5b7da92-602a-4a8f-9b36-3acfc3414ba7,347,153,249.89,2026-07-21
cfa4b91e-90c3-44fd-8133-5cb8e615c0ef,1b6d74a7-5fa1-4130-8d9d-dcb9141f785d,1941089d-b192-4af2-b696-484fa9286d80,132,80,475.91,2026-07-21
9ec811d8-086a-4f86-84b5-72cc5cf80311,17c7c74a-3161-4972-8463-b3c75188d1b6,e3420e6d-9ba0-43de-991d-15b61159daa1,255,0,303.17,2026-06-26
63383ea5-ee2b-47ab-97a0-77e2dcd156c0,17c7c74a-3161-4972-8463-b3c75188d1b6,ebb48eae-a1ef-4da9-8ae1-b2f70e717661,443,0,843.66,2026-06-26
286eaa0c-c1ab-48b2-818b-e2b586bc02db,17c7c74a-3161-4972-8463-b3c75188d1b6,7b6b643c-11d8-4a62-8cfe-a28f5fe4f2d6,547,0,12.13,2026-06-26
9322a13d-def1-4b1a-97aa-2635be5bf2f8,17c7c74a-3161-4972-8463-b3c75188d1b6,fda2f8a3-95ba-4f42-97f3-dbce57a916f1,79,0,32.45,2026-06-26
8f9fa0bc-595e-41c3-b937-828f73355dfc,17c7c74a-3161-4972-8463-b3c75188d1b6,7b6b643c-11d8-4a62-8cfe-a28f5fe4f2d6,249,0,882.02,2026-06-26
f290307b-8c3f-4479-b4bd-c9a95a69687e,17c7c74a-3161-4972-8463-b3c75188d1b6,4f7512b2-6b9d-434f-807e-2fc43528691e,60,0,816.45,2026-06-26
881669b9-af9b-4d59-abad-d5334120c65e,d449284a-4c32-4315-9aec-12c7f886790d,d2219992-909f-48be-967e-2e3f1c3ddfa9,562,562,541.18,2026-06-30
d0cfda9f-ceb4-4664-8815-67f45866e7f5,d449284a-4c32-4315-9aec-12c7f886790d,fdd23e22-960c-4a44-af67-60d832b98217,302,302,190.96,2026-06-30
48905f8e-eb43-44a8-9116-100ae879fb48,d449284a-4c32-4315-9aec-12c7f886790d,9f081f26-ba8d-47d6-870e-ca0ca1cae51f,540,540,444.85,2026-06-30
57cc9493-adc6-48dc-b90b-a6f51e42e6a3,d449284a-4c32-4315-9aec-12c7f886790d,6b615b69-ae0e-4f1b-a6dc-2d69233addaa,542,542,1032.65,2026-06-30
9a9848c5-98a5-4a8e-81a1-a82e31457bc5,0d5e607a-49a3-459a-8861-8f73e7996672,1941089d-b192-4af2-b696-484fa9286d80,413,413,886.2,2026-07-18
fdc8275f-aa4f-4438-a8dd-7131f60e2b72,0d5e607a-49a3-459a-8861-8f73e7996672,0a915249-7e9b-4a22-be4b-d5a6c9628e04,457,457,1161.13,2026-07-18
f26d29a0-f999-4bce-b564-2576d925808d,0d5e607a-49a3-459a-8861-8f73e7996672,d6c64038-55ae-44a3-863b-be781e1a4649,586,586,737.88,2026-07-18
dc33255c-fb33-46ff-9f9c-3d18622ff1f9,0d5e607a-49a3-459a-8861-8f73e7996672,16d1b73f-8881-425f-82b2-7ab4974b08ef,263,263,407.8,2026-07-18
422cbffb-9a39-43c1-8eea-16a2e357f47c,0d5e607a-49a3-459a-8861-8f73e7996672,7b6b643c-11d8-4a62-8cfe-a28f5fe4f2d6,446,446,1070.51,2026-07-18
f4bc395f-78f6-45b0-9350-a2181fc7b373,31ec2697-bc3e-4b31-ae14-9fdbc2ec6cea,67f10774-4e14-4f09-90b6-00a732111449,226,0,386.26,2026-06-10
a7418544-84e2-4b7c-989b-3e20c4eede91,31ec2697-bc3e-4b31-ae14-9fdbc2ec6cea,522740d6-f3db-4ac1-a547-6b62598fe57f,223,0,433.64,2026-06-10
a9df0a25-684a-47c3-985a-fa149ce5396e,31ec2697-bc3e-4b31-ae14-9fdbc2ec6cea,0c98fcbf-9121-467b-910d-10fcfbcd35b6,486,0,524.29,2026-06-10
b0e40ec0-0477-457d-8b63-9f08fc83578f,31ec2697-bc3e-4b31-ae14-9fdbc2ec6cea,b699a59a-a0ec-49d9-b327-482e55347adf,362,0,170.02,2026-06-10
2fe99d6d-c835-4cfc-8850-539ab8539f00,31ec2697-bc3e-4b31-ae14-9fdbc2ec6cea,c037d58f-eb63-482e-81f7-b1f739423cdf,247,0,589.1,2026-06-10
c99ec983-ff0d-45da-9716-114451df6774,31ec2697-bc3e-4b31-ae14-9fdbc2ec6cea,13cd9912-56bb-4721-abb1-986f20a370cb,249,0,809.57,2026-06-10
881e0683-a462-42e1-804f-60175132d420,0dd10d85-f3d1-41f1-97ce-93c924be19f6,9f081f26-ba8d-47d6-870e-ca0ca1cae51f,69,69,1014.57,2026-08-29
c869de7c-605d-45b4-bbb9-899aff677f66,0dd10d85-f3d1-41f1-97ce-93c924be19f6,85b186aa-f3a1-45ba-8d0c-349f8a13c3d4,158,158,452.67,2026-08-29
4a827e52-9b33-4c4b-b40e-02f11f1f47ab,0dd10d85-f3d1-41f1-97ce-93c924be19f6,1941089d-b192-4af2-b696-484fa9286d80,184,184,48.35,2026-08-29
2d342c11-d1fa-4c0d-a204-130203ee5f8c,0dd10d85-f3d1-41f1-97ce-93c924be19f6,831a67ea-b75d-494e-8ba6-e91b1b1eae6e,451,451,828.14,2026-08-29
beca93d9-1105-4279-a3bb-c94fb689978d,0dd10d85-f3d1-41f1-97ce-93c924be19f6,24856ba7-ab81-4f22-985e-e30a3b9397cb,378,378,218.38,2026-08-29
93a999bd-2d47-4115-ae02-a639ac082a4b,0dd10d85-f3d1-41f1-97ce-93c924be19f6,ea61edd3-7fbd-4c08-b312-d866041879c2,27,27,264.25,2026-08-29
df7443ba-2ee2-450f-b1fb-910d1678250e,2da763e0-e17b-4d2d-a72a-c04c1b338daf,85b186aa-f3a1-45ba-8d0c-349f8a13c3d4,202,0,86.12,2026-09-01
9497ab2d-651e-4f62-a3d6-db7a789fea30,2da763e0-e17b-4d2d-a72a-c04c1b338daf,573f39b9-7855-4b4d-8a9e-14a5e9d8b2cd,254,0,525.2,2026-09-01
09e2d2fd-2a05-44b1-939c-e4dcdbc45390,2da763e0-e17b-4d2d-a72a-c04c1b338daf,fb695fdf-9397-485a-aa21-6d65c73c7b07,379,0,655.25,2026-09-01
e1808650-4c75-4dc6-9312-a546ee2f3430,2da763e0-e17b-4d2d-a72a-c04c1b338daf,9c06c388-c751-407e-9c97-3b46b1db5e7c,32,0,991.63,2026-09-01
ac330f2f-8bda-40e0-afe6-f351f20a172a,1e080a2e-c85f-4287-9e67-8160306ff815,c51619a8-ba83-483f-9b52-064f926d96a2,318,0,874.24,2026-09-15
c62f2d46-3859-42fa-9da3-e58f5df01d1d,1e080a2e-c85f-4287-9e67-8160306ff815,3a19d3ca-1898-4db4-b347-55af1376c897,24,0,751.02,2026-09-15
b5fdd6d1-3cb3-4e3b-a7db-42dfbf757d77,1e080a2e-c85f-4287-9e67-8160306ff815,6b615b69-ae0e-4f1b-a6dc-2d69233addaa,308,0,128.44,2026-09-15
f8eb256e-945c-4dec-848c-aa578f14efb6,1e080a2e-c85f-4287-9e67-8160306ff815,ca8399a1-143e-4717-be95-7836c2f21dcb,97,0,854.98,2026-09-15
d091dd8e-9cad-4418-a0f8-326d280db949,1e080a2e-c85f-4287-9e67-8160306ff815,33e37cdb-690b-4dd6-aa0b-3e189bf6bc51,332,0,971.57,2026-09-15
80a6de33-c00c-40ae-9377-dcb867218318,1e080a2e-c85f-4287-9e67-8160306ff815,b3163dc0-3ac7-41cc-b4fc-244bcbe446ad,553,0,318.95,2026-09-15
35953bf0-7537-499d-8abf-33fc60e1898b,e0a76e1d-b37a-402d-ac8d-3ed4436f5e9d,c037d58f-eb63-482e-81f7-b1f739423cdf,54,54,392.07,2026-06-02
b714b903-3147-486d-a07c-8724192c409c,e0a76e1d-b37a-402d-ac8d-3ed4436f5e9d,0c98fcbf-9121-467b-910d-10fcfbcd35b6,90,90,919.77,2026-06-02
1e14c2a0-3fd9-4190-a85e-f7f60d47d90d,e0a76e1d-b37a-402d-ac8d-3ed4436f5e9d,85b186aa-f3a1-45ba-8d0c-349f8a13c3d4,167,167,606.45,2026-06-02
0df6157e-fbaf-4b55-91fa-cd2bd3d6934d,e0a76e1d-b37a-402d-ac8d-3ed4436f5e9d,2aceb2a6-c859-4f95-a238-9ad796b698fa,46,46,128.41,2026-06-02
a11db404-6abb-47e7-b15f-32bafac56614,98fda19f-18fc-457b-a901-9daea2a8bcd8,27bdd8c0-778d-42ea-ae25-964ce81e391d,428,428,1188.66,2026-10-16
dfe82dc0-8745-4a8b-934d-de7fd8ea317b,98fda19f-18fc-457b-a901-9daea2a8bcd8,ca8399a1-143e-4717-be95-7836c2f21dcb,41,41,134.44,2026-10-16
66cf8724-7795-43b5-8747-b3a16bde69fb,98fda19f-18fc-457b-a901-9daea2a8bcd8,27bdd8c0-778d-42ea-ae25-964ce81e391d,526,526,323.96,2026-10-16
f9981a58-6f92-4cfd-b0ad-096fa2395852,860cd407-7ad3-487c-9139-78b7f2371c63,4bd504ed-a1c0-48c9-bff0-b66723a5f08d,533,0,223.17,2026-07-02
49808da6-3ad1-4baa-a2b2-44d189f5c1fd,860cd407-7ad3-487c-9139-78b7f2371c63,957c588f-5e69-469f-b353-4b24fef25a65,428,0,1004.88,2026-07-02
0ff1c6c0-f556-44d8-8ce0-7b56aa907c5b,860cd407-7ad3-487c-9139-78b7f2371c63,3e98e5ab-52e7-4056-8353-5ac655247948,312,0,940.99,2026-07-02
62c87294-f749-4b01-b156-43c883ced1a6,860cd407-7ad3-487c-9139-78b7f2371c63,f1b95f47-94a2-4979-a411-02444c727d3e,336,0,127.31,2026-07-02
718e9f16-d737-41b4-bc91-549805c18898,ce3fe0e7-fdf3-4f93-9b2c-1d8ab222d5e1,bd5b3f87-5b53-4347-ac00-12fb9d5cd5a6,455,0,948.3,2026-05-25
f3a64697-e969-4a93-a11f-d23dbdabc330,ce3fe0e7-fdf3-4f93-9b2c-1d8ab222d5e1,6f12778d-43ca-4220-8b3b-11201ac91209,396,0,636.06,2026-05-25
b0f6cb75-5198-419c-aa92-d327e2b31b19,ce3fe0e7-fdf3-4f93-9b2c-1d8ab222d5e1,01d77a5e-a466-4d48-b24b-31edb500e5fa,208,0,199.5,2026-05-25
a407a602-d2a6-410c-a584-b2aa71446738,ce3fe0e7-fdf3-4f93-9b2c-1d8ab222d5e1,0eecbfea-7628-487c-b590-fece2c687e7a,332,0,304.84,2026-05-25
a6771ff0-4f88-4880-9b48-a5e436f025e2,d8ce1ff3-3fce-481f-b7bf-059ed3a53eb9,957c588f-5e69-469f-b353-4b24fef25a65,479,479,481.18,2026-09-24
de136c9d-7b58-4629-a36c-a0784e34c86b,d8ce1ff3-3fce-481f-b7bf-059ed3a53eb9,0df67422-0ffe-4855-b4b7-0f4e8676cbdb,406,406,169.98,2026-09-24
71f54b06-d23d-4fc6-ae2b-72c4d27f679f,d8ce1ff3-3fce-481f-b7bf-059ed3a53eb9,33e37cdb-690b-4dd6-aa0b-3e189bf6bc51,87,87,731.53,2026-09-24
e7732325-98bb-4bfc-b17c-3f4eda3f8b1d,d8ce1ff3-3fce-481f-b7bf-059ed3a53eb9,9c06c388-c751-407e-9c97-3b46b1db5e7c,461,461,92.57,2026-09-24
bf9b8e16-e61f-4d86-ac23-697a413f0052,9f7527f1-fcde-4675-bcfa-16c9e65e7430,a197882a-31bc-40ba-be53-5a7c2f5930f7,445,445,1186.05,2026-08-24
cce76e8b-f91d-4352-a5e8-249da85d818c,9f7527f1-fcde-4675-bcfa-16c9e65e7430,ebb48eae-a1ef-4da9-8ae1-b2f70e717661,341,341,455.21,2026-08-24
b29baedd-ae43-4891-9d70-418007eb2745,9f7527f1-fcde-4675-bcfa-16c9e65e7430,2f7de1c2-cb62-4261-83f5-d8323f438333,143,143,859.24,2026-08-24
d44f7bbf-9606-478b-a94f-8175adc61bfd,9f7527f1-fcde-4675-bcfa-16c9e65e7430,01d77a5e-a466-4d48-b24b-31edb500e5fa,307,307,199.11,2026-08-24
61b0df70-7519-49bf-949f-a470566d5836,7001a4c5-ae58-426f-bf93-2fa809781b0a,bd5b3f87-5b53-4347-ac00-12fb9d5cd5a6,40,0,180.67,2026-08-12
85852624-b407-4642-9dd1-c2b3e26de979,7001a4c5-ae58-426f-bf93-2fa809781b0a,24db962d-9a6b-4de6-982b-b719e504efb9,144,0,1032.81,2026-08-12
be0d7b6d-7413-410f-be51-af8a1253fcd7,cfc0989a-9d5a-48d2-96c2-e10097ca8e87,97a16fda-9cba-4dc2-8770-0b5104c507d2,168,168,983.86,2026-08-06
38135a38-7ac1-4b5c-9ac6-f0e46978b936,cfc0989a-9d5a-48d2-96c2-e10097ca8e87,24bad869-7045-4954-b58f-10edc0407e69,97,97,252.86,2026-08-06
8c33691b-02c0-4e23-b7d3-cf9fc0c98e30,cfc0989a-9d5a-48d2-96c2-e10097ca8e87,9c06c388-c751-407e-9c97-3b46b1db5e7c,420,420,864.83,2026-08-06
13f70198-63ff-4a6c-8593-9604e6b60ea6,cfc0989a-9d5a-48d2-96c2-e10097ca8e87,987c980e-f5ed-4388-b102-971ff25870b1,432,432,150.7,2026-08-06
0bc65923-fd9e-495e-b980-df5ebc29eb2e,cfc0989a-9d5a-48d2-96c2-e10097ca8e87,b1b122eb-1ba2-4148-b9ac-5d21b2adf647,371,371,981.35,2026-08-06
2410c234-cc73-41e1-b1d1-3d2f12778e6e,cfc0989a-9d5a-48d2-96c2-e10097ca8e87,0c98fcbf-9121-467b-910d-10fcfbcd35b6,127,127,1040.69,2026-08-06
ec37fc39-3f7b-4c03-930b-08b716c4a18f,cfc0989a-9d5a-48d2-96c2-e10097ca8e87,24856ba7-ab81-4f22-985e-e30a3b9397cb,199,199,1104.93,2026-08-06
627b2dc4-3b7e-4b19-ac8a-99bc2d2e84ff,bac48bc0-53db-429c-9cd5-e458b55e3bbf,c2b13e9e-9865-4a6b-ba11-417dbd416417,73,33,1116.69,2026-08-14
23db6331-c0fb-4447-987b-13e7d58b8e51,bac48bc0-53db-429c-9cd5-e458b55e3bbf,fb695fdf-9397-485a-aa21-6d65c73c7b07,284,150,911.07,2026-08-14
ab1da096-a89d-413c-8f69-ebeedcc7317d,bac48bc0-53db-429c-9cd5-e458b55e3bbf,33e37cdb-690b-4dd6-aa0b-3e189bf6bc51,57,23,1096.96,2026-08-14
e258e21e-4f54-4e74-8db1-b9cda2450c70,bac48bc0-53db-429c-9cd5-e458b55e3bbf,e5b7da92-602a-4a8f-9b36-3acfc3414ba7,87,40,381.11,2026-08-14
d7c23e47-17f5-4ef7-abb4-8b331ae5ea7f,bac48bc0-53db-429c-9cd5-e458b55e3bbf,a88fd15f-1bbb-4271-941e-899867a89583,498,391,422.49,2026-08-14
ceb74936-1239-4501-afc1-dd72f9a9c668,bac48bc0-53db-429c-9cd5-e458b55e3bbf,ec00005f-8d61-4b61-825c-d8c696ae49aa,42,30,80.59,2026-08-14
d921ee22-a9e9-4d9c-9fc8-9bb943386ce0,bac48bc0-53db-429c-9cd5-e458b55e3bbf,24db962d-9a6b-4de6-982b-b719e504efb9,146,48,782.65,2026-08-14
fac9e885-6b58-4c73-ae60-3e9243384b1f,89cd8330-90e5-4c99-808d-d422a4df34ea,220f964e-a351-4ad0-827e-502f5ded939c,124,0,209.25,2026-06-28
9c95847b-7c50-4dbf-95a9-c587703f1dd8,89cd8330-90e5-4c99-808d-d422a4df34ea,9d6f82ea-a6c1-4ee5-bd74-c517ba546a27,206,0,359.18,2026-06-28
e1de05e1-56c0-4014-85ff-9fce03579cad,1a98ab11-488c-4188-880f-db478dbbce76,c2b13e9e-9865-4a6b-ba11-417dbd416417,114,0,33.73,2026-07-22
df309eda-277f-4293-953a-19aa6d1eb121,1a98ab11-488c-4188-880f-db478dbbce76,33e37cdb-690b-4dd6-aa0b-3e189bf6bc51,537,0,521.36,2026-07-22
1df96f9e-598f-4f68-a1d5-f518b0152088,1a98ab11-488c-4188-880f-db478dbbce76,dee6b134-5f4e-4d83-8133-35e34f0b48e8,515,0,764.22,2026-07-22
c86c0734-b67a-46a5-9856-deab569fa7fe,1a98ab11-488c-4188-880f-db478dbbce76,ca8399a1-143e-4717-be95-7836c2f21dcb,59,0,161.92,2026-07-22
ee690bfb-2647-496c-905c-31260aacc426,1a98ab11-488c-4188-880f-db478dbbce76,4fda6990-76da-4515-8f85-4b5ce64dd1ce,338,0,879.88,2026-07-22
973bcfae-0e8f-4893-b1a0-174478a5b140,ea398da3-af22-45a9-8f46-adea15d14671,3e9b0bad-6728-4523-be87-a00adf0fff30,412,412,14.14,2026-07-04
4010293c-18b4-4d4b-897a-d12a8bec95fc,ea398da3-af22-45a9-8f46-adea15d14671,7b6b643c-11d8-4a62-8cfe-a28f5fe4f2d6,155,155,836.55,2026-07-04
092acb42-8ac2-4848-a724-91a342664ba6,ea398da3-af22-45a9-8f46-adea15d14671,0a915249-7e9b-4a22-be4b-d5a6c9628e04,41,41,101.76,2026-07-04
4ea6b088-4309-4c6a-b745-ecfa6e00e666,ea398da3-af22-45a9-8f46-adea15d14671,3e98e5ab-52e7-4056-8353-5ac655247948,474,474,47.81,2026-07-04
89622ae0-c174-4f4a-86cf-527028f4fc81,ea398da3-af22-45a9-8f46-adea15d14671,2c10bfc8-d106-4422-b38f-e414215c8def,192,192,1199.75,2026-07-04
7894d6b2-6ef3-498f-8997-348b6e2017c8,b2b59d01-18e4-4790-9bde-64f5c2f31083,ea61edd3-7fbd-4c08-b312-d866041879c2,88,88,212.42,2026-07-02
542d99cc-6290-4b62-8fef-f8d1058957e6,b2b59d01-18e4-4790-9bde-64f5c2f31083,0eecbfea-7628-487c-b590-fece2c687e7a,265,265,60.27,2026-07-02
77efb3e7-3b41-499f-a22d-92f8640d4d58,b2b59d01-18e4-4790-9bde-64f5c2f31083,4fda6990-76da-4515-8f85-4b5ce64dd1ce,182,182,105.15,2026-07-02
4a9fd081-cf09-4ce1-ac70-5e512d1558dc,b2b59d01-18e4-4790-9bde-64f5c2f31083,58bf12e5-ee8a-4194-a34c-aa820079144d,395,395,886.26,2026-07-02
ff97d676-45e1-4424-bc31-dc2b4f220b58,b2b59d01-18e4-4790-9bde-64f5c2f31083,c037d58f-eb63-482e-81f7-b1f739423cdf,444,444,343.72,2026-07-02
247146bd-5f14-44f8-afe9-a4d9c2f1ffcd,b2b59d01-18e4-4790-9bde-64f5c2f31083,ea61edd3-7fbd-4c08-b312-d866041879c2,407,407,734.14,2026-07-02
5e8f4c41-2f50-49d7-b9e9-1a9ed1693699,b2b59d01-18e4-4790-9bde-64f5c2f31083,3e9b0bad-6728-4523-be87-a00adf0fff30,478,478,1199.49,2026-07-02
73ba2322-678b-4574-8233-b1c9a0ca0492,73666112-7823-4198-945a-ad3c1e206694,97a16fda-9cba-4dc2-8770-0b5104c507d2,306,306,981.35,2026-08-28
d0bce2c7-f3df-4385-9a86-70d6c83650b0,73666112-7823-4198-945a-ad3c1e206694,01d77a5e-a466-4d48-b24b-31edb500e5fa,596,596,690.54,2026-08-28
6406dbac-0839-4781-84bc-6fbd0056e964,73666112-7823-4198-945a-ad3c1e206694,b699a59a-a0ec-49d9-b327-482e55347adf,521,521,184.13,2026-08-28
06784bf9-6c00-4443-b6b7-94b017c10f20,73666112-7823-4198-945a-ad3c1e206694,d6c64038-55ae-44a3-863b-be781e1a4649,514,514,503.5,2026-08-28
70b064b6-4500-4bbe-8792-9a9b2e0f2f47,73666112-7823-4198-945a-ad3c1e206694,b3163dc0-3ac7-41cc-b4fc-244bcbe446ad,284,284,561.75,2026-08-28
c0a4a226-5aa7-4abd-8b85-2c0e2988e795,9cd42213-a3cb-4ceb-bac0-f01415e9449e,6cbb6f57-d6cb-41b0-aca5-9ea4e8c5be47,438,438,1096.52,2026-10-11
5ea825a8-f77c-42ee-a56c-770bd8fe1fb6,9cd42213-a3cb-4ceb-bac0-f01415e9449e,8e67a041-f702-4f16-b57b-c66dff30e18b,513,513,738.66,2026-10-11
65c8cf61-e459-4126-887a-34fa6057c6ec,e5987e70-771f-4dbc-bba1-cc4a7149b510,e3420e6d-9ba0-43de-991d-15b61159daa1,171,171,1152.42,2026-07-12
815e39a0-0a46-4963-99ae-36a45c73543c,e5987e70-771f-4dbc-bba1-cc4a7149b510,c5533566-0e57-4058-9e8f-cc921a574da9,419,419,638.32,2026-07-12
2308e363-fb8f-440b-b427-c2a430020380,0d7b0241-e0d9-4c29-a965-567ff052ed23,67f10774-4e14-4f09-90b6-00a732111449,436,436,114.0,2026-08-18
38b6ee6f-28cd-428e-97b1-869dd9fbc88c,0d7b0241-e0d9-4c29-a965-567ff052ed23,220f964e-a351-4ad0-827e-502f5ded939c,106,106,436.7,2026-08-18
56ca9bd2-589b-4930-818a-64fe35d673a0,0d7b0241-e0d9-4c29-a965-567ff052ed23,cf8bc62c-4d72-4142-8ab6-03524280a750,87,87,376.35,2026-08-18
1800187e-8ebf-43c7-a498-50a7f240cec9,0d7b0241-e0d9-4c29-a965-567ff052ed23,3b4f2db0-078e-4414-849b-1ba2782649be,259,259,233.35,2026-08-18
308c07ba-a860-4871-b6c8-49a1773a47ac,0d7b0241-e0d9-4c29-a965-567ff052ed23,fdd23e22-960c-4a44-af67-60d832b98217,483,483,98.21,2026-08-18
fe5b735c-6dee-4dbc-b9d1-122de9f15fdc,17ea1212-2571-45e9-8acc-27030dffc8f9,3a19d3ca-1898-4db4-b347-55af1376c897,453,0,205.58,2026-10-17
3a1bd631-a957-4b7b-b8df-af4663674c0b,17ea1212-2571-45e9-8acc-27030dffc8f9,67ae158e-8140-49ce-b874-0acf92a800c2,289,0,738.43,2026-10-17
5583bacd-39db-4208-b5a4-ab6e110baba0,17ea1212-2571-45e9-8acc-27030dffc8f9,b699a59a-a0ec-49d9-b327-482e55347adf,375,0,639.89,2026-10-17
bf3e6849-fced-4718-a7ed-2b46605e0080,17ea1212-2571-45e9-8acc-27030dffc8f9,3a19d3ca-1898-4db4-b347-55af1376c897,366,0,89.71,2026-10-17
91513a0e-386f-46e6-bdfa-d82ab107e1aa,17ea1212-2571-45e9-8acc-27030dffc8f9,220f964e-a351-4ad0-827e-502f5ded939c,512,0,79.38,2026-10-17
5a4adca4-4b1c-4262-94fd-9d17f6fef5a3,17ea1212-2571-45e9-8acc-27030dffc8f9,dee6b134-5f4e-4d83-8133-35e34f0b48e8,190,0,664.74,2026-10-17
437a0165-db6c-433c-9bfc-eb379fa9904d,18fce84a-dda9-48ce-a2a4-74f62317057b,ea61edd3-7fbd-4c08-b312-d866041879c2,468,468,257.23,2026-09-19
5ce1caed-bc0a-48a4-ae05-16f63f9ee4c7,18fce84a-dda9-48ce-a2a4-74f62317057b,220f964e-a351-4ad0-827e-502f5ded939c,523,523,584.53,2026-09-19
b6ef07cf-752e-42c5-a6c5-1e90cbb762d1,18fce84a-dda9-48ce-a2a4-74f62317057b,0a915249-7e9b-4a22-be4b-d5a6c9628e04,68,68,638.53,2026-09-19
c6189f9f-cf62-473d-83ea-98676095cb4c,18fce84a-dda9-48ce-a2a4-74f62317057b,e5b7da92-602a-4a8f-9b36-3acfc3414ba7,540,540,243.91,2026-09-19
b87acea0-9ed0-4d40-a211-669e9b44cc7e,18fce84a-dda9-48ce-a2a4-74f62317057b,dee6b134-5f4e-4d83-8133-35e34f0b48e8,271,271,933.33,2026-09-19
fa5ef6df-fbfd-4b6a-9173-73d99feccc55,18fce84a-dda9-48ce-a2a4-74f62317057b,ea61edd3-7fbd-4c08-b312-d866041879c2,278,278,626.98,2026-09-19
69005fd7-198c-4548-b79e-028995b47ee6,5f67e7dc-a0ba-4c09-8acc-0499f43d27ce,a197882a-31bc-40ba-be53-5a7c2f5930f7,97,75,108.24,2026-09-07
1e450b4d-0b1e-48fc-a061-17a7756ea80e,5f67e7dc-a0ba-4c09-8acc-0499f43d27ce,9d6f82ea-a6c1-4ee5-bd74-c517ba546a27,243,82,1153.66,2026-09-07
4b5f5368-8e31-4091-86b9-c87495549a71,5f67e7dc-a0ba-4c09-8acc-0499f43d27ce,cbb4966e-7bea-4df2-82bc-5fcfe9617ff8,312,147,59.24,2026-09-07
a6644e48-9175-4310-8ac0-0d51c21f82c2,5f67e7dc-a0ba-4c09-8acc-0499f43d27ce,3b4f2db0-078e-4414-849b-1ba2782649be,71,28,994.37,2026-09-07
7b448b5a-cf23-47ac-9a34-6ff5c49a9f33,5f67e7dc-a0ba-4c09-8acc-0499f43d27ce,b261960f-23be-4297-9c50-f27ceac7eedb,597,519,291.66,2026-09-07
b69a87aa-c946-472b-87f6-2fb2e608e30c,0d989659-dcee-4e38-804f-6a44aced201e,2aceb2a6-c859-4f95-a238-9ad796b698fa,337,0,134.02,2026-07-15
262209a8-60d6-47a8-8bcd-eb7f73540e11,0d989659-dcee-4e38-804f-6a44aced201e,bd5b3f87-5b53-4347-ac00-12fb9d5cd5a6,577,0,583.76,2026-07-15
873db863-3e64-4cb7-8648-b5a399c9496f,0d989659-dcee-4e38-804f-6a44aced201e,987c980e-f5ed-4388-b102-971ff25870b1,331,0,905.02,2026-07-15
318bc03a-2983-4a6a-b3a5-06925fc92efa,0ef91036-d0ca-4c99-be2c-3b1fff09aaa6,bd5b3f87-5b53-4347-ac00-12fb9d5cd5a6,181,66,742.94,2026-09-10
beb069bd-e63c-4693-90a4-36e0c003b33c,0ef91036-d0ca-4c99-be2c-3b1fff09aaa6,16d1b73f-8881-425f-82b2-7ab4974b08ef,126,58,191.14,2026-09-10
24aee021-8bac-4f3c-a57a-b1bb200619ef,0ef91036-d0ca-4c99-be2c-3b1fff09aaa6,2cd10b6d-063e-4f55-a0b6-37edb93b63a6,421,223,374.15,2026-09-10
3f415a84-e3bc-43ad-97ed-bf6801009302,0ef91036-d0ca-4c99-be2c-3b1fff09aaa6,1d534fd0-ecdb-47f7-8df1-911899944ac3,283,198,14.64,2026-09-10
4cdf767f-94d8-454e-91b7-eb79209c312f,0ef91036-d0ca-4c99-be2c-3b1fff09aaa6,9c06c388-c751-407e-9c97-3b46b1db5e7c,69,37,946.19,2026-09-10
7f462ee4-7221-4e58-a5fa-5d493ed403fa,0ef91036-d0ca-4c99-be2c-3b1fff09aaa6,2c10bfc8-d106-4422-b38f-e414215c8def,177,122,676.71,2026-09-10
275e5372-4a3a-4966-9e31-681e74073460,dcdcaadc-780b-4142-bc1a-429a739a11e2,67f10774-4e14-4f09-90b6-00a732111449,464,0,1180.57,2026-07-06
003a8df4-0b78-4eee-b5dc-cd7f2154f8e2,dcdcaadc-780b-4142-bc1a-429a739a11e2,2b376704-d06b-441d-a2bf-f0973873411c,525,0,1087.2,2026-07-06
95af6772-412a-4114-89a3-3f7e359bc56b,dcdcaadc-780b-4142-bc1a-429a739a11e2,573f39b9-7855-4b4d-8a9e-14a5e9d8b2cd,375,0,820.26,2026-07-06
d37c5c12-3d89-46c4-8880-140abd4029ab,dcdcaadc-780b-4142-bc1a-429a739a11e2,c037d58f-eb63-482e-81f7-b1f739423cdf,353,0,930.4,2026-07-06
9f73330c-fdb2-4828-ad25-a7ecfb59319a,dcdcaadc-780b-4142-bc1a-429a739a11e2,b3fa980f-96f4-474d-8999-454117e0d5d6,257,0,659.67,2026-07-06
98c422a7-4dd9-4ff2-a73f-21645b2e9d52,dcdcaadc-780b-4142-bc1a-429a739a11e2,b8b41174-e4bb-41e0-8dc8-fbdaf9d470ec,402,0,161.54,2026-07-06
91ec582f-880c-4ec2-85ca-8a4b53198230,f27969c3-c62a-4c63-aa47-9e5a4a1452a3,c5533566-0e57-4058-9e8f-cc921a574da9,448,0,878.04,2026-07-06
c309dd56-f411-4254-bed4-97818a98e5d4,f27969c3-c62a-4c63-aa47-9e5a4a1452a3,1941089d-b192-4af2-b696-484fa9286d80,29,0,769.92,2026-07-06
5dbecd95-30e0-472a-8767-e0ea3fb30bf9,f27969c3-c62a-4c63-aa47-9e5a4a1452a3,d6c64038-55ae-44a3-863b-be781e1a4649,468,0,582.77,2026-07-06
c927d16f-86e9-4efd-8ab3-b2e53110459f,f27969c3-c62a-4c63-aa47-9e5a4a1452a3,c2b13e9e-9865-4a6b-ba11-417dbd416417,401,0,678.5,2026-07-06
f4539dd4-7674-4869-8407-de2b6052b646,f27969c3-c62a-4c63-aa47-9e5a4a1452a3,063be93d-6835-4b65-a8a1-c36e83278d83,470,0,1047.87,2026-07-06
e93b25ab-96d1-4560-ab09-b2bd9d3a9fe1,f27969c3-c62a-4c63-aa47-9e5a4a1452a3,7b6b643c-11d8-4a62-8cfe-a28f5fe4f2d6,172,0,662.87,2026-07-06
287e2353-e22c-463b-9ead-f91b7cedeeff,ed0ce864-a7d6-4efd-956d-540694503876,ebb48eae-a1ef-4da9-8ae1-b2f70e717661,238,0,206.28,2026-07-29
3e077ec5-faab-40e1-8e97-dba401b2dc31,ed0ce864-a7d6-4efd-956d-540694503876,cf8bc62c-4d72-4142-8ab6-03524280a750,288,0,304.05,2026-07-29
53a69a43-c62c-42b9-8472-29f9600264b6,ed0ce864-a7d6-4efd-956d-540694503876,3a19d3ca-1898-4db4-b347-55af1376c897,335,0,1197.88,2026-07-29
83ee07c5-f59e-4c8f-b4b1-3ec60e171c5d,ed0ce864-a7d6-4efd-956d-540694503876,85b186aa-f3a1-45ba-8d0c-349f8a13c3d4,187,0,730.02,2026-07-29
80bb879c-1f88-4448-94f6-117771cda9e2,ed0ce864-a7d6-4efd-956d-540694503876,c51619a8-ba83-483f-9b52-064f926d96a2,477,0,759.25,2026-07-29
fbc15637-de3d-4601-9403-0db10819835d,ed0ce864-a7d6-4efd-956d-540694503876,99f2ef21-d83e-4cde-a73a-10b587a903a3,83,0,944.31,2026-07-29
62557112-2b7c-4398-9da7-23d904a3bbc6,ed0ce864-a7d6-4efd-956d-540694503876,4bd504ed-a1c0-48c9-bff0-b66723a5f08d,564,0,980.9,2026-07-29
22f79aae-b708-408e-b1fd-bd60d00d3928,1ef3c604-670d-4257-8887-b6585a291704,24bad869-7045-4954-b58f-10edc0407e69,44,0,328.11,2026-10-12
07292eb4-f3bd-465a-ba94-d1f05d8ab59f,1ef3c604-670d-4257-8887-b6585a291704,dee6b134-5f4e-4d83-8133-35e34f0b48e8,471,0,1155.14,2026-10-12
30d26382-36a6-4c01-a1b2-6c492c400c11,1ef3c604-670d-4257-8887-b6585a291704,987c980e-f5ed-4388-b102-971ff25870b1,351,0,368.14,2026-10-12
072aafdd-6b6e-439c-8199-94160859b2dc,1ef3c604-670d-4257-8887-b6585a291704,957c588f-5e69-469f-b353-4b24fef25a65,397,0,1106.7,2026-10-12
2b0d3701-da08-46bb-b30c-a97dfd3d2eff,1ef3c604-670d-4257-8887-b6585a291704,522740d6-f3db-4ac1-a547-6b62598fe57f,482,0,240.85,2026-10-12
a32eaaf4-9543-4357-8d95-f422e8ca8062,1ef3c604-670d-4257-8887-b6585a291704,573f39b9-7855-4b4d-8a9e-14a5e9d8b2cd,582,0,574.35,2026-10-12
1d79818d-813e-41d3-ad5d-a75c0b9145b1,ea69a3c7-b01f-4c79-a20d-89b1e4d8742a,831a67ea-b75d-494e-8ba6-e91b1b1eae6e,168,168,665.68,2026-09-07
88e9aa3e-5f26-42ff-9cc4-ea1f34b8cfa7,ea69a3c7-b01f-4c79-a20d-89b1e4d8742a,4f7512b2-6b9d-434f-807e-2fc43528691e,118,118,913.42,2026-09-07
95c403d3-e30f-495f-8b7e-99ef668d8e3e,ea69a3c7-b01f-4c79-a20d-89b1e4d8742a,8cb385ca-cfdc-404f-8298-512a7c8578b3,501,501,112.55,2026-09-07
38be8d05-8069-4e03-9243-86514241bfe4,ea69a3c7-b01f-4c79-a20d-89b1e4d8742a,378ef267-9155-41bc-a431-7c700c1731e3,478,478,1134.94,2026-09-07
5b3a979e-b996-4f16-b8d6-53be40c1bddf,ea69a3c7-b01f-4c79-a20d-89b1e4d8742a,c5533566-0e57-4058-9e8f-cc921a574da9,165,165,102.51,2026-09-07
12f1f32b-2466-48e2-a486-3c527a1e06c8,ea69a3c7-b01f-4c79-a20d-89b1e4d8742a,b699a59a-a0ec-49d9-b327-482e55347adf,510,510,710.82,2026-09-07
875d8363-9913-4605-89d4-011230d3a4df,ea69a3c7-b01f-4c79-a20d-89b1e4d8742a,ebb48eae-a1ef-4da9-8ae1-b2f70e717661,101,101,454.58,2026-09-07
8ae3e2ce-844f-4c94-aab4-09e69953c0eb,7c44aa59-61c3-47b4-a33d-e8f24d99e9d8,9d6f82ea-a6c1-4ee5-bd74-c517ba546a27,310,0,652.03,2026-08-02
2c444fec-566d-48b9-9769-cfa580612b4c,7c44aa59-61c3-47b4-a33d-e8f24d99e9d8,b699a59a-a0ec-49d9-b327-482e55347adf,122,0,594.96,2026-08-02
0e97b84f-b69f-4918-8d9b-e78b676b7bd1,7c44aa59-61c3-47b4-a33d-e8f24d99e9d8,ec00005f-8d61-4b61-825c-d8c696ae49aa,433,0,1178.57,2026-08-02
9ea582b1-32e5-4d49-b097-7441b6371ff6,7c44aa59-61c3-47b4-a33d-e8f24d99e9d8,67f10774-4e14-4f09-90b6-00a732111449,353,0,91.04,2026-08-02
2d9ba977-72c0-47bb-bda5-7a9a136cf675,5ac34a19-452b-4e86-8e64-37c547a4efdd,2c10bfc8-d106-4422-b38f-e414215c8def,513,311,23.34,2026-09-03
fc3e7ccd-891f-46d7-9453-9c8167940a33,5ac34a19-452b-4e86-8e64-37c547a4efdd,061b886b-98ed-480e-9810-63995f2f47ed,441,264,596.51,2026-09-03
bbe49fe3-53df-4fb8-aaaa-8c9d8378a57b,5ac34a19-452b-4e86-8e64-37c547a4efdd,3a19d3ca-1898-4db4-b347-55af1376c897,340,149,125.02,2026-09-03
04cb592c-5adc-4e3a-9e29-d2fadaf6a161,5ac34a19-452b-4e86-8e64-37c547a4efdd,a7d4d675-bb94-424a-b6e4-1709b9e91e6d,238,159,523.65,2026-09-03
03a68bb7-6332-4908-aa35-090d43f56185,5ac34a19-452b-4e86-8e64-37c547a4efdd,2aceb2a6-c859-4f95-a238-9ad796b698fa,134,77,906.12,2026-09-03
32ee5340-0f36-4515-95c0-d64aeb9278ee,3b4acdb8-dde1-4262-a6f5-8d6f1d7ec70b,c5533566-0e57-4058-9e8f-cc921a574da9,341,116,110.87,2026-06-04
ed318f89-ec83-4c12-9731-8533b49aac74,3b4acdb8-dde1-4262-a6f5-8d6f1d7ec70b,58bf12e5-ee8a-4194-a34c-aa820079144d,241,199,1084.83,2026-06-04
f0c97154-0183-4ff0-82ff-fd0cae04f8c7,3b4acdb8-dde1-4262-a6f5-8d6f1d7ec70b,b3163dc0-3ac7-41cc-b4fc-244bcbe446ad,167,84,1066.07,2026-06-04
54e5447f-2f0e-4a03-888e-dd4cbbdbef03,3b4acdb8-dde1-4262-a6f5-8d6f1d7ec70b,2cd10b6d-063e-4f55-a0b6-37edb93b63a6,37,23,1086.33,2026-06-04
bbb57c6e-9460-46ec-8e06-15b04c1d216c,b5bd515e-d865-4c8f-8fc7-89be63154e12,a197882a-31bc-40ba-be53-5a7c2f5930f7,486,0,1187.26,2026-09-05
0b7e4077-14fb-4c1f-ab69-83be9792a84c,b5bd515e-d865-4c8f-8fc7-89be63154e12,2f7de1c2-cb62-4261-83f5-d8323f438333,575,0,356.51,2026-09-05
0d38637e-7fff-4fbf-a9fd-8f56b92c2ac7,b5bd515e-d865-4c8f-8fc7-89be63154e12,d2219992-909f-48be-967e-2e3f1c3ddfa9,393,0,993.96,2026-09-05
f5a6f2a8-734d-4bcc-b268-0b50e515a039,b5bd515e-d865-4c8f-8fc7-89be63154e12,a7d4d675-bb94-424a-b6e4-1709b9e91e6d,32,0,921.5,2026-09-05
bfbc4fb0-7731-4395-9db2-ba7d4e000647,0bb88b73-0d02-4226-9731-14a05d20292d,1d534fd0-ecdb-47f7-8df1-911899944ac3,280,175,233.33,2026-08-17
c578ae5a-e442-4291-a3e4-987761147a1c,0bb88b73-0d02-4226-9731-14a05d20292d,b8b41174-e4bb-41e0-8dc8-fbdaf9d470ec,217,192,911.16,2026-08-17
3c1272cf-8101-4ec3-94b7-698176712b35,0bb88b73-0d02-4226-9731-14a05d20292d,2c10bfc8-d106-4422-b38f-e414215c8def,552,341,726.69,2026-08-17
2aad4c7c-2f71-4bda-8001-7fc16a4420b7,0bb88b73-0d02-4226-9731-14a05d20292d,67ae158e-8140-49ce-b874-0acf92a800c2,564,191,238.99,2026-08-17
fd02ec31-1e82-45e3-ab73-2407f2ae0693,e25b2080-d874-46de-a2b8-7ad02d645cda,97a16fda-9cba-4dc2-8770-0b5104c507d2,338,0,577.59,2026-08-19
869a483f-e516-4233-9775-b48ade4072ef,e25b2080-d874-46de-a2b8-7ad02d645cda,f6dc8117-e75f-4920-a0cf-04c7bafc7542,596,0,201.17,2026-08-19
23859c34-e091-4be2-a5bb-0ebdf2a82223,27890868-d20d-49a4-ba5e-3ec036169c37,d6c64038-55ae-44a3-863b-be781e1a4649,58,58,503.7,2026-08-27
eb12b0f0-0662-41f3-a80c-ec2429523b94,27890868-d20d-49a4-ba5e-3ec036169c37,b3163dc0-3ac7-41cc-b4fc-244bcbe446ad,438,438,1025.42,2026-08-27
d4142e8b-9787-4278-9fe8-364b978defbf,27890868-d20d-49a4-ba5e-3ec036169c37,f1b95f47-94a2-4979-a411-02444c727d3e,83,83,879.65,2026-08-27
ab14c2cb-059d-4eb0-a7bc-69309a09afcc,078e8334-fe9b-4de4-bbf0-36d8c73cb435,6cbb6f57-d6cb-41b0-aca5-9ea4e8c5be47,589,589,753.76,2026-07-07
c930d078-05ce-46a2-aa0f-688c4c2aa81f,078e8334-fe9b-4de4-bbf0-36d8c73cb435,99f2ef21-d83e-4cde-a73a-10b587a903a3,92,92,625.29,2026-07-07
2fd65d9d-7578-41b4-bacf-a87c266644eb,078e8334-fe9b-4de4-bbf0-36d8c73cb435,0df67422-0ffe-4855-b4b7-0f4e8676cbdb,403,403,1088.53,2026-07-07
0ad5d652-90ff-4a68-a539-4f20ac14d56b,078e8334-fe9b-4de4-bbf0-36d8c73cb435,378ef267-9155-41bc-a431-7c700c1731e3,284,284,1180.51,2026-07-07
b1e01c4a-3e7f-4877-940f-6b37919ca4ce,078e8334-fe9b-4de4-bbf0-36d8c73cb435,fda2f8a3-95ba-4f42-97f3-dbce57a916f1,550,550,306.99,2026-07-07
603193a8-b55a-4a70-b823-261b6c00e923,078e8334-fe9b-4de4-bbf0-36d8c73cb435,0073cc32-e309-402c-96aa-1fb03de469f1,538,538,422.21,2026-07-07
863513bc-20bb-426d-8df4-c2e7fada7495,078e8334-fe9b-4de4-bbf0-36d8c73cb435,2b376704-d06b-441d-a2bf-f0973873411c,363,363,91.55,2026-07-07
d011a16d-8562-4f4c-aa10-efd740934b43,84a74f6e-45be-4266-8344-2386066ee434,b8b41174-e4bb-41e0-8dc8-fbdaf9d470ec,424,424,1010.84,2026-07-20
9a63d770-5285-4f45-85b8-a253df73e1a1,84a74f6e-45be-4266-8344-2386066ee434,957c588f-5e69-469f-b353-4b24fef25a65,582,582,167.13,2026-07-20
93a88765-e56c-43ed-8cc0-a5162f52869d,84a74f6e-45be-4266-8344-2386066ee434,70745aec-f24f-4b18-807e-6adb80d01ba0,198,198,593.37,2026-07-20
537fb75b-f87b-4ec9-9c03-b39dcea39c95,84a74f6e-45be-4266-8344-2386066ee434,e3420e6d-9ba0-43de-991d-15b61159daa1,130,130,36.55,2026-07-20
c8f919d4-c623-402b-877d-cbeba238f542,84a74f6e-45be-4266-8344-2386066ee434,7b6b643c-11d8-4a62-8cfe-a28f5fe4f2d6,514,514,875.8,2026-07-20
e5005409-0001-4b0e-8ab7-b5756ce8d51b,84a74f6e-45be-4266-8344-2386066ee434,f00273a7-acae-43ae-a0b4-b85c0ed6d4d3,493,493,274.07,2026-07-20
215ec172-65bc-4dc4-a0b0-9cf2c353726e,4513d697-fcde-4f43-b3e8-5fb145ed06b0,0eecbfea-7628-487c-b590-fece2c687e7a,226,130,253.33,2026-08-17
0e9465e8-03d1-43cf-a9b9-52599b06bf52,4513d697-fcde-4f43-b3e8-5fb145ed06b0,0073cc32-e309-402c-96aa-1fb03de469f1,599,268,889.79,2026-08-17
cbc696da-8291-48ee-bec0-1b93b4cda6ef,4513d697-fcde-4f43-b3e8-5fb145ed06b0,cf8bc62c-4d72-4142-8ab6-03524280a750,404,271,1109.76,2026-08-17
9bbb430f-9cb7-42d2-9f16-470d8a61301c,4513d697-fcde-4f43-b3e8-5fb145ed06b0,3e9b0bad-6728-4523-be87-a00adf0fff30,133,73,1063.97,2026-08-17
3be85ee6-41d1-4c5d-b92f-246097081667,004ea88b-8540-4e55-906a-ecffd7d85319,3e9b0bad-6728-4523-be87-a00adf0fff30,388,388,211.01,2026-07-26
fc33c0b3-3dad-45d7-a68c-4d44bc389c95,004ea88b-8540-4e55-906a-ecffd7d85319,43110ae2-2c0b-4654-936a-72afad56219d,141,141,597.81,2026-07-26
4f78e493-3b75-4096-9ce4-9fe27520857e,004ea88b-8540-4e55-906a-ecffd7d85319,f6dc8117-e75f-4920-a0cf-04c7bafc7542,100,100,786.75,2026-07-26
f08dc43b-9ccb-4218-88aa-cf13bc4fbc7f,b9f778d4-a0d4-4bd9-925b-124d0578059e,3e8ecc15-190b-4bcd-a7fd-92ec541c75f4,128,128,796.67,2026-10-09
8870627f-54e5-4b24-963f-b37e7d882b81,b9f778d4-a0d4-4bd9-925b-124d0578059e,419b95a7-17e5-4918-ad68-d58ee6b6e6f5,400,400,454.08,2026-10-09
55f7583f-91c6-4e47-84c7-042f6833c584,b9f778d4-a0d4-4bd9-925b-124d0578059e,33e37cdb-690b-4dd6-aa0b-3e189bf6bc51,490,490,670.67,2026-10-09
761dddc7-2d57-4a0b-9558-bf58041809f9,b9f778d4-a0d4-4bd9-925b-124d0578059e,dee6b134-5f4e-4d83-8133-35e34f0b48e8,302,302,1095.73,2026-10-09
9111d3e9-ed55-42c5-9138-138f1ff61ab9,b9f778d4-a0d4-4bd9-925b-124d0578059e,1d534fd0-ecdb-47f7-8df1-911899944ac3,571,571,1132.16,2026-10-09
3bb04be8-dcb5-4ffa-8cee-329eeffe01db,b9f778d4-a0d4-4bd9-925b-124d0578059e,063be93d-6835-4b65-a8a1-c36e83278d83,523,523,591.02,2026-10-09
7f6716a1-441d-48b6-81a2-b631ff266052,3b8d4188-c45e-49de-98d8-184542ec234b,d039d8bd-44d3-44fc-a49f-83d1987d0b48,518,0,1194.29,2026-10-17
6c6d2a1d-2834-4028-b72b-273aa8cb1957,3b8d4188-c45e-49de-98d8-184542ec234b,01d77a5e-a466-4d48-b24b-31edb500e5fa,95,0,211.23,2026-10-17
18ac2873-7a8a-4349-bf53-778dfd5abe7b,3b8d4188-c45e-49de-98d8-184542ec234b,13cd9912-56bb-4721-abb1-986f20a370cb,251,0,1124.69,2026-10-17
55ac2f4c-77b7-4b49-8405-429d141e0627,3b8d4188-c45e-49de-98d8-184542ec234b,957c588f-5e69-469f-b353-4b24fef25a65,141,0,30.14,2026-10-17
b7ff0d46-7fe0-40a9-b407-6a45a6087709,9eb790fd-7ec5-4a1f-80f6-4e09766e00b4,70745aec-f24f-4b18-807e-6adb80d01ba0,586,586,1077.78,2026-08-06
802d37a7-aea2-4a32-a113-7c6926e86e13,9eb790fd-7ec5-4a1f-80f6-4e09766e00b4,b699a59a-a0ec-49d9-b327-482e55347adf,426,426,207.72,2026-08-06
6a41eb06-d363-4572-b48b-4729b40d5e7a,b7c977d0-7f61-4c00-8006-701cd0afb046,58bf12e5-ee8a-4194-a34c-aa820079144d,98,98,498.21,2026-05-25
cfa613a1-a160-4268-beb1-381d3ea8620f,b7c977d0-7f61-4c00-8006-701cd0afb046,a041cc1e-bb11-4e03-9969-5026c46ed837,285,285,866.57,2026-05-25
95b74cf3-b1f0-4478-94c2-7f335fceb197,b7c977d0-7f61-4c00-8006-701cd0afb046,be0b42c5-6bfe-48dc-8f33-e20d29d25a48,281,281,1177.05,2026-05-25
448fd20a-f5c2-4522-97e9-ea6fdd9acddb,b7c977d0-7f61-4c00-8006-701cd0afb046,cf8bc62c-4d72-4142-8ab6-03524280a750,488,488,959.69,2026-05-25
059aec90-8e2c-46f6-8920-4a8dfb70e681,a0c1c6bf-a07e-4c3e-aa58-bde5dc5bbcf5,2b376704-d06b-441d-a2bf-f0973873411c,120,0,910.19,2026-07-24
2838a218-f73c-4599-8790-618c4f126057,a0c1c6bf-a07e-4c3e-aa58-bde5dc5bbcf5,6989db76-adcc-4a3d-b3c0-61fb496a0f5d,594,0,607.16,2026-07-24
397e2647-447b-4cf1-9a87-ce0af7790584,a0c1c6bf-a07e-4c3e-aa58-bde5dc5bbcf5,2aceb2a6-c859-4f95-a238-9ad796b698fa,34,0,381.24,2026-07-24
9875bca6-b974-499a-a6ce-e8c2deac9275,a0c1c6bf-a07e-4c3e-aa58-bde5dc5bbcf5,6989db76-adcc-4a3d-b3c0-61fb496a0f5d,172,0,1168.8,2026-07-24
3e81546d-0d11-41ff-9c22-04238a4a35f6,a0c1c6bf-a07e-4c3e-aa58-bde5dc5bbcf5,987c980e-f5ed-4388-b102-971ff25870b1,171,0,1168.91,2026-07-24
4075a4ad-bbb5-477b-b96c-3ed8d4288f5d,a0c1c6bf-a07e-4c3e-aa58-bde5dc5bbcf5,957c588f-5e69-469f-b353-4b24fef25a65,354,0,362.27,2026-07-24
da8b820e-7a9b-4c74-acf1-fb892df86e33,42e4d292-1fc7-45af-95cc-26e04f479356,33e37cdb-690b-4dd6-aa0b-3e189bf6bc51,198,198,361.9,2026-06-04
bf1b0f7b-a203-497f-bced-55575f046ca1,42e4d292-1fc7-45af-95cc-26e04f479356,3a19d3ca-1898-4db4-b347-55af1376c897,461,461,29.91,2026-06-04
abca93f7-86a6-4435-bf53-223e98bf2b81,42e4d292-1fc7-45af-95cc-26e04f479356,ea61edd3-7fbd-4c08-b312-d866041879c2,428,428,806.15,2026-06-04
00fdf6f0-891f-47f4-8a92-754021886ad2,42e4d292-1fc7-45af-95cc-26e04f479356,573f39b9-7855-4b4d-8a9e-14a5e9d8b2cd,186,186,723.27,2026-06-04
0c4ac6bd-b732-49ef-ab47-082a213615b9,42e4d292-1fc7-45af-95cc-26e04f479356,4fda6990-76da-4515-8f85-4b5ce64dd1ce,302,302,528.73,2026-06-04
22f63f98-c6f0-453e-95de-9944891f4462,42e4d292-1fc7-45af-95cc-26e04f479356,16d1b73f-8881-425f-82b2-7ab4974b08ef,238,238,145.01,2026-06-04
04d2ee72-30a9-4d06-939a-451a59ddfbbd,c271b21f-b8a6-409c-a1b1-ffda5e8fd45f,24d1b68c-2a5b-464e-bb4e-c1071b3b4f3d,357,0,231.9,2026-08-30
cfe5ba1f-38f6-4277-a134-63f1c456ecdf,c271b21f-b8a6-409c-a1b1-ffda5e8fd45f,e3420e6d-9ba0-43de-991d-15b61159daa1,288,0,1065.43,2026-08-30
ddde2dc1-a157-49d6-b3c9-a2d4224579f7,101b7df6-44c5-448c-975c-33f1d9dda6f9,1640337f-9614-4c3f-bda8-20c0eb4c6bce,54,0,283.93,2026-08-24
28e81cf8-cb4e-45f5-a9bc-a801d89414f6,101b7df6-44c5-448c-975c-33f1d9dda6f9,f6dc8117-e75f-4920-a0cf-04c7bafc7542,376,0,54.77,2026-08-24
cae4455b-d57e-4d6f-b43c-9985112d27fe,101b7df6-44c5-448c-975c-33f1d9dda6f9,0a915249-7e9b-4a22-be4b-d5a6c9628e04,527,0,82.39,2026-08-24
3e4ab2fb-a63d-4b85-b121-543358fc236a,101b7df6-44c5-448c-975c-33f1d9dda6f9,d6c64038-55ae-44a3-863b-be781e1a4649,180,0,725.01,2026-08-24
22131673-696a-43ad-9645-18b50ce1f930,101b7df6-44c5-448c-975c-33f1d9dda6f9,fb695fdf-9397-485a-aa21-6d65c73c7b07,597,0,235.32,2026-08-24
6aafc07e-b367-4f66-ad06-ceebd17b3fa7,101b7df6-44c5-448c-975c-33f1d9dda6f9,fdd23e22-960c-4a44-af67-60d832b98217,518,0,139.48,2026-08-24
0fff4e52-3f60-4dfe-b172-58676acb8a38,101b7df6-44c5-448c-975c-33f1d9dda6f9,be0b42c5-6bfe-48dc-8f33-e20d29d25a48,380,0,1044.31,2026-08-24
872f5e37-4591-4fda-8567-5039ef9e0589,698b1f46-b014-4e7a-8a74-18e14b7b6d5a,378ef267-9155-41bc-a431-7c700c1731e3,29,29,907.78,2026-06-29
8dc3ba3c-188a-466d-a11f-fcc08146f9ed,698b1f46-b014-4e7a-8a74-18e14b7b6d5a,f00273a7-acae-43ae-a0b4-b85c0ed6d4d3,441,441,55.81,2026-06-29
f7ce0323-5043-48a3-a416-c582c1b15511,698b1f46-b014-4e7a-8a74-18e14b7b6d5a,ceee2775-c68b-4199-9eb8-21746763c4ba,186,186,841.95,2026-06-29
aacdea32-95f7-4ce0-a9d5-c7071af51684,698b1f46-b014-4e7a-8a74-18e14b7b6d5a,d039d8bd-44d3-44fc-a49f-83d1987d0b48,409,409,69.25,2026-06-29
b6744875-be63-4cd8-bafb-1836ef64854f,698b1f46-b014-4e7a-8a74-18e14b7b6d5a,b3163dc0-3ac7-41cc-b4fc-244bcbe446ad,321,321,40.41,2026-06-29
63be38f3-b58a-40ad-9f0a-c1af40e4d8df,698b1f46-b014-4e7a-8a74-18e14b7b6d5a,2cd10b6d-063e-4f55-a0b6-37edb93b63a6,142,142,1080.71,2026-06-29
8933b5f1-5722-4af5-90ce-c54d260787cf,6134553f-b17c-492b-a415-f90512ba6cb6,f1b95f47-94a2-4979-a411-02444c727d3e,81,81,514.72,2026-07-25
9d1eea70-9ad8-4bf3-8f3e-db71f7000f34,6134553f-b17c-492b-a415-f90512ba6cb6,ea61edd3-7fbd-4c08-b312-d866041879c2,522,522,691.02,2026-07-25
7dbbff22-b206-4b89-a51c-5b1fbd25e4fd,1de9c132-e59b-4e92-8e0c-0e810877b551,831a67ea-b75d-494e-8ba6-e91b1b1eae6e,22,0,1146.44,2026-09-07
3ac08dd5-3105-4cb0-b3e1-32e0dfbb4c4e,1de9c132-e59b-4e92-8e0c-0e810877b551,24bad869-7045-4954-b58f-10edc0407e69,43,0,503.04,2026-09-07
767392c1-0a3f-4bd6-8585-ac12d44ac653,1de9c132-e59b-4e92-8e0c-0e810877b551,ebb48eae-a1ef-4da9-8ae1-b2f70e717661,414,0,1179.45,2026-09-07
2caef961-c62c-42c6-8486-9b5e7385df94,1de9c132-e59b-4e92-8e0c-0e810877b551,ea61edd3-7fbd-4c08-b312-d866041879c2,596,0,994.08,2026-09-07
a5acac1b-bd9b-4b4a-84e4-f9806896854c,1de9c132-e59b-4e92-8e0c-0e810877b551,c5533566-0e57-4058-9e8f-cc921a574da9,246,0,988.48,2026-09-07
3634514e-11e1-411f-a204-6b14ef6e7d46,634347ec-d147-4ff0-b0f3-b9dd6ae62fa8,24856ba7-ab81-4f22-985e-e30a3b9397cb,79,0,1150.02,2026-08-10
a8217927-0fce-473e-b4ba-06310bb74847,634347ec-d147-4ff0-b0f3-b9dd6ae62fa8,2aceb2a6-c859-4f95-a238-9ad796b698fa,559,0,912.97,2026-08-10
9289a08b-8e32-419c-ab84-37214d73d515,634347ec-d147-4ff0-b0f3-b9dd6ae62fa8,ebb48eae-a1ef-4da9-8ae1-b2f70e717661,76,0,750.77,2026-08-10
a0b13e4e-12fd-4138-b510-7b0b6a6e5ab4,634347ec-d147-4ff0-b0f3-b9dd6ae62fa8,2f7de1c2-cb62-4261-83f5-d8323f438333,138,0,1078.79,2026-08-10
3bdb9460-647b-4c40-a82c-94ba5838153c,634347ec-d147-4ff0-b0f3-b9dd6ae62fa8,061b886b-98ed-480e-9810-63995f2f47ed,43,0,1105.08,2026-08-10
898aac01-d938-4597-b1d7-7772531b3324,3e37c9fc-98ae-41a3-b751-5b58125311f6,be0b42c5-6bfe-48dc-8f33-e20d29d25a48,320,320,259.32,2026-08-26
bba64adc-ef7d-4f14-82f4-8ed18fac6f4d,3e37c9fc-98ae-41a3-b751-5b58125311f6,2aceb2a6-c859-4f95-a238-9ad796b698fa,161,161,40.87,2026-08-26
0a10f253-b628-4203-b865-33fe3b9eb655,3e37c9fc-98ae-41a3-b751-5b58125311f6,3b4f2db0-078e-4414-849b-1ba2782649be,427,427,291.9,2026-08-26
8f686b01-8d2d-4270-af80-b23a1b5f1c62,3e37c9fc-98ae-41a3-b751-5b58125311f6,6989db76-adcc-4a3d-b3c0-61fb496a0f5d,592,592,856.53,2026-08-26
0660601f-1199-48ec-89db-4c716efd7bf5,5cdfdf27-758d-409c-8840-55f19d92f171,522740d6-f3db-4ac1-a547-6b62598fe57f,577,577,870.31,2026-05-29
37dcc1cd-d086-4ffb-bca6-eb5c307cf888,5cdfdf27-758d-409c-8840-55f19d92f171,85b186aa-f3a1-45ba-8d0c-349f8a13c3d4,367,367,1122.28,2026-05-29
dedf58bd-ec86-4cfc-b857-6c454fd4be96,5cdfdf27-758d-409c-8840-55f19d92f171,f1b95f47-94a2-4979-a411-02444c727d3e,591,591,323.92,2026-05-29
dbfce076-736e-4a70-a002-2ae4f5414220,5cdfdf27-758d-409c-8840-55f19d92f171,33e37cdb-690b-4dd6-aa0b-3e189bf6bc51,116,116,756.34,2026-05-29
59c8b9b4-3531-48ae-bb71-6966aac503e5,5cdfdf27-758d-409c-8840-55f19d92f171,2b376704-d06b-441d-a2bf-f0973873411c,537,537,512.33,2026-05-29
48890fc5-3130-42ec-90f8-b6a1789c129f,5cdfdf27-758d-409c-8840-55f19d92f171,b699a59a-a0ec-49d9-b327-482e55347adf,71,71,950.87,2026-05-29
1bab0045-7be7-483d-903a-87219d8bbf2c,622beb4a-8c89-48b7-8786-5838c8621eb2,6989db76-adcc-4a3d-b3c0-61fb496a0f5d,174,0,417.03,2026-07-29
0e8edc3c-9dc2-408d-9e2b-2bff210ab861,622beb4a-8c89-48b7-8786-5838c8621eb2,9f081f26-ba8d-47d6-870e-ca0ca1cae51f,244,0,1081.19,2026-07-29
f33b1255-2cec-4175-8e3a-088eac602860,622beb4a-8c89-48b7-8786-5838c8621eb2,ec00005f-8d61-4b61-825c-d8c696ae49aa,288,0,253.88,2026-07-29
1f487986-44ac-4fcb-995d-6b24f18b3362,622beb4a-8c89-48b7-8786-5838c8621eb2,43110ae2-2c0b-4654-936a-72afad56219d,29,0,833.32,2026-07-29
9eb29aaa-0538-4eb5-ba04-a7283197a2ff,622beb4a-8c89-48b7-8786-5838c8621eb2,ebb48eae-a1ef-4da9-8ae1-b2f70e717661,352,0,1115.85,2026-07-29
6afcebb5-69a6-4a53-ab5e-2d2fc598db30,622beb4a-8c89-48b7-8786-5838c8621eb2,43110ae2-2c0b-4654-936a-72afad56219d,207,0,564.52,2026-07-29
7ed1bd47-db84-45cc-852e-a4b2850b079e,622beb4a-8c89-48b7-8786-5838c8621eb2,987c980e-f5ed-4388-b102-971ff25870b1,256,0,323.41,2026-07-29
f897419b-872f-4f88-919e-a566fa8188a8,1d59cc99-9fa6-4bc4-a9b2-c926f915d2dd,b8b41174-e4bb-41e0-8dc8-fbdaf9d470ec,548,0,50.28,2026-08-20
50081d00-6e36-4e6c-9678-1e7e93e45984,1d59cc99-9fa6-4bc4-a9b2-c926f915d2dd,1b0a2521-7dda-4bed-8313-954689f28c33,201,0,711.1,2026-08-20
a43a63be-7b94-473b-90a3-654ac58eaa8e,1d59cc99-9fa6-4bc4-a9b2-c926f915d2dd,4fda6990-76da-4515-8f85-4b5ce64dd1ce,363,0,419.12,2026-08-20
aec8eb09-677b-4494-aaf8-caa5a361fcdd,1d59cc99-9fa6-4bc4-a9b2-c926f915d2dd,ec00005f-8d61-4b61-825c-d8c696ae49aa,155,0,1160.97,2026-08-20
8bfddd48-00f7-446d-8fcc-3eeef45a2d13,38186998-4681-4088-bedd-4e2621f8ebe3,67f10774-4e14-4f09-90b6-00a732111449,490,0,272.91,2026-06-10
3e3cc05f-e150-4189-8f19-eb7a5b59aa33,38186998-4681-4088-bedd-4e2621f8ebe3,a041cc1e-bb11-4e03-9969-5026c46ed837,218,0,1040.06,2026-06-10
51143fe2-6b46-449c-9225-6d938cb28882,38186998-4681-4088-bedd-4e2621f8ebe3,ca8399a1-143e-4717-be95-7836c2f21dcb,199,0,940.02,2026-06-10
0e1b7197-37ea-41b8-9330-5223e25f0e43,38186998-4681-4088-bedd-4e2621f8ebe3,1640337f-9614-4c3f-bda8-20c0eb4c6bce,552,0,269.58,2026-06-10
93cf7d35-02be-45a0-a8ae-c5ed26e971c2,38186998-4681-4088-bedd-4e2621f8ebe3,bd5b3f87-5b53-4347-ac00-12fb9d5cd5a6,432,0,737.12,2026-06-10
3aed75d4-cd8d-4c19-9335-d5a8cc6f6703,38186998-4681-4088-bedd-4e2621f8ebe3,b261960f-23be-4297-9c50-f27ceac7eedb,182,0,627.28,2026-06-10
0956a825-730b-4a10-8c48-aca2e98ac7fd,38186998-4681-4088-bedd-4e2621f8ebe3,d6c64038-55ae-44a3-863b-be781e1a4649,272,0,734.92,2026-06-10
43794511-6bac-4750-9b8e-d65adafc182d,d10a6d4f-a629-488b-baa1-7bcd2be0795a,4bd504ed-a1c0-48c9-bff0-b66723a5f08d,333,0,262.88,2026-07-10
78ae3eec-cd92-40d2-8828-9a630f0e76e6,d10a6d4f-a629-488b-baa1-7bcd2be0795a,063be93d-6835-4b65-a8a1-c36e83278d83,506,0,38.59,2026-07-10
a006ec6b-119e-4938-afc5-983fc9df0c51,f6d6c933-3b88-4205-a617-b2fc36f0cb47,4f7512b2-6b9d-434f-807e-2fc43528691e,498,498,901.12,2026-10-03
8d0cbe8a-1c1d-4953-879c-ad00b9bcfe03,f6d6c933-3b88-4205-a617-b2fc36f0cb47,419b95a7-17e5-4918-ad68-d58ee6b6e6f5,129,129,819.57,2026-10-03
e6a4fe89-9d9f-49f3-b30b-e0850d807bb0,f6d6c933-3b88-4205-a617-b2fc36f0cb47,2cd10b6d-063e-4f55-a0b6-37edb93b63a6,140,140,432.58,2026-10-03
7bd0e5f2-e335-4395-a273-3fcfc8836389,003df2c4-5d94-4c95-9e45-31d95082a487,ca8399a1-143e-4717-be95-7836c2f21dcb,141,141,617.43,2026-07-21
db70cbfd-5379-4da8-a9e6-7fba580ee8b6,003df2c4-5d94-4c95-9e45-31d95082a487,c2b13e9e-9865-4a6b-ba11-417dbd416417,303,303,451.55,2026-07-21
0d02aa80-b33c-400b-913f-1ec47b8e5cec,003df2c4-5d94-4c95-9e45-31d95082a487,0eecbfea-7628-487c-b590-fece2c687e7a,540,540,1049.69,2026-07-21
f002bdfa-c012-4e7b-91d9-8931e42f4aa9,003df2c4-5d94-4c95-9e45-31d95082a487,97a16fda-9cba-4dc2-8770-0b5104c507d2,158,158,526.73,2026-07-21
a095889d-16f9-4cdf-85fd-c659d01cb340,2af77140-5cc5-42d6-ac9b-bf57f8ee5227,97a16fda-9cba-4dc2-8770-0b5104c507d2,409,298,821.28,2026-06-09
bd118d52-4b43-4188-8548-b5297400a398,2af77140-5cc5-42d6-ac9b-bf57f8ee5227,d6c64038-55ae-44a3-863b-be781e1a4649,475,205,884.56,2026-06-09
0777eec5-1ede-4cf5-b91c-41cade524ad4,2af77140-5cc5-42d6-ac9b-bf57f8ee5227,3e9b0bad-6728-4523-be87-a00adf0fff30,404,268,861.5,2026-06-09
f85b0f32-8946-4050-9967-09c8d2a4ec8f,2af77140-5cc5-42d6-ac9b-bf57f8ee5227,b8b41174-e4bb-41e0-8dc8-fbdaf9d470ec,99,34,694.32,2026-06-09
383b4f44-426b-463f-8b6c-a16de92747ae,8aac5151-e30e-43fa-8b58-ad53649251bb,c2b13e9e-9865-4a6b-ba11-417dbd416417,571,571,857.45,2026-09-13
c3193d53-fd24-4d12-8e02-63c8dea6bacc,8aac5151-e30e-43fa-8b58-ad53649251bb,85b186aa-f3a1-45ba-8d0c-349f8a13c3d4,134,134,556.17,2026-09-13
ecade79b-12df-4ecd-8840-c0d769091c08,8aac5151-e30e-43fa-8b58-ad53649251bb,67ae158e-8140-49ce-b874-0acf92a800c2,427,427,334.5,2026-09-13
a335df2a-c73d-4368-b2a9-6ad7a950b45f,8aac5151-e30e-43fa-8b58-ad53649251bb,fb695fdf-9397-485a-aa21-6d65c73c7b07,155,155,851.27,2026-09-13
513dd420-eeba-47d0-80df-e71e1651391f,8aac5151-e30e-43fa-8b58-ad53649251bb,2c10bfc8-d106-4422-b38f-e414215c8def,110,110,1143.11,2026-09-13
ef7bdcc2-515a-4e2a-bf2a-ecd570618f6e,8aac5151-e30e-43fa-8b58-ad53649251bb,9d6f82ea-a6c1-4ee5-bd74-c517ba546a27,101,101,721.39,2026-09-13
ad58e10b-dff9-4f99-820f-36085470e661,8aac5151-e30e-43fa-8b58-ad53649251bb,2b376704-d06b-441d-a2bf-f0973873411c,349,349,39.41,2026-09-13
06c4b1ed-943d-4c0f-9e5d-18e6274441fe,f2b5d510-c694-44a7-97c4-dbdff2905382,a041cc1e-bb11-4e03-9969-5026c46ed837,257,257,733.16,2026-05-25
eed4b4e4-10de-4a7a-ad57-2bbb5869be76,f2b5d510-c694-44a7-97c4-dbdff2905382,3a19d3ca-1898-4db4-b347-55af1376c897,118,118,790.38,2026-05-25
77aa17ef-534c-4fe4-bb84-761d9c94fbb4,f2b5d510-c694-44a7-97c4-dbdff2905382,e3420e6d-9ba0-43de-991d-15b61159daa1,585,585,751.62,2026-05-25
8e9e1660-efd2-4fe2-8f34-9e23321dfba1,f2b5d510-c694-44a7-97c4-dbdff2905382,3e9b0bad-6728-4523-be87-a00adf0fff30,103,103,222.19,2026-05-25
29091755-689e-4f9c-9569-3ed16230614d,f2b5d510-c694-44a7-97c4-dbdff2905382,831a67ea-b75d-494e-8ba6-e91b1b1eae6e,164,164,144.7,2026-05-25
4f131a59-09a5-4fb5-8692-aadaad493831,5c693c06-0f49-4706-9a92-6c7cca5dde90,cbb4966e-7bea-4df2-82bc-5fcfe9617ff8,102,102,102.94,2026-09-20
b39b9eef-0d1e-4fa3-ad6a-5d9339cc2f7a,5c693c06-0f49-4706-9a92-6c7cca5dde90,b1b122eb-1ba2-4148-b9ac-5d21b2adf647,526,526,1068.53,2026-09-20
b681330d-8572-4b0d-96da-0c3f2b06db1c,5c693c06-0f49-4706-9a92-6c7cca5dde90,b699a59a-a0ec-49d9-b327-482e55347adf,511,511,1092.28,2026-09-20
4466ce5f-d6ba-4ba5-988a-d7917207ec78,5c693c06-0f49-4706-9a92-6c7cca5dde90,f00273a7-acae-43ae-a0b4-b85c0ed6d4d3,508,508,814.03,2026-09-20
4ebc2039-72c2-4b1a-b349-3f01d25be90f,5c693c06-0f49-4706-9a92-6c7cca5dde90,e3420e6d-9ba0-43de-991d-15b61159daa1,82,82,380.72,2026-09-20
23aca10a-03d8-4123-814f-a8960abf4ae4,5c693c06-0f49-4706-9a92-6c7cca5dde90,ea61edd3-7fbd-4c08-b312-d866041879c2,292,292,781.46,2026-09-20
6f4be95d-e9b5-434e-9741-e204ced180e9,5c693c06-0f49-4706-9a92-6c7cca5dde90,cf8bc62c-4d72-4142-8ab6-03524280a750,339,339,460.31,2026-09-20
f3b70a91-b35a-4164-8b4a-9545322022bd,28d1b55c-f272-4087-98a7-0601f5d77ae4,ea61edd3-7fbd-4c08-b312-d866041879c2,364,152,1144.69,2026-05-29
16775fd0-bf0e-4228-99ab-f68730d2e74c,28d1b55c-f272-4087-98a7-0601f5d77ae4,6989db76-adcc-4a3d-b3c0-61fb496a0f5d,400,255,647.66,2026-05-29
1cdff384-36b9-4994-a426-a0fe54604f13,28d1b55c-f272-4087-98a7-0601f5d77ae4,4f7512b2-6b9d-434f-807e-2fc43528691e,454,362,723.53,2026-05-29
c50a8325-146b-4253-8a51-f9e4c514c605,28d1b55c-f272-4087-98a7-0601f5d77ae4,be0b42c5-6bfe-48dc-8f33-e20d29d25a48,598,374,577.4,2026-05-29
4c664c0a-68ea-4d00-9a7e-418d5d7aff42,b320b478-ca00-47d9-bb15-c51840b33272,fb695fdf-9397-485a-aa21-6d65c73c7b07,141,141,850.31,2026-09-22
b9e83c68-e1c8-467d-b19b-3e1c9a50b988,b320b478-ca00-47d9-bb15-c51840b33272,9c06c388-c751-407e-9c97-3b46b1db5e7c,144,144,411.05,2026-09-22
09dbe34b-2435-4ad7-9512-4033f484d10e,b320b478-ca00-47d9-bb15-c51840b33272,85b186aa-f3a1-45ba-8d0c-349f8a13c3d4,268,268,549.57,2026-09-22
875da062-7b28-44f8-abec-08b8a3aa2d82,c228fd9d-485c-417c-ba22-40b8fee069d8,b699a59a-a0ec-49d9-b327-482e55347adf,37,0,92.28,2026-06-30
12597209-6ac9-4908-b22f-baa6758ed177,c228fd9d-485c-417c-ba22-40b8fee069d8,dee6b134-5f4e-4d83-8133-35e34f0b48e8,327,0,1162.56,2026-06-30
3a38b549-fd2c-40c8-91d2-794ad6248fb0,c228fd9d-485c-417c-ba22-40b8fee069d8,7b6b643c-11d8-4a62-8cfe-a28f5fe4f2d6,104,0,698.39,2026-06-30
02e9d1cb-8c72-475f-81e8-24550be5d324,9a090c27-0e1f-4593-8f73-4d8071698d1b,24856ba7-ab81-4f22-985e-e30a3b9397cb,452,452,1034.0,2026-09-27
f1ed8915-cd87-400d-9967-7066294edc8f,9a090c27-0e1f-4593-8f73-4d8071698d1b,99f2ef21-d83e-4cde-a73a-10b587a903a3,555,555,470.39,2026-09-27
60fbd5e3-b443-4de6-a742-047a0eac65d1,9a090c27-0e1f-4593-8f73-4d8071698d1b,27bdd8c0-778d-42ea-ae25-964ce81e391d,420,420,703.74,2026-09-27
6d6a99e2-c55e-412c-bc57-231aaeb55620,9a090c27-0e1f-4593-8f73-4d8071698d1b,b3fa980f-96f4-474d-8999-454117e0d5d6,579,579,57.0,2026-09-27
e7257741-c650-44a6-97ba-b4371faf68e4,9a090c27-0e1f-4593-8f73-4d8071698d1b,1b0a2521-7dda-4bed-8313-954689f28c33,73,73,537.78,2026-09-27
5f36c05b-8bf6-4e7c-a58b-51ca30dd44bf,686268a2-0578-4906-84b1-9bcbe8f5e709,9c06c388-c751-407e-9c97-3b46b1db5e7c,516,516,440.65,2026-05-24
f2f6cc79-33cb-424c-9a56-b94f239b5726,686268a2-0578-4906-84b1-9bcbe8f5e709,3a19d3ca-1898-4db4-b347-55af1376c897,481,481,68.95,2026-05-24
24555302-bf71-4a38-9753-4b8f64b2641d,686268a2-0578-4906-84b1-9bcbe8f5e709,8cb385ca-cfdc-404f-8298-512a7c8578b3,145,145,121.33,2026-05-24
73ba11c6-b074-4b6b-b58d-cc6936c083a8,686268a2-0578-4906-84b1-9bcbe8f5e709,6989db76-adcc-4a3d-b3c0-61fb496a0f5d,322,322,1009.19,2026-05-24
f2b990bb-86ad-4d11-b48f-a237507e67d0,686268a2-0578-4906-84b1-9bcbe8f5e709,97a16fda-9cba-4dc2-8770-0b5104c507d2,490,490,152.32,2026-05-24
c1761ed1-c58b-41a2-a2c6-6ed7bc7ea4ed,686268a2-0578-4906-84b1-9bcbe8f5e709,13cd9912-56bb-4721-abb1-986f20a370cb,414,414,436.62,2026-05-24
c85247dc-3fb6-4d2b-b069-89d7ecb4a95d,686268a2-0578-4906-84b1-9bcbe8f5e709,33e37cdb-690b-4dd6-aa0b-3e189bf6bc51,96,96,385.67,2026-05-24
8476171a-44e3-49e6-82e8-44add009fcc4,fd1395cb-f49d-4b8e-ae37-c157896e3411,c5533566-0e57-4058-9e8f-cc921a574da9,502,502,96.86,2026-08-23
4928390a-2c63-4d1a-839b-48ca4da42ca7,fd1395cb-f49d-4b8e-ae37-c157896e3411,24d1b68c-2a5b-464e-bb4e-c1071b3b4f3d,455,455,128.91,2026-08-23
08b03009-aef2-44c4-9681-efd9e29465be,fd1395cb-f49d-4b8e-ae37-c157896e3411,24db962d-9a6b-4de6-982b-b719e504efb9,594,594,837.74,2026-08-23
67124a74-2609-40c2-ad42-648705f68931,fd1395cb-f49d-4b8e-ae37-c157896e3411,b699a59a-a0ec-49d9-b327-482e55347adf,524,524,288.47,2026-08-23
cbae5976-91d4-417a-aac0-f7a53bc37812,9c5a17f9-8107-449f-bf39-9843178f64fd,ebb48eae-a1ef-4da9-8ae1-b2f70e717661,462,0,174.68,2026-07-25
8ae61d02-fc19-4f81-a788-36224bef1524,9c5a17f9-8107-449f-bf39-9843178f64fd,8e67a041-f702-4f16-b57b-c66dff30e18b,509,0,170.96,2026-07-25
82cc1a86-d534-4d4e-947c-49024c14d3e0,9c5a17f9-8107-449f-bf39-9843178f64fd,0a915249-7e9b-4a22-be4b-d5a6c9628e04,143,0,711.28,2026-07-25
1c339282-3f1e-438d-b229-cdb190661e44,9c5a17f9-8107-449f-bf39-9843178f64fd,061b886b-98ed-480e-9810-63995f2f47ed,410,0,773.55,2026-07-25
7cab7ff3-41b1-4609-a950-21b4490d9a98,4c6d0e89-3d9c-4d64-9a3b-5bc39e9fdef0,a88fd15f-1bbb-4271-941e-899867a89583,503,503,57.64,2026-07-10
1e4ae620-82d3-4a68-bb79-c6f136043ad4,4c6d0e89-3d9c-4d64-9a3b-5bc39e9fdef0,1941089d-b192-4af2-b696-484fa9286d80,229,229,913.41,2026-07-10
d6e9d58e-b860-4e87-a357-dfb565aa1b8f,4c6d0e89-3d9c-4d64-9a3b-5bc39e9fdef0,3e6ecca3-9ad1-49a9-ad9a-5509b28de79d,517,517,189.88,2026-07-10
5cacbba7-d997-45d4-8a83-d71e6a6ddc5c,9dd2ab02-57c4-48e8-b9fc-40a4ce127940,f6dc8117-e75f-4920-a0cf-04c7bafc7542,204,204,1047.85,2026-07-07
24093303-7298-4f85-95ae-88823c70e509,9dd2ab02-57c4-48e8-b9fc-40a4ce127940,957c588f-5e69-469f-b353-4b24fef25a65,165,165,649.69,2026-07-07
50f5c781-3ff7-487b-9acb-6adbf5311e56,43067e6b-c183-474e-9fa7-3238a6083d22,27bdd8c0-778d-42ea-ae25-964ce81e391d,142,0,915.24,2026-09-04
6828ad40-9618-4a90-8d19-500df11e8f57,43067e6b-c183-474e-9fa7-3238a6083d22,85b186aa-f3a1-45ba-8d0c-349f8a13c3d4,535,0,815.73,2026-09-04
a2760577-4ba7-47ca-9343-a3c57f6a0605,43067e6b-c183-474e-9fa7-3238a6083d22,0d430ec5-4d86-4820-8a2c-9a0885280906,153,0,1170.38,2026-09-04
d92e9c1f-7891-4e52-b8fb-7b7c4e2e36ad,43067e6b-c183-474e-9fa7-3238a6083d22,cf8bc62c-4d72-4142-8ab6-03524280a750,290,0,1098.95,2026-09-04
f48c9c94-328a-4306-a3ce-1add59ade8f5,43067e6b-c183-474e-9fa7-3238a6083d22,b3163dc0-3ac7-41cc-b4fc-244bcbe446ad,275,0,173.99,2026-09-04
aa787faa-9b6c-4802-92ca-30d740398217,588e1cbf-7315-4ef7-b640-6f6b7c576da5,43110ae2-2c0b-4654-936a-72afad56219d,503,503,483.69,2026-08-27
957b4051-40b2-4e95-bb22-ef972dc0b560,588e1cbf-7315-4ef7-b640-6f6b7c576da5,b3163dc0-3ac7-41cc-b4fc-244bcbe446ad,589,589,314.59,2026-08-27
0d23d00b-31f1-4b8a-b6cf-03c147b32c1e,588e1cbf-7315-4ef7-b640-6f6b7c576da5,27bdd8c0-778d-42ea-ae25-964ce81e391d,73,73,264.39,2026-08-27
29b926c2-8f3a-414e-9bcd-074471791271,588e1cbf-7315-4ef7-b640-6f6b7c576da5,987c980e-f5ed-4388-b102-971ff25870b1,259,259,786.12,2026-08-27
21102553-e288-4ccc-ab22-b06ef49684c9,588e1cbf-7315-4ef7-b640-6f6b7c576da5,0d430ec5-4d86-4820-8a2c-9a0885280906,413,413,1104.53,2026-08-27
e06afe74-6aa4-4f5f-8550-22c6fbfdc2cb,588e1cbf-7315-4ef7-b640-6f6b7c576da5,3a19d3ca-1898-4db4-b347-55af1376c897,171,171,1122.33,2026-08-27
ccd88882-8c57-4bfe-963c-d2b2bf2e6fea,bb59ba1d-78b7-4da7-bdb2-26b001ca427c,0df67422-0ffe-4855-b4b7-0f4e8676cbdb,148,0,57.24,2026-07-07
8aba222a-1195-4a69-a8ff-e7661857fc50,bb59ba1d-78b7-4da7-bdb2-26b001ca427c,9d6f82ea-a6c1-4ee5-bd74-c517ba546a27,410,0,36.71,2026-07-07
465d328f-12a1-4e76-8ea5-831600e953da,bb59ba1d-78b7-4da7-bdb2-26b001ca427c,419b95a7-17e5-4918-ad68-d58ee6b6e6f5,337,0,550.81,2026-07-07
b348cf09-0238-4773-a7b3-32650e781f39,0244080e-0454-49c0-a9ec-2cc5c85115f0,ceee2775-c68b-4199-9eb8-21746763c4ba,586,586,386.18,2026-05-28
c84603ee-5f31-4f9d-b261-d21e7c27321c,0244080e-0454-49c0-a9ec-2cc5c85115f0,2b376704-d06b-441d-a2bf-f0973873411c,385,385,558.94,2026-05-28
d3daefe6-5019-4c83-9bf5-710db12d6bd7,0244080e-0454-49c0-a9ec-2cc5c85115f0,9d6f82ea-a6c1-4ee5-bd74-c517ba546a27,337,337,480.82,2026-05-28
70f15979-9f0f-458b-b9a6-912d6733f1d5,0244080e-0454-49c0-a9ec-2cc5c85115f0,831a67ea-b75d-494e-8ba6-e91b1b1eae6e,414,414,706.2,2026-05-28
c8fa68b2-4294-4952-b014-9d130cd6bbfe,0244080e-0454-49c0-a9ec-2cc5c85115f0,ebb48eae-a1ef-4da9-8ae1-b2f70e717661,424,424,1033.36,2026-05-28
9610cc52-d822-46c5-946e-ab1cebf4f1ba,ce5c3810-2b12-4aa2-8f93-92040b447b07,0c98fcbf-9121-467b-910d-10fcfbcd35b6,477,0,987.82,2026-05-30
41256557-eaee-4d19-bdca-bd6085d678c0,ce5c3810-2b12-4aa2-8f93-92040b447b07,a041cc1e-bb11-4e03-9969-5026c46ed837,31,0,1131.66,2026-05-30
2cf431b9-e6e0-4a1e-a41d-a22760ad0825,ce5c3810-2b12-4aa2-8f93-92040b447b07,0a915249-7e9b-4a22-be4b-d5a6c9628e04,445,0,403.83,2026-05-30
fcb0ee5f-a292-43f6-8820-b605934f984d,ce5c3810-2b12-4aa2-8f93-92040b447b07,3e98e5ab-52e7-4056-8353-5ac655247948,178,0,488.62,2026-05-30
a8970531-3042-4f1e-b0a4-8ca3681f3d5a,ce5c3810-2b12-4aa2-8f93-92040b447b07,6989db76-adcc-4a3d-b3c0-61fb496a0f5d,65,0,451.59,2026-05-30
0b39fc7d-79f4-4992-85ce-6e54eabdc13d,ce5c3810-2b12-4aa2-8f93-92040b447b07,f1b95f47-94a2-4979-a411-02444c727d3e,593,0,939.75,2026-05-30
6c7fc51e-12a1-4ffd-a9be-45612003e60e,1ff3fb96-e69a-4e9c-b796-dda9668b424f,ebb48eae-a1ef-4da9-8ae1-b2f70e717661,232,0,559.19,2026-10-09
6a37a221-6cba-4583-99da-27be3a3a7cde,1ff3fb96-e69a-4e9c-b796-dda9668b424f,305d6d9c-7521-4f74-8c0d-0bf7d5af8dfd,382,0,959.23,2026-10-09
4f5106f3-4819-4276-b012-72b9280a4652,1ff3fb96-e69a-4e9c-b796-dda9668b424f,24bad869-7045-4954-b58f-10edc0407e69,42,0,537.42,2026-10-09
4eba8b8f-754e-4d06-83b6-166368c43254,1ff3fb96-e69a-4e9c-b796-dda9668b424f,522740d6-f3db-4ac1-a547-6b62598fe57f,483,0,67.65,2026-10-09
08d38e28-c180-4d94-8696-aa767c4a099c,1ff3fb96-e69a-4e9c-b796-dda9668b424f,ebb48eae-a1ef-4da9-8ae1-b2f70e717661,392,0,1109.76,2026-10-09
f604936d-a2bd-4df8-bfe4-55c90239b815,3f6917e1-b916-42ff-9ef1-7f3e20510df9,9c06c388-c751-407e-9c97-3b46b1db5e7c,100,0,1019.25,2026-06-30
bb25f929-19a0-4673-9815-3bd63e4fbc17,3f6917e1-b916-42ff-9ef1-7f3e20510df9,9c021848-0377-486f-a048-370334cce953,273,0,768.01,2026-06-30
bdfec304-fc3a-404c-b0ea-f7b4f3a776be,3f6917e1-b916-42ff-9ef1-7f3e20510df9,67f10774-4e14-4f09-90b6-00a732111449,244,0,824.94,2026-06-30
651177b9-e891-4f03-85c6-a0f11c122836,1f2abe9a-fa2b-4d61-b201-aadf4cf2c354,2b376704-d06b-441d-a2bf-f0973873411c,88,0,735.5,2026-07-18
6c29909a-4c63-43ae-a9af-b4ce600e6e05,1f2abe9a-fa2b-4d61-b201-aadf4cf2c354,01d77a5e-a466-4d48-b24b-31edb500e5fa,507,0,1104.5,2026-07-18
b1c36af3-9e29-4b1c-9c12-5e7bce0cdc1f,1f2abe9a-fa2b-4d61-b201-aadf4cf2c354,6cbb6f57-d6cb-41b0-aca5-9ea4e8c5be47,322,0,603.71,2026-07-18
523ab4c9-2e1c-4f5c-a3eb-e26314e355ff,1f2abe9a-fa2b-4d61-b201-aadf4cf2c354,b3fa980f-96f4-474d-8999-454117e0d5d6,279,0,729.63,2026-07-18
3e4375b0-45d3-49c0-b14c-3a716c11922f,1f2abe9a-fa2b-4d61-b201-aadf4cf2c354,063be93d-6835-4b65-a8a1-c36e83278d83,313,0,972.66,2026-07-18
6292b1dc-dd98-4bb3-842e-ebe3fe361ac4,e7d8a13b-9dd5-46bb-8193-a1d058ccb619,fda2f8a3-95ba-4f42-97f3-dbce57a916f1,402,0,920.68,2026-06-12
2a91323f-1143-4145-953a-23d518d8231d,e7d8a13b-9dd5-46bb-8193-a1d058ccb619,a7d4d675-bb94-424a-b6e4-1709b9e91e6d,216,0,925.52,2026-06-12
898d270f-f03b-478b-9505-f51b3f4c7b55,46911443-9d80-41cb-b3f9-4ff955656447,1941089d-b192-4af2-b696-484fa9286d80,212,0,41.57,2026-07-02
b1b4faf0-686e-4447-a13f-f71f3b0f5545,46911443-9d80-41cb-b3f9-4ff955656447,3b4f2db0-078e-4414-849b-1ba2782649be,405,0,561.51,2026-07-02
a07c3bc1-61e6-4c16-b0f5-ff02487b92e6,46911443-9d80-41cb-b3f9-4ff955656447,9d6f82ea-a6c1-4ee5-bd74-c517ba546a27,36,0,1005.33,2026-07-02
d77cd2f9-3ab1-4d4e-9a2a-7cdb0f5c6025,46911443-9d80-41cb-b3f9-4ff955656447,2b376704-d06b-441d-a2bf-f0973873411c,218,0,98.56,2026-07-02
7a254227-8d2a-44b6-b6dc-0c329e04c993,46911443-9d80-41cb-b3f9-4ff955656447,061b886b-98ed-480e-9810-63995f2f47ed,579,0,943.14,2026-07-02
8e612758-e631-4252-a975-2ce0ce95e7ca,9f5bdfc5-3d6b-4b38-bdb6-4b22b90d77de,0d430ec5-4d86-4820-8a2c-9a0885280906,65,0,429.51,2026-07-17
c6f71a47-5776-4508-a277-3fbe1dfe75ab,9f5bdfc5-3d6b-4b38-bdb6-4b22b90d77de,2c10bfc8-d106-4422-b38f-e414215c8def,313,0,652.53,2026-07-17
dd063562-ed36-4f06-bc05-d14b1ed10803,9f5bdfc5-3d6b-4b38-bdb6-4b22b90d77de,d039d8bd-44d3-44fc-a49f-83d1987d0b48,33,0,1136.6,2026-07-17
dfe8bf27-e00d-497c-bfb6-0ea0acb1a566,9f5bdfc5-3d6b-4b38-bdb6-4b22b90d77de,a197882a-31bc-40ba-be53-5a7c2f5930f7,109,0,258.24,2026-07-17
c2380262-b079-445b-a365-b2fdff8a2ab2,9f5bdfc5-3d6b-4b38-bdb6-4b22b90d77de,b261960f-23be-4297-9c50-f27ceac7eedb,27,0,261.66,2026-07-17
ae23f003-a789-4c6b-a30e-ccf5de17bdd2,77939f58-25b3-40db-853e-34e6822e32bb,6b615b69-ae0e-4f1b-a6dc-2d69233addaa,337,205,1029.39,2026-07-16
17f3583f-1346-4ef7-9ba4-c809d2066185,77939f58-25b3-40db-853e-34e6822e32bb,573f39b9-7855-4b4d-8a9e-14a5e9d8b2cd,60,40,1175.79,2026-07-16
7ee602d2-e260-4c6e-90e6-6bbb48758459,77939f58-25b3-40db-853e-34e6822e32bb,e3420e6d-9ba0-43de-991d-15b61159daa1,163,93,205.9,2026-07-16
9e52c788-2594-4802-ac88-c011680fa750,77939f58-25b3-40db-853e-34e6822e32bb,8e15b3a9-915f-4bf0-84c7-182f335e062c,318,114,175.67,2026-07-16
19cb2ad8-44bc-4cec-be13-d4a871f26685,77939f58-25b3-40db-853e-34e6822e32bb,831a67ea-b75d-494e-8ba6-e91b1b1eae6e,50,21,426.63,2026-07-16
3308703e-e04b-47d5-a7ee-454e26429768,77939f58-25b3-40db-853e-34e6822e32bb,97a16fda-9cba-4dc2-8770-0b5104c507d2,231,168,306.04,2026-07-16
f41a7270-4868-4793-808d-7728deb33eff,77939f58-25b3-40db-853e-34e6822e32bb,ea61edd3-7fbd-4c08-b312-d866041879c2,213,170,325.32,2026-07-16
8c26a3ff-4483-4eab-b774-c938e9a1aca7,14c0d7cc-f26d-4847-96ad-2faba171e681,fb695fdf-9397-485a-aa21-6d65c73c7b07,413,0,198.02,2026-06-07
df083a2f-e26a-40c2-81cc-529f93c9dcc2,14c0d7cc-f26d-4847-96ad-2faba171e681,2f7de1c2-cb62-4261-83f5-d8323f438333,375,0,983.17,2026-06-07
952105a2-c196-4455-823d-8181a66b132a,30e9a73a-c453-42d7-8419-2deeebf19fdc,70745aec-f24f-4b18-807e-6adb80d01ba0,176,176,188.82,2026-06-19
3356a1d9-d33a-42a8-a694-571c0aa762e4,30e9a73a-c453-42d7-8419-2deeebf19fdc,d6c64038-55ae-44a3-863b-be781e1a4649,371,371,383.24,2026-06-19
f3f83a05-2ebd-43b0-acf5-bbb0ee4e0122,30e9a73a-c453-42d7-8419-2deeebf19fdc,522740d6-f3db-4ac1-a547-6b62598fe57f,191,191,234.46,2026-06-19
bde0e52f-eb51-477f-9f78-61edb4b9778f,30e9a73a-c453-42d7-8419-2deeebf19fdc,2aceb2a6-c859-4f95-a238-9ad796b698fa,454,454,261.81,2026-06-19
09ba0894-8585-4a5b-ac97-a9581dd13c9e,273d37b8-d64c-422d-8e44-a229745c54ae,9c06c388-c751-407e-9c97-3b46b1db5e7c,402,402,96.14,2026-06-22
d42b6b09-4e91-4079-803b-e3f15e1e9881,273d37b8-d64c-422d-8e44-a229745c54ae,b699a59a-a0ec-49d9-b327-482e55347adf,411,411,719.56,2026-06-22
3975a1dd-28b1-4c78-84f7-579bf73e715b,273d37b8-d64c-422d-8e44-a229745c54ae,b8b41174-e4bb-41e0-8dc8-fbdaf9d470ec,575,575,99.25,2026-06-22
539e48ba-483a-4a56-9b3d-e82de3429520,273d37b8-d64c-422d-8e44-a229745c54ae,9c021848-0377-486f-a048-370334cce953,391,391,911.95,2026-06-22
2f8d8858-333f-47f1-a4fd-79052d2deae6,273d37b8-d64c-422d-8e44-a229745c54ae,99f2ef21-d83e-4cde-a73a-10b587a903a3,364,364,1068.56,2026-06-22
05b6763e-35e8-498a-a3c2-a89e17e24331,273d37b8-d64c-422d-8e44-a229745c54ae,220f964e-a351-4ad0-827e-502f5ded939c,77,77,1111.52,2026-06-22
a0c82021-9c74-4284-a016-a312820995a5,273d37b8-d64c-422d-8e44-a229745c54ae,2cd10b6d-063e-4f55-a0b6-37edb93b63a6,54,54,1102.77,2026-06-22
e1c35f2f-fad6-4edc-b26c-0c64d8936e8f,65d85858-9174-4aa7-8647-48f9d28aeb84,9f081f26-ba8d-47d6-870e-ca0ca1cae51f,218,0,613.15,2026-06-19
fc795dc9-400d-495d-b630-c18b8a10afe4,65d85858-9174-4aa7-8647-48f9d28aeb84,58bf12e5-ee8a-4194-a34c-aa820079144d,543,0,551.07,2026-06-19
6952f2f9-62d7-49b3-a6bf-f6681dd80c22,3ca13d20-ea55-49d1-b953-0389fbaaf9c6,16d1b73f-8881-425f-82b2-7ab4974b08ef,538,0,531.23,2026-07-02
b3a56da9-0913-4a70-8add-bb1af93e0735,3ca13d20-ea55-49d1-b953-0389fbaaf9c6,d2219992-909f-48be-967e-2e3f1c3ddfa9,331,0,591.26,2026-07-02
0dede2aa-d592-47b5-8154-1b7df461609e,3ca13d20-ea55-49d1-b953-0389fbaaf9c6,0df67422-0ffe-4855-b4b7-0f4e8676cbdb,100,0,965.97,2026-07-02
787eb0d7-e240-4d30-920d-1e68a0293add,3ca13d20-ea55-49d1-b953-0389fbaaf9c6,ec00005f-8d61-4b61-825c-d8c696ae49aa,294,0,1181.87,2026-07-02
89dab5f4-d5f0-48bc-883c-bdef67f08250,3ca13d20-ea55-49d1-b953-0389fbaaf9c6,f00273a7-acae-43ae-a0b4-b85c0ed6d4d3,493,0,1034.98,2026-07-02
d4122c75-3c1c-47cf-a96a-985483adea7e,3ca13d20-ea55-49d1-b953-0389fbaaf9c6,0a915249-7e9b-4a22-be4b-d5a6c9628e04,89,0,126.08,2026-07-02
b4ad7d99-e3de-42b5-8aef-a29894f72473,f5dc5398-3508-44ad-b826-dda451458939,6989db76-adcc-4a3d-b3c0-61fb496a0f5d,198,198,476.38,2026-08-26
71d8a1fe-e0c0-4a08-b6ac-b22c95572881,f5dc5398-3508-44ad-b826-dda451458939,27bdd8c0-778d-42ea-ae25-964ce81e391d,259,259,994.93,2026-08-26
f003c9c3-1ffe-4b44-a166-2ac9683fd04b,f5dc5398-3508-44ad-b826-dda451458939,24bad869-7045-4954-b58f-10edc0407e69,512,512,96.89,2026-08-26
9d91c574-a4da-42e3-a29c-f1b38f7b4d1e,f5dc5398-3508-44ad-b826-dda451458939,43110ae2-2c0b-4654-936a-72afad56219d,564,564,593.42,2026-08-26
